{"type":"FeatureCollection","features":[{"type":"Feature","id":2456,"geometry":{"type":"Point","coordinates":[-73.917927105999979,40.704233989000045]},"properties":{"objectid":2456,"areaname":"New York","class":"city","st":"NY","capital":"N","pop2000":8008278}},{"type":"Feature","id":376,"geometry":{"type":"Point","coordinates":[-118.37598399299998,34.086159116000033]},"properties":{"objectid":376,"areaname":"Los Angeles","class":"city","st":"CA","capital":"N","pop2000":3694820}},{"type":"Feature","id":1137,"geometry":{"type":"Point","coordinates":[-87.679365086999951,41.840675024000063]},"properties":{"objectid":1137,"areaname":"Chicago","class":"city","st":"IL","capital":"N","pop2000":2896016}},{"type":"Feature","id":3114,"geometry":{"type":"Point","coordinates":[-95.383173087999978,29.762895012000058]},"properties":{"objectid":3114,"areaname":"Houston","class":"city","st":"TX","capital":"N","pop2000":1953631}},{"type":"Feature","id":2867,"geometry":{"type":"Point","coordinates":[-75.144793077999964,39.998011878000057]},"properties":{"objectid":2867,"areaname":"Philadelphia","class":"city","st":"PA","capital":"N","pop2000":1517550}},{"type":"Feature","id":143,"geometry":{"type":"Point","coordinates":[-112.07629996499998,33.528369929000064]},"properties":{"objectid":143,"areaname":"Phoenix","class":"city","st":"AZ","capital":"Y","pop2000":1321045}},{"type":"Feature","id":501,"geometry":{"type":"Point","coordinates":[-117.14634405099997,32.779541039000037]},"properties":{"objectid":501,"areaname":"San Diego","class":"city","st":"CA","capital":"N","pop2000":1223400}},{"type":"Feature","id":3073,"geometry":{"type":"Point","coordinates":[-96.787166085999957,32.799528043000066]},"properties":{"objectid":3073,"areaname":"Dallas","class":"city","st":"TX","capital":"N","pop2000":1188580}},{"type":"Feature","id":3184,"geometry":{"type":"Point","coordinates":[-98.512682008999946,29.451532072000077]},"properties":{"objectid":3184,"areaname":"San Antonio","class":"city","st":"TX","capital":"N","pop2000":1144646}},{"type":"Feature","id":1744,"geometry":{"type":"Point","coordinates":[-83.102641027999937,42.387137055000039]},"properties":{"objectid":1744,"areaname":"Detroit","class":"city","st":"MI","capital":"N","pop2000":951270}},{"type":"Feature","id":508,"geometry":{"type":"Point","coordinates":[-121.87273397099995,37.304050974000063]},"properties":{"objectid":508,"areaname":"San Jose","class":"city","st":"CA","capital":"N","pop2000":894943}},{"type":"Feature","id":1338,"geometry":{"type":"Point","coordinates":[-86.147684941999955,39.790942064000035]},"properties":{"objectid":1338,"areaname":"Indianapolis","class":"city (consolidated, balance)","st":"IN","capital":"Y","pop2000":781870}},{"type":"Feature","id":504,"geometry":{"type":"Point","coordinates":[-122.43739190399998,37.759881104000044]},"properties":{"objectid":504,"areaname":"San Francisco","class":"city","st":"CA","capital":"N","pop2000":776733}},{"type":"Feature","id":800,"geometry":{"type":"Point","coordinates":[-81.659998973999961,30.319405947000064]},"properties":{"objectid":800,"areaname":"Jacksonville","class":"city","st":"FL","capital":"N","pop2000":735617}},{"type":"Feature","id":2572,"geometry":{"type":"Point","coordinates":[-82.991460089999975,39.989783089000071]},"properties":{"objectid":2572,"areaname":"Columbus","class":"city","st":"OH","capital":"Y","pop2000":711470}},{"type":"Feature","id":3035,"geometry":{"type":"Point","coordinates":[-97.747246881999956,30.300473930000067]},"properties":{"objectid":3035,"areaname":"Austin","class":"city","st":"TX","capital":"Y","pop2000":656562}},{"type":"Feature","id":1598,"geometry":{"type":"Point","coordinates":[-76.617015941999966,39.307956103000038]},"properties":{"objectid":1598,"areaname":"Baltimore","class":"city","st":"MD","capital":"N","pop2000":651154}},{"type":"Feature","id":3007,"geometry":{"type":"Point","coordinates":[-89.971068092999985,35.117365052000025]},"properties":{"objectid":3007,"areaname":"Memphis","class":"city","st":"TN","capital":"N","pop2000":650100}},{"type":"Feature","id":3496,"geometry":{"type":"Point","coordinates":[-87.955909861999942,43.052161894000051]},"properties":{"objectid":3496,"areaname":"Milwaukee","class":"city","st":"WI","capital":"N","pop2000":596974}},{"type":"Feature","id":1514,"geometry":{"type":"Point","coordinates":[-71.089114923999944,42.321596881000062]},"properties":{"objectid":1514,"areaname":"Boston","class":"city","st":"MA","capital":"Y","pop2000":589141}},{"type":"Feature","id":691,"geometry":{"type":"Point","coordinates":[-77.013221893999969,38.913610885000026]},"properties":{"objectid":691,"areaname":"Washington","class":"city","st":"DC","capital":"Y","pop2000":572059}},{"type":"Feature","id":3086,"geometry":{"type":"Point","coordinates":[-106.42324205599999,31.79020797700008]},"properties":{"objectid":3086,"areaname":"El Paso","class":"city","st":"TX","capital":"N","pop2000":563662}},{"type":"Feature","id":3434,"geometry":{"type":"Point","coordinates":[-122.33314409299999,47.626352934000067]},"properties":{"objectid":3434,"areaname":"Seattle","class":"city","st":"WA","capital":"N","pop2000":563374}},{"type":"Feature","id":620,"geometry":{"type":"Point","coordinates":[-104.96548588799999,39.726286941000069]},"properties":{"objectid":620,"areaname":"Denver","class":"city","st":"CO","capital":"Y","pop2000":554636}},{"type":"Feature","id":3013,"geometry":{"type":"Point","coordinates":[-86.762140861999967,36.154837909000037]},"properties":{"objectid":3013,"areaname":"Nashville-Davidson County","class":"city (consolidated, balance)","st":"TN","capital":"Y","pop2000":545524}},{"type":"Feature","id":2043,"geometry":{"type":"Point","coordinates":[-80.829224003999968,35.207192863000046]},"properties":{"objectid":2043,"areaname":"Charlotte","class":"city","st":"NC","capital":"N","pop2000":540828}},{"type":"Feature","id":3093,"geometry":{"type":"Point","coordinates":[-97.33379003999994,32.73888093100004]},"properties":{"objectid":3093,"areaname":"Fort Worth","class":"city","st":"TX","capital":"N","pop2000":534694}},{"type":"Feature","id":2784,"geometry":{"type":"Point","coordinates":[-122.64015500499994,45.523040004000052]},"properties":{"objectid":2784,"areaname":"Portland","class":"city","st":"OR","capital":"N","pop2000":529121}},{"type":"Feature","id":2735,"geometry":{"type":"Point","coordinates":[-97.534993870999983,35.482309067000074]},"properties":{"objectid":2735,"areaname":"Oklahoma City","class":"city","st":"OK","capital":"Y","pop2000":506132}},{"type":"Feature","id":157,"geometry":{"type":"Point","coordinates":[-110.91819190499996,32.214476088000026]},"properties":{"objectid":157,"areaname":"Tucson","class":"city","st":"AZ","capital":"N","pop2000":486699}},{"type":"Feature","id":1488,"geometry":{"type":"Point","coordinates":[-90.059011130999977,29.972753993000026]},"properties":{"objectid":1488,"areaname":"New Orleans","class":"city","st":"LA","capital":"N","pop2000":484674}},{"type":"Feature","id":2334,"geometry":{"type":"Point","coordinates":[-115.22206005199996,36.19416809300003]},"properties":{"objectid":2334,"areaname":"Las Vegas","class":"city","st":"NV","capital":"N","pop2000":478434}},{"type":"Feature","id":2570,"geometry":{"type":"Point","coordinates":[-81.669717952999974,41.482301053000072]},"properties":{"objectid":2570,"areaname":"Cleveland","class":"city","st":"OH","capital":"N","pop2000":478403}},{"type":"Feature","id":373,"geometry":{"type":"Point","coordinates":[-118.15802802799999,33.804132996000078]},"properties":{"objectid":373,"areaname":"Long Beach","class":"city","st":"CA","capital":"N","pop2000":461522}},{"type":"Feature","id":2308,"geometry":{"type":"Point","coordinates":[-106.60999107199996,35.110702994000064]},"properties":{"objectid":2308,"areaname":"Albuquerque","class":"city","st":"NM","capital":"N","pop2000":448607}},{"type":"Feature","id":1949,"geometry":{"type":"Point","coordinates":[-94.555406130999984,39.076304096000058]},"properties":{"objectid":1949,"areaname":"Kansas City","class":"city","st":"MO","capital":"N","pop2000":441545}},{"type":"Feature","id":296,"geometry":{"type":"Point","coordinates":[-119.79211293499998,36.781548866000037]},"properties":{"objectid":296,"areaname":"Fresno","class":"city","st":"CA","capital":"N","pop2000":427652}},{"type":"Feature","id":3345,"geometry":{"type":"Point","coordinates":[-76.087178938999955,36.834497999000064]},"properties":{"objectid":3345,"areaname":"Virginia Beach","class":"city","st":"VA","capital":"N","pop2000":425257}},{"type":"Feature","id":974,"geometry":{"type":"Point","coordinates":[-84.403175935999968,33.759506048000048]},"properties":{"objectid":974,"areaname":"Atlanta","class":"city","st":"GA","capital":"Y","pop2000":416474}},{"type":"Feature","id":492,"geometry":{"type":"Point","coordinates":[-121.46892592299997,38.555604971000037]},"properties":{"objectid":492,"areaname":"Sacramento","class":"city","st":"CA","capital":"Y","pop2000":407018}},{"type":"Feature","id":423,"geometry":{"type":"Point","coordinates":[-122.22811098299997,37.795227040000043]},"properties":{"objectid":423,"areaname":"Oakland","class":"city","st":"CA","capital":"N","pop2000":399484}},{"type":"Feature","id":134,"geometry":{"type":"Point","coordinates":[-111.74643800099994,33.411198941000066]},"properties":{"objectid":134,"areaname":"Mesa","class":"city","st":"AZ","capital":"N","pop2000":396375}},{"type":"Feature","id":2745,"geometry":{"type":"Point","coordinates":[-95.937331992999987,36.131294123000032]},"properties":{"objectid":2745,"areaname":"Tulsa","class":"city","st":"OK","capital":"N","pop2000":393049}},{"type":"Feature","id":2121,"geometry":{"type":"Point","coordinates":[-96.01298987499996,41.260481868000056]},"properties":{"objectid":2121,"areaname":"Omaha","class":"city","st":"NE","capital":"N","pop2000":390007}},{"type":"Feature","id":1881,"geometry":{"type":"Point","coordinates":[-93.268198102999975,44.964464964000058]},"properties":{"objectid":1881,"areaname":"Minneapolis","class":"city","st":"MN","capital":"N","pop2000":382618}},{"type":"Feature","id":4,"geometry":{"type":"Point","coordinates":[-157.82343915499996,21.305785065000066]},"properties":{"objectid":4,"areaname":"Honolulu","class":"CDP","st":"HI","capital":"Y","pop2000":371657}},{"type":"Feature","id":843,"geometry":{"type":"Point","coordinates":[-80.224144979999949,25.787676065000028]},"properties":{"objectid":843,"areaname":"Miami","class":"city","st":"FL","capital":"N","pop2000":362470}},{"type":"Feature","id":617,"geometry":{"type":"Point","coordinates":[-104.79191398699999,38.863442906000046]},"properties":{"objectid":617,"areaname":"Colorado Springs","class":"city","st":"CO","capital":"N","pop2000":360890}},{"type":"Feature","id":1977,"geometry":{"type":"Point","coordinates":[-90.242806016999964,38.627717952000069]},"properties":{"objectid":1977,"areaname":"St. Louis","class":"city","st":"MO","capital":"N","pop2000":348189}},{"type":"Feature","id":1407,"geometry":{"type":"Point","coordinates":[-97.336226070999942,37.688847979000059]},"properties":{"objectid":1407,"areaname":"Wichita","class":"city","st":"KS","capital":"N","pop2000":344284}},{"type":"Feature","id":519,"geometry":{"type":"Point","coordinates":[-117.88140809499998,33.740716888000065]},"properties":{"objectid":519,"areaname":"Santa Ana","class":"city","st":"CA","capital":"N","pop2000":337977}},{"type":"Feature","id":2869,"geometry":{"type":"Point","coordinates":[-79.977292094999939,40.44141896800005]},"properties":{"objectid":2869,"areaname":"Pittsburgh","class":"city","st":"PA","capital":"N","pop2000":334563}},{"type":"Feature","id":3032,"geometry":{"type":"Point","coordinates":[-97.122839045999967,32.705032922000044]},"properties":{"objectid":3032,"areaname":"Arlington","class":"city","st":"TX","capital":"N","pop2000":332969}},{"type":"Feature","id":2567,"geometry":{"type":"Point","coordinates":[-84.50308802099994,39.136160106000034]},"properties":{"objectid":2567,"areaname":"Cincinnati","class":"city","st":"OH","capital":"N","pop2000":331285}},{"type":"Feature","id":169,"geometry":{"type":"Point","coordinates":[-117.88976896399998,33.836165034000032]},"properties":{"objectid":169,"areaname":"Anaheim","class":"city","st":"CA","capital":"N","pop2000":328014}},{"type":"Feature","id":2682,"geometry":{"type":"Point","coordinates":[-83.575337135999973,41.665682013000037]},"properties":{"objectid":2682,"areaname":"Toledo","class":"city","st":"OH","capital":"N","pop2000":313619}},{"type":"Feature","id":935,"geometry":{"type":"Point","coordinates":[-82.464639940999973,27.970898049000027]},"properties":{"objectid":935,"areaname":"Tampa","class":"city","st":"FL","capital":"N","pop2000":303447}},{"type":"Feature","id":2360,"geometry":{"type":"Point","coordinates":[-78.849405076999972,42.904657126000075]},"properties":{"objectid":2360,"areaname":"Buffalo","class":"city","st":"NY","capital":"N","pop2000":292648}},{"type":"Feature","id":1904,"geometry":{"type":"Point","coordinates":[-93.114115000999959,44.954364941000051]},"properties":{"objectid":1904,"areaname":"St. Paul","class":"city","st":"MN","capital":"Y","pop2000":287151}},{"type":"Feature","id":3071,"geometry":{"type":"Point","coordinates":[-97.40192706299996,27.742856982000035]},"properties":{"objectid":3071,"areaname":"Corpus Christi","class":"city","st":"TX","capital":"N","pop2000":277454}},{"type":"Feature","id":606,"geometry":{"type":"Point","coordinates":[-104.80810104799997,39.695887120000066]},"properties":{"objectid":606,"areaname":"Aurora","class":"city","st":"CO","capital":"N","pop2000":276393}},{"type":"Feature","id":2083,"geometry":{"type":"Point","coordinates":[-78.644590028999971,35.818835024000066]},"properties":{"objectid":2083,"areaname":"Raleigh","class":"city","st":"NC","capital":"Y","pop2000":276093}},{"type":"Feature","id":2229,"geometry":{"type":"Point","coordinates":[-74.184938034999959,40.735201093000057]},"properties":{"objectid":2229,"areaname":"Newark","class":"city","st":"NJ","capital":"N","pop2000":273546}},{"type":"Feature","id":1431,"geometry":{"type":"Point","coordinates":[-84.494642044999978,38.02963201600005]},"properties":{"objectid":1431,"areaname":"Lexington-Fayette County","class":"city and county","st":"KY","capital":"N","pop2000":260512}},{"type":"Feature","id":3554,"geometry":{"type":"Point","coordinates":[-149.76209691699998,61.191899875000047]},"properties":{"objectid":3554,"areaname":"Anchorage","class":"municipality","st":"AK","capital":"N","pop2000":260283}},{"type":"Feature","id":1432,"geometry":{"type":"Point","coordinates":[-85.749533978999978,38.228870112000038]},"properties":{"objectid":1432,"areaname":"Louisville","class":"city","st":"KY","capital":"N","pop2000":256231}},{"type":"Feature","id":482,"geometry":{"type":"Point","coordinates":[-117.39612702499994,33.948064955000063]},"properties":{"objectid":482,"areaname":"Riverside","class":"city","st":"CA","capital":"N","pop2000":255166}},{"type":"Feature","id":912,"geometry":{"type":"Point","coordinates":[-82.667619122999952,27.782254035000051]},"properties":{"objectid":912,"areaname":"St. Petersburg","class":"city","st":"FL","capital":"N","pop2000":248232}},{"type":"Feature","id":185,"geometry":{"type":"Point","coordinates":[-119.03166094999995,35.357275966000032]},"properties":{"objectid":185,"areaname":"Bakersfield","class":"city","st":"CA","capital":"N","pop2000":247057}},{"type":"Feature","id":551,"geometry":{"type":"Point","coordinates":[-121.30086797299998,37.97562292300006]},"properties":{"objectid":551,"areaname":"Stockton","class":"city","st":"CA","capital":"N","pop2000":243771}},{"type":"Feature","id":28,"geometry":{"type":"Point","coordinates":[-86.812739898999951,33.524755120000066]},"properties":{"objectid":28,"areaname":"Birmingham","class":"city","st":"AL","capital":"N","pop2000":242820}},{"type":"Feature","id":2202,"geometry":{"type":"Point","coordinates":[-74.06538489899998,40.722101900000041]},"properties":{"objectid":2202,"areaname":"Jersey City","class":"city","st":"NJ","capital":"N","pop2000":240055}},{"type":"Feature","id":3327,"geometry":{"type":"Point","coordinates":[-76.259900052999967,36.885746940000047]},"properties":{"objectid":3327,"areaname":"Norfolk","class":"city","st":"VA","capital":"N","pop2000":234403}},{"type":"Feature","id":1456,"geometry":{"type":"Point","coordinates":[-91.140228924999974,30.458090050000067]},"properties":{"objectid":1456,"areaname":"Baton Rouge","class":"city","st":"LA","capital":"Y","pop2000":227818}},{"type":"Feature","id":788,"geometry":{"type":"Point","coordinates":[-80.293970865999938,25.860474042000078]},"properties":{"objectid":788,"areaname":"Hialeah","class":"city","st":"FL","capital":"N","pop2000":226419}},{"type":"Feature","id":2118,"geometry":{"type":"Point","coordinates":[-96.675344915999972,40.80986809400008]},"properties":{"objectid":2118,"areaname":"Lincoln","class":"city","st":"NE","capital":"Y","pop2000":225581}},{"type":"Feature","id":2056,"geometry":{"type":"Point","coordinates":[-79.819415958999969,36.07986806200006]},"properties":{"objectid":2056,"areaname":"Greensboro","class":"city","st":"NC","capital":"N","pop2000":223891}},{"type":"Feature","id":3169,"geometry":{"type":"Point","coordinates":[-96.745935101999976,33.050374017000024]},"properties":{"objectid":3169,"areaname":"Plano","class":"city","st":"TX","capital":"N","pop2000":222030}},{"type":"Feature","id":2486,"geometry":{"type":"Point","coordinates":[-77.611504016999959,43.16549591200004]},"properties":{"objectid":2486,"areaname":"Rochester","class":"city","st":"NY","capital":"N","pop2000":219773}},{"type":"Feature","id":128,"geometry":{"type":"Point","coordinates":[-112.19930902699997,33.580726080000034]},"properties":{"objectid":128,"areaname":"Glendale","class":"city","st":"AZ","capital":"N","pop2000":218812}},{"type":"Feature","id":2533,"geometry":{"type":"Point","coordinates":[-81.517900116999954,41.073155068000062]},"properties":{"objectid":2533,"areaname":"Akron","class":"city","st":"OH","capital":"N","pop2000":217074}},{"type":"Feature","id":3100,"geometry":{"type":"Point","coordinates":[-96.635197103999985,32.90732489800007]},"properties":{"objectid":3100,"areaname":"Garland","class":"city","st":"TX","capital":"N","pop2000":215768}},{"type":"Feature","id":3486,"geometry":{"type":"Point","coordinates":[-89.394756946999962,43.074613113000055]},"properties":{"objectid":3486,"areaname":"Madison","class":"city","st":"WI","capital":"Y","pop2000":208054}},{"type":"Feature","id":1324,"geometry":{"type":"Point","coordinates":[-85.126545870999962,41.078347937000046]},"properties":{"objectid":1324,"areaname":"Fort Wayne","class":"city","st":"IN","capital":"N","pop2000":205727}},{"type":"Feature","id":295,"geometry":{"type":"Point","coordinates":[-121.98278586799995,37.542943100000059]},"properties":{"objectid":295,"areaname":"Fremont","class":"city","st":"CA","capital":"N","pop2000":203413}},{"type":"Feature","id":147,"geometry":{"type":"Point","coordinates":[-111.89598504399999,33.590708944000028]},"properties":{"objectid":147,"areaname":"Scottsdale","class":"city","st":"AZ","capital":"N","pop2000":202705}},{"type":"Feature","id":54,"geometry":{"type":"Point","coordinates":[-86.279117873999951,32.361537916000032]},"properties":{"objectid":54,"areaname":"Montgomery","class":"city","st":"AL","capital":"Y","pop2000":201568}},{"type":"Feature","id":1495,"geometry":{"type":"Point","coordinates":[-93.771114974999989,32.468002912000031]},"properties":{"objectid":1495,"areaname":"Shreveport","class":"city","st":"LA","capital":"N","pop2000":200145}},{"type":"Feature","id":3139,"geometry":{"type":"Point","coordinates":[-101.87779291999999,33.564734930000043]},"properties":{"objectid":3139,"areaname":"Lubbock","class":"city","st":"TX","capital":"N","pop2000":199564}},{"type":"Feature","id":3285,"geometry":{"type":"Point","coordinates":[-76.287404875999982,36.767398003000039]},"properties":{"objectid":3285,"areaname":"Chesapeake","class":"city","st":"VA","capital":"N","pop2000":199184}},{"type":"Feature","id":53,"geometry":{"type":"Point","coordinates":[-88.103280061999953,30.679522940000027]},"properties":{"objectid":53,"areaname":"Mobile","class":"city","st":"AL","capital":"N","pop2000":198915}},{"type":"Feature","id":1065,"geometry":{"type":"Point","coordinates":[-93.620866079999985,41.590939024000079]},"properties":{"objectid":1065,"areaname":"Des Moines","class":"city","st":"IA","capital":"Y","pop2000":198682}},{"type":"Feature","id":1759,"geometry":{"type":"Point","coordinates":[-85.658280082999966,42.960476111000048]},"properties":{"objectid":1759,"areaname":"Grand Rapids","class":"city","st":"MI","capital":"N","pop2000":197800}},{"type":"Feature","id":3334,"geometry":{"type":"Point","coordinates":[-77.461507124999969,37.538345976000073]},"properties":{"objectid":3334,"areaname":"Richmond","class":"city","st":"VA","capital":"Y","pop2000":197790}},{"type":"Feature","id":2532,"geometry":{"type":"Point","coordinates":[-73.864365096999961,40.941477870000028]},"properties":{"objectid":2532,"areaname":"Yonkers","class":"city","st":"NY","capital":"N","pop2000":196086}},{"type":"Feature","id":3440,"geometry":{"type":"Point","coordinates":[-117.41027098099994,47.673341030000074]},"properties":{"objectid":3440,"areaname":"Spokane","class":"city","st":"WA","capital":"N","pop2000":195629}},{"type":"Feature","id":975,"geometry":{"type":"Point","coordinates":[-82.022047991999955,33.43327105000003]},"properties":{"objectid":975,"areaname":"Augusta-Richmond County","class":"city (consolidated, balance)","st":"GA","capital":"N","pop2000":195182}},{"type":"Feature","id":303,"geometry":{"type":"Point","coordinates":[-118.25008103899995,34.170939127000054]},"properties":{"objectid":303,"areaname":"Glendale","class":"city","st":"CA","capital":"N","pop2000":194973}},{"type":"Feature","id":3442,"geometry":{"type":"Point","coordinates":[-122.45938913099997,47.241371072000049]},"properties":{"objectid":3442,"areaname":"Tacoma","class":"city","st":"WA","capital":"N","pop2000":193556}},{"type":"Feature","id":3118,"geometry":{"type":"Point","coordinates":[-96.966254978999984,32.84712791000004]},"properties":{"objectid":3118,"areaname":"Irving","class":"city","st":"TX","capital":"N","pop2000":191615}},{"type":"Feature","id":325,"geometry":{"type":"Point","coordinates":[-118.00019389299996,33.692887952000035]},"properties":{"objectid":325,"areaname":"Huntington Beach","class":"city","st":"CA","capital":"N","pop2000":189594}},{"type":"Feature","id":3274,"geometry":{"type":"Point","coordinates":[-77.108259981999936,38.880343976000063]},"properties":{"objectid":3274,"areaname":"Arlington","class":"CDP","st":"VA","capital":"N","pop2000":189453}},{"type":"Feature","id":397,"geometry":{"type":"Point","coordinates":[-120.99454288599998,37.661479105000069]},"properties":{"objectid":397,"areaname":"Modesto","class":"city","st":"CA","capital":"N","pop2000":188856}},{"type":"Feature","id":2047,"geometry":{"type":"Point","coordinates":[-78.907166862999986,35.988644009000041]},"properties":{"objectid":2047,"areaname":"Durham","class":"city","st":"NC","capital":"N","pop2000":187035}},{"type":"Feature","id":2337,"geometry":{"type":"Point","coordinates":[-115.12465390799997,36.082073090000051]},"properties":{"objectid":2337,"areaname":"Paradise","class":"CDP","st":"NV","capital":"N","pop2000":186070}},{"type":"Feature","id":870,"geometry":{"type":"Point","coordinates":[-81.375789101999942,28.533512876000032]},"properties":{"objectid":870,"areaname":"Orlando","class":"city","st":"FL","capital":"N","pop2000":185951}},{"type":"Feature","id":1086,"geometry":{"type":"Point","coordinates":[-116.23765090799998,43.613738866000062]},"properties":{"objectid":1086,"areaname":"Boise City","class":"city","st":"ID","capital":"Y","pop2000":185787}},{"type":"Feature","id":985,"geometry":{"type":"Point","coordinates":[-84.940421888999936,32.489608042000043]},"properties":{"objectid":985,"areaname":"Columbus","class":"city (consolidated, balance)","st":"GA","capital":"N","pop2000":185781}},{"type":"Feature","id":2098,"geometry":{"type":"Point","coordinates":[-80.260490914999934,36.102763879000065]},"properties":{"objectid":2098,"areaname":"Winston-Salem","class":"city","st":"NC","capital":"N","pop2000":185776}},{"type":"Feature","id":496,"geometry":{"type":"Point","coordinates":[-117.29315000699995,34.129510022000034]},"properties":{"objectid":496,"areaname":"San Bernardino","class":"city","st":"CA","capital":"N","pop2000":185401}},{"type":"Feature","id":2006,"geometry":{"type":"Point","coordinates":[-90.204415042999983,32.320445091000067]},"properties":{"objectid":2006,"areaname":"Jackson","class":"city","st":"MS","capital":"Y","pop2000":184256}},{"type":"Feature","id":95,"geometry":{"type":"Point","coordinates":[-92.331121993999943,34.736009052000043]},"properties":{"objectid":95,"areaname":"Little Rock","class":"city","st":"AR","capital":"Y","pop2000":183133}},{"type":"Feature","id":3261,"geometry":{"type":"Point","coordinates":[-111.89262196199996,40.754700117000027]},"properties":{"objectid":3261,"areaname":"Salt Lake City","class":"city","st":"UT","capital":"Y","pop2000":181743}},{"type":"Feature","id":2338,"geometry":{"type":"Point","coordinates":[-119.82181200899998,39.527109912000071]},"properties":{"objectid":2338,"areaname":"Reno","class":"city","st":"NV","capital":"N","pop2000":180480}},{"type":"Feature","id":3326,"geometry":{"type":"Point","coordinates":[-76.484557036999945,37.071046108000075]},"properties":{"objectid":3326,"areaname":"Newport News","class":"city","st":"VA","capital":"N","pop2000":180150}},{"type":"Feature","id":117,"geometry":{"type":"Point","coordinates":[-111.86352194799997,33.297756053000057]},"properties":{"objectid":117,"areaname":"Chandler","class":"city","st":"AZ","capital":"N","pop2000":176581}},{"type":"Feature","id":3133,"geometry":{"type":"Point","coordinates":[-99.490593135999973,27.524445090000029]},"properties":{"objectid":3133,"areaname":"Laredo","class":"city","st":"TX","capital":"N","pop2000":176576}},{"type":"Feature","id":2333,"geometry":{"type":"Point","coordinates":[-115.02528589599996,36.029249130000039]},"properties":{"objectid":2333,"areaname":"Henderson","class":"city","st":"NV","capital":"N","pop2000":175381}},{"type":"Feature","id":2999,"geometry":{"type":"Point","coordinates":[-83.942160950999948,35.972881928000049]},"properties":{"objectid":2999,"areaname":"Knoxville","class":"city","st":"TN","capital":"N","pop2000":173890}},{"type":"Feature","id":3030,"geometry":{"type":"Point","coordinates":[-101.84516292699999,35.199251999000069]},"properties":{"objectid":3030,"areaname":"Amarillo","class":"city","st":"TX","capital":"N","pop2000":173627}},{"type":"Feature","id":2913,"geometry":{"type":"Point","coordinates":[-71.422131902999979,41.823550136000051]},"properties":{"objectid":2913,"areaname":"Providence","class":"city","st":"RI","capital":"Y","pop2000":173618}},{"type":"Feature","id":230,"geometry":{"type":"Point","coordinates":[-117.04798792099996,32.627909995000039]},"properties":{"objectid":230,"areaname":"Chula Vista","class":"city","st":"CA","capital":"N","pop2000":173556}},{"type":"Feature","id":1590,"geometry":{"type":"Point","coordinates":[-71.80377389299997,42.268843106000077]},"properties":{"objectid":1590,"areaname":"Worcester","class":"city","st":"MA","capital":"N","pop2000":172648}},{"type":"Feature","id":434,"geometry":{"type":"Point","coordinates":[-119.18249702299994,34.191291977000049]},"properties":{"objectid":434,"areaname":"Oxnard","class":"city","st":"CA","capital":"N","pop2000":170358}},{"type":"Feature","id":2576,"geometry":{"type":"Point","coordinates":[-84.196665116999952,39.76270803500006]},"properties":{"objectid":2576,"areaname":"Dayton","class":"city","st":"OH","capital":"N","pop2000":166179}},{"type":"Feature","id":300,"geometry":{"type":"Point","coordinates":[-117.96026713599997,33.778766055000062]},"properties":{"objectid":300,"areaname":"Garden Grove","class":"city","st":"CA","capital":"N","pop2000":165196}},{"type":"Feature","id":425,"geometry":{"type":"Point","coordinates":[-117.32570097299998,33.21156598500005]},"properties":{"objectid":425,"areaname":"Oceanside","class":"city","st":"CA","capital":"N","pop2000":161029}},{"type":"Feature","id":156,"geometry":{"type":"Point","coordinates":[-111.92878303999998,33.388696050000078]},"properties":{"objectid":156,"areaname":"Tempe","class":"city","st":"AZ","capital":"N","pop2000":158625}},{"type":"Feature","id":48,"geometry":{"type":"Point","coordinates":[-86.59629595399997,34.712340922000067]},"properties":{"objectid":48,"areaname":"Huntsville","class":"city","st":"AL","capital":"N","pop2000":158216}},{"type":"Feature","id":428,"geometry":{"type":"Point","coordinates":[-117.62786109899997,34.052810969000063]},"properties":{"objectid":428,"areaname":"Ontario","class":"city","st":"CA","capital":"N","pop2000":158007}},{"type":"Feature","id":2342,"geometry":{"type":"Point","coordinates":[-115.05970699099998,36.175444973000026]},"properties":{"objectid":2342,"areaname":"Sunrise Manor","class":"CDP","st":"NV","capital":"N","pop2000":156120}},{"type":"Feature","id":2978,"geometry":{"type":"Point","coordinates":[-85.26725511799998,35.045473126000047]},"properties":{"objectid":2978,"areaname":"Chattanooga","class":"city","st":"TN","capital":"N","pop2000":155554}},{"type":"Feature","id":765,"geometry":{"type":"Point","coordinates":[-80.141810117999967,26.135762945000067]},"properties":{"objectid":765,"areaname":"Fort Lauderdale","class":"city","st":"FL","capital":"N","pop2000":152397}},{"type":"Feature","id":1574,"geometry":{"type":"Point","coordinates":[-72.547454953999988,42.112411014000031]},"properties":{"objectid":1574,"areaname":"Springfield","class":"city","st":"MA","capital":"N","pop2000":152082}},{"type":"Feature","id":1982,"geometry":{"type":"Point","coordinates":[-93.286213014999987,37.195097999000041]},"properties":{"objectid":1982,"areaname":"Springfield","class":"city","st":"MO","capital":"N","pop2000":151580}},{"type":"Feature","id":522,"geometry":{"type":"Point","coordinates":[-118.50644289999997,34.416561009000077]},"properties":{"objectid":522,"areaname":"Santa Clarita","class":"city","st":"CA","capital":"N","pop2000":151088}},{"type":"Feature","id":494,"geometry":{"type":"Point","coordinates":[-121.64312810799998,36.683858942000029]},"properties":{"objectid":494,"areaname":"Salinas","class":"city","st":"CA","capital":"N","pop2000":151060}},{"type":"Feature","id":932,"geometry":{"type":"Point","coordinates":[-84.272770082999955,30.451799917000073]},"properties":{"objectid":932,"areaname":"Tallahassee","class":"city","st":"FL","capital":"Y","pop2000":150624}},{"type":"Feature","id":1264,"geometry":{"type":"Point","coordinates":[-89.069754056999955,42.269769880000069]},"properties":{"objectid":1264,"areaname":"Rockford","class":"city","st":"IL","capital":"N","pop2000":150115}},{"type":"Feature","id":458,"geometry":{"type":"Point","coordinates":[-117.75588590899997,34.06076012300008]},"properties":{"objectid":458,"areaname":"Pomona","class":"city","st":"CA","capital":"N","pop2000":149473}},{"type":"Feature","id":2245,"geometry":{"type":"Point","coordinates":[-74.162926992999985,40.915498053000078]},"properties":{"objectid":2245,"areaname":"Paterson","class":"city","st":"NJ","capital":"N","pop2000":149222}},{"type":"Feature","id":1400,"geometry":{"type":"Point","coordinates":[-94.680697036999959,38.940070945000059]},"properties":{"objectid":1400,"areaname":"Overland Park","class":"city","st":"KS","capital":"N","pop2000":149080}},{"type":"Feature","id":528,"geometry":{"type":"Point","coordinates":[-122.70464599499996,38.448611099000061]},"properties":{"objectid":528,"areaname":"Santa Rosa","class":"city","st":"CA","capital":"N","pop2000":147595}},{"type":"Feature","id":2511,"geometry":{"type":"Point","coordinates":[-76.144422901999974,43.046899116000077]},"properties":{"objectid":2511,"areaname":"Syracuse","class":"city","st":"NY","capital":"N","pop2000":147306}},{"type":"Feature","id":1388,"geometry":{"type":"Point","coordinates":[-94.676469904999976,39.106779904000064]},"properties":{"objectid":1388,"areaname":"Kansas City","class":"city","st":"KS","capital":"N","pop2000":146866}},{"type":"Feature","id":3300,"geometry":{"type":"Point","coordinates":[-76.36012603599994,37.034946097000045]},"properties":{"objectid":3300,"areaname":"Hampton","class":"city","st":"VA","capital":"N","pop2000":146437}},{"type":"Feature","id":1481,"geometry":{"type":"Point","coordinates":[-90.177473082999938,29.997797087000038]},"properties":{"objectid":1481,"areaname":"Metairie","class":"CDP","st":"LA","capital":"N","pop2000":146136}},{"type":"Feature","id":635,"geometry":{"type":"Point","coordinates":[-105.10285913299998,39.706336964000059]},"properties":{"objectid":635,"areaname":"Lakewood","class":"city","st":"CO","capital":"N","pop2000":144126}},{"type":"Feature","id":3447,"geometry":{"type":"Point","coordinates":[-122.60301105899998,45.633742909000034]},"properties":{"objectid":3447,"areaname":"Vancouver","class":"city","st":"WA","capital":"N","pop2000":143560}},{"type":"Feature","id":330,"geometry":{"type":"Point","coordinates":[-117.79258111199999,33.684065077000071]},"properties":{"objectid":330,"areaname":"Irvine","class":"city","st":"CA","capital":"N","pop2000":143072}},{"type":"Feature","id":1106,"geometry":{"type":"Point","coordinates":[-88.298481961999983,41.759878985000057]},"properties":{"objectid":1106,"areaname":"Aurora","class":"city","st":"IL","capital":"N","pop2000":142990}},{"type":"Feature","id":406,"geometry":{"type":"Point","coordinates":[-117.22834511899998,33.926266954000027]},"properties":{"objectid":406,"areaname":"Moreno Valley","class":"city","st":"CA","capital":"N","pop2000":142381}},{"type":"Feature","id":3163,"geometry":{"type":"Point","coordinates":[-95.17384491699994,29.676195964000044]},"properties":{"objectid":3163,"areaname":"Pasadena","class":"city","st":"TX","capital":"N","pop2000":141674}},{"type":"Feature","id":316,"geometry":{"type":"Point","coordinates":[-122.07697095899999,37.64363191800004]},"properties":{"objectid":316,"areaname":"Hayward","class":"city","st":"CA","capital":"N","pop2000":140030}},{"type":"Feature","id":3048,"geometry":{"type":"Point","coordinates":[-97.484424123999986,25.930307112000037]},"properties":{"objectid":3048,"areaname":"Brownsville","class":"city","st":"TX","capital":"N","pop2000":139722}},{"type":"Feature","id":654,"geometry":{"type":"Point","coordinates":[-73.195915003999971,41.18859602100008]},"properties":{"objectid":654,"areaname":"Bridgeport","class":"city","st":"CT","capital":"N","pop2000":139529}},{"type":"Feature","id":793,"geometry":{"type":"Point","coordinates":[-80.17491013099999,26.021467059000031]},"properties":{"objectid":793,"areaname":"Hollywood","class":"city","st":"FL","capital":"N","pop2000":139357}},{"type":"Feature","id":1824,"geometry":{"type":"Point","coordinates":[-83.023996134999948,42.491986965000081]},"properties":{"objectid":1824,"areaname":"Warren","class":"city","st":"MI","capital":"N","pop2000":138247}},{"type":"Feature","id":561,"geometry":{"type":"Point","coordinates":[-118.34132996099999,33.834814938000079]},"properties":{"objectid":561,"areaname":"Torrance","class":"city","st":"CA","capital":"N","pop2000":137946}},{"type":"Feature","id":2761,"geometry":{"type":"Point","coordinates":[-123.11034489599996,44.057662950000065]},"properties":{"objectid":2761,"areaname":"Eugene","class":"city","st":"OR","capital":"N","pop2000":137893}},{"type":"Feature","id":887,"geometry":{"type":"Point","coordinates":[-80.313689010999951,26.012913043000026]},"properties":{"objectid":887,"areaname":"Pembroke Pines","class":"city","st":"FL","capital":"N","pop2000":137427}},{"type":"Feature","id":2788,"geometry":{"type":"Point","coordinates":[-123.02915896999997,44.931109080000056]},"properties":{"objectid":2788,"areaname":"Salem","class":"city","st":"OR","capital":"Y","pop2000":136924}},{"type":"Feature","id":446,"geometry":{"type":"Point","coordinates":[-118.13180808999999,34.156098017000033]},"properties":{"objectid":446,"areaname":"Pasadena","class":"city","st":"CA","capital":"N","pop2000":133936}},{"type":"Feature","id":280,"geometry":{"type":"Point","coordinates":[-117.08085002199999,33.124793989000068]},"properties":{"objectid":280,"areaname":"Escondido","class":"city","st":"CA","capital":"N","pop2000":133559}},{"type":"Feature","id":554,"geometry":{"type":"Point","coordinates":[-122.02601989099998,37.371990982000057]},"properties":{"objectid":554,"areaname":"Sunnyvale","class":"city","st":"CA","capital":"N","pop2000":131760}},{"type":"Feature","id":1035,"geometry":{"type":"Point","coordinates":[-81.10376187199995,32.050706061000028]},"properties":{"objectid":1035,"areaname":"Savannah","class":"city","st":"GA","capital":"N","pop2000":131510}},{"type":"Feature","id":289,"geometry":{"type":"Point","coordinates":[-117.45822205099995,34.097744079000051]},"properties":{"objectid":289,"areaname":"Fontana","class":"city","st":"CA","capital":"N","pop2000":128929}},{"type":"Feature","id":429,"geometry":{"type":"Point","coordinates":[-117.83250593499997,33.802945099000056]},"properties":{"objectid":429,"areaname":"Orange","class":"city","st":"CA","capital":"N","pop2000":128821}},{"type":"Feature","id":1232,"geometry":{"type":"Point","coordinates":[-88.155719108999961,41.749825937000026]},"properties":{"objectid":1232,"areaname":"Naperville","class":"city","st":"IL","capital":"N","pop2000":128358}},{"type":"Feature","id":3272,"geometry":{"type":"Point","coordinates":[-77.071282104999966,38.816242043000045]},"properties":{"objectid":3272,"areaname":"Alexandria","class":"city","st":"VA","capital":"N","pop2000":128283}},{"type":"Feature","id":465,"geometry":{"type":"Point","coordinates":[-117.57940408899998,34.123345062000055]},"properties":{"objectid":465,"areaname":"Rancho Cucamonga","class":"city","st":"CA","capital":"N","pop2000":127743}},{"type":"Feature","id":3103,"geometry":{"type":"Point","coordinates":[-97.016863962999992,32.715266131000078]},"properties":{"objectid":3103,"areaname":"Grand Prairie","class":"city","st":"TX","capital":"N","pop2000":127427}},{"type":"Feature","id":297,"geometry":{"type":"Point","coordinates":[-117.92874905099995,33.879914116000066]},"properties":{"objectid":297,"areaname":"Fullerton","class":"city","st":"CA","capital":"N","pop2000":126003}},{"type":"Feature","id":244,"geometry":{"type":"Point","coordinates":[-117.56778292899997,33.869998122000027]},"properties":{"objectid":244,"areaname":"Corona","class":"city","st":"CA","capital":"N","pop2000":124966}},{"type":"Feature","id":1754,"geometry":{"type":"Point","coordinates":[-83.693996102999961,43.027576937000049]},"properties":{"objectid":1754,"areaname":"Flint","class":"city","st":"MI","capital":"N","pop2000":124943}},{"type":"Feature","id":3146,"geometry":{"type":"Point","coordinates":[-96.609861939999973,32.782877871000039]},"properties":{"objectid":3146,"areaname":"Mesquite","class":"city","st":"TX","capital":"N","pop2000":124523}},{"type":"Feature","id":1817,"geometry":{"type":"Point","coordinates":[-83.028126002999954,42.579818922000072]},"properties":{"objectid":1817,"areaname":"Sterling Heights","class":"city","st":"MI","capital":"N","pop2000":124471}},{"type":"Feature","id":267,"geometry":{"type":"Point","coordinates":[-118.16865305799996,34.031461988000046]},"properties":{"objectid":267,"areaname":"East Los Angeles","class":"CDP","st":"CA","capital":"N","pop2000":124283}},{"type":"Feature","id":2969,"geometry":{"type":"Point","coordinates":[-96.731780092999941,43.536284909000074]},"properties":{"objectid":2969,"areaname":"Sioux Falls","class":"city","st":"SD","capital":"N","pop2000":123975}},{"type":"Feature","id":670,"geometry":{"type":"Point","coordinates":[-72.923150000999954,41.311146945000075]},"properties":{"objectid":670,"areaname":"New Haven","class":"city","st":"CT","capital":"N","pop2000":123626}},{"type":"Feature","id":1406,"geometry":{"type":"Point","coordinates":[-95.689508122999939,39.03919994000006]},"properties":{"objectid":1406,"areaname":"Topeka","class":"city","st":"KS","capital":"Y","pop2000":122377}},{"type":"Feature","id":242,"geometry":{"type":"Point","coordinates":[-122.01513512099996,37.967824916000041]},"properties":{"objectid":242,"areaname":"Concord","class":"city","st":"CA","capital":"N","pop2000":121780}},{"type":"Feature","id":1322,"geometry":{"type":"Point","coordinates":[-87.55056603099996,37.977165890000038]},"properties":{"objectid":1322,"areaname":"Evansville","class":"city","st":"IN","capital":"N","pop2000":121582}},{"type":"Feature","id":664,"geometry":{"type":"Point","coordinates":[-72.68858696999996,41.762549888000081]},"properties":{"objectid":664,"areaname":"Hartford","class":"city","st":"CT","capital":"Y","pop2000":121578}},{"type":"Feature","id":2050,"geometry":{"type":"Point","coordinates":[-78.917579126999954,35.066662947000054]},"properties":{"objectid":2050,"areaname":"Fayetteville","class":"city","st":"NC","capital":"N","pop2000":121015}},{"type":"Feature","id":1059,"geometry":{"type":"Point","coordinates":[-91.668529040999942,41.983099938000066]},"properties":{"objectid":1059,"areaname":"Cedar Rapids","class":"city","st":"IA","capital":"N","pop2000":120758}},{"type":"Feature","id":2171,"geometry":{"type":"Point","coordinates":[-74.209065959999975,40.662151942000037]},"properties":{"objectid":2171,"areaname":"Elizabeth","class":"city","st":"NJ","capital":"N","pop2000":120568}},{"type":"Feature","id":1778,"geometry":{"type":"Point","coordinates":[-84.554916125999966,42.717585093000025]},"properties":{"objectid":1778,"areaname":"Lansing","class":"city","st":"MI","capital":"Y","pop2000":119128}},{"type":"Feature","id":350,"geometry":{"type":"Point","coordinates":[-118.15406201799999,34.686980061000042]},"properties":{"objectid":350,"areaname":"Lancaster","class":"city","st":"CA","capital":"N","pop2000":118718}},{"type":"Feature","id":625,"geometry":{"type":"Point","coordinates":[-105.07830208399997,40.559237925000048]},"properties":{"objectid":625,"areaname":"Fort Collins","class":"city","st":"CO","capital":"N","pop2000":118652}},{"type":"Feature","id":734,"geometry":{"type":"Point","coordinates":[-80.259162923999952,26.270657881000034]},"properties":{"objectid":734,"areaname":"Coral Springs","class":"city","st":"FL","capital":"N","pop2000":117549}},{"type":"Feature","id":2341,"geometry":{"type":"Point","coordinates":[-115.25019792299997,36.11251988500004]},"properties":{"objectid":2341,"areaname":"Spring Valley","class":"CDP","st":"NV","capital":"N","pop2000":117390}},{"type":"Feature","id":678,"geometry":{"type":"Point","coordinates":[-73.541316060999975,41.074447966000037]},"properties":{"objectid":678,"areaname":"Stamford","class":"city","st":"CT","capital":"N","pop2000":117083}},{"type":"Feature","id":560,"geometry":{"type":"Point","coordinates":[-118.87505311899997,34.189488994000044]},"properties":{"objectid":560,"areaname":"Thousand Oaks","class":"city","st":"CA","capital":"N","pop2000":117005}},{"type":"Feature","id":574,"geometry":{"type":"Point","coordinates":[-122.23588191099998,38.112969088000057]},"properties":{"objectid":574,"areaname":"Vallejo","class":"city","st":"CA","capital":"N","pop2000":116760}},{"type":"Feature","id":437,"geometry":{"type":"Point","coordinates":[-118.10060307599997,34.581004978000067]},"properties":{"objectid":437,"areaname":"Palmdale","class":"city","st":"CA","capital":"N","pop2000":116670}},{"type":"Feature","id":2926,"geometry":{"type":"Point","coordinates":[-81.010758874999965,34.017104989000075]},"properties":{"objectid":2926,"areaname":"Columbia","class":"city","st":"SC","capital":"Y","pop2000":116278}},{"type":"Feature","id":275,"geometry":{"type":"Point","coordinates":[-118.02749092399995,34.073276005000025]},"properties":{"objectid":275,"areaname":"El Monte","class":"city","st":"CA","capital":"N","pop2000":115965}},{"type":"Feature","id":3023,"geometry":{"type":"Point","coordinates":[-99.745481937999955,32.446424862000072]},"properties":{"objectid":3023,"areaname":"Abilene","class":"city","st":"TX","capital":"N","pop2000":115930}},{"type":"Feature","id":2335,"geometry":{"type":"Point","coordinates":[-115.14659310699994,36.228510989000029]},"properties":{"objectid":2335,"areaname":"North Las Vegas","class":"city","st":"NV","capital":"N","pop2000":115488}},{"type":"Feature","id":1723,"geometry":{"type":"Point","coordinates":[-83.739261071999977,42.274488032000079]},"properties":{"objectid":1723,"areaname":"Ann Arbor","class":"city","st":"MI","capital":"N","pop2000":114024}},{"type":"Feature","id":3039,"geometry":{"type":"Point","coordinates":[-94.126653080999972,30.079911998000057]},"properties":{"objectid":3039,"areaname":"Beaumont","class":"city","st":"TX","capital":"N","pop2000":113866}},{"type":"Feature","id":3217,"geometry":{"type":"Point","coordinates":[-97.155929939999965,31.551515907000066]},"properties":{"objectid":3217,"areaname":"Waco","class":"city","st":"TX","capital":"N","pop2000":113726}},{"type":"Feature","id":1944,"geometry":{"type":"Point","coordinates":[-94.406550990999961,39.079805061000059]},"properties":{"objectid":1944,"areaname":"Independence","class":"city","st":"MO","capital":"N","pop2000":113288}},{"type":"Feature","id":1254,"geometry":{"type":"Point","coordinates":[-89.609421119999979,40.720736883000029]},"properties":{"objectid":1254,"areaname":"Peoria","class":"city","st":"IL","capital":"N","pop2000":112936}},{"type":"Feature","id":329,"geometry":{"type":"Point","coordinates":[-118.34608209999999,33.95751286400008]},"properties":{"objectid":329,"areaname":"Inglewood","class":"city","st":"CA","capital":"N","pop2000":112580}},{"type":"Feature","id":1277,"geometry":{"type":"Point","coordinates":[-89.65037302199994,39.783249888000057]},"properties":{"objectid":1277,"areaname":"Springfield","class":"city","st":"IL","capital":"Y","pop2000":111454}},{"type":"Feature","id":537,"geometry":{"type":"Point","coordinates":[-118.73942787099998,34.271078069000055]},"properties":{"objectid":537,"areaname":"Simi Valley","class":"city","st":"CA","capital":"N","pop2000":111351}},{"type":"Feature","id":1473,"geometry":{"type":"Point","coordinates":[-92.029363082999964,30.213900884000054]},"properties":{"objectid":1473,"areaname":"Lafayette","class":"city","st":"LA","capital":"N","pop2000":110257}},{"type":"Feature","id":127,"geometry":{"type":"Point","coordinates":[-111.76241091399999,33.344439093000062]},"properties":{"objectid":127,"areaname":"Gilbert","class":"town","st":"AZ","capital":"N","pop2000":109697}},{"type":"Feature","id":3056,"geometry":{"type":"Point","coordinates":[-96.893277117999958,32.99009192300008]},"properties":{"objectid":3056,"areaname":"Carrollton","class":"city","st":"TX","capital":"N","pop2000":109576}},{"type":"Feature","id":3362,"geometry":{"type":"Point","coordinates":[-122.15924502999997,47.597554107000065]},"properties":{"objectid":3362,"areaname":"Bellevue","class":"city","st":"WA","capital":"N","pop2000":109569}},{"type":"Feature","id":3271,"geometry":{"type":"Point","coordinates":[-111.99386701099996,40.689180943000054]},"properties":{"objectid":3271,"areaname":"West Valley City","class":"city","st":"UT","capital":"N","pop2000":108896}},{"type":"Feature","id":727,"geometry":{"type":"Point","coordinates":[-82.764270915999987,27.973644110000066]},"properties":{"objectid":727,"areaname":"Clearwater","class":"city","st":"FL","capital":"N","pop2000":108787}},{"type":"Feature","id":246,"geometry":{"type":"Point","coordinates":[-117.91228898699995,33.664968926000029]},"properties":{"objectid":246,"areaname":"Costa Mesa","class":"city","st":"CA","capital":"N","pop2000":108724}},{"type":"Feature","id":142,"geometry":{"type":"Point","coordinates":[-112.25158394099998,33.649737930000072]},"properties":{"objectid":142,"areaname":"Peoria","class":"city","st":"AZ","capital":"N","pop2000":108364}},{"type":"Feature","id":1367,"geometry":{"type":"Point","coordinates":[-86.255157121999957,41.672596903000056]},"properties":{"objectid":1367,"areaname":"South Bend","class":"city","st":"IN","capital":"N","pop2000":107789}},{"type":"Feature","id":263,"geometry":{"type":"Point","coordinates":[-118.13080090599999,33.938163882000026]},"properties":{"objectid":263,"areaname":"Downey","class":"city","st":"CA","capital":"N","pop2000":107323}},{"type":"Feature","id":684,"geometry":{"type":"Point","coordinates":[-73.038327068999934,41.556039897000062]},"properties":{"objectid":684,"areaname":"Waterbury","class":"city","st":"CT","capital":"N","pop2000":107271}},{"type":"Feature","id":2134,"geometry":{"type":"Point","coordinates":[-71.451559907999979,42.986284057000034]},"properties":{"objectid":2134,"areaname":"Manchester","class":"city","st":"NH","capital":"N","pop2000":107006}},{"type":"Feature","id":2798,"geometry":{"type":"Point","coordinates":[-75.477327878999972,40.601696872000048]},"properties":{"objectid":2798,"areaname":"Allentown","class":"city","st":"PA","capital":"N","pop2000":106632}},{"type":"Feature","id":3141,"geometry":{"type":"Point","coordinates":[-98.236385091999978,26.216263046000051]},"properties":{"objectid":3141,"areaname":"McAllen","class":"city","st":"TX","capital":"N","pop2000":106414}},{"type":"Feature","id":1193,"geometry":{"type":"Point","coordinates":[-88.108933001999958,41.533029960000079]},"properties":{"objectid":1193,"areaname":"Joliet","class":"city","st":"IL","capital":"N","pop2000":106221}},{"type":"Feature","id":1542,"geometry":{"type":"Point","coordinates":[-71.314587878999987,42.639514944000041]},"properties":{"objectid":1542,"areaname":"Lowell","class":"city","st":"MA","capital":"N","pop2000":105167}},{"type":"Feature","id":3257,"geometry":{"type":"Point","coordinates":[-111.66080388699999,40.244420993000062]},"properties":{"objectid":3257,"areaname":"Provo","class":"city","st":"UT","capital":"N","pop2000":105166}},{"type":"Feature","id":588,"geometry":{"type":"Point","coordinates":[-117.91861697499996,34.056660097000076]},"properties":{"objectid":588,"areaname":"West Covina","class":"city","st":"CA","capital":"N","pop2000":105080}},{"type":"Feature","id":3226,"geometry":{"type":"Point","coordinates":[-98.514880957999992,33.897047018000023]},"properties":{"objectid":3226,"areaname":"Wichita Falls","class":"city","st":"TX","capital":"N","pop2000":104197}},{"type":"Feature","id":2825,"geometry":{"type":"Point","coordinates":[-80.076213021999934,42.11450689600008]},"properties":{"objectid":2825,"areaname":"Erie","class":"city","st":"PA","capital":"N","pop2000":103717}},{"type":"Feature","id":254,"geometry":{"type":"Point","coordinates":[-122.46595005599994,37.690699871000049]},"properties":{"objectid":254,"areaname":"Daly City","class":"city","st":"CA","capital":"N","pop2000":103621}},{"type":"Feature","id":2979,"geometry":{"type":"Point","coordinates":[-87.358261062999986,36.559382901000049]},"properties":{"objectid":2979,"areaname":"Clarksville","class":"city","st":"TN","capital":"N","pop2000":103455}},{"type":"Feature","id":420,"geometry":{"type":"Point","coordinates":[-118.08339805499998,33.906914104000066]},"properties":{"objectid":420,"areaname":"Norwalk","class":"city","st":"CA","capital":"N","pop2000":103298}},{"type":"Feature","id":1327,"geometry":{"type":"Point","coordinates":[-87.345448965999935,41.580785948000027]},"properties":{"objectid":1327,"areaname":"Gary","class":"city","st":"IN","capital":"N","pop2000":102746}},{"type":"Feature","id":197,"geometry":{"type":"Point","coordinates":[-122.27460308699995,37.871774946000073]},"properties":{"objectid":197,"areaname":"Berkeley","class":"city","st":"CA","capital":"N","pop2000":102743}},{"type":"Feature","id":521,"geometry":{"type":"Point","coordinates":[-121.96911911599994,37.354441114000053]},"properties":{"objectid":521,"areaname":"Santa Clara","class":"city","st":"CA","capital":"N","pop2000":102361}},{"type":"Feature","id":3476,"geometry":{"type":"Point","coordinates":[-88.015786871999978,44.513441961000069]},"properties":{"objectid":3476,"areaname":"Green Bay","class":"city","st":"WI","capital":"N","pop2000":102313}},{"type":"Feature","id":722,"geometry":{"type":"Point","coordinates":[-81.982471054999962,26.639599961000044]},"properties":{"objectid":722,"areaname":"Cape Coral","class":"city","st":"FL","capital":"N","pop2000":102286}},{"type":"Feature","id":605,"geometry":{"type":"Point","coordinates":[-105.11097490699996,39.819961946000035]},"properties":{"objectid":605,"areaname":"Arvada","class":"city","st":"CO","capital":"N","pop2000":102153}},{"type":"Feature","id":643,"geometry":{"type":"Point","coordinates":[-104.62039292799994,38.26693309500007]},"properties":{"objectid":643,"areaname":"Pueblo","class":"city","st":"CO","capital":"N","pop2000":102121}},{"type":"Feature","id":1519,"geometry":{"type":"Point","coordinates":[-71.110553985999957,42.373746069000049]},"properties":{"objectid":1519,"areaname":"Cambridge","class":"city","st":"MA","capital":"N","pop2000":101355}},{"type":"Feature","id":651,"geometry":{"type":"Point","coordinates":[-105.05722196099998,39.873418125000057]},"properties":{"objectid":651,"areaname":"Westminster","class":"city","st":"CO","capital":"N","pop2000":100940}},{"type":"Feature","id":498,"geometry":{"type":"Point","coordinates":[-119.22804798299995,34.275241925000046]},"properties":{"objectid":498,"areaname":"San Buenaventura (Ventura)","class":"city","st":"CA","capital":"N","pop2000":100916}},{"type":"Feature","id":3331,"geometry":{"type":"Point","coordinates":[-76.345641101999945,36.831297946000063]},"properties":{"objectid":3331,"areaname":"Portsmouth","class":"city","st":"VA","capital":"N","pop2000":100565}},{"type":"Feature","id":1780,"geometry":{"type":"Point","coordinates":[-83.365608024999972,42.395085932000029]},"properties":{"objectid":1780,"areaname":"Livonia","class":"city","st":"MI","capital":"N","pop2000":100545}},{"type":"Feature","id":208,"geometry":{"type":"Point","coordinates":[-118.32834101999998,34.180170126000064]},"properties":{"objectid":208,"areaname":"Burbank","class":"city","st":"CA","capital":"N","pop2000":100316}},{"type":"Feature","id":973,"geometry":{"type":"Point","coordinates":[-83.383244932999958,33.955463957000063]},"properties":{"objectid":973,"areaname":"Athens-Clarke County","class":"city (consolidated, balance)","st":"GA","capital":"N","pop2000":100266}},{"type":"Feature","id":477,"geometry":{"type":"Point","coordinates":[-122.34205704899995,37.93687411500008]},"properties":{"objectid":477,"areaname":"Richmond","class":"city","st":"CA","capital":"N","pop2000":99216}},{"type":"Feature","id":1064,"geometry":{"type":"Point","coordinates":[-90.590745066999943,41.542981876000056]},"properties":{"objectid":1064,"areaname":"Davenport","class":"city","st":"IA","capital":"N","pop2000":98359}},{"type":"Feature","id":1742,"geometry":{"type":"Point","coordinates":[-83.216632962999938,42.314586107000025]},"properties":{"objectid":1742,"areaname":"Dearborn","class":"city","st":"MI","capital":"N","pop2000":97775}},{"type":"Feature","id":2170,"geometry":{"type":"Point","coordinates":[-74.378585085999987,40.538203947000056]},"properties":{"objectid":2170,"areaname":"Edison","class":"CDP","st":"NJ","capital":"N","pop2000":97687}},{"type":"Feature","id":1014,"geometry":{"type":"Point","coordinates":[-83.651671999999962,32.834838886000057]},"properties":{"objectid":1014,"areaname":"Macon","class":"city","st":"GA","capital":"N","pop2000":97255}},{"type":"Feature","id":2924,"geometry":{"type":"Point","coordinates":[-79.986255063999977,32.789295110000069]},"properties":{"objectid":2924,"areaname":"Charleston","class":"city","st":"SC","capital":"N","pop2000":96650}},{"type":"Feature","id":541,"geometry":{"type":"Point","coordinates":[-118.19490311499999,33.94426390700005]},"properties":{"objectid":541,"areaname":"South Gate","class":"city","st":"CA","capital":"N","pop2000":96375}},{"type":"Feature","id":282,"geometry":{"type":"Point","coordinates":[-122.05425613099999,38.257762887000069]},"properties":{"objectid":282,"areaname":"Fairfield","class":"city","st":"CA","capital":"N","pop2000":96178}},{"type":"Feature","id":174,"geometry":{"type":"Point","coordinates":[-121.37974994799998,38.60515399500008]},"properties":{"objectid":174,"areaname":"Arden-Arcade","class":"CDP","st":"CA","capital":"N","pop2000":96025}},{"type":"Feature","id":2734,"geometry":{"type":"Point","coordinates":[-97.418235980999953,35.221617007000077]},"properties":{"objectid":2734,"areaname":"Norman","class":"city","st":"OK","capital":"N","pop2000":95694}},{"type":"Feature","id":2346,"geometry":{"type":"Point","coordinates":[-73.781338884999968,42.659829109000043]},"properties":{"objectid":2346,"areaname":"Albany","class":"city","st":"NY","capital":"Y","pop2000":95658}},{"type":"Feature","id":1738,"geometry":{"type":"Point","coordinates":[-82.917053105999969,42.58023395400005]},"properties":{"objectid":1738,"areaname":"Clinton","class":"CDP","st":"MI","capital":"N","pop2000":95648}},{"type":"Feature","id":772,"geometry":{"type":"Point","coordinates":[-82.336097031999941,29.665244878000067]},"properties":{"objectid":772,"areaname":"Gainesville","class":"city","st":"FL","capital":"N","pop2000":95447}},{"type":"Feature","id":3147,"geometry":{"type":"Point","coordinates":[-102.09923907399997,32.005071929000053]},"properties":{"objectid":3147,"areaname":"Midland","class":"city","st":"TX","capital":"N","pop2000":94996}},{"type":"Feature","id":3335,"geometry":{"type":"Point","coordinates":[-79.955711004999955,37.276894867000067]},"properties":{"objectid":3335,"areaname":"Roanoke","class":"city","st":"VA","capital":"N","pop2000":94911}},{"type":"Feature","id":270,"geometry":{"type":"Point","coordinates":[-116.96005510699996,32.798300080000047]},"properties":{"objectid":270,"areaname":"El Cajon","class":"city","st":"CA","capital":"N","pop2000":94869}},{"type":"Feature","id":609,"geometry":{"type":"Point","coordinates":[-105.25950205599997,40.019424965000042]},"properties":{"objectid":609,"areaname":"Boulder","class":"city","st":"CO","capital":"N","pop2000":94673}},{"type":"Feature","id":2041,"geometry":{"type":"Point","coordinates":[-78.800208083999962,35.778919044000077]},"properties":{"objectid":2041,"areaname":"Cary","class":"town","st":"NC","capital":"N","pop2000":94536}},{"type":"Feature","id":1160,"geometry":{"type":"Point","coordinates":[-88.288627033999944,42.039425969000035]},"properties":{"objectid":1160,"areaname":"Elgin","class":"city","st":"IL","capital":"N","pop2000":94487}},{"type":"Feature","id":1516,"geometry":{"type":"Point","coordinates":[-71.021788069999957,42.082500003000064]},"properties":{"objectid":1516,"areaname":"Brockton","class":"city","st":"MA","capital":"N","pop2000":94304}},{"type":"Feature","id":1555,"geometry":{"type":"Point","coordinates":[-70.933704937999948,41.651803047000044]},"properties":{"objectid":1555,"areaname":"New Bedford","class":"city","st":"MA","capital":"N","pop2000":93768}},{"type":"Feature","id":241,"geometry":{"type":"Point","coordinates":[-118.22507801099999,33.896714882000026]},"properties":{"objectid":241,"areaname":"Compton","class":"city","st":"CA","capital":"N","pop2000":93493}},{"type":"Feature","id":396,"geometry":{"type":"Point","coordinates":[-117.65603793099996,33.612739053000041]},"properties":{"objectid":396,"areaname":"Mission Viejo","class":"city","st":"CA","capital":"N","pop2000":93102}},{"type":"Feature","id":1398,"geometry":{"type":"Point","coordinates":[-94.803184131999956,38.880788021000058]},"properties":{"objectid":1398,"areaname":"Olathe","class":"city","st":"KS","capital":"N","pop2000":92962}},{"type":"Feature","id":2727,"geometry":{"type":"Point","coordinates":[-98.417780974999971,34.609423866000043]},"properties":{"objectid":2727,"areaname":"Lawton","class":"city","st":"OK","capital":"N","pop2000":92757}},{"type":"Feature","id":515,"geometry":{"type":"Point","coordinates":[-122.31304407499999,37.55428600700003]},"properties":{"objectid":515,"areaname":"San Mateo","class":"city","st":"CA","capital":"N","pop2000":92482}},{"type":"Feature","id":520,"geometry":{"type":"Point","coordinates":[-119.71418895799997,34.425803889000065]},"properties":{"objectid":520,"areaname":"Santa Barbara","class":"city","st":"CA","capital":"N","pop2000":92325}},{"type":"Feature","id":1526,"geometry":{"type":"Point","coordinates":[-71.14699386999996,41.698102003000031]},"properties":{"objectid":1526,"areaname":"Fall River","class":"city","st":"MA","capital":"N","pop2000":91938}},{"type":"Feature","id":476,"geometry":{"type":"Point","coordinates":[-117.38240307499996,34.11135998900005]},"properties":{"objectid":476,"areaname":"Rialto","class":"city","st":"CA","capital":"N","pop2000":91873}},{"type":"Feature","id":3174,"geometry":{"type":"Point","coordinates":[-96.715706875999956,32.965627994000045]},"properties":{"objectid":3174,"areaname":"Richardson","class":"city","st":"TX","capital":"N","pop2000":91802}},{"type":"Feature","id":580,"geometry":{"type":"Point","coordinates":[-119.30734692399994,36.324100058000056]},"properties":{"objectid":580,"areaname":"Visalia","class":"city","st":"CA","capital":"N","pop2000":91565}},{"type":"Feature","id":3383,"geometry":{"type":"Point","coordinates":[-122.20052713299998,47.963434016000065]},"properties":{"objectid":3383,"areaname":"Everett","class":"city","st":"WA","capital":"N","pop2000":91488}},{"type":"Feature","id":3158,"geometry":{"type":"Point","coordinates":[-102.36549012599994,31.863293879000025]},"properties":{"objectid":3158,"areaname":"Odessa","class":"city","st":"TX","capital":"N","pop2000":90943}},{"type":"Feature","id":2101,"geometry":{"type":"Point","coordinates":[-96.808657924999977,46.87141407200005]},"properties":{"objectid":2101,"areaname":"Fargo","class":"city","st":"ND","capital":"N","pop2000":90599}},{"type":"Feature","id":170,"geometry":{"type":"Point","coordinates":[-121.80222502299995,37.992420925000033]},"properties":{"objectid":170,"areaname":"Antioch","class":"city","st":"CA","capital":"N","pop2000":90532}},{"type":"Feature","id":3483,"geometry":{"type":"Point","coordinates":[-87.845623921999959,42.582220137000036]},"properties":{"objectid":3483,"areaname":"Kenosha","class":"city","st":"WI","capital":"N","pop2000":90352}},{"type":"Feature","id":2766,"geometry":{"type":"Point","coordinates":[-122.43942506099995,45.503692126000033]},"properties":{"objectid":2766,"areaname":"Gresham","class":"city","st":"OR","capital":"N","pop2000":90205}},{"type":"Feature","id":581,"geometry":{"type":"Point","coordinates":[-117.24114008399999,33.193549138000037]},"properties":{"objectid":581,"areaname":"Vista","class":"city","st":"CA","capital":"N","pop2000":89857}},{"type":"Feature","id":2027,"geometry":{"type":"Point","coordinates":[-108.53713911999995,45.786553007000066]},"properties":{"objectid":2027,"areaname":"Billings","class":"city","st":"MT","capital":"N","pop2000":89847}},{"type":"Feature","id":219,"geometry":{"type":"Point","coordinates":[-118.25958808099995,33.839683960000059]},"properties":{"objectid":219,"areaname":"Carson","class":"city","st":"CA","capital":"N","pop2000":89730}},{"type":"Feature","id":1543,"geometry":{"type":"Point","coordinates":[-70.955583070999978,42.47399609200005]},"properties":{"objectid":1543,"areaname":"Lynn","class":"city","st":"MA","capital":"N","pop2000":89050}},{"type":"Feature","id":900,"geometry":{"type":"Point","coordinates":[-80.355028864999952,27.275772091000078]},"properties":{"objectid":900,"areaname":"Port St. Lucie","class":"city","st":"FL","capital":"N","pop2000":88769}},{"type":"Feature","id":572,"geometry":{"type":"Point","coordinates":[-121.97268308199995,38.35381009300005]},"properties":{"objectid":572,"areaname":"Vacaville","class":"city","st":"CA","capital":"N","pop2000":88625}},{"type":"Feature","id":3183,"geometry":{"type":"Point","coordinates":[-100.45250205999997,31.453113079000047]},"properties":{"objectid":3183,"areaname":"San Angelo","class":"city","st":"TX","capital":"N","pop2000":88439}},{"type":"Feature","id":3262,"geometry":{"type":"Point","coordinates":[-111.85961009599998,40.572415039000077]},"properties":{"objectid":3262,"areaname":"Sandy","class":"city","st":"UT","capital":"N","pop2000":88418}},{"type":"Feature","id":1617,"geometry":{"type":"Point","coordinates":[-76.857034068999951,39.203572896000026]},"properties":{"objectid":1617,"areaname":"Columbia","class":"CDP","st":"MD","capital":"N","pop2000":88254}},{"type":"Feature","id":590,"geometry":{"type":"Point","coordinates":[-117.99392890499996,33.751417905000039]},"properties":{"objectid":590,"areaname":"Westminster","class":"city","st":"CA","capital":"N","pop2000":88207}},{"type":"Feature","id":1564,"geometry":{"type":"Point","coordinates":[-71.005851077999978,42.260565961000054]},"properties":{"objectid":1564,"areaname":"Quincy","class":"city","st":"MA","capital":"N","pop2000":88025}},{"type":"Feature","id":844,"geometry":{"type":"Point","coordinates":[-80.134064887999955,25.813025044000028]},"properties":{"objectid":844,"areaname":"Miami Beach","class":"city","st":"FL","capital":"N","pop2000":87933}},{"type":"Feature","id":1291,"geometry":{"type":"Point","coordinates":[-87.861521123999978,42.372471132000044]},"properties":{"objectid":1291,"areaname":"Waukegan","class":"city","st":"IL","capital":"N","pop2000":87901}},{"type":"Feature","id":1856,"geometry":{"type":"Point","coordinates":[-92.117078986999957,46.780372942000042]},"properties":{"objectid":1856,"areaname":"Duluth","class":"city","st":"MN","capital":"N","pop2000":86918}},{"type":"Feature","id":3126,"geometry":{"type":"Point","coordinates":[-97.726585934999946,31.105590995000057]},"properties":{"objectid":3126,"areaname":"Killeen","class":"city","st":"TX","capital":"N","pop2000":86911}},{"type":"Feature","id":2135,"geometry":{"type":"Point","coordinates":[-71.480816871999934,42.75103796500008]},"properties":{"objectid":2135,"areaname":"Nashua","class":"city","st":"NH","capital":"N","pop2000":86605}},{"type":"Feature","id":1829,"geometry":{"type":"Point","coordinates":[-83.375404925999987,42.316604067000071]},"properties":{"objectid":1829,"areaname":"Westland","class":"city","st":"MI","capital":"N","pop2000":86602}},{"type":"Feature","id":2285,"geometry":{"type":"Point","coordinates":[-74.167511958999967,39.979269969000029]},"properties":{"objectid":2285,"areaname":"Toms River","class":"CDP","st":"NJ","capital":"N","pop2000":86327}},{"type":"Feature","id":2062,"geometry":{"type":"Point","coordinates":[-79.997510101999978,35.970535977000054]},"properties":{"objectid":2062,"areaname":"High Point","class":"city","st":"NC","capital":"N","pop2000":85839}},{"type":"Feature","id":2915,"geometry":{"type":"Point","coordinates":[-71.415226959999984,41.718113876000075]},"properties":{"objectid":2915,"areaname":"Warwick","class":"city","st":"RI","capital":"N","pop2000":85808}},{"type":"Feature","id":1899,"geometry":{"type":"Point","coordinates":[-92.473226100999966,44.025762992000068]},"properties":{"objectid":1899,"areaname":"Rochester","class":"city","st":"MN","capital":"N","pop2000":85806}},{"type":"Feature","id":164,"geometry":{"type":"Point","coordinates":[-118.13505207899999,34.081859035000036]},"properties":{"objectid":164,"areaname":"Alhambra","class":"city","st":"CA","capital":"N","pop2000":85804}},{"type":"Feature","id":1034,"geometry":{"type":"Point","coordinates":[-84.368624970999974,33.937400964000062]},"properties":{"objectid":1034,"areaname":"Sandy Springs","class":"CDP","st":"GA","capital":"N","pop2000":85781}},{"type":"Feature","id":929,"geometry":{"type":"Point","coordinates":[-80.286002093999969,26.157145085000025]},"properties":{"objectid":929,"areaname":"Sunrise","class":"city","st":"FL","capital":"N","pop2000":85779}},{"type":"Feature","id":2650,"geometry":{"type":"Point","coordinates":[-81.728502119999973,41.391852075000031]},"properties":{"objectid":2650,"areaname":"Parma","class":"city","st":"OH","capital":"N","pop2000":85655}},{"type":"Feature","id":1140,"geometry":{"type":"Point","coordinates":[-87.759932886999991,41.845232082000052]},"properties":{"objectid":1140,"areaname":"Cicero","class":"town","st":"IL","capital":"N","pop2000":85616}},{"type":"Feature","id":2286,"geometry":{"type":"Point","coordinates":[-74.756138103999945,40.221740981000039]},"properties":{"objectid":2286,"areaname":"Trenton","class":"city","st":"NJ","capital":"Y","pop2000":85403}},{"type":"Feature","id":1842,"geometry":{"type":"Point","coordinates":[-93.309972882999944,44.833713988000056]},"properties":{"objectid":1842,"areaname":"Bloomington","class":"city","st":"MN","capital":"N","pop2000":85172}},{"type":"Feature","id":232,"geometry":{"type":"Point","coordinates":[-121.29054799999994,38.694701895000037]},"properties":{"objectid":232,"areaname":"Citrus Heights","class":"city","st":"CA","capital":"N","pop2000":85071}},{"type":"Feature","id":1079,"geometry":{"type":"Point","coordinates":[-96.395705088999989,42.497957120000081]},"properties":{"objectid":1079,"areaname":"Sioux City","class":"city","st":"IA","capital":"N","pop2000":85013}},{"type":"Feature","id":1930,"geometry":{"type":"Point","coordinates":[-92.333779079999942,38.948351129000059]},"properties":{"objectid":1930,"areaname":"Columbia","class":"city","st":"MO","capital":"N","pop2000":84531}},{"type":"Feature","id":3254,"geometry":{"type":"Point","coordinates":[-111.69648610299998,40.29875310400007]},"properties":{"objectid":3254,"areaname":"Orem","class":"city","st":"UT","capital":"N","pop2000":84324}},{"type":"Feature","id":315,"geometry":{"type":"Point","coordinates":[-118.34860710599997,33.91721390500004]},"properties":{"objectid":315,"areaname":"Hawthorne","class":"city","st":"CA","capital":"N","pop2000":84112}},{"type":"Feature","id":526,"geometry":{"type":"Point","coordinates":[-118.48133597599997,34.022059118000072]},"properties":{"objectid":526,"areaname":"Santa Monica","class":"city","st":"CA","capital":"N","pop2000":84084}},{"type":"Feature","id":1557,"geometry":{"type":"Point","coordinates":[-71.209936089999985,42.337712927000041]},"properties":{"objectid":1557,"areaname":"Newton","class":"city","st":"MA","capital":"N","pop2000":83829}},{"type":"Feature","id":595,"geometry":{"type":"Point","coordinates":[-118.02449506999994,33.965662073000033]},"properties":{"objectid":595,"areaname":"Whittier","class":"city","st":"CA","capital":"N","pop2000":83680}},{"type":"Feature","id":3210,"geometry":{"type":"Point","coordinates":[-95.299926925999955,32.334248898000055]},"properties":{"objectid":3210,"areaname":"Tyler","class":"city","st":"TX","capital":"N","pop2000":83650}},{"type":"Feature","id":3384,"geometry":{"type":"Point","coordinates":[-122.33917310399994,47.312959875000047]},"properties":{"objectid":3384,"areaname":"Federal Way","class":"city","st":"WA","capital":"N","pop2000":83259}},{"type":"Feature","id":1334,"geometry":{"type":"Point","coordinates":[-87.49308001199995,41.611184939000054]},"properties":{"objectid":1334,"areaname":"Hammond","class":"city","st":"IN","capital":"N","pop2000":83048}},{"type":"Feature","id":674,"geometry":{"type":"Point","coordinates":[-73.421901912999942,41.110079064000047]},"properties":{"objectid":674,"areaname":"Norwalk","class":"city","st":"CT","capital":"N","pop2000":82951}},{"type":"Feature","id":893,"geometry":{"type":"Point","coordinates":[-80.249503077999975,26.124353997000071]},"properties":{"objectid":893,"areaname":"Plantation","class":"city","st":"FL","capital":"N","pop2000":82934}},{"type":"Feature","id":649,"geometry":{"type":"Point","coordinates":[-104.95440603699996,39.903042869000046]},"properties":{"objectid":649,"areaname":"Thornton","class":"city","st":"CO","capital":"N","pop2000":82384}},{"type":"Feature","id":1751,"geometry":{"type":"Point","coordinates":[-83.375516005999941,42.486119878000068]},"properties":{"objectid":1751,"areaname":"Farmington Hills","class":"city","st":"MI","capital":"N","pop2000":82111}},{"type":"Feature","id":958,"geometry":{"type":"Point","coordinates":[-80.06437301699998,26.709992025000076]},"properties":{"objectid":958,"areaname":"West Palm Beach","class":"city","st":"FL","capital":"N","pop2000":82103}},{"type":"Feature","id":2708,"geometry":{"type":"Point","coordinates":[-80.649298969999961,41.096258125000077]},"properties":{"objectid":2708,"areaname":"Youngstown","class":"city","st":"OH","capital":"N","pop2000":82026}},{"type":"Feature","id":1148,"geometry":{"type":"Point","coordinates":[-88.944228002999978,39.851635874000067]},"properties":{"objectid":1148,"areaname":"Decatur","class":"city","st":"IL","capital":"N","pop2000":81860}},{"type":"Feature","id":3509,"geometry":{"type":"Point","coordinates":[-87.805872903999955,42.726052069000048]},"properties":{"objectid":3509,"areaname":"Racine","class":"city","st":"WI","capital":"N","pop2000":81855}},{"type":"Feature","id":2874,"geometry":{"type":"Point","coordinates":[-75.926300869999977,40.34169201800006]},"properties":{"objectid":2874,"areaname":"Reading","class":"city","st":"PA","capital":"N","pop2000":81207}},{"type":"Feature","id":1822,"geometry":{"type":"Point","coordinates":[-83.142980053999963,42.580141111000046]},"properties":{"objectid":1822,"areaname":"Troy","class":"city","st":"MI","capital":"N","pop2000":80959}},{"type":"Feature","id":471,"geometry":{"type":"Point","coordinates":[-122.37032506499997,40.576605974000074]},"properties":{"objectid":471,"areaname":"Redding","class":"city","st":"CA","capital":"N","pop2000":80865}},{"type":"Feature","id":2563,"geometry":{"type":"Point","coordinates":[-81.37579186499994,40.804957900000034]},"properties":{"objectid":2563,"areaname":"Canton","class":"city","st":"OH","capital":"N","pop2000":80806}},{"type":"Feature","id":3077,"geometry":{"type":"Point","coordinates":[-97.129194112999983,33.216296019000026]},"properties":{"objectid":3077,"areaname":"Denton","class":"city","st":"TX","capital":"N","pop2000":80537}},{"type":"Feature","id":89,"geometry":{"type":"Point","coordinates":[-94.398736956999983,35.36869099300003]},"properties":{"objectid":89,"areaname":"Fort Smith","class":"city","st":"AR","capital":"N","pop2000":80268}},{"type":"Feature","id":1389,"geometry":{"type":"Point","coordinates":[-95.253199121999955,38.959902104000037]},"properties":{"objectid":1389,"areaname":"Lawrence","class":"city","st":"KS","capital":"N","pop2000":80098}},{"type":"Feature","id":2364,"geometry":{"type":"Point","coordinates":[-78.759678950999955,42.911958034000065]},"properties":{"objectid":2364,"areaname":"Cheektowaga","class":"CDP","st":"NY","capital":"N","pop2000":79988}},{"type":"Feature","id":488,"geometry":{"type":"Point","coordinates":[-121.28933799799995,38.752434115000028]},"properties":{"objectid":488,"areaname":"Roseville","class":"city","st":"CA","capital":"N","pop2000":79921}},{"type":"Feature","id":2154,"geometry":{"type":"Point","coordinates":[-75.106186021999974,39.937195105000058]},"properties":{"objectid":2154,"areaname":"Camden","class":"city","st":"NJ","capital":"N","pop2000":79904}},{"type":"Feature","id":2947,"geometry":{"type":"Point","coordinates":[-80.016880913999955,32.885379067000031]},"properties":{"objectid":2947,"areaname":"North Charleston","class":"city","st":"SC","capital":"N","pop2000":79641}},{"type":"Feature","id":3392,"geometry":{"type":"Point","coordinates":[-122.22702090399997,47.382689050000067]},"properties":{"objectid":3392,"areaname":"Kent","class":"city","st":"WA","capital":"N","pop2000":79524}},{"type":"Feature","id":510,"geometry":{"type":"Point","coordinates":[-122.15335694199996,37.710697098000026]},"properties":{"objectid":510,"areaname":"San Leandro","class":"city","st":"CA","capital":"N","pop2000":79452}},{"type":"Feature","id":874,"geometry":{"type":"Point","coordinates":[-80.658797997999955,27.982980110000028]},"properties":{"objectid":874,"areaname":"Palm Bay","class":"city","st":"FL","capital":"N","pop2000":79413}},{"type":"Feature","id":346,"geometry":{"type":"Point","coordinates":[-118.11988905699997,33.847365084000046]},"properties":{"objectid":346,"areaname":"Lakewood","class":"city","st":"CA","capital":"N","pop2000":79345}},{"type":"Feature","id":1031,"geometry":{"type":"Point","coordinates":[-84.344028132999938,34.033896084000048]},"properties":{"objectid":1031,"areaname":"Roswell","class":"city","st":"GA","capital":"N","pop2000":79334}},{"type":"Feature","id":2907,"geometry":{"type":"Point","coordinates":[-71.453289113999972,41.773200062000058]},"properties":{"objectid":2907,"areaname":"Cranston","class":"city","st":"RI","capital":"N","pop2000":79269}},{"type":"Feature","id":2160,"geometry":{"type":"Point","coordinates":[-74.154519977999939,40.867899015000035]},"properties":{"objectid":2160,"areaname":"Clifton","class":"city","st":"NJ","capital":"N","pop2000":78672}},{"type":"Feature","id":815,"geometry":{"type":"Point","coordinates":[-81.958978111999954,28.041248113000051]},"properties":{"objectid":815,"areaname":"Lakeland","class":"city","st":"FL","capital":"N","pop2000":78452}},{"type":"Feature","id":1814,"geometry":{"type":"Point","coordinates":[-83.244955137999966,42.479641019000042]},"properties":{"objectid":1814,"areaname":"Southfield","class":"city","st":"MI","capital":"N","pop2000":78296}},{"type":"Feature","id":207,"geometry":{"type":"Point","coordinates":[-118.00416902199999,33.856213933000049]},"properties":{"objectid":207,"areaname":"Buena Park","class":"city","st":"CA","capital":"N","pop2000":78282}},{"type":"Feature","id":216,"geometry":{"type":"Point","coordinates":[-117.29681096199994,33.121989900000074]},"properties":{"objectid":216,"areaname":"Carlsbad","class":"city","st":"CA","capital":"N","pop2000":78247}},{"type":"Feature","id":896,"geometry":{"type":"Point","coordinates":[-80.125615043999971,26.234659003000047]},"properties":{"objectid":896,"areaname":"Pompano Beach","class":"city","st":"FL","capital":"N","pop2000":78191}},{"type":"Feature","id":75,"geometry":{"type":"Point","coordinates":[-87.534606933999953,33.206540013000051]},"properties":{"objectid":75,"areaname":"Tuscaloosa","class":"city","st":"AL","capital":"N","pop2000":77906}},{"type":"Feature","id":718,"geometry":{"type":"Point","coordinates":[-82.289077987999974,27.934651036000048]},"properties":{"objectid":718,"areaname":"Brandon","class":"CDP","st":"FL","capital":"N","pop2000":77895}},{"type":"Feature","id":3136,"geometry":{"type":"Point","coordinates":[-97.006232025999964,33.038315996000051]},"properties":{"objectid":3136,"areaname":"Lewisville","class":"city","st":"TX","capital":"N","pop2000":77737}},{"type":"Feature","id":158,"geometry":{"type":"Point","coordinates":[-114.61538887599994,32.692147877000025]},"properties":{"objectid":158,"areaname":"Yuma","class":"city","st":"AZ","capital":"N","pop2000":77515}},{"type":"Feature","id":1571,"geometry":{"type":"Point","coordinates":[-71.103683030999946,42.390546006000079]},"properties":{"objectid":1571,"areaname":"Somerville","class":"city","st":"MA","capital":"N","pop2000":77478}},{"type":"Feature","id":525,"geometry":{"type":"Point","coordinates":[-120.43337293199994,34.951377010000044]},"properties":{"objectid":525,"areaname":"Santa Maria","class":"city","st":"CA","capital":"N","pop2000":77423}},{"type":"Feature","id":3252,"geometry":{"type":"Point","coordinates":[-111.96119308299996,41.22774411000006]},"properties":{"objectid":3252,"areaname":"Ogden","class":"city","st":"UT","capital":"N","pop2000":77226}},{"type":"Feature","id":1776,"geometry":{"type":"Point","coordinates":[-85.583902111999976,42.279207013000075]},"properties":{"objectid":1776,"areaname":"Kalamazoo","class":"city","st":"MI","capital":"N","pop2000":77145}},{"type":"Feature","id":970,"geometry":{"type":"Point","coordinates":[-84.165557089999936,31.582273008000072]},"properties":{"objectid":970,"areaname":"Albany","class":"city","st":"GA","capital":"N","pop2000":76939}},{"type":"Feature","id":630,"geometry":{"type":"Point","coordinates":[-104.72398807199994,40.41511889700007]},"properties":{"objectid":630,"areaname":"Greeley","class":"city","st":"CO","capital":"N","pop2000":76930}},{"type":"Feature","id":1695,"geometry":{"type":"Point","coordinates":[-77.019003874999953,39.004241957000033]},"properties":{"objectid":1695,"areaname":"Silver Spring","class":"CDP","st":"MD","capital":"N","pop2000":76540}},{"type":"Feature","id":2879,"geometry":{"type":"Point","coordinates":[-75.667410963999941,41.410629077000067]},"properties":{"objectid":2879,"areaname":"Scranton","class":"city","st":"PA","capital":"N","pop2000":76415}},{"type":"Feature","id":1736,"geometry":{"type":"Point","coordinates":[-83.475053124999988,42.312538029000052]},"properties":{"objectid":1736,"areaname":"Canton","class":"CDP","st":"MI","capital":"N","pop2000":76366}},{"type":"Feature","id":2752,"geometry":{"type":"Point","coordinates":[-122.80995404199996,45.479686058000027]},"properties":{"objectid":2752,"areaname":"Beaverton","class":"city","st":"OR","capital":"N","pop2000":76129}},{"type":"Feature","id":1105,"geometry":{"type":"Point","coordinates":[-87.98087309999994,42.09497609500005]},"properties":{"objectid":1105,"areaname":"Arlington Heights","class":"village","st":"IL","capital":"N","pop2000":76031}},{"type":"Feature","id":2096,"geometry":{"type":"Point","coordinates":[-77.912122004999958,34.223232001000042]},"properties":{"objectid":2096,"areaname":"Wilmington","class":"city","st":"NC","capital":"N","pop2000":75838}},{"type":"Feature","id":186,"geometry":{"type":"Point","coordinates":[-117.97167691199996,34.08280902100006]},"properties":{"objectid":186,"areaname":"Baldwin Park","class":"city","st":"CA","capital":"N","pop2000":75837}},{"type":"Feature","id":743,"geometry":{"type":"Point","coordinates":[-80.280222875999982,26.081426136000061]},"properties":{"objectid":743,"areaname":"Davie","class":"town","st":"FL","capital":"N","pop2000":75720}},{"type":"Feature","id":474,"geometry":{"type":"Point","coordinates":[-122.23600597799998,37.482887035000033]},"properties":{"objectid":474,"areaname":"Redwood City","class":"city","st":"CA","capital":"N","pop2000":75402}},{"type":"Feature","id":1272,"geometry":{"type":"Point","coordinates":[-88.087414083999988,42.030051008000044]},"properties":{"objectid":1272,"areaname":"Schaumburg","class":"village","st":"IL","capital":"N","pop2000":75386}},{"type":"Feature","id":806,"geometry":{"type":"Point","coordinates":[-80.356532870999956,25.666781122000032]},"properties":{"objectid":806,"areaname":"Kendall","class":"CDP","st":"FL","capital":"N","pop2000":75226}},{"type":"Feature","id":2716,"geometry":{"type":"Point","coordinates":[-95.783616119999976,36.036304943000061]},"properties":{"objectid":2716,"areaname":"Broken Arrow","class":"city","st":"OK","capital":"N","pop2000":74859}},{"type":"Feature","id":658,"geometry":{"type":"Point","coordinates":[-73.460697970999945,41.403443946000039]},"properties":{"objectid":658,"areaname":"Danbury","class":"city","st":"CT","capital":"N","pop2000":74848}},{"type":"Feature","id":714,"geometry":{"type":"Point","coordinates":[-80.100077061999968,26.368699008000078]},"properties":{"objectid":714,"areaname":"Boca Raton","class":"city","st":"FL","capital":"N","pop2000":74764}},{"type":"Feature","id":2316,"geometry":{"type":"Point","coordinates":[-106.76515706799995,32.319692950000046]},"properties":{"objectid":2316,"areaname":"Las Cruces","class":"city","st":"NM","capital":"N","pop2000":74267}},{"type":"Feature","id":1164,"geometry":{"type":"Point","coordinates":[-87.694607964999989,42.046380097000053]},"properties":{"objectid":1164,"areaname":"Evanston","class":"city","st":"IL","capital":"N","pop2000":74239}},{"type":"Feature","id":1976,"geometry":{"type":"Point","coordinates":[-94.836541120999982,39.757944014000032]},"properties":{"objectid":1976,"areaname":"St. Joseph","class":"city","st":"MO","capital":"N","pop2000":73990}},{"type":"Feature","id":367,"geometry":{"type":"Point","coordinates":[-121.764096,37.685495949000028]},"properties":{"objectid":367,"areaname":"Livermore","class":"city","st":"CA","capital":"N","pop2000":73345}},{"type":"Feature","id":3138,"geometry":{"type":"Point","coordinates":[-94.753908940999963,32.509147132000066]},"properties":{"objectid":3138,"areaname":"Longview","class":"city","st":"TX","capital":"N","pop2000":73344}},{"type":"Feature","id":1825,"geometry":{"type":"Point","coordinates":[-83.379735954999944,42.660081942000033]},"properties":{"objectid":1825,"areaname":"Waterford","class":"CDP","st":"MI","capital":"N","pop2000":73150}},{"type":"Feature","id":2912,"geometry":{"type":"Point","coordinates":[-71.375981053999965,41.875498993000065]},"properties":{"objectid":2912,"areaname":"Pawtucket","class":"city","st":"RI","capital":"N","pop2000":72958}},{"type":"Feature","id":193,"geometry":{"type":"Point","coordinates":[-118.12760389199997,33.88816501000008]},"properties":{"objectid":193,"areaname":"Bellflower","class":"city","st":"CA","capital":"N","pop2000":72878}},{"type":"Feature","id":849,"geometry":{"type":"Point","coordinates":[-80.282488969999974,25.978811926000049]},"properties":{"objectid":849,"areaname":"Miramar","class":"city","st":"FL","capital":"N","pop2000":72739}},{"type":"Feature","id":699,"geometry":{"type":"Point","coordinates":[-75.551580953999974,39.748562973000048]},"properties":{"objectid":699,"areaname":"Wilmington","class":"city","st":"DE","capital":"N","pop2000":72664}},{"type":"Feature","id":411,"geometry":{"type":"Point","coordinates":[-122.29888492099997,38.304763970000067]},"properties":{"objectid":411,"areaname":"Napa","class":"city","st":"CA","capital":"N","pop2000":72585}},{"type":"Feature","id":941,"geometry":{"type":"Point","coordinates":[-82.572815076999973,28.010046138000064]},"properties":{"objectid":941,"areaname":"Town 'n' Country","class":"CDP","st":"FL","capital":"N","pop2000":72523}},{"type":"Feature","id":161,"geometry":{"type":"Point","coordinates":[-122.25681005799999,37.763970906000054]},"properties":{"objectid":161,"areaname":"Alameda","class":"city","st":"CA","capital":"N","pop2000":72259}},{"type":"Feature","id":2455,"geometry":{"type":"Point","coordinates":[-73.784230012999956,40.928583983000067]},"properties":{"objectid":2455,"areaname":"New Rochelle","class":"city","st":"NY","capital":"N","pop2000":72182}},{"type":"Feature","id":1538,"geometry":{"type":"Point","coordinates":[-71.162978940999949,42.703740943000071]},"properties":{"objectid":1538,"areaname":"Lawrence","class":"city","st":"MA","capital":"N","pop2000":72043}},{"type":"Feature","id":3454,"geometry":{"type":"Point","coordinates":[-120.52965694399995,46.596728097000039]},"properties":{"objectid":3454,"areaname":"Yakima","class":"city","st":"WA","capital":"N","pop2000":71845}},{"type":"Feature","id":1474,"geometry":{"type":"Point","coordinates":[-93.208536897999977,30.214656064000053]},"properties":{"objectid":1474,"areaname":"Lake Charles","class":"city","st":"LA","capital":"N","pop2000":71757}},{"type":"Feature","id":669,"geometry":{"type":"Point","coordinates":[-72.784302869999976,41.674265872000035]},"properties":{"objectid":669,"areaname":"New Britain","class":"city","st":"CT","capital":"N","pop2000":71538}},{"type":"Feature","id":841,"geometry":{"type":"Point","coordinates":[-80.63192511799997,28.115022878000048]},"properties":{"objectid":841,"areaname":"Melbourne","class":"city","st":"FL","capital":"N","pop2000":71382}},{"type":"Feature","id":2805,"geometry":{"type":"Point","coordinates":[-75.375673048999943,40.626198104000025]},"properties":{"objectid":2805,"areaname":"Bethlehem","class":"city","st":"PA","capital":"N","pop2000":71329}},{"type":"Feature","id":2002,"geometry":{"type":"Point","coordinates":[-89.076169085999936,30.401641057000063]},"properties":{"objectid":2002,"areaname":"Gulfport","class":"city","st":"MS","capital":"N","pop2000":71127}},{"type":"Feature","id":637,"geometry":{"type":"Point","coordinates":[-105.10908488299998,40.171582950000072]},"properties":{"objectid":637,"areaname":"Longmont","class":"city","st":"CO","capital":"N","pop2000":71093}},{"type":"Feature","id":632,"geometry":{"type":"Point","coordinates":[-104.96807997399998,39.544548975000055]},"properties":{"objectid":632,"areaname":"Highlands Ranch","class":"CDP","st":"CO","capital":"N","pop2000":70931}},{"type":"Feature","id":409,"geometry":{"type":"Point","coordinates":[-122.08202290499997,37.392640047000043]},"properties":{"objectid":409,"areaname":"Mountain View","class":"city","st":"CA","capital":"N","pop2000":70708}},{"type":"Feature","id":1955,"geometry":{"type":"Point","coordinates":[-94.374127131999956,38.922607012000071]},"properties":{"objectid":1955,"areaname":"Lee's Summit","class":"city","st":"MO","capital":"N","pop2000":70700}},{"type":"Feature","id":1472,"geometry":{"type":"Point","coordinates":[-90.25058495799999,30.009610013000042]},"properties":{"objectid":1472,"areaname":"Kenner","class":"city","st":"LA","capital":"N","pop2000":70517}},{"type":"Feature","id":2769,"geometry":{"type":"Point","coordinates":[-122.94286500599998,45.523776118000058]},"properties":{"objectid":2769,"areaname":"Hillsboro","class":"city","st":"OR","capital":"N","pop2000":70186}},{"type":"Feature","id":3456,"geometry":{"type":"Point","coordinates":[-88.401654889999975,44.265536024000028]},"properties":{"objectid":3456,"areaname":"Appleton","class":"city","st":"WI","capital":"N","pop2000":70087}},{"type":"Feature","id":414,"geometry":{"type":"Point","coordinates":[-117.89760399799997,33.616671076000046]},"properties":{"objectid":414,"areaname":"Newport Beach","class":"city","st":"CA","capital":"N","pop2000":70032}},{"type":"Feature","id":379,"geometry":{"type":"Point","coordinates":[-118.20186193999996,33.924641921000045]},"properties":{"objectid":379,"areaname":"Lynwood","class":"city","st":"CA","capital":"N","pop2000":69845}},{"type":"Feature","id":2167,"geometry":{"type":"Point","coordinates":[-74.211699006999936,40.766049932000044]},"properties":{"objectid":2167,"areaname":"East Orange","class":"city","st":"NJ","capital":"N","pop2000":69824}},{"type":"Feature","id":749,"geometry":{"type":"Point","coordinates":[-81.216345129999979,28.907031908000079]},"properties":{"objectid":749,"areaname":"Deltona","class":"city","st":"FL","capital":"N","pop2000":69543}},{"type":"Feature","id":825,"geometry":{"type":"Point","coordinates":[-82.777790942999957,27.908355110000059]},"properties":{"objectid":825,"areaname":"Largo","class":"city","st":"FL","capital":"N","pop2000":69371}},{"type":"Feature","id":1833,"geometry":{"type":"Point","coordinates":[-85.698729912999966,42.899827065000068]},"properties":{"objectid":1833,"areaname":"Wyoming","class":"city","st":"MI","capital":"N","pop2000":69368}},{"type":"Feature","id":1310,"geometry":{"type":"Point","coordinates":[-86.529045086999986,39.162147107000067]},"properties":{"objectid":1310,"areaname":"Bloomington","class":"city","st":"IN","capital":"N","pop2000":69291}},{"type":"Feature","id":926,"geometry":{"type":"Point","coordinates":[-82.547731916999965,28.478929039000036]},"properties":{"objectid":926,"areaname":"Spring Hill","class":"CDP","st":"FL","capital":"N","pop2000":69078}},{"type":"Feature","id":2037,"geometry":{"type":"Point","coordinates":[-82.555810111999961,35.579861937000032]},"properties":{"objectid":2037,"areaname":"Asheville","class":"city","st":"NC","capital":"N","pop2000":68889}},{"type":"Feature","id":1804,"geometry":{"type":"Point","coordinates":[-83.158136995999939,42.665705868000032]},"properties":{"objectid":1804,"areaname":"Rochester Hills","class":"city","st":"MI","capital":"N","pop2000":68825}},{"type":"Feature","id":3012,"geometry":{"type":"Point","coordinates":[-86.394724893999978,35.857699886000034]},"properties":{"objectid":3012,"areaname":"Murfreesboro","class":"city","st":"TN","capital":"N","pop2000":68816}},{"type":"Feature","id":1083,"geometry":{"type":"Point","coordinates":[-92.346160947999977,42.492435984000053]},"properties":{"objectid":1083,"areaname":"Waterloo","class":"city","st":"IA","capital":"N","pop2000":68747}},{"type":"Feature","id":2616,"geometry":{"type":"Point","coordinates":[-82.168861961999937,41.448241107000058]},"properties":{"objectid":2616,"areaname":"Lorain","class":"city","st":"OH","capital":"N","pop2000":68652}},{"type":"Feature","id":236,"geometry":{"type":"Point","coordinates":[-119.69472309299999,36.819431966000025]},"properties":{"objectid":236,"areaname":"Clovis","class":"city","st":"CA","capital":"N","pop2000":68468}},{"type":"Feature","id":571,"geometry":{"type":"Point","coordinates":[-117.65838609199994,34.113259131000063]},"properties":{"objectid":571,"areaname":"Upland","class":"city","st":"CA","capital":"N","pop2000":68393}},{"type":"Feature","id":2449,"geometry":{"type":"Point","coordinates":[-73.830506863999972,40.914060088000042]},"properties":{"objectid":2449,"areaname":"Mount Vernon","class":"city","st":"NY","capital":"N","pop2000":68381}},{"type":"Feature","id":3270,"geometry":{"type":"Point","coordinates":[-111.97621711599999,40.606384905000027]},"properties":{"objectid":3270,"areaname":"West Jordan","class":"city","st":"UT","capital":"N","pop2000":68336}},{"type":"Feature","id":2722,"geometry":{"type":"Point","coordinates":[-97.46491598099999,35.657153971000071]},"properties":{"objectid":2722,"areaname":"Edmond","class":"city","st":"OK","capital":"N","pop2000":68315}},{"type":"Feature","id":3064,"geometry":{"type":"Point","coordinates":[-96.314463899999964,30.601432896000063]},"properties":{"objectid":3064,"areaname":"College Station","class":"city","st":"TX","capital":"N","pop2000":67890}},{"type":"Feature","id":2244,"geometry":{"type":"Point","coordinates":[-74.128996916999938,40.85738396000005]},"properties":{"objectid":2244,"areaname":"Passaic","class":"city","st":"NJ","capital":"N","pop2000":67861}},{"type":"Feature","id":1135,"geometry":{"type":"Point","coordinates":[-88.261226935999957,40.112980877000041]},"properties":{"objectid":1135,"areaname":"Champaign","class":"city","st":"IL","capital":"N","pop2000":67518}},{"type":"Feature","id":566,"geometry":{"type":"Point","coordinates":[-117.81353302299999,33.739617966000026]},"properties":{"objectid":566,"areaname":"Tustin","class":"city","st":"CA","capital":"N","pop2000":67504}},{"type":"Feature","id":1354,"geometry":{"type":"Point","coordinates":[-85.388193995999984,40.193243067000026]},"properties":{"objectid":1354,"areaname":"Muncie","class":"city","st":"IN","capital":"N","pop2000":67430}},{"type":"Feature","id":1845,"geometry":{"type":"Point","coordinates":[-93.347445095999944,45.101430914000048]},"properties":{"objectid":1845,"areaname":"Brooklyn Park","class":"city","st":"MN","capital":"N","pop2000":67388}},{"type":"Feature","id":3363,"geometry":{"type":"Point","coordinates":[-122.47497492099995,48.750178058000074]},"properties":{"objectid":3363,"areaname":"Bellingham","class":"city","st":"WA","capital":"N","pop2000":67171}},{"type":"Feature","id":227,"geometry":{"type":"Point","coordinates":[-117.68999011199998,34.017765116000078]},"properties":{"objectid":227,"areaname":"Chino","class":"city","st":"CA","capital":"N","pop2000":67168}},{"type":"Feature","id":2288,"geometry":{"type":"Point","coordinates":[-74.031833104999976,40.767650926000044]},"properties":{"objectid":2288,"areaname":"Union City","class":"city","st":"NJ","capital":"N","pop2000":67088}},{"type":"Feature","id":1528,"geometry":{"type":"Point","coordinates":[-71.426627064999934,42.299795012000061]},"properties":{"objectid":1528,"areaname":"Framingham","class":"CDP","st":"MA","capital":"N","pop2000":66910}},{"type":"Feature","id":570,"geometry":{"type":"Point","coordinates":[-122.04577506299995,37.592184028000077]},"properties":{"objectid":570,"areaname":"Union City","class":"city","st":"CA","capital":"N","pop2000":66869}},{"type":"Feature","id":228,"geometry":{"type":"Point","coordinates":[-117.72305392699997,33.975266932000068]},"properties":{"objectid":228,"areaname":"Chino Hills","class":"city","st":"CA","capital":"N","pop2000":66787}},{"type":"Feature","id":2066,"geometry":{"type":"Point","coordinates":[-77.409764954999957,34.759629931000063]},"properties":{"objectid":2066,"areaname":"Jacksonville","class":"city","st":"NC","capital":"N","pop2000":66715}},{"type":"Feature","id":3038,"geometry":{"type":"Point","coordinates":[-94.965767090999975,29.743751888000077]},"properties":{"objectid":3038,"areaname":"Baytown","class":"city","st":"TX","capital":"N","pop2000":66430}},{"type":"Feature","id":2339,"geometry":{"type":"Point","coordinates":[-119.73564294099998,39.554542892000029]},"properties":{"objectid":2339,"areaname":"Sparks","class":"city","st":"NV","capital":"N","pop2000":66346}},{"type":"Feature","id":1798,"geometry":{"type":"Point","coordinates":[-83.292564952999953,42.646038013000066]},"properties":{"objectid":1798,"areaname":"Pontiac","class":"city","st":"MI","capital":"N","pop2000":66337}},{"type":"Feature","id":2053,"geometry":{"type":"Point","coordinates":[-81.18024898799996,35.255219921000048]},"properties":{"objectid":2053,"areaname":"Gastonia","class":"city","st":"NC","capital":"N","pop2000":66277}},{"type":"Feature","id":1893,"geometry":{"type":"Point","coordinates":[-93.458918102999974,45.015771102000031]},"properties":{"objectid":1893,"areaname":"Plymouth","class":"city","st":"MN","capital":"N","pop2000":65894}},{"type":"Feature","id":1819,"geometry":{"type":"Point","coordinates":[-83.264811994999945,42.231788135000045]},"properties":{"objectid":1819,"areaname":"Taylor","class":"city","st":"MI","capital":"N","pop2000":65868}},{"type":"Feature","id":3051,"geometry":{"type":"Point","coordinates":[-96.366744892999975,30.665546987000027]},"properties":{"objectid":3051,"areaname":"Bryan","class":"city","st":"TX","capital":"N","pop2000":65660}},{"type":"Feature","id":1248,"geometry":{"type":"Point","coordinates":[-88.040613055999984,42.116884900000059]},"properties":{"objectid":1248,"areaname":"Palatine","class":"village","st":"IL","capital":"N","pop2000":65479}},{"type":"Feature","id":2673,"geometry":{"type":"Point","coordinates":[-83.804130895999947,39.927066898000078]},"properties":{"objectid":2673,"areaname":"Springfield","class":"city","st":"OH","capital":"N","pop2000":65358}},{"type":"Feature","id":3315,"geometry":{"type":"Point","coordinates":[-79.170204873999978,37.403672095000047]},"properties":{"objectid":3315,"areaname":"Lynchburg","class":"city","st":"VA","capital":"N","pop2000":65269}},{"type":"Feature","id":1813,"geometry":{"type":"Point","coordinates":[-83.033003038999937,42.670832973000074]},"properties":{"objectid":1813,"areaname":"Shelby","class":"CDP","st":"MI","capital":"N","pop2000":65159}},{"type":"Feature","id":1828,"geometry":{"type":"Point","coordinates":[-83.380999009999982,42.569217933000061]},"properties":{"objectid":1828,"areaname":"West Bloomfield Township","class":"CDP","st":"MI","capital":"N","pop2000":64862}},{"type":"Feature","id":3520,"geometry":{"type":"Point","coordinates":[-88.237436120999973,43.009946108000065]},"properties":{"objectid":3520,"areaname":"Waukesha","class":"city","st":"WI","capital":"N","pop2000":64825}},{"type":"Feature","id":1117,"geometry":{"type":"Point","coordinates":[-88.983509001999948,40.47758501900006]},"properties":{"objectid":1117,"areaname":"Bloomington","class":"city","st":"IL","capital":"N","pop2000":64808}},{"type":"Feature","id":746,"geometry":{"type":"Point","coordinates":[-80.119817035999972,26.305222939000032]},"properties":{"objectid":746,"areaname":"Deerfield Beach","class":"city","st":"FL","capital":"N","pop2000":64583}},{"type":"Feature","id":583,"geometry":{"type":"Point","coordinates":[-122.04737301699998,37.909955918000037]},"properties":{"objectid":583,"areaname":"Walnut Creek","class":"city","st":"CA","capital":"N","pop2000":64296}},{"type":"Feature","id":1713,"geometry":{"type":"Point","coordinates":[-70.269086011999946,43.665116019000038]},"properties":{"objectid":1713,"areaname":"Portland","class":"city","st":"ME","capital":"N","pop2000":64249}},{"type":"Feature","id":744,"geometry":{"type":"Point","coordinates":[-81.037900061999949,29.20730891900007]},"properties":{"objectid":744,"areaname":"Daytona Beach","class":"city","st":"FL","capital":"N","pop2000":64112}},{"type":"Feature","id":576,"geometry":{"type":"Point","coordinates":[-117.34452494899995,34.520458999000027]},"properties":{"objectid":576,"areaname":"Victorville","class":"city","st":"CA","capital":"N","pop2000":64029}},{"type":"Feature","id":391,"geometry":{"type":"Point","coordinates":[-120.47791587899997,37.305976920000035]},"properties":{"objectid":391,"areaname":"Merced","class":"city","st":"CA","capital":"N","pop2000":63893}},{"type":"Feature","id":3340,"geometry":{"type":"Point","coordinates":[-76.609881101999974,36.741346895000049]},"properties":{"objectid":3340,"areaname":"Suffolk","class":"city","st":"VA","capital":"N","pop2000":63677}},{"type":"Feature","id":457,"geometry":{"type":"Point","coordinates":[-121.88251705599998,37.672529943000029]},"properties":{"objectid":457,"areaname":"Pleasanton","class":"city","st":"CA","capital":"N","pop2000":63654}},{"type":"Feature","id":472,"geometry":{"type":"Point","coordinates":[-117.17144904099996,34.056563109000024]},"properties":{"objectid":472,"areaname":"Redlands","class":"city","st":"CA","capital":"N","pop2000":63591}},{"type":"Feature","id":685,"geometry":{"type":"Point","coordinates":[-72.743040937999979,41.760050027000034]},"properties":{"objectid":685,"areaname":"West Hartford","class":"CDP","st":"CT","capital":"N","pop2000":63589}},{"type":"Feature","id":1857,"geometry":{"type":"Point","coordinates":[-93.169145923999963,44.81376511600007]},"properties":{"objectid":1857,"areaname":"Eagan","class":"city","st":"MN","capital":"N","pop2000":63557}},{"type":"Feature","id":451,"geometry":{"type":"Point","coordinates":[-118.08912090299998,33.98901298800007]},"properties":{"objectid":451,"areaname":"Pico Rivera","class":"city","st":"CA","capital":"N","pop2000":63428}},{"type":"Feature","id":1274,"geometry":{"type":"Point","coordinates":[-87.740069949999963,42.03703000400003]},"properties":{"objectid":1274,"areaname":"Skokie","class":"village","st":"IL","capital":"N","pop2000":63348}},{"type":"Feature","id":3200,"geometry":{"type":"Point","coordinates":[-95.614088980999952,29.599580083000035]},"properties":{"objectid":3200,"areaname":"Sugar Land","class":"city","st":"TX","capital":"N","pop2000":63328}},{"type":"Feature","id":473,"geometry":{"type":"Point","coordinates":[-118.37708098099995,33.856514016000062]},"properties":{"objectid":473,"areaname":"Redondo Beach","class":"city","st":"CA","capital":"N","pop2000":63261}},{"type":"Feature","id":2776,"geometry":{"type":"Point","coordinates":[-122.86187388599996,42.331998092000049]},"properties":{"objectid":2776,"areaname":"Medford","class":"city","st":"OR","capital":"N","pop2000":63154}},{"type":"Feature","id":1811,"geometry":{"type":"Point","coordinates":[-82.89677790099995,42.487768951000078]},"properties":{"objectid":1811,"areaname":"St. Clair Shores","class":"city","st":"MI","capital":"N","pop2000":63096}},{"type":"Feature","id":3504,"geometry":{"type":"Point","coordinates":[-88.551335947999974,44.024982943000055]},"properties":{"objectid":3504,"areaname":"Oshkosh","class":"city","st":"WI","capital":"N","pop2000":62916}},{"type":"Feature","id":46,"geometry":{"type":"Point","coordinates":[-86.804938023999966,33.386434929000075]},"properties":{"objectid":46,"areaname":"Hoover","class":"city","st":"AL","capital":"N","pop2000":62742}},{"type":"Feature","id":394,"geometry":{"type":"Point","coordinates":[-121.89505891199997,37.434585869000045]},"properties":{"objectid":394,"areaname":"Milpitas","class":"city","st":"CA","capital":"N","pop2000":62698}},{"type":"Feature","id":321,"geometry":{"type":"Point","coordinates":[-117.30618896199996,34.412903094000058]},"properties":{"objectid":321,"areaname":"Hesperia","class":"city","st":"CA","capital":"N","pop2000":62582}},{"type":"Feature","id":1622,"geometry":{"type":"Point","coordinates":[-76.50518206199996,39.265956951000078]},"properties":{"objectid":1622,"areaname":"Dundalk","class":"CDP","st":"MD","capital":"N","pop2000":62306}},{"type":"Feature","id":1070,"geometry":{"type":"Point","coordinates":[-91.524991112999942,41.655816032000075]},"properties":{"objectid":1070,"areaname":"Iowa City","class":"city","st":"IA","capital":"N","pop2000":62220}},{"type":"Feature","id":2324,"geometry":{"type":"Point","coordinates":[-105.96457495599998,35.667231060000063]},"properties":{"objectid":2324,"areaname":"Santa Fe","class":"city","st":"NM","capital":"Y","pop2000":62203}},{"type":"Feature","id":400,"geometry":{"type":"Point","coordinates":[-118.11450110699997,34.01441198200007]},"properties":{"objectid":400,"areaname":"Montebello","class":"city","st":"CA","capital":"N","pop2000":62150}},{"type":"Feature","id":339,"geometry":{"type":"Point","coordinates":[-117.70250295499994,33.531938040000057]},"properties":{"objectid":339,"areaname":"Laguna Niguel","class":"city","st":"CA","capital":"N","pop2000":61891}},{"type":"Feature","id":2143,"geometry":{"type":"Point","coordinates":[-74.117679983999949,40.666552050000064]},"properties":{"objectid":2143,"areaname":"Bayonne","class":"city","st":"NJ","capital":"N","pop2000":61842}},{"type":"Feature","id":2499,"geometry":{"type":"Point","coordinates":[-73.929289078999943,42.804076073000033]},"properties":{"objectid":2499,"areaname":"Schenectady","class":"city","st":"NY","capital":"N","pop2000":61821}},{"type":"Feature","id":1808,"geometry":{"type":"Point","coordinates":[-83.950829087999978,43.42092602300005]},"properties":{"objectid":1808,"areaname":"Saginaw","class":"city","st":"MI","capital":"N","pop2000":61799}},{"type":"Feature","id":2515,"geometry":{"type":"Point","coordinates":[-78.852127097999983,42.985306992000062]},"properties":{"objectid":2515,"areaname":"Tonawanda","class":"CDP","st":"NY","capital":"N","pop2000":61729}},{"type":"Feature","id":3468,"geometry":{"type":"Point","coordinates":[-91.492676952999943,44.814626956000041]},"properties":{"objectid":3468,"areaname":"Eau Claire","class":"city","st":"WI","capital":"N","pop2000":61704}},{"type":"Feature","id":1853,"geometry":{"type":"Point","coordinates":[-93.307784986999991,45.171031876000029]},"properties":{"objectid":1853,"areaname":"Coon Rapids","class":"city","st":"MN","capital":"N","pop2000":61607}},{"type":"Feature","id":326,"geometry":{"type":"Point","coordinates":[-118.21738113699996,33.982363917000043]},"properties":{"objectid":326,"areaname":"Huntington Park","class":"city","st":"CA","capital":"N","pop2000":61348}},{"type":"Feature","id":3524,"geometry":{"type":"Point","coordinates":[-88.018353048999984,43.008114111000054]},"properties":{"objectid":3524,"areaname":"West Allis","class":"city","st":"WI","capital":"N","pop2000":61254}},{"type":"Feature","id":3180,"geometry":{"type":"Point","coordinates":[-97.672561090999977,30.514865100000065]},"properties":{"objectid":3180,"areaname":"Round Rock","class":"city","st":"TX","capital":"N","pop2000":61136}},{"type":"Feature","id":2200,"geometry":{"type":"Point","coordinates":[-74.232075896999959,40.72565094600003]},"properties":{"objectid":2200,"areaname":"Irvington","class":"CDP","st":"NJ","capital":"N","pop2000":60695}},{"type":"Feature","id":2604,"geometry":{"type":"Point","coordinates":[-84.564919989999964,39.395806021000055]},"properties":{"objectid":2604,"areaname":"Hamilton","class":"city","st":"OH","capital":"N","pop2000":60690}},{"type":"Feature","id":2518,"geometry":{"type":"Point","coordinates":[-75.231886986999939,43.09656889200005]},"properties":{"objectid":2518,"areaname":"Utica","class":"city","st":"NY","capital":"N","pop2000":60651}},{"type":"Feature","id":3215,"geometry":{"type":"Point","coordinates":[-96.993461928999977,28.816865882000059]},"properties":{"objectid":3215,"areaname":"Victoria","class":"city","st":"TX","capital":"N","pop2000":60603}},{"type":"Feature","id":544,"geometry":{"type":"Point","coordinates":[-122.42552509499995,37.655983114000037]},"properties":{"objectid":544,"areaname":"South San Francisco","class":"city","st":"CA","capital":"N","pop2000":60552}},{"type":"Feature","id":2057,"geometry":{"type":"Point","coordinates":[-77.372365966999951,35.601612964000026]},"properties":{"objectid":2057,"areaname":"Greenville","class":"city","st":"NC","capital":"N","pop2000":60476}},{"type":"Feature","id":99,"geometry":{"type":"Point","coordinates":[-92.256881076999946,34.780791015000034]},"properties":{"objectid":99,"areaname":"North Little Rock","class":"city","st":"AR","capital":"N","pop2000":60433}},{"type":"Feature","id":716,"geometry":{"type":"Point","coordinates":[-80.076363063999963,26.528099045000033]},"properties":{"objectid":716,"areaname":"Boynton Beach","class":"city","st":"FL","capital":"N","pop2000":60389}},{"type":"Feature","id":1975,"geometry":{"type":"Point","coordinates":[-90.511763892999966,38.788697983000077]},"properties":{"objectid":1975,"areaname":"St. Charles","class":"city","st":"MO","capital":"N","pop2000":60321}},{"type":"Feature","id":257,"geometry":{"type":"Point","coordinates":[-121.73809490599996,38.553855870000064]},"properties":{"objectid":257,"areaname":"Davis","class":"city","st":"CA","capital":"N","pop2000":60308}},{"type":"Feature","id":1847,"geometry":{"type":"Point","coordinates":[-93.281169911999939,44.756113029000062]},"properties":{"objectid":1847,"areaname":"Burnsville","class":"city","st":"MN","capital":"N","pop2000":60220}},{"type":"Feature","id":286,"geometry":{"type":"Point","coordinates":[-118.24388098699995,33.96936392300006]},"properties":{"objectid":286,"areaname":"Florence-Graham","class":"CDP","st":"CA","capital":"N","pop2000":60197}},{"type":"Feature","id":655,"geometry":{"type":"Point","coordinates":[-72.933655936999969,41.682249013000046]},"properties":{"objectid":655,"areaname":"Bristol","class":"city","st":"CT","capital":"N","pop2000":60062}},{"type":"Feature","id":1807,"geometry":{"type":"Point","coordinates":[-83.150605913999982,42.504568059000064]},"properties":{"objectid":1807,"areaname":"Royal Oak","class":"city","st":"MI","capital":"N","pop2000":60062}},{"type":"Feature","id":403,"geometry":{"type":"Point","coordinates":[-118.13556105899994,34.049198923000063]},"properties":{"objectid":403,"areaname":"Monterey Park","class":"city","st":"CA","capital":"N","pop2000":60051}},{"type":"Feature","id":748,"geometry":{"type":"Point","coordinates":[-80.083038108999972,26.45910101100003]},"properties":{"objectid":748,"areaname":"Delray Beach","class":"city","st":"FL","capital":"N","pop2000":60020}},{"type":"Feature","id":274,"geometry":{"type":"Point","coordinates":[-121.38192513399997,38.438222046000078]},"properties":{"objectid":274,"areaname":"Elk Grove","class":"CDP","st":"CA","capital":"N","pop2000":59984}},{"type":"Feature","id":226,"geometry":{"type":"Point","coordinates":[-121.83545987899998,39.739982983000061]},"properties":{"objectid":226,"areaname":"Chico","class":"city","st":"CA","capital":"N","pop2000":59954}},{"type":"Feature","id":858,"geometry":{"type":"Point","coordinates":[-80.185747096999989,25.895021967000048]},"properties":{"objectid":858,"areaname":"North Miami","class":"city","st":"FL","capital":"N","pop2000":59880}},{"type":"Feature","id":1306,"geometry":{"type":"Point","coordinates":[-85.681524890999981,40.100041120000071]},"properties":{"objectid":1306,"areaname":"Anderson","class":"city","st":"IN","capital":"N","pop2000":59734}},{"type":"Feature","id":2996,"geometry":{"type":"Point","coordinates":[-88.820805014999962,35.633131877000039]},"properties":{"objectid":2996,"areaname":"Jackson","class":"city","st":"TN","capital":"N","pop2000":59643}},{"type":"Feature","id":1369,"geometry":{"type":"Point","coordinates":[-87.389762014999974,39.469586036000067]},"properties":{"objectid":1369,"areaname":"Terre Haute","class":"city","st":"IN","capital":"N","pop2000":59614}},{"type":"Feature","id":2968,"geometry":{"type":"Point","coordinates":[-103.22829906799996,44.07618794800004]},"properties":{"objectid":2968,"areaname":"Rapid City","class":"city","st":"SD","capital":"N","pop2000":59607}},{"type":"Feature","id":769,"geometry":{"type":"Point","coordinates":[-80.345916959999954,25.770143881000024]},"properties":{"objectid":769,"areaname":"Fountainbleau","class":"CDP","st":"FL","capital":"N","pop2000":59549}},{"type":"Feature","id":3481,"geometry":{"type":"Point","coordinates":[-89.016654053999957,42.684110115000067]},"properties":{"objectid":3481,"areaname":"Janesville","class":"city","st":"WI","capital":"N","pop2000":59498}},{"type":"Feature","id":723,"geometry":{"type":"Point","coordinates":[-80.269920033999938,25.942120868000075]},"properties":{"objectid":723,"areaname":"Carol City","class":"CDP","st":"FL","capital":"N","pop2000":59443}},{"type":"Feature","id":881,"geometry":{"type":"Point","coordinates":[-82.753947074999985,28.083925905000058]},"properties":{"objectid":881,"areaname":"Palm Harbor","class":"CDP","st":"FL","capital":"N","pop2000":59248}},{"type":"Feature","id":1579,"geometry":{"type":"Point","coordinates":[-71.235004881999942,42.380596024000056]},"properties":{"objectid":1579,"areaname":"Waltham","class":"city","st":"MA","capital":"N","pop2000":59226}},{"type":"Feature","id":1902,"geometry":{"type":"Point","coordinates":[-94.172498873999984,45.55683302500006]},"properties":{"objectid":1902,"areaname":"St. Cloud","class":"city","st":"MN","capital":"N","pop2000":59107}},{"type":"Feature","id":341,"geometry":{"type":"Point","coordinates":[-117.95171809299995,33.92931309800008]},"properties":{"objectid":341,"areaname":"La Habra","class":"city","st":"CA","capital":"N","pop2000":58974}},{"type":"Feature","id":1533,"geometry":{"type":"Point","coordinates":[-71.084915975999934,42.778089900000055]},"properties":{"objectid":1533,"areaname":"Haverhill","class":"city","st":"MA","capital":"N","pop2000":58969}},{"type":"Feature","id":601,"geometry":{"type":"Point","coordinates":[-117.78908898899999,33.886013864000063]},"properties":{"objectid":601,"areaname":"Yorba Linda","class":"city","st":"CA","capital":"N","pop2000":58918}},{"type":"Feature","id":318,"geometry":{"type":"Point","coordinates":[-116.98306808299998,33.74200094400004]},"properties":{"objectid":318,"areaname":"Hemet","class":"city","st":"CA","capital":"N","pop2000":58812}},{"type":"Feature","id":1015,"geometry":{"type":"Point","coordinates":[-84.540614115999972,33.953352877000043]},"properties":{"objectid":1015,"areaname":"Marietta","class":"city","st":"GA","capital":"N","pop2000":58748}},{"type":"Feature","id":1151,"geometry":{"type":"Point","coordinates":[-87.899786096999946,42.033847911000066]},"properties":{"objectid":1151,"areaname":"Des Plaines","class":"city","st":"IL","capital":"N","pop2000":58720}},{"type":"Feature","id":343,"geometry":{"type":"Point","coordinates":[-117.69073313499996,33.641642051000076]},"properties":{"objectid":343,"areaname":"Lake Forest","class":"city","st":"CA","capital":"N","pop2000":58707}},{"type":"Feature","id":440,"geometry":{"type":"Point","coordinates":[-122.13816186799994,37.429289104000077]},"properties":{"objectid":440,"areaname":"Palo Alto","class":"city","st":"CA","capital":"N","pop2000":58598}},{"type":"Feature","id":3244,"geometry":{"type":"Point","coordinates":[-111.95532792899996,41.077919089000034]},"properties":{"objectid":3244,"areaname":"Layton","class":"city","st":"UT","capital":"N","pop2000":58474}},{"type":"Feature","id":1063,"geometry":{"type":"Point","coordinates":[-95.862388119999991,41.253697953000028]},"properties":{"objectid":1063,"areaname":"Council Bluffs","class":"city","st":"IA","capital":"N","pop2000":58268}},{"type":"Feature","id":1743,"geometry":{"type":"Point","coordinates":[-83.287521020999975,42.310987049000062]},"properties":{"objectid":1743,"areaname":"Dearborn Heights","class":"city","st":"MI","capital":"N","pop2000":58264}},{"type":"Feature","id":665,"geometry":{"type":"Point","coordinates":[-72.799649090999935,41.532965025000067]},"properties":{"objectid":665,"areaname":"Meriden","class":"city","st":"CT","capital":"N","pop2000":58244}},{"type":"Feature","id":3399,"geometry":{"type":"Point","coordinates":[-122.52600805499998,47.163919878000058]},"properties":{"objectid":3399,"areaname":"Lakewood","class":"city","st":"WA","capital":"N","pop2000":58211}},{"type":"Feature","id":87,"geometry":{"type":"Point","coordinates":[-94.160911976999955,36.076378979000026]},"properties":{"objectid":87,"areaname":"Fayetteville","class":"city","st":"AR","capital":"N","pop2000":58047}},{"type":"Feature","id":279,"geometry":{"type":"Point","coordinates":[-117.27169408999998,33.044441995000057]},"properties":{"objectid":279,"areaname":"Encinitas","class":"city","st":"CA","capital":"N","pop2000":58014}},{"type":"Feature","id":3170,"geometry":{"type":"Point","coordinates":[-93.93990213099994,29.884864008000079]},"properties":{"objectid":3170,"areaname":"Port Arthur","class":"city","st":"TX","capital":"N","pop2000":57755}},{"type":"Feature","id":299,"geometry":{"type":"Point","coordinates":[-118.30784089099996,33.893615132000036]},"properties":{"objectid":299,"areaname":"Gardena","class":"city","st":"CA","capital":"N","pop2000":57746}},{"type":"Feature","id":33,"geometry":{"type":"Point","coordinates":[-85.407258092999939,31.227225092000026]},"properties":{"objectid":33,"areaname":"Dothan","class":"city","st":"AL","capital":"N","pop2000":57737}},{"type":"Feature","id":3280,"geometry":{"type":"Point","coordinates":[-77.270750097999951,38.781479971000067]},"properties":{"objectid":3280,"areaname":"Burke","class":"CDP","st":"VA","capital":"N","pop2000":57737}},{"type":"Feature","id":558,"geometry":{"type":"Point","coordinates":[-117.12368697399995,33.503295058000049]},"properties":{"objectid":558,"areaname":"Temecula","class":"city","st":"CA","capital":"N","pop2000":57716}},{"type":"Feature","id":1704,"geometry":{"type":"Point","coordinates":[-77.059071002999985,39.053658071000029]},"properties":{"objectid":1704,"areaname":"Wheaton-Glenmont","class":"CDP","st":"MD","capital":"N","pop2000":57694}},{"type":"Feature","id":1066,"geometry":{"type":"Point","coordinates":[-90.686864944999968,42.504321030000028]},"properties":{"objectid":1066,"areaname":"Dubuque","class":"city","st":"IA","capital":"N","pop2000":57686}},{"type":"Feature","id":827,"geometry":{"type":"Point","coordinates":[-80.232589020999967,26.16567893000007]},"properties":{"objectid":827,"areaname":"Lauderhill","class":"city","st":"FL","capital":"N","pop2000":57585}},{"type":"Feature","id":3109,"geometry":{"type":"Point","coordinates":[-97.696275089999972,26.192203096000071]},"properties":{"objectid":3109,"areaname":"Harlingen","class":"city","st":"TX","capital":"N","pop2000":57564}},{"type":"Feature","id":2610,"geometry":{"type":"Point","coordinates":[-84.152313934999938,39.697325915000079]},"properties":{"objectid":2610,"areaname":"Kettering","class":"city","st":"OH","capital":"N","pop2000":57502}},{"type":"Feature","id":3268,"geometry":{"type":"Point","coordinates":[-111.94945393399996,40.654930061000073]},"properties":{"objectid":3268,"areaname":"Taylorsville","class":"city","st":"UT","capital":"N","pop2000":57439}},{"type":"Feature","id":221,"geometry":{"type":"Point","coordinates":[-122.07938405599998,37.703796024000042]},"properties":{"objectid":221,"areaname":"Castro Valley","class":"CDP","st":"CA","capital":"N","pop2000":57292}},{"type":"Feature","id":3099,"geometry":{"type":"Point","coordinates":[-94.82594510499996,29.281137014000024]},"properties":{"objectid":3099,"areaname":"Galveston","class":"city","st":"TX","capital":"N","pop2000":57247}},{"type":"Feature","id":1517,"geometry":{"type":"Point","coordinates":[-71.133639910999989,42.330664022000065]},"properties":{"objectid":1517,"areaname":"Brookline","class":"CDP","st":"MA","capital":"N","pop2000":57107}},{"type":"Feature","id":212,"geometry":{"type":"Point","coordinates":[-119.03220695699997,34.225606966000043]},"properties":{"objectid":212,"areaname":"Camarillo","class":"city","st":"CA","capital":"N","pop2000":57077}},{"type":"Feature","id":2033,"geometry":{"type":"Point","coordinates":[-114.01159307799998,46.862632921000056]},"properties":{"objectid":2033,"areaname":"Missoula","class":"city","st":"MT","capital":"N","pop2000":57053}},{"type":"Feature","id":369,"geometry":{"type":"Point","coordinates":[-121.28092600899998,38.128751064000028]},"properties":{"objectid":369,"areaname":"Lodi","class":"city","st":"CA","capital":"N","pop2000":56999}},{"type":"Feature","id":562,"geometry":{"type":"Point","coordinates":[-121.43385713499998,37.737978932000033]},"properties":{"objectid":562,"areaname":"Tracy","class":"city","st":"CA","capital":"N","pop2000":56929}},{"type":"Feature","id":805,"geometry":{"type":"Point","coordinates":[-80.411609938999959,25.70846388800004]},"properties":{"objectid":805,"areaname":"Kendale Lakes","class":"CDP","st":"FL","capital":"N","pop2000":56901}},{"type":"Feature","id":454,"geometry":{"type":"Point","coordinates":[-121.89249107699999,38.015021081000043]},"properties":{"objectid":454,"areaname":"Pittsburg","class":"city","st":"CA","capital":"N","pop2000":56769}},{"type":"Feature","id":2030,"geometry":{"type":"Point","coordinates":[-111.28629894799997,47.503656941000031]},"properties":{"objectid":2030,"areaname":"Great Falls","class":"city","st":"MT","capital":"N","pop2000":56690}},{"type":"Feature","id":2611,"geometry":{"type":"Point","coordinates":[-81.800360058999956,41.480881048000072]},"properties":{"objectid":2611,"areaname":"Lakewood","class":"city","st":"OH","capital":"N","pop2000":56646}},{"type":"Feature","id":2409,"geometry":{"type":"Point","coordinates":[-73.617362999999955,40.704962091000027]},"properties":{"objectid":2409,"areaname":"Hempstead","class":"village","st":"NY","capital":"N","pop2000":56554}},{"type":"Feature","id":1459,"geometry":{"type":"Point","coordinates":[-93.691397133999942,32.517651135000051]},"properties":{"objectid":1459,"areaname":"Bossier City","class":"city","st":"LA","capital":"N","pop2000":56461}},{"type":"Feature","id":3333,"geometry":{"type":"Point","coordinates":[-77.346357136999984,38.954576879000058]},"properties":{"objectid":3333,"areaname":"Reston","class":"CDP","st":"VA","capital":"N","pop2000":56407}},{"type":"Feature","id":1342,"geometry":{"type":"Point","coordinates":[-86.874681014999965,40.410585050000066]},"properties":{"objectid":1342,"areaname":"Lafayette","class":"city","st":"IN","capital":"N","pop2000":56397}},{"type":"Feature","id":1629,"geometry":{"type":"Point","coordinates":[-76.830544995999958,39.269257032000041]},"properties":{"objectid":1629,"areaname":"Ellicott City","class":"CDP","st":"MD","capital":"N","pop2000":56397}},{"type":"Feature","id":2843,"geometry":{"type":"Point","coordinates":[-76.304365906999976,40.039859883000076]},"properties":{"objectid":2843,"areaname":"Lancaster","class":"city","st":"PA","capital":"N","pop2000":56348}},{"type":"Feature","id":1545,"geometry":{"type":"Point","coordinates":[-71.06059711499995,42.428549028000077]},"properties":{"objectid":1545,"areaname":"Malden","class":"city","st":"MA","capital":"N","pop2000":56340}},{"type":"Feature","id":1119,"geometry":{"type":"Point","coordinates":[-88.088668020999989,41.698612918000038]},"properties":{"objectid":1119,"areaname":"Bolingbrook","class":"village","st":"IL","capital":"N","pop2000":56321}},{"type":"Feature","id":260,"geometry":{"type":"Point","coordinates":[-117.82076098299996,34.001652109000077]},"properties":{"objectid":260,"areaname":"Diamond Bar","class":"city","st":"CA","capital":"N","pop2000":56287}},{"type":"Feature","id":2291,"geometry":{"type":"Point","coordinates":[-75.014013088999945,39.480414990000043]},"properties":{"objectid":2291,"areaname":"Vineland","class":"city","st":"NJ","capital":"N","pop2000":56271}},{"type":"Feature","id":1228,"geometry":{"type":"Point","coordinates":[-87.936217137999961,42.065427062000026]},"properties":{"objectid":1228,"areaname":"Mount Prospect","class":"village","st":"IL","capital":"N","pop2000":56265}},{"type":"Feature","id":888,"geometry":{"type":"Point","coordinates":[-87.209276881999983,30.436988098000029]},"properties":{"objectid":888,"areaname":"Pensacola","class":"city","st":"FL","capital":"N","pop2000":56255}},{"type":"Feature","id":517,"geometry":{"type":"Point","coordinates":[-122.52369388099999,37.983255967000048]},"properties":{"objectid":517,"areaname":"San Rafael","class":"city","st":"CA","capital":"N","pop2000":56063}},{"type":"Feature","id":2935,"geometry":{"type":"Point","coordinates":[-82.385428039999965,34.844312953000042]},"properties":{"objectid":2935,"areaname":"Greenville","class":"city","st":"SC","capital":"N","pop2000":56002}},{"type":"Feature","id":2045,"geometry":{"type":"Point","coordinates":[-80.600473902999966,35.404340051000077]},"properties":{"objectid":2045,"areaname":"Concord","class":"city","st":"NC","capital":"N","pop2000":55977}},{"type":"Feature","id":1577,"geometry":{"type":"Point","coordinates":[-71.093628047999971,41.901490968000076]},"properties":{"objectid":1577,"areaname":"Taunton","class":"city","st":"MA","capital":"N","pop2000":55976}},{"type":"Feature","id":3289,"geometry":{"type":"Point","coordinates":[-77.342349954999975,38.648284121000074]},"properties":{"objectid":3289,"areaname":"Dale City","class":"CDP","st":"VA","capital":"N","pop2000":55971}},{"type":"Feature","id":2584,"geometry":{"type":"Point","coordinates":[-82.10169205599999,41.373395881000079]},"properties":{"objectid":2584,"areaname":"Elyria","class":"city","st":"OH","capital":"N","pop2000":55953}},{"type":"Feature","id":2086,"geometry":{"type":"Point","coordinates":[-77.80557190199994,35.95411211000004]},"properties":{"objectid":2086,"areaname":"Rocky Mount","class":"city","st":"NC","capital":"N","pop2000":55893}},{"type":"Feature","id":565,"geometry":{"type":"Point","coordinates":[-120.84901905199996,37.505725101000053]},"properties":{"objectid":565,"areaname":"Turlock","class":"city","st":"CA","capital":"N","pop2000":55810}},{"type":"Feature","id":1549,"geometry":{"type":"Point","coordinates":[-71.107941939999932,42.419996117000039]},"properties":{"objectid":1549,"areaname":"Medford","class":"city","st":"MA","capital":"N","pop2000":55765}},{"type":"Feature","id":3209,"geometry":{"type":"Point","coordinates":[-95.503795027999956,30.177430052000034]},"properties":{"objectid":3209,"areaname":"The Woodlands","class":"CDP","st":"TX","capital":"N","pop2000":55649}},{"type":"Feature","id":3157,"geometry":{"type":"Point","coordinates":[-97.218184124999937,32.855665900000076]},"properties":{"objectid":3157,"areaname":"North Richland Hills","class":"city","st":"TX","capital":"N","pop2000":55635}},{"type":"Feature","id":2457,"geometry":{"type":"Point","coordinates":[-79.017338958999972,43.094305008000049]},"properties":{"objectid":2457,"areaname":"Niagara Falls","class":"city","st":"NY","capital":"N","pop2000":55593}},{"type":"Feature","id":933,"geometry":{"type":"Point","coordinates":[-80.246375971999953,26.203581095000061]},"properties":{"objectid":933,"areaname":"Tamarac","class":"city","st":"FL","capital":"N","pop2000":55588}},{"type":"Feature","id":2099,"geometry":{"type":"Point","coordinates":[-100.77900398199995,46.813343084000053]},"properties":{"objectid":2099,"areaname":"Bismarck","class":"city","st":"ND","capital":"Y","pop2000":55532}},{"type":"Feature","id":94,"geometry":{"type":"Point","coordinates":[-90.694047864999959,35.828067128000043]},"properties":{"objectid":94,"areaname":"Jonesboro","class":"city","st":"AR","capital":"N","pop2000":55515}},{"type":"Feature","id":2997,"geometry":{"type":"Point","coordinates":[-82.372759905999942,36.335399031000065]},"properties":{"objectid":2997,"areaname":"Johnson City","class":"city","st":"TN","capital":"N","pop2000":55469}},{"type":"Feature","id":1638,"geometry":{"type":"Point","coordinates":[-77.261692903999972,39.178228890000071]},"properties":{"objectid":1638,"areaname":"Germantown","class":"CDP","st":"MD","capital":"N","pop2000":55419}},{"type":"Feature","id":1296,"geometry":{"type":"Point","coordinates":[-88.107181137999987,41.859562001000029]},"properties":{"objectid":1296,"areaname":"Wheaton","class":"city","st":"IL","capital":"N","pop2000":55416}},{"type":"Feature","id":1603,"geometry":{"type":"Point","coordinates":[-77.113135083999964,38.984660037000026]},"properties":{"objectid":1603,"areaname":"Bethesda","class":"CDP","st":"MD","capital":"N","pop2000":55277}},{"type":"Feature","id":443,"geometry":{"type":"Point","coordinates":[-118.16665112499999,33.899914936000073]},"properties":{"objectid":443,"areaname":"Paramount","class":"city","st":"CA","capital":"N","pop2000":55266}},{"type":"Feature","id":1242,"geometry":{"type":"Point","coordinates":[-87.753400974999977,41.715082101000064]},"properties":{"objectid":1242,"areaname":"Oak Lawn","class":"village","st":"IL","capital":"N","pop2000":55245}},{"type":"Feature","id":305,"geometry":{"type":"Point","coordinates":[-119.81360808899996,34.440493023000045]},"properties":{"objectid":305,"areaname":"Goleta","class":"CDP","st":"CA","capital":"N","pop2000":55204}},{"type":"Feature","id":546,"geometry":{"type":"Point","coordinates":[-118.03080012399994,33.934723983000026]},"properties":{"objectid":546,"areaname":"South Whittier","class":"CDP","st":"CA","capital":"N","pop2000":55193}},{"type":"Feature","id":101,"geometry":{"type":"Point","coordinates":[-92.023114121999981,34.216647865000027]},"properties":{"objectid":101,"areaname":"Pine Bluff","class":"city","st":"AR","capital":"N","pop2000":55085}},{"type":"Feature","id":464,"geometry":{"type":"Point","coordinates":[-121.29726891399997,38.585082990000046]},"properties":{"objectid":464,"areaname":"Rancho Cordova","class":"CDP","st":"CA","capital":"N","pop2000":55060}},{"type":"Feature","id":3273,"geometry":{"type":"Point","coordinates":[-77.211277066999969,38.834133994000069]},"properties":{"objectid":3273,"areaname":"Annandale","class":"CDP","st":"VA","capital":"N","pop2000":54994}},{"type":"Feature","id":294,"geometry":{"type":"Point","coordinates":[-117.95629504599998,33.708617980000042]},"properties":{"objectid":294,"areaname":"Fountain Valley","class":"city","st":"CA","capital":"N","pop2000":54978}},{"type":"Feature","id":513,"geometry":{"type":"Point","coordinates":[-117.17023295999996,33.142076932000066]},"properties":{"objectid":513,"areaname":"San Marcos","class":"city","st":"CA","capital":"N","pop2000":54977}},{"type":"Feature","id":1859,"geometry":{"type":"Point","coordinates":[-93.460836863999987,44.85366313600008]},"properties":{"objectid":1859,"areaname":"Eden Prairie","class":"city","st":"MN","capital":"N","pop2000":54901}},{"type":"Feature","id":934,"geometry":{"type":"Point","coordinates":[-80.403611047999959,25.754944938000051]},"properties":{"objectid":934,"areaname":"Tamiami","class":"CDP","st":"FL","capital":"N","pop2000":54788}},{"type":"Feature","id":347,"geometry":{"type":"Point","coordinates":[-117.02279699599995,32.771450134000077]},"properties":{"objectid":347,"areaname":"La Mesa","class":"city","st":"CA","capital":"N","pop2000":54749}},{"type":"Feature","id":3391,"geometry":{"type":"Point","coordinates":[-119.15926989899998,46.203474893000077]},"properties":{"objectid":3391,"areaname":"Kennewick","class":"city","st":"WA","capital":"N","pop2000":54693}},{"type":"Feature","id":1521,"geometry":{"type":"Point","coordinates":[-72.588630121999984,42.170158984000068]},"properties":{"objectid":1521,"areaname":"Chicopee","class":"city","st":"MA","capital":"N","pop2000":54653}},{"type":"Feature","id":523,"geometry":{"type":"Point","coordinates":[-122.02625199899995,36.972050022000076]},"properties":{"objectid":523,"areaname":"Santa Cruz","class":"city","st":"CA","capital":"N","pop2000":54593}},{"type":"Feature","id":450,"geometry":{"type":"Point","coordinates":[-122.63127603699996,38.245849104000058]},"properties":{"objectid":450,"areaname":"Petaluma","class":"city","st":"CA","capital":"N","pop2000":54548}},{"type":"Feature","id":3204,"geometry":{"type":"Point","coordinates":[-97.362202018999938,31.093678041000032]},"properties":{"objectid":3204,"areaname":"Temple","class":"city","st":"TX","capital":"N","pop2000":54514}},{"type":"Feature","id":2287,"geometry":{"type":"Point","coordinates":[-74.270438962999947,40.69695104200008]},"properties":{"objectid":2287,"areaname":"Union","class":"CDP","st":"NJ","capital":"N","pop2000":54405}},{"type":"Feature","id":3142,"geometry":{"type":"Point","coordinates":[-96.63975112199995,33.197210092000034]},"properties":{"objectid":3142,"areaname":"McKinney","class":"city","st":"TX","capital":"N","pop2000":54369}},{"type":"Feature","id":412,"geometry":{"type":"Point","coordinates":[-117.09272511999995,32.67090306800003]},"properties":{"objectid":412,"areaname":"National City","class":"city","st":"CA","capital":"N","pop2000":54260}},{"type":"Feature","id":171,"geometry":{"type":"Point","coordinates":[-117.21200995099997,34.511486083000079]},"properties":{"objectid":171,"areaname":"Apple Valley","class":"town","st":"CA","capital":"N","pop2000":54239}},{"type":"Feature","id":2730,"geometry":{"type":"Point","coordinates":[-97.384292088999985,35.462243865000062]},"properties":{"objectid":2730,"areaname":"Midwest City","class":"city","st":"OK","capital":"N","pop2000":54088}},{"type":"Feature","id":2294,"geometry":{"type":"Point","coordinates":[-74.250451958999975,40.942081075000033]},"properties":{"objectid":2294,"areaname":"Wayne","class":"CDP","st":"NJ","capital":"N","pop2000":54069}},{"type":"Feature","id":1441,"geometry":{"type":"Point","coordinates":[-87.11838993799995,37.757747919000053]},"properties":{"objectid":1441,"areaname":"Owensboro","class":"city","st":"KY","capital":"N","pop2000":54067}},{"type":"Feature","id":1115,"geometry":{"type":"Point","coordinates":[-87.789904964999948,41.842531061000045]},"properties":{"objectid":1115,"areaname":"Berwyn","class":"city","st":"IL","capital":"N","pop2000":54016}},{"type":"Feature","id":115,"geometry":{"type":"Point","coordinates":[-111.00984397699995,32.346367986000075]},"properties":{"objectid":115,"areaname":"Casas Adobes","class":"CDP","st":"AZ","capital":"N","pop2000":54011}},{"type":"Feature","id":1585,"geometry":{"type":"Point","coordinates":[-70.945919079999953,42.206457945000068]},"properties":{"objectid":1585,"areaname":"Weymouth","class":"CDP","st":"MA","capital":"N","pop2000":53988}},{"type":"Feature","id":2847,"geometry":{"type":"Point","coordinates":[-74.849755910999988,40.154109070000061]},"properties":{"objectid":2847,"areaname":"Levittown","class":"CDP","st":"PA","capital":"N","pop2000":53966}},{"type":"Feature","id":32,"geometry":{"type":"Point","coordinates":[-86.983391934999986,34.580991991000076]},"properties":{"objectid":32,"areaname":"Decatur","class":"city","st":"AL","capital":"N","pop2000":53929}},{"type":"Feature","id":2358,"geometry":{"type":"Point","coordinates":[-73.244060048999984,40.781805106000036]},"properties":{"objectid":2358,"areaname":"Brentwood","class":"CDP","st":"NY","capital":"N","pop2000":53917}},{"type":"Feature","id":839,"geometry":{"type":"Point","coordinates":[-80.212343105999935,26.246258887000067]},"properties":{"objectid":839,"areaname":"Margate","class":"city","st":"FL","capital":"N","pop2000":53909}},{"type":"Feature","id":116,"geometry":{"type":"Point","coordinates":[-110.88387194299997,32.293990005000069]},"properties":{"objectid":116,"areaname":"Catalina Foothills","class":"CDP","st":"AZ","capital":"N","pop2000":53794}},{"type":"Feature","id":486,"geometry":{"type":"Point","coordinates":[-118.08231211999998,34.070427982000069]},"properties":{"objectid":486,"areaname":"Rosemead","class":"city","st":"CA","capital":"N","pop2000":53505}},{"type":"Feature","id":3532,"geometry":{"type":"Point","coordinates":[-81.633294095999986,38.349497025000062]},"properties":{"objectid":3532,"areaname":"Charleston","class":"city","st":"WV","capital":"Y","pop2000":53421}},{"type":"Feature","id":1725,"geometry":{"type":"Point","coordinates":[-85.204036025999983,42.312147037000045]},"properties":{"objectid":1725,"areaname":"Battle Creek","class":"city","st":"MI","capital":"N","pop2000":53364}},{"type":"Feature","id":311,"geometry":{"type":"Point","coordinates":[-117.96943402899996,34.000578056000052]},"properties":{"objectid":311,"areaname":"Hacienda Heights","class":"CDP","st":"CA","capital":"N","pop2000":53122}},{"type":"Feature","id":1483,"geometry":{"type":"Point","coordinates":[-92.094894967999949,32.510343042000045]},"properties":{"objectid":1483,"areaname":"Monroe","class":"city","st":"LA","capital":"N","pop2000":53107}},{"type":"Feature","id":2529,"geometry":{"type":"Point","coordinates":[-73.761842899999976,41.023464016000048]},"properties":{"objectid":2529,"areaname":"White Plains","class":"city","st":"NY","capital":"N","pop2000":53077}},{"type":"Feature","id":2430,"geometry":{"type":"Point","coordinates":[-73.511190901999953,40.724468023000043]},"properties":{"objectid":2430,"areaname":"Levittown","class":"CDP","st":"NY","capital":"N","pop2000":53067}},{"type":"Feature","id":172,"geometry":{"type":"Point","coordinates":[-118.03649091899996,34.132687970000063]},"properties":{"objectid":172,"areaname":"Arcadia","class":"city","st":"CA","capital":"N","pop2000":53054}},{"type":"Feature","id":3436,"geometry":{"type":"Point","coordinates":[-122.33965693899995,47.756518942000071]},"properties":{"objectid":3436,"areaname":"Shoreline","class":"city","st":"WA","capital":"N","pop2000":53025}},{"type":"Feature","id":3547,"geometry":{"type":"Point","coordinates":[-104.80204191799999,41.145547961000034]},"properties":{"objectid":3547,"areaname":"Cheyenne","class":"city","st":"WY","capital":"Y","pop2000":53011}},{"type":"Feature","id":529,"geometry":{"type":"Point","coordinates":[-116.98824906999994,32.848237056000073]},"properties":{"objectid":529,"areaname":"Santee","class":"city","st":"CA","capital":"N","pop2000":52975}},{"type":"Feature","id":3151,"geometry":{"type":"Point","coordinates":[-95.539423084999953,29.582798936000074]},"properties":{"objectid":3151,"areaname":"Missouri City","class":"city","st":"TX","capital":"N","pop2000":52913}},{"type":"Feature","id":122,"geometry":{"type":"Point","coordinates":[-111.63099096899998,35.199159985000051]},"properties":{"objectid":122,"areaname":"Flagstaff","class":"city","st":"AZ","capital":"N","pop2000":52894}},{"type":"Feature","id":2790,"geometry":{"type":"Point","coordinates":[-122.99105205199999,44.053063892000068]},"properties":{"objectid":2790,"areaname":"Springfield","class":"city","st":"OR","capital":"N","pop2000":52864}},{"type":"Feature","id":1635,"geometry":{"type":"Point","coordinates":[-77.420402971999977,39.426293987000065]},"properties":{"objectid":1635,"areaname":"Frederick","class":"city","st":"MD","capital":"N","pop2000":52767}},{"type":"Feature","id":2586,"geometry":{"type":"Point","coordinates":[-81.519175882999946,41.59556295200008]},"properties":{"objectid":2586,"areaname":"Euclid","class":"city","st":"OH","capital":"N","pop2000":52717}},{"type":"Feature","id":916,"geometry":{"type":"Point","coordinates":[-82.535317995999947,27.337273030000063]},"properties":{"objectid":916,"areaname":"Sarasota","class":"city","st":"FL","capital":"N","pop2000":52715}},{"type":"Feature","id":1637,"geometry":{"type":"Point","coordinates":[-77.226427929999943,39.131973868000046]},"properties":{"objectid":1637,"areaname":"Gaithersburg","class":"city","st":"MD","capital":"N","pop2000":52613}},{"type":"Feature","id":1243,"geometry":{"type":"Point","coordinates":[-87.790331877999961,41.885980889000052]},"properties":{"objectid":1243,"areaname":"Oak Park","class":"village","st":"IL","capital":"N","pop2000":52524}},{"type":"Feature","id":2329,"geometry":{"type":"Point","coordinates":[-119.75387697499997,39.160948986000051]},"properties":{"objectid":2329,"areaname":"Carson","class":"city","st":"NV","capital":"Y","pop2000":52457}},{"type":"Feature","id":686,"geometry":{"type":"Point","coordinates":[-72.964965952999933,41.272146963000068]},"properties":{"objectid":686,"areaname":"West Haven","class":"city","st":"CT","capital":"N","pop2000":52360}},{"type":"Feature","id":2415,"geometry":{"type":"Point","coordinates":[-77.575202015999935,43.208012886000063]},"properties":{"objectid":2415,"areaname":"Irondequoit","class":"CDP","st":"NY","capital":"N","pop2000":52354}},{"type":"Feature","id":2753,"geometry":{"type":"Point","coordinates":[-121.30808488099996,44.056433882000078]},"properties":{"objectid":2753,"areaname":"Bend","class":"city","st":"OR","capital":"N","pop2000":52029}},{"type":"Feature","id":288,"geometry":{"type":"Point","coordinates":[-121.15783791999996,38.672126885000068]},"properties":{"objectid":288,"areaname":"Folsom","class":"city","st":"CA","capital":"N","pop2000":51884}},{"type":"Feature","id":1321,"geometry":{"type":"Point","coordinates":[-85.968798038999978,41.683148985000059]},"properties":{"objectid":1321,"areaname":"Elkhart","class":"city","st":"IN","capital":"N","pop2000":51874}},{"type":"Feature","id":1096,"geometry":{"type":"Point","coordinates":[-116.56355901999996,43.574807135000071]},"properties":{"objectid":1096,"areaname":"Nampa","class":"city","st":"ID","capital":"N","pop2000":51867}},{"type":"Feature","id":3484,"geometry":{"type":"Point","coordinates":[-91.233110064999948,43.813215978000073]},"properties":{"objectid":3484,"areaname":"La Crosse","class":"city","st":"WI","capital":"N","pop2000":51818}},{"type":"Feature","id":1700,"geometry":{"type":"Point","coordinates":[-76.609561952999968,39.39298010300007]},"properties":{"objectid":1700,"areaname":"Towson","class":"CDP","st":"MD","capital":"N","pop2000":51793}},{"type":"Feature","id":2322,"geometry":{"type":"Point","coordinates":[-106.67066001299997,35.28618509000006]},"properties":{"objectid":2322,"areaname":"Rio Rancho","class":"city","st":"NM","capital":"N","pop2000":51765}},{"type":"Feature","id":1801,"geometry":{"type":"Point","coordinates":[-83.297078904999978,42.394586071000049]},"properties":{"objectid":1801,"areaname":"Redford","class":"CDP","st":"MI","capital":"N","pop2000":51622}},{"type":"Feature","id":2632,"geometry":{"type":"Point","coordinates":[-84.375884984999971,39.506007131000047]},"properties":{"objectid":2632,"areaname":"Middletown","class":"city","st":"OH","capital":"N","pop2000":51605}},{"type":"Feature","id":224,"geometry":{"type":"Point","coordinates":[-118.06754699799995,33.868313955000076]},"properties":{"objectid":224,"areaname":"Cerritos","class":"city","st":"CA","capital":"N","pop2000":51488}},{"type":"Feature","id":3536,"geometry":{"type":"Point","coordinates":[-82.433641888999944,38.413033055000028]},"properties":{"objectid":3536,"areaname":"Huntington","class":"city","st":"WV","capital":"N","pop2000":51475}},{"type":"Feature","id":1097,"geometry":{"type":"Point","coordinates":[-112.44726691199998,42.875213923000047]},"properties":{"objectid":1097,"areaname":"Pocatello","class":"city","st":"ID","capital":"N","pop2000":51466}},{"type":"Feature","id":1978,"geometry":{"type":"Point","coordinates":[-90.603131078999979,38.778893069000048]},"properties":{"objectid":1978,"areaname":"St. Peters","class":"city","st":"MO","capital":"N","pop2000":51381}},{"type":"Feature","id":1882,"geometry":{"type":"Point","coordinates":[-93.461593978999986,44.932017065000025]},"properties":{"objectid":1882,"areaname":"Minnetonka","class":"city","st":"MN","capital":"N","pop2000":51301}},{"type":"Feature","id":1245,"geometry":{"type":"Point","coordinates":[-87.854302005999955,41.611582010000063]},"properties":{"objectid":1245,"areaname":"Orland Park","class":"village","st":"IL","capital":"N","pop2000":51077}},{"type":"Feature","id":3511,"geometry":{"type":"Point","coordinates":[-87.725013034999961,43.749694040000065]},"properties":{"objectid":3511,"areaname":"Sheboygan","class":"city","st":"WI","capital":"N","pop2000":50792}},{"type":"Feature","id":1052,"geometry":{"type":"Point","coordinates":[-93.631585887999961,42.027335065000045]},"properties":{"objectid":1052,"areaname":"Ames","class":"city","st":"IA","capital":"N","pop2000":50731}},{"type":"Feature","id":1091,"geometry":{"type":"Point","coordinates":[-112.03250888299999,43.491775120000057]},"properties":{"objectid":1091,"areaname":"Idaho Falls","class":"city","st":"ID","capital":"N","pop2000":50730}},{"type":"Feature","id":3090,"geometry":{"type":"Point","coordinates":[-97.07881806599994,33.031740978000073]},"properties":{"objectid":3090,"areaname":"Flower Mound","class":"town","st":"TX","capital":"N","pop2000":50702}},{"type":"Feature","id":1990,"geometry":{"type":"Point","coordinates":[-88.927829004999978,30.412029005000079]},"properties":{"objectid":1990,"areaname":"Biloxi","class":"city","st":"MS","capital":"N","pop2000":50644}},{"type":"Feature","id":639,"geometry":{"type":"Point","coordinates":[-105.08586798299996,40.404788977000067]},"properties":{"objectid":639,"areaname":"Loveland","class":"city","st":"CO","capital":"N","pop2000":50608}},{"type":"Feature","id":667,"geometry":{"type":"Point","coordinates":[-73.059550048999938,41.218696864000037]},"properties":{"objectid":667,"areaname":"Milford","class":"city (consolidated, balance)","st":"CT","capital":"N","pop2000":50594}},{"type":"Feature","id":252,"geometry":{"type":"Point","coordinates":[-122.04194886999994,37.317491974000063]},"properties":{"objectid":252,"areaname":"Cupertino","class":"city","st":"CA","capital":"N","pop2000":50546}},{"type":"Feature","id":1937,"geometry":{"type":"Point","coordinates":[-90.325570002999939,38.797799941000051]},"properties":{"objectid":1937,"areaname":"Florissant","class":"city","st":"MO","capital":"N","pop2000":50497}},{"type":"Feature","id":1877,"geometry":{"type":"Point","coordinates":[-93.451915066999959,45.111105957000063]},"properties":{"objectid":1877,"areaname":"Maple Grove","class":"city","st":"MN","capital":"N","pop2000":50365}},{"type":"Feature","id":2629,"geometry":{"type":"Point","coordinates":[-81.34195490899998,41.691244864000055]},"properties":{"objectid":2629,"areaname":"Mentor","class":"city","st":"OH","capital":"N","pop2000":50278}},{"type":"Feature","id":1604,"geometry":{"type":"Point","coordinates":[-76.744530942999972,38.964726916000075]},"properties":{"objectid":1604,"areaname":"Bowie","class":"city","st":"MD","capital":"N","pop2000":50269}},{"type":"Feature","id":1596,"geometry":{"type":"Point","coordinates":[-77.080266902999938,39.088524869000025]},"properties":{"objectid":1596,"areaname":"Aspen Hill","class":"CDP","st":"MD","capital":"N","pop2000":50228}},{"type":"Feature","id":3428,"geometry":{"type":"Point","coordinates":[-122.19516294699997,47.486622133000026]},"properties":{"objectid":3428,"areaname":"Renton","class":"city","st":"WA","capital":"N","pop2000":50052}},{"type":"Feature","id":680,"geometry":{"type":"Point","coordinates":[-73.134225891999961,41.201596015000064]},"properties":{"objectid":680,"areaname":"Stratford","class":"CDP","st":"CT","capital":"N","pop2000":49976}},{"type":"Feature","id":2571,"geometry":{"type":"Point","coordinates":[-81.563301035999984,41.509651966000035]},"properties":{"objectid":2571,"areaname":"Cleveland Heights","class":"city","st":"OH","capital":"N","pop2000":49958}},{"type":"Feature","id":500,"geometry":{"type":"Point","coordinates":[-117.62039688599998,33.437828108000076]},"properties":{"objectid":500,"areaname":"San Clemente","class":"city","st":"CA","capital":"N","pop2000":49936}},{"type":"Feature","id":2952,"geometry":{"type":"Point","coordinates":[-81.026079950999986,34.93809406500003]},"properties":{"objectid":2952,"areaname":"Rock Hill","class":"city","st":"SC","capital":"N","pop2000":49765}},{"type":"Feature","id":217,"geometry":{"type":"Point","coordinates":[-121.32134793099999,38.63943112700008]},"properties":{"objectid":217,"areaname":"Carmichael","class":"CDP","st":"CA","capital":"N","pop2000":49742}},{"type":"Feature","id":3260,"geometry":{"type":"Point","coordinates":[-113.57815088999996,37.095279034000043]},"properties":{"objectid":3260,"areaname":"St. George","class":"city","st":"UT","capital":"N","pop2000":49663}},{"type":"Feature","id":3546,"geometry":{"type":"Point","coordinates":[-106.32506194099994,42.83466489500006]},"properties":{"objectid":3546,"areaname":"Casper","class":"city","st":"WY","capital":"N","pop2000":49644}},{"type":"Feature","id":661,"geometry":{"type":"Point","coordinates":[-72.615477028999976,41.761457045000043]},"properties":{"objectid":661,"areaname":"East Hartford","class":"CDP","st":"CT","capital":"N","pop2000":49575}},{"type":"Feature","id":2799,"geometry":{"type":"Point","coordinates":[-78.399757867999938,40.510720124000045]},"properties":{"objectid":2799,"areaname":"Altoona","class":"city","st":"PA","capital":"N","pop2000":49523}},{"type":"Feature","id":717,"geometry":{"type":"Point","coordinates":[-82.577742955999952,27.488216867000062]},"properties":{"objectid":717,"areaname":"Bradenton","class":"city","st":"FL","capital":"N","pop2000":49504}},{"type":"Feature","id":1190,"geometry":{"type":"Point","coordinates":[-88.119256014999962,42.063173126000038]},"properties":{"objectid":1190,"areaname":"Hoffman Estates","class":"village","st":"IL","capital":"N","pop2000":49495}},{"type":"Feature","id":304,"geometry":{"type":"Point","coordinates":[-117.85412709099995,34.130957106000039]},"properties":{"objectid":304,"areaname":"Glendora","class":"city","st":"CA","capital":"N","pop2000":49415}},{"type":"Feature","id":2575,"geometry":{"type":"Point","coordinates":[-81.496684873999982,41.145555975000036]},"properties":{"objectid":2575,"areaname":"Cuyahoga Falls","class":"city","st":"OH","capital":"N","pop2000":49374}},{"type":"Feature","id":2619,"geometry":{"type":"Point","coordinates":[-82.522854889999962,40.754855961000032]},"properties":{"objectid":2619,"areaname":"Mansfield","class":"city","st":"OH","capital":"N","pop2000":49346}},{"type":"Feature","id":2759,"geometry":{"type":"Point","coordinates":[-123.27599803899994,44.570779873000049]},"properties":{"objectid":2759,"areaname":"Corvallis","class":"city","st":"OR","capital":"N","pop2000":49322}},{"type":"Feature","id":2102,"geometry":{"type":"Point","coordinates":[-97.054860076999944,47.912325999000075]},"properties":{"objectid":2102,"areaname":"Grand Forks","class":"city","st":"ND","capital":"N","pop2000":49321}},{"type":"Feature","id":1411,"geometry":{"type":"Point","coordinates":[-86.444423130999951,36.981657092000034]},"properties":{"objectid":1411,"areaname":"Bowling Green","class":"city","st":"KY","capital":"N","pop2000":49296}},{"type":"Feature","id":957,"geometry":{"type":"Point","coordinates":[-80.388150982999946,26.107533889000024]},"properties":{"objectid":957,"areaname":"Weston","class":"city","st":"FL","capital":"N","pop2000":49286}},{"type":"Feature","id":385,"geometry":{"type":"Point","coordinates":[-121.22081799599999,37.80277691200007]},"properties":{"objectid":385,"areaname":"Manteca","class":"city","st":"CA","capital":"N","pop2000":49258}},{"type":"Feature","id":2516,"geometry":{"type":"Point","coordinates":[-73.680808949999971,42.73827809200003]},"properties":{"objectid":2516,"areaname":"Troy","class":"city","st":"NY","capital":"N","pop2000":49170}},{"type":"Feature","id":600,"geometry":{"type":"Point","coordinates":[-121.77249803999996,38.674053935000074]},"properties":{"objectid":600,"areaname":"Woodland","class":"city","st":"CA","capital":"N","pop2000":49151}},{"type":"Feature","id":328,"geometry":{"type":"Point","coordinates":[-116.23188909799995,33.719871084000033]},"properties":{"objectid":328,"areaname":"Indio","class":"city","st":"CA","capital":"N","pop2000":49116}},{"type":"Feature","id":2832,"geometry":{"type":"Point","coordinates":[-76.875612948999958,40.269789039000045]},"properties":{"objectid":2832,"areaname":"Harrisburg","class":"city","st":"PA","capital":"Y","pop2000":48950}},{"type":"Feature","id":1046,"geometry":{"type":"Point","coordinates":[-83.638027075999958,32.608719896000025]},"properties":{"objectid":1046,"areaname":"Warner Robins","class":"city","st":"GA","capital":"N","pop2000":48804}},{"type":"Feature","id":1154,"geometry":{"type":"Point","coordinates":[-88.014855122999961,41.790730035000081]},"properties":{"objectid":1154,"areaname":"Downers Grove","class":"village","st":"IL","capital":"N","pop2000":48724}},{"type":"Feature","id":2042,"geometry":{"type":"Point","coordinates":[-79.039466055999981,35.925920910000059]},"properties":{"objectid":2042,"areaname":"Chapel Hill","class":"town","st":"NC","capital":"N","pop2000":48715}},{"type":"Feature","id":2908,"geometry":{"type":"Point","coordinates":[-71.360824110999943,41.801500132000058]},"properties":{"objectid":2908,"areaname":"East Providence","class":"city","st":"RI","capital":"N","pop2000":48688}},{"type":"Feature","id":3282,"geometry":{"type":"Point","coordinates":[-77.442620977999979,38.842469995000044]},"properties":{"objectid":3282,"areaname":"Centreville","class":"CDP","st":"VA","capital":"N","pop2000":48661}},{"type":"Feature","id":2230,"geometry":{"type":"Point","coordinates":[-74.447751121999943,40.488303998000049]},"properties":{"objectid":2230,"areaname":"New Brunswick","class":"city","st":"NJ","capital":"N","pop2000":48573}},{"type":"Feature","id":490,"geometry":{"type":"Point","coordinates":[-117.88979106999994,33.980961873000069]},"properties":{"objectid":490,"areaname":"Rowland Heights","class":"CDP","st":"CA","capital":"N","pop2000":48553}},{"type":"Feature","id":3084,"geometry":{"type":"Point","coordinates":[-98.163750972999992,26.304224873000067]},"properties":{"objectid":3084,"areaname":"Edinburg","class":"city","st":"TX","capital":"N","pop2000":48465}},{"type":"Feature","id":3290,"geometry":{"type":"Point","coordinates":[-79.40440399199997,36.587238097000068]},"properties":{"objectid":3290,"areaname":"Danville","class":"city","st":"VA","capital":"N","pop2000":48411}},{"type":"Feature","id":1285,"geometry":{"type":"Point","coordinates":[-87.803890865999961,41.573800044000052]},"properties":{"objectid":1285,"areaname":"Tinley Park","class":"village","st":"IL","capital":"N","pop2000":48401}},{"type":"Feature","id":766,"geometry":{"type":"Point","coordinates":[-81.857095870999956,26.631750006000061]},"properties":{"objectid":766,"areaname":"Fort Myers","class":"city","st":"FL","capital":"N","pop2000":48208}},{"type":"Feature","id":1562,"geometry":{"type":"Point","coordinates":[-70.961465079999982,42.53404497300005]},"properties":{"objectid":1562,"areaname":"Peabody","class":"city","st":"MA","capital":"N","pop2000":48129}},{"type":"Feature","id":1806,"geometry":{"type":"Point","coordinates":[-82.93851510199994,42.503285109000046]},"properties":{"objectid":1806,"areaname":"Roseville","class":"city","st":"MI","capital":"N","pop2000":48129}},{"type":"Feature","id":1924,"geometry":{"type":"Point","coordinates":[-94.274420904999943,39.017794037000044]},"properties":{"objectid":1924,"areaname":"Blue Springs","class":"city","st":"MO","capital":"N","pop2000":48080}},{"type":"Feature","id":461,"geometry":{"type":"Point","coordinates":[-117.03847894499995,32.969894917000033]},"properties":{"objectid":461,"areaname":"Poway","class":"city","st":"CA","capital":"N","pop2000":48044}},{"type":"Feature","id":1405,"geometry":{"type":"Point","coordinates":[-94.765818025999977,39.012766960000079]},"properties":{"objectid":1405,"areaname":"Shawnee","class":"city","st":"KS","capital":"N","pop2000":47996}},{"type":"Feature","id":2251,"geometry":{"type":"Point","coordinates":[-74.416070009999942,40.615352019000056]},"properties":{"objectid":2251,"areaname":"Plainfield","class":"city","st":"NJ","capital":"N","pop2000":47829}},{"type":"Feature","id":1511,"geometry":{"type":"Point","coordinates":[-70.353058893999957,41.659158114000036]},"properties":{"objectid":1511,"areaname":"Barnstable Town","class":"city","st":"MA","capital":"N","pop2000":47821}},{"type":"Feature","id":813,"geometry":{"type":"Point","coordinates":[-81.412867006999988,28.303987975000041]},"properties":{"objectid":813,"areaname":"Kissimmee","class":"city","st":"FL","capital":"N","pop2000":47814}},{"type":"Feature","id":2149,"geometry":{"type":"Point","coordinates":[-74.188959033999936,40.802999901000078]},"properties":{"objectid":2149,"areaname":"Bloomfield","class":"CDP","st":"NJ","capital":"N","pop2000":47683}},{"type":"Feature","id":239,"geometry":{"type":"Point","coordinates":[-117.32168688299998,34.064944978000028]},"properties":{"objectid":239,"areaname":"Colton","class":"city","st":"CA","capital":"N","pop2000":47662}},{"type":"Feature","id":421,"geometry":{"type":"Point","coordinates":[-122.56521500099996,38.093370036000067]},"properties":{"objectid":421,"areaname":"Novato","class":"city","st":"CA","capital":"N","pop2000":47630}},{"type":"Feature","id":2943,"geometry":{"type":"Point","coordinates":[-79.845477013999982,32.823188988000027]},"properties":{"objectid":2943,"areaname":"Mount Pleasant","class":"town","st":"SC","capital":"N","pop2000":47609}},{"type":"Feature","id":1860,"geometry":{"type":"Point","coordinates":[-93.354674989999978,44.89566394600007]},"properties":{"objectid":1860,"areaname":"Edina","class":"city","st":"MN","capital":"N","pop2000":47425}},{"type":"Feature","id":1686,"geometry":{"type":"Point","coordinates":[-77.148225976999981,39.083708071000046]},"properties":{"objectid":1686,"areaname":"Rockville","class":"city","st":"MD","capital":"N","pop2000":47388}},{"type":"Feature","id":1793,"geometry":{"type":"Point","coordinates":[-83.47753088099995,42.480300869000075]},"properties":{"objectid":1793,"areaname":"Novi","class":"city","st":"MI","capital":"N","pop2000":47386}},{"type":"Feature","id":2357,"geometry":{"type":"Point","coordinates":[-75.911796869999989,42.102225056000066]},"properties":{"objectid":2357,"areaname":"Binghamton","class":"city","st":"NY","capital":"N","pop2000":47380}},{"type":"Feature","id":939,"geometry":{"type":"Point","coordinates":[-80.436005892999958,25.670600960000058]},"properties":{"objectid":939,"areaname":"The Hammocks","class":"CDP","st":"FL","capital":"N","pop2000":47379}},{"type":"Feature","id":2248,"geometry":{"type":"Point","coordinates":[-74.275325945999953,40.51945513000004]},"properties":{"objectid":2248,"areaname":"Perth Amboy","class":"city","st":"NJ","capital":"N","pop2000":47303}},{"type":"Feature","id":1567,"geometry":{"type":"Point","coordinates":[-71.005250082999964,42.416247017000046]},"properties":{"objectid":1567,"areaname":"Revere","class":"city","st":"MA","capital":"N","pop2000":47283}},{"type":"Feature","id":3523,"geometry":{"type":"Point","coordinates":[-88.026162108999984,43.058862084000054]},"properties":{"objectid":3523,"areaname":"Wauwatosa","class":"city","st":"WI","capital":"N","pop2000":47271}},{"type":"Feature","id":469,"geometry":{"type":"Point","coordinates":[-117.59452400499998,33.641517984000075]},"properties":{"objectid":469,"areaname":"Rancho Santa Margarita","class":"city","st":"CA","capital":"N","pop2000":47214}},{"type":"Feature","id":3040,"geometry":{"type":"Point","coordinates":[-97.139629863999971,32.846789972000067]},"properties":{"objectid":3040,"areaname":"Bedford","class":"city","st":"TX","capital":"N","pop2000":47152}},{"type":"Feature","id":2725,"geometry":{"type":"Point","coordinates":[-97.880783984999937,36.400583029000074]},"properties":{"objectid":2725,"areaname":"Enid","class":"city","st":"OK","capital":"N","pop2000":47045}},{"type":"Feature","id":248,"geometry":{"type":"Point","coordinates":[-117.87919311999997,34.091608962000066]},"properties":{"objectid":248,"areaname":"Covina","class":"city","st":"CA","capital":"N","pop2000":46837}},{"type":"Feature","id":2693,"geometry":{"type":"Point","coordinates":[-80.814553936999971,41.238206111000068]},"properties":{"objectid":2693,"areaname":"Warren","class":"city","st":"OH","capital":"N","pop2000":46832}},{"type":"Feature","id":2866,"geometry":{"type":"Point","coordinates":[-79.833302108999987,40.476218068000037]},"properties":{"objectid":2866,"areaname":"Penn Hills","class":"CDP","st":"PA","capital":"N","pop2000":46809}},{"type":"Feature","id":1928,"geometry":{"type":"Point","coordinates":[-90.55425489299995,38.653402107000034]},"properties":{"objectid":1928,"areaname":"Chesterfield","class":"city","st":"MO","capital":"N","pop2000":46802}},{"type":"Feature","id":348,"geometry":{"type":"Point","coordinates":[-118.00966307899995,33.902129911000031]},"properties":{"objectid":348,"areaname":"La Mirada","class":"city","st":"CA","capital":"N","pop2000":46783}},{"type":"Feature","id":2166,"geometry":{"type":"Point","coordinates":[-74.405039895999948,40.434239088000027]},"properties":{"objectid":2166,"areaname":"East Brunswick","class":"CDP","st":"NJ","capital":"N","pop2000":46756}},{"type":"Feature","id":3167,"geometry":{"type":"Point","coordinates":[-98.18517400799999,26.206334065000078]},"properties":{"objectid":3167,"areaname":"Pharr","class":"city","st":"TX","capital":"N","pop2000":46660}},{"type":"Feature","id":1353,"geometry":{"type":"Point","coordinates":[-86.171253043999968,41.667497983000032]},"properties":{"objectid":1353,"areaname":"Mishawaka","class":"city","st":"IN","capital":"N","pop2000":46557}},{"type":"Feature","id":1746,"geometry":{"type":"Point","coordinates":[-84.481674932999965,42.740383922000035]},"properties":{"objectid":1746,"areaname":"East Lansing","class":"city","st":"MI","capital":"N","pop2000":46525}},{"type":"Feature","id":455,"geometry":{"type":"Point","coordinates":[-117.85513012999996,33.882363963000046]},"properties":{"objectid":455,"areaname":"Placentia","class":"city","st":"CA","capital":"N","pop2000":46488}},{"type":"Feature","id":1916,"geometry":{"type":"Point","coordinates":[-92.935414889999947,44.92010107200008]},"properties":{"objectid":1916,"areaname":"Woodbury","class":"city","st":"MN","capital":"N","pop2000":46463}},{"type":"Feature","id":897,"geometry":{"type":"Point","coordinates":[-82.105831042999966,26.990180899000052]},"properties":{"objectid":897,"areaname":"Port Charlotte","class":"CDP","st":"FL","capital":"N","pop2000":46451}},{"type":"Feature","id":1084,"geometry":{"type":"Point","coordinates":[-93.750358974999983,41.573738977000062]},"properties":{"objectid":1084,"areaname":"West Des Moines","class":"city","st":"IA","capital":"N","pop2000":46403}},{"type":"Feature","id":1453,"geometry":{"type":"Point","coordinates":[-92.459152882999945,31.292782122000062]},"properties":{"objectid":1453,"areaname":"Alexandria","class":"city","st":"LA","capital":"N","pop2000":46342}},{"type":"Feature","id":2635,"geometry":{"type":"Point","coordinates":[-82.416778950999969,40.063014058000078]},"properties":{"objectid":2635,"areaname":"Newark","class":"city","st":"OH","capital":"N","pop2000":46279}},{"type":"Feature","id":253,"geometry":{"type":"Point","coordinates":[-118.03904493899995,33.818315084000062]},"properties":{"objectid":253,"areaname":"Cypress","class":"city","st":"CA","capital":"N","pop2000":46229}},{"type":"Feature","id":1968,"geometry":{"type":"Point","coordinates":[-90.708003923999968,38.784358112000064]},"properties":{"objectid":1968,"areaname":"O'Fallon","class":"city","st":"MO","capital":"N","pop2000":46169}},{"type":"Feature","id":1341,"geometry":{"type":"Point","coordinates":[-86.131754028999978,40.482237960000077]},"properties":{"objectid":1341,"areaname":"Kokomo","class":"city","st":"IN","capital":"N","pop2000":46113}},{"type":"Feature","id":3088,"geometry":{"type":"Point","coordinates":[-97.091781861999948,32.848253083000031]},"properties":{"objectid":3088,"areaname":"Euless","class":"city","st":"TX","capital":"N","pop2000":46005}},{"type":"Feature","id":2528,"geometry":{"type":"Point","coordinates":[-78.760924873999954,42.839058096000031]},"properties":{"objectid":2528,"areaname":"West Seneca","class":"CDP","st":"NY","capital":"N","pop2000":45943}},{"type":"Feature","id":864,"geometry":{"type":"Point","coordinates":[-82.130613014999938,29.187704064000059]},"properties":{"objectid":864,"areaname":"Ocala","class":"city","st":"FL","capital":"N","pop2000":45943}},{"type":"Feature","id":898,"geometry":{"type":"Point","coordinates":[-81.002905880999947,29.118969915000037]},"properties":{"objectid":898,"areaname":"Port Orange","class":"city","st":"FL","capital":"N","pop2000":45823}},{"type":"Feature","id":107,"geometry":{"type":"Point","coordinates":[-94.145919996999964,36.181425904000037]},"properties":{"objectid":107,"areaname":"Springdale","class":"city","st":"AR","capital":"N","pop2000":45798}},{"type":"Feature","id":1563,"geometry":{"type":"Point","coordinates":[-73.25153006499994,42.452183999000056]},"properties":{"objectid":1563,"areaname":"Pittsfield","class":"city","st":"MA","capital":"N","pop2000":45793}},{"type":"Feature","id":2299,"geometry":{"type":"Point","coordinates":[-74.013090089999935,40.788400019000051]},"properties":{"objectid":2299,"areaname":"West New York","class":"town","st":"NJ","capital":"N","pop2000":45768}},{"type":"Feature","id":1404,"geometry":{"type":"Point","coordinates":[-97.607204945999968,38.824266909000073]},"properties":{"objectid":1404,"areaname":"Salina","class":"city","st":"KS","capital":"N","pop2000":45679}},{"type":"Feature","id":891,"geometry":{"type":"Point","coordinates":[-82.707096031999981,27.852302082000051]},"properties":{"objectid":891,"areaname":"Pinellas Park","class":"city","st":"FL","capital":"N","pop2000":45658}},{"type":"Feature","id":1838,"geometry":{"type":"Point","coordinates":[-93.20624399999997,44.743962993000025]},"properties":{"objectid":1838,"areaname":"Apple Valley","class":"city","st":"MN","capital":"N","pop2000":45527}},{"type":"Feature","id":1948,"geometry":{"type":"Point","coordinates":[-94.511024000999953,37.077760114000057]},"properties":{"objectid":1948,"areaname":"Joplin","class":"city","st":"MO","capital":"N","pop2000":45504}},{"type":"Feature","id":3134,"geometry":{"type":"Point","coordinates":[-95.089783888999989,29.499797040000033]},"properties":{"objectid":3134,"areaname":"League City","class":"city","st":"TX","capital":"N","pop2000":45444}},{"type":"Feature","id":3149,"geometry":{"type":"Point","coordinates":[-98.321277011999939,26.211402037000028]},"properties":{"objectid":3149,"areaname":"Mission","class":"city","st":"TX","capital":"N","pop2000":45408}},{"type":"Feature","id":1235,"geometry":{"type":"Point","coordinates":[-88.988701040999956,40.512189038000031]},"properties":{"objectid":1235,"areaname":"Normal","class":"town","st":"IL","capital":"N","pop2000":45386}},{"type":"Feature","id":2323,"geometry":{"type":"Point","coordinates":[-104.52811609799994,33.387159991000033]},"properties":{"objectid":2323,"areaname":"Roswell","class":"city","st":"NM","capital":"N","pop2000":45293}},{"type":"Feature","id":3427,"geometry":{"type":"Point","coordinates":[-122.12387505499998,47.669413980000058]},"properties":{"objectid":3427,"areaname":"Redmond","class":"city","st":"WA","capital":"N","pop2000":45256}},{"type":"Feature","id":1777,"geometry":{"type":"Point","coordinates":[-85.609469936999972,42.882832046000033]},"properties":{"objectid":1777,"areaname":"Kentwood","class":"city","st":"MI","capital":"N","pop2000":45255}},{"type":"Feature","id":3394,"geometry":{"type":"Point","coordinates":[-122.19172912699997,47.685820991000071]},"properties":{"objectid":3394,"areaname":"Kirkland","class":"city","st":"WA","capital":"N","pop2000":45054}},{"type":"Feature","id":3284,"geometry":{"type":"Point","coordinates":[-78.486474047999934,38.034506012000065]},"properties":{"objectid":3284,"areaname":"Charlottesville","class":"city","st":"VA","capital":"N","pop2000":45049}},{"type":"Feature","id":2300,"geometry":{"type":"Point","coordinates":[-74.255416035999986,40.788650088000054]},"properties":{"objectid":2300,"areaname":"West Orange","class":"CDP","st":"NJ","capital":"N","pop2000":44943}},{"type":"Feature","id":1841,"geometry":{"type":"Point","coordinates":[-93.227087869999991,45.156864986000073]},"properties":{"objectid":1841,"areaname":"Blaine","class":"city","st":"MN","capital":"N","pop2000":44942}},{"type":"Feature","id":2039,"geometry":{"type":"Point","coordinates":[-79.445578053999952,36.089635950000059]},"properties":{"objectid":2039,"areaname":"Burlington","class":"city","st":"NC","capital":"N","pop2000":44917}},{"type":"Feature","id":2998,"geometry":{"type":"Point","coordinates":[-82.542122910999979,36.536850996000055]},"properties":{"objectid":2998,"areaname":"Kingsport","class":"city","st":"TN","capital":"N","pop2000":44905}},{"type":"Feature","id":1799,"geometry":{"type":"Point","coordinates":[-85.588524933999963,42.209591958000033]},"properties":{"objectid":1799,"areaname":"Portage","class":"city","st":"MI","capital":"N","pop2000":44897}},{"type":"Feature","id":1395,"geometry":{"type":"Point","coordinates":[-96.586818015999938,39.190142120000075]},"properties":{"objectid":1395,"areaname":"Manhattan","class":"city","st":"KS","capital":"N","pop2000":44831}},{"type":"Feature","id":1681,"geometry":{"type":"Point","coordinates":[-77.186422974999971,39.022694007000041]},"properties":{"objectid":1681,"areaname":"Potomac","class":"CDP","st":"MD","capital":"N","pop2000":44822}},{"type":"Feature","id":2003,"geometry":{"type":"Point","coordinates":[-89.308658063999985,31.315973877000033]},"properties":{"objectid":2003,"areaname":"Hattiesburg","class":"city","st":"MS","capital":"N","pop2000":44779}},{"type":"Feature","id":518,"geometry":{"type":"Point","coordinates":[-121.95213791399999,37.757350020000047]},"properties":{"objectid":518,"areaname":"San Ramon","class":"city","st":"CA","capital":"N","pop2000":44722}},{"type":"Feature","id":184,"geometry":{"type":"Point","coordinates":[-117.90686898399997,34.130657023000026]},"properties":{"objectid":184,"areaname":"Azusa","class":"city","st":"CA","capital":"N","pop2000":44712}},{"type":"Feature","id":322,"geometry":{"type":"Point","coordinates":[-117.20236999999997,34.118458908000036]},"properties":{"objectid":322,"areaname":"Highland","class":"city","st":"CA","capital":"N","pop2000":44605}},{"type":"Feature","id":3181,"geometry":{"type":"Point","coordinates":[-96.547414883999977,32.907020118000048]},"properties":{"objectid":3181,"areaname":"Rowlett","class":"city","st":"TX","capital":"N","pop2000":44503}},{"type":"Feature","id":2097,"geometry":{"type":"Point","coordinates":[-77.923509122999974,35.731092871000044]},"properties":{"objectid":2097,"areaname":"Wilson","class":"city","st":"NC","capital":"N","pop2000":44405}},{"type":"Feature","id":2109,"geometry":{"type":"Point","coordinates":[-95.934134978999964,41.158518113000071]},"properties":{"objectid":2109,"areaname":"Bellevue","class":"city","st":"NE","capital":"N","pop2000":44382}},{"type":"Feature","id":410,"geometry":{"type":"Point","coordinates":[-117.20245289499996,33.569566096000074]},"properties":{"objectid":410,"areaname":"Murrieta","class":"city","st":"CA","capital":"N","pop2000":44282}},{"type":"Feature","id":586,"geometry":{"type":"Point","coordinates":[-121.76372490299997,36.92005391500004]},"properties":{"objectid":586,"areaname":"Watsonville","class":"city","st":"CA","capital":"N","pop2000":44265}},{"type":"Feature","id":419,"geometry":{"type":"Point","coordinates":[-121.37269800399997,38.673003093000034]},"properties":{"objectid":419,"areaname":"North Highlands","class":"CDP","st":"CA","capital":"N","pop2000":44187}},{"type":"Feature","id":512,"geometry":{"type":"Point","coordinates":[-120.66319211299998,35.274305018000064]},"properties":{"objectid":512,"areaname":"San Luis Obispo","class":"city","st":"CA","capital":"N","pop2000":44174}},{"type":"Feature","id":1903,"geometry":{"type":"Point","coordinates":[-93.36250090499999,44.946763950000047]},"properties":{"objectid":1903,"areaname":"St. Louis Park","class":"city","st":"MN","capital":"N","pop2000":44126}},{"type":"Feature","id":194,"geometry":{"type":"Point","coordinates":[-118.15603908199995,33.968181000000072]},"properties":{"objectid":194,"areaname":"Bell Gardens","class":"city","st":"CA","capital":"N","pop2000":44054}},{"type":"Feature","id":564,"geometry":{"type":"Point","coordinates":[-119.34240410599995,36.206601079000052]},"properties":{"objectid":564,"areaname":"Tulare","class":"city","st":"CA","capital":"N","pop2000":43994}},{"type":"Feature","id":2677,"geometry":{"type":"Point","coordinates":[-81.831975959999966,41.312752084000067]},"properties":{"objectid":2677,"areaname":"Strongsville","class":"city","st":"OH","capital":"N","pop2000":43858}},{"type":"Feature","id":1551,"geometry":{"type":"Point","coordinates":[-71.179351964999967,42.730039909000027]},"properties":{"objectid":1551,"areaname":"Methuen","class":"city","st":"MA","capital":"N","pop2000":43789}},{"type":"Feature","id":2394,"geometry":{"type":"Point","coordinates":[-73.587004903999969,40.653935035000075]},"properties":{"objectid":2394,"areaname":"Freeport","class":"village","st":"NY","capital":"N","pop2000":43783}},{"type":"Feature","id":1224,"geometry":{"type":"Point","coordinates":[-90.50200595299998,41.49096587300005]},"properties":{"objectid":1224,"areaname":"Moline","class":"city","st":"IL","capital":"N","pop2000":43768}},{"type":"Feature","id":1044,"geometry":{"type":"Point","coordinates":[-83.283101016999979,30.846661023000024]},"properties":{"objectid":1044,"areaname":"Valdosta","class":"city","st":"GA","capital":"N","pop2000":43724}},{"type":"Feature","id":730,"geometry":{"type":"Point","coordinates":[-80.184718912999983,26.275009910000051]},"properties":{"objectid":730,"areaname":"Coconut Creek","class":"city","st":"FL","capital":"N","pop2000":43566}},{"type":"Feature","id":3028,"geometry":{"type":"Point","coordinates":[-96.662921876999974,33.099748131000069]},"properties":{"objectid":3028,"areaname":"Allen","class":"city","st":"TX","capital":"N","pop2000":43554}},{"type":"Feature","id":647,"geometry":{"type":"Point","coordinates":[-104.95696309599998,39.591734916000064]},"properties":{"objectid":647,"areaname":"Southglenn","class":"CDP","st":"CO","capital":"N","pop2000":43520}},{"type":"Feature","id":2523,"geometry":{"type":"Point","coordinates":[-73.357105865999984,40.713398948000076]},"properties":{"objectid":2523,"areaname":"West Babylon","class":"CDP","st":"NY","capital":"N","pop2000":43452}},{"type":"Feature","id":1414,"geometry":{"type":"Point","coordinates":[-84.509593958999972,39.065110953000044]},"properties":{"objectid":1414,"areaname":"Covington","class":"city","st":"KY","capital":"N","pop2000":43370}},{"type":"Feature","id":3342,"geometry":{"type":"Point","coordinates":[-77.575937025999963,37.595896101000051]},"properties":{"objectid":3342,"areaname":"Tuckahoe","class":"CDP","st":"VA","capital":"N","pop2000":43242}},{"type":"Feature","id":2918,"geometry":{"type":"Point","coordinates":[-71.507223048999947,42.001731043000063]},"properties":{"objectid":2918,"areaname":"Woonsocket","class":"city","st":"RI","capital":"N","pop2000":43224}},{"type":"Feature","id":381,"geometry":{"type":"Point","coordinates":[-120.06731590299995,36.963410899000053]},"properties":{"objectid":381,"areaname":"Madera","class":"city","st":"CA","capital":"N","pop2000":43207}},{"type":"Feature","id":666,"geometry":{"type":"Point","coordinates":[-72.663205936999987,41.553672117000076]},"properties":{"objectid":666,"areaname":"Middletown","class":"city","st":"CT","capital":"N","pop2000":43167}},{"type":"Feature","id":85,"geometry":{"type":"Point","coordinates":[-92.453315084999986,35.087336052000069]},"properties":{"objectid":85,"areaname":"Conway","class":"city","st":"AR","capital":"N","pop2000":43167}},{"type":"Feature","id":1874,"geometry":{"type":"Point","coordinates":[-93.244668961999992,44.691901122000047]},"properties":{"objectid":1874,"areaname":"Lakeville","class":"city","st":"MN","capital":"N","pop2000":43128}},{"type":"Feature","id":2897,"geometry":{"type":"Point","coordinates":[-75.877917912999976,41.244581074000052]},"properties":{"objectid":2897,"areaname":"Wilkes-Barre","class":"city","st":"PA","capital":"N","pop2000":43123}},{"type":"Feature","id":1733,"geometry":{"type":"Point","coordinates":[-83.266983035999942,42.576332878000073]},"properties":{"objectid":1733,"areaname":"Bloomfield Township","class":"CDP","st":"MI","capital":"N","pop2000":43021}},{"type":"Feature","id":26,"geometry":{"type":"Point","coordinates":[-85.480823132999944,32.597683980000056]},"properties":{"objectid":26,"areaname":"Auburn","class":"city","st":"AL","capital":"N","pop2000":42987}},{"type":"Feature","id":2113,"geometry":{"type":"Point","coordinates":[-98.357995978999952,40.922315956000034]},"properties":{"objectid":2113,"areaname":"Grand Island","class":"city","st":"NE","capital":"N","pop2000":42940}},{"type":"Feature","id":1124,"geometry":{"type":"Point","coordinates":[-87.963390930999935,42.166331962000072]},"properties":{"objectid":1124,"areaname":"Buffalo Grove","class":"village","st":"IL","capital":"N","pop2000":42909}},{"type":"Feature","id":439,"geometry":{"type":"Point","coordinates":[-116.53033908499998,33.823990130000027]},"properties":{"objectid":439,"areaname":"Palm Springs","class":"city","st":"CA","capital":"N","pop2000":42807}},{"type":"Feature","id":1162,"geometry":{"type":"Point","coordinates":[-87.943762036999942,41.892279864000045]},"properties":{"objectid":1162,"areaname":"Elmhurst","class":"city","st":"IL","capital":"N","pop2000":42762}},{"type":"Feature","id":2187,"geometry":{"type":"Point","coordinates":[-74.047977887999934,40.887797044000081]},"properties":{"objectid":2187,"areaname":"Hackensack","class":"city","st":"NJ","capital":"N","pop2000":42677}},{"type":"Feature","id":3246,"geometry":{"type":"Point","coordinates":[-111.83084608599995,41.73787789000005]},"properties":{"objectid":3246,"areaname":"Logan","class":"city","st":"UT","capital":"N","pop2000":42670}},{"type":"Feature","id":222,"geometry":{"type":"Point","coordinates":[-116.46473093599997,33.807761068000048]},"properties":{"objectid":222,"areaname":"Cathedral City","class":"city","st":"CA","capital":"N","pop2000":42647}},{"type":"Feature","id":167,"geometry":{"type":"Point","coordinates":[-118.13479510199994,34.188605049000046]},"properties":{"objectid":167,"areaname":"Altadena","class":"CDP","st":"CA","capital":"N","pop2000":42610}},{"type":"Feature","id":3416,"geometry":{"type":"Point","coordinates":[-122.89307696599997,47.042418138000073]},"properties":{"objectid":3416,"areaname":"Olympia","class":"city","st":"WA","capital":"Y","pop2000":42514}},{"type":"Feature","id":413,"geometry":{"type":"Point","coordinates":[-122.03362889599998,37.535586099000056]},"properties":{"objectid":413,"areaname":"Newark","class":"city","st":"CA","capital":"N","pop2000":42471}},{"type":"Feature","id":1509,"geometry":{"type":"Point","coordinates":[-71.165721962999953,42.417896090000056]},"properties":{"objectid":1509,"areaname":"Arlington","class":"CDP","st":"MA","capital":"N","pop2000":42389}},{"type":"Feature","id":1210,"geometry":{"type":"Point","coordinates":[-88.015059875999953,41.875978959000065]},"properties":{"objectid":1210,"areaname":"Lombard","class":"village","st":"IL","capital":"N","pop2000":42322}},{"type":"Feature","id":733,"geometry":{"type":"Point","coordinates":[-80.27098607399995,25.728227902000071]},"properties":{"objectid":733,"areaname":"Coral Gables","class":"city","st":"FL","capital":"N","pop2000":42249}},{"type":"Feature","id":484,"geometry":{"type":"Point","coordinates":[-122.69537796899999,38.347174009000071]},"properties":{"objectid":484,"areaname":"Rohnert Park","class":"city","st":"CA","capital":"N","pop2000":42236}},{"type":"Feature","id":3470,"geometry":{"type":"Point","coordinates":[-88.444906872999979,43.775138902000037]},"properties":{"objectid":3470,"areaname":"Fond du Lac","class":"city","st":"WI","capital":"N","pop2000":42203}},{"type":"Feature","id":2588,"geometry":{"type":"Point","coordinates":[-84.542842077999978,39.331155871000078]},"properties":{"objectid":2588,"areaname":"Fairfield","class":"city","st":"OH","capital":"N","pop2000":42097}},{"type":"Feature","id":1510,"geometry":{"type":"Point","coordinates":[-71.314564115999985,41.928099134000036]},"properties":{"objectid":1510,"areaname":"Attleboro","class":"city","st":"MA","capital":"N","pop2000":42068}},{"type":"Feature","id":3104,"geometry":{"type":"Point","coordinates":[-97.085784074999992,32.93502507900007]},"properties":{"objectid":3104,"areaname":"Grapevine","class":"city","st":"TX","capital":"N","pop2000":42059}},{"type":"Feature","id":629,"geometry":{"type":"Point","coordinates":[-108.55909710899999,39.080530952000061]},"properties":{"objectid":629,"areaname":"Grand Junction","class":"city","st":"CO","capital":"N","pop2000":41986}},{"type":"Feature","id":132,"geometry":{"type":"Point","coordinates":[-114.30901902499994,34.489969099000064]},"properties":{"objectid":132,"areaname":"Lake Havasu City","class":"city","st":"AZ","capital":"N","pop2000":41938}},{"type":"Feature","id":1177,"geometry":{"type":"Point","coordinates":[-87.815622001999941,42.079391134000048]},"properties":{"objectid":1177,"areaname":"Glenview","class":"village","st":"IL","capital":"N","pop2000":41847}},{"type":"Feature","id":2990,"geometry":{"type":"Point","coordinates":[-86.857401939999988,35.929073990000063]},"properties":{"objectid":2990,"areaname":"Franklin","class":"city","st":"TN","capital":"N","pop2000":41842}},{"type":"Feature","id":890,"geometry":{"type":"Point","coordinates":[-81.457267096999942,28.574875941000073]},"properties":{"objectid":890,"areaname":"Pine Hills","class":"CDP","st":"FL","capital":"N","pop2000":41764}},{"type":"Feature","id":2749,"geometry":{"type":"Point","coordinates":[-122.87200706699997,45.490238969000075]},"properties":{"objectid":2749,"areaname":"Aloha","class":"CDP","st":"OR","capital":"N","pop2000":41741}},{"type":"Feature","id":256,"geometry":{"type":"Point","coordinates":[-121.97419206199999,37.81147599600007]},"properties":{"objectid":256,"areaname":"Danville","class":"town","st":"CA","capital":"N","pop2000":41715}},{"type":"Feature","id":313,"geometry":{"type":"Point","coordinates":[-119.64688890599996,36.333273030000043]},"properties":{"objectid":313,"areaname":"Hanford","class":"city","st":"CA","capital":"N","pop2000":41686}},{"type":"Feature","id":1784,"geometry":{"type":"Point","coordinates":[-84.230628073999981,43.622707085000059]},"properties":{"objectid":1784,"areaname":"Midland","class":"city","st":"MI","capital":"N","pop2000":41685}},{"type":"Feature","id":1999,"geometry":{"type":"Point","coordinates":[-91.048356074999958,33.398576952000042]},"properties":{"objectid":1999,"areaname":"Greenville","class":"city","st":"MS","capital":"N","pop2000":41633}},{"type":"Feature","id":3207,"geometry":{"type":"Point","coordinates":[-94.933851106999953,29.39998304900007]},"properties":{"objectid":3207,"areaname":"Texas City","class":"city","st":"TX","capital":"N","pop2000":41521}},{"type":"Feature","id":301,"geometry":{"type":"Point","coordinates":[-121.58008005799996,37.012048069000059]},"properties":{"objectid":301,"areaname":"Gilroy","class":"city","st":"CA","capital":"N","pop2000":41464}},{"type":"Feature","id":1111,"geometry":{"type":"Point","coordinates":[-89.995207899999969,38.52156713100004]},"properties":{"objectid":1111,"areaname":"Belleville","class":"city","st":"IL","capital":"N","pop2000":41410}},{"type":"Feature","id":1539,"geometry":{"type":"Point","coordinates":[-71.753581874999952,42.526523009000073]},"properties":{"objectid":1539,"areaname":"Leominster","class":"city","st":"MA","capital":"N","pop2000":41303}},{"type":"Feature","id":3229,"geometry":{"type":"Point","coordinates":[-111.87155289199995,40.879645072000073]},"properties":{"objectid":3229,"areaname":"Bountiful","class":"city","st":"UT","capital":"N","pop2000":41301}},{"type":"Feature","id":2410,"geometry":{"type":"Point","coordinates":[-73.523230962999946,40.763354990000039]},"properties":{"objectid":2410,"areaname":"Hicksville","class":"CDP","st":"NY","capital":"N","pop2000":41260}},{"type":"Feature","id":2791,"geometry":{"type":"Point","coordinates":[-122.77897395099995,45.427639937000038]},"properties":{"objectid":2791,"areaname":"Tigard","class":"city","st":"OR","capital":"N","pop2000":41223}},{"type":"Feature","id":603,"geometry":{"type":"Point","coordinates":[-117.04861295499995,34.030274920000068]},"properties":{"objectid":603,"areaname":"Yucaipa","class":"city","st":"CA","capital":"N","pop2000":41207}},{"type":"Feature","id":700,"geometry":{"type":"Point","coordinates":[-81.392015952999941,28.661463080000033]},"properties":{"objectid":700,"areaname":"Altamonte Springs","class":"city","st":"FL","capital":"N","pop2000":41200}},{"type":"Feature","id":438,"geometry":{"type":"Point","coordinates":[-116.36944388399996,33.725541985000064]},"properties":{"objectid":438,"areaname":"Palm Desert","class":"city","st":"CA","capital":"N","pop2000":41155}},{"type":"Feature","id":467,"geometry":{"type":"Point","coordinates":[-118.36425589699996,33.758215913000072]},"properties":{"objectid":467,"areaname":"Rancho Palos Verdes","class":"city","st":"CA","capital":"N","pop2000":41145}},{"type":"Feature","id":2731,"geometry":{"type":"Point","coordinates":[-97.48758411099999,35.338812864000033]},"properties":{"objectid":2731,"areaname":"Moore","class":"city","st":"OK","capital":"N","pop2000":41138}},{"type":"Feature","id":372,"geometry":{"type":"Point","coordinates":[-120.46031599799994,34.646182069000076]},"properties":{"objectid":372,"areaname":"Lompoc","class":"city","st":"CA","capital":"N","pop2000":41103}},{"type":"Feature","id":353,"geometry":{"type":"Point","coordinates":[-117.95519501899997,34.032410039000069]},"properties":{"objectid":353,"areaname":"La Puente","class":"city","st":"CA","capital":"N","pop2000":41063}},{"type":"Feature","id":3283,"geometry":{"type":"Point","coordinates":[-77.402622101999953,38.874972052000032]},"properties":{"objectid":3283,"areaname":"Chantilly","class":"CDP","st":"VA","capital":"N","pop2000":41041}},{"type":"Feature","id":1036,"geometry":{"type":"Point","coordinates":[-84.518380082999954,33.871853882000039]},"properties":{"objectid":1036,"areaname":"Smyrna","class":"city","st":"GA","capital":"N","pop2000":40999}},{"type":"Feature","id":2903,"geometry":{"type":"Point","coordinates":[-76.728042969999933,39.96269191600004]},"properties":{"objectid":2903,"areaname":"York","class":"city","st":"PA","capital":"N","pop2000":40862}},{"type":"Feature","id":2748,"geometry":{"type":"Point","coordinates":[-123.09599204299997,44.630187970000065]},"properties":{"objectid":2748,"areaname":"Albany","class":"city","st":"OR","capital":"N","pop2000":40852}},{"type":"Feature","id":1386,"geometry":{"type":"Point","coordinates":[-97.923518974999979,38.065502959000071]},"properties":{"objectid":1386,"areaname":"Hutchinson","class":"city","st":"KS","capital":"N","pop2000":40787}},{"type":"Feature","id":859,"geometry":{"type":"Point","coordinates":[-80.16977998699997,25.930170887000031]},"properties":{"objectid":859,"areaname":"North Miami Beach","class":"city","st":"FL","capital":"N","pop2000":40786}},{"type":"Feature","id":3,"geometry":{"type":"Point","coordinates":[-155.08314862399996,19.702481852000062]},"properties":{"objectid":3,"areaname":"Hilo","class":"CDP","st":"HI","capital":"N","pop2000":40759}},{"type":"Feature","id":2127,"geometry":{"type":"Point","coordinates":[-71.549126870999942,43.220093013000053]},"properties":{"objectid":2127,"areaname":"Concord","class":"city","st":"NH","capital":"Y","pop2000":40687}},{"type":"Feature","id":940,"geometry":{"type":"Point","coordinates":[-80.819910938999953,28.591210004000061]},"properties":{"objectid":940,"areaname":"Titusville","class":"city","st":"FL","capital":"N","pop2000":40670}},{"type":"Feature","id":2995,"geometry":{"type":"Point","coordinates":[-86.606108880999955,36.300084043000027]},"properties":{"objectid":2995,"areaname":"Hendersonville","class":"city","st":"TN","capital":"N","pop2000":40620}},{"type":"Feature","id":2973,"geometry":{"type":"Point","coordinates":[-89.841170114999954,35.222990038000034]},"properties":{"objectid":2973,"areaname":"Bartlett","class":"city","st":"TN","capital":"N","pop2000":40543}},{"type":"Feature","id":2140,"geometry":{"type":"Point","coordinates":[-74.439034076999974,39.364966024000069]},"properties":{"objectid":2140,"areaname":"Atlantic City","class":"city","st":"NJ","capital":"N","pop2000":40517}},{"type":"Feature","id":2204,"geometry":{"type":"Point","coordinates":[-74.137187020999988,40.763051039000061]},"properties":{"objectid":2204,"areaname":"Kearny","class":"town","st":"NJ","capital":"N","pop2000":40513}},{"type":"Feature","id":3301,"geometry":{"type":"Point","coordinates":[-78.872759030999987,38.443278966000037]},"properties":{"objectid":3301,"areaname":"Harrisonburg","class":"city","st":"VA","capital":"N","pop2000":40468}},{"type":"Feature","id":1131,"geometry":{"type":"Point","coordinates":[-88.140755037999952,41.921999938000056]},"properties":{"objectid":1131,"areaname":"Carol Stream","class":"village","st":"IL","capital":"N","pop2000":40438}},{"type":"Feature","id":1568,"geometry":{"type":"Point","coordinates":[-70.898502964999977,42.516844926000033]},"properties":{"objectid":1568,"areaname":"Salem","class":"city","st":"MA","capital":"N","pop2000":40407}},{"type":"Feature","id":2269,"geometry":{"type":"Point","coordinates":[-74.324042972999962,40.465769054000077]},"properties":{"objectid":2269,"areaname":"Sayreville","class":"borough","st":"NJ","capital":"N","pop2000":40377}},{"type":"Feature","id":1258,"geometry":{"type":"Point","coordinates":[-91.388736961999939,39.932334925000077]},"properties":{"objectid":1258,"areaname":"Quincy","class":"city","st":"IL","capital":"N","pop2000":40366}},{"type":"Feature","id":636,"geometry":{"type":"Point","coordinates":[-105.01092908399994,39.599690978000069]},"properties":{"objectid":636,"areaname":"Littleton","class":"city","st":"CO","capital":"N","pop2000":40340}},{"type":"Feature","id":3360,"geometry":{"type":"Point","coordinates":[-122.21477912999995,47.302322135000054]},"properties":{"objectid":3360,"areaname":"Auburn","class":"city","st":"WA","capital":"N","pop2000":40314}},{"type":"Feature","id":1392,"geometry":{"type":"Point","coordinates":[-94.759535077999942,38.964689060000069]},"properties":{"objectid":1392,"areaname":"Lenexa","class":"city","st":"KS","capital":"N","pop2000":40238}},{"type":"Feature","id":856,"geometry":{"type":"Point","coordinates":[-81.884360019999974,26.702917975000048]},"properties":{"objectid":856,"areaname":"North Fort Myers","class":"CDP","st":"FL","capital":"N","pop2000":40214}},{"type":"Feature","id":165,"geometry":{"type":"Point","coordinates":[-117.72543110099997,33.575096075000033]},"properties":{"objectid":165,"areaname":"Aliso Viejo","class":"CDP","st":"CA","capital":"N","pop2000":40166}},{"type":"Feature","id":497,"geometry":{"type":"Point","coordinates":[-122.42526590799997,37.625287909000065]},"properties":{"objectid":497,"areaname":"San Bruno","class":"city","st":"CA","capital":"N","pop2000":40165}},{"type":"Feature","id":1788,"geometry":{"type":"Point","coordinates":[-86.247739053999965,43.226580990000059]},"properties":{"objectid":1788,"areaname":"Muskegon","class":"city","st":"MI","capital":"N","pop2000":40105}},{"type":"Feature","id":2615,"geometry":{"type":"Point","coordinates":[-84.114997013999982,40.740700123000067]},"properties":{"objectid":2615,"areaname":"Lima","class":"city","st":"OH","capital":"N","pop2000":40081}},{"type":"Feature","id":1583,"geometry":{"type":"Point","coordinates":[-72.745985948999987,42.129491968000025]},"properties":{"objectid":1583,"areaname":"Westfield","class":"city","st":"MA","capital":"N","pop2000":40072}},{"type":"Feature","id":1779,"geometry":{"type":"Point","coordinates":[-83.18097008899997,42.243488047000028]},"properties":{"objectid":1779,"areaname":"Lincoln Park","class":"city","st":"MI","capital":"N","pop2000":40008}},{"type":"Feature","id":2011,"geometry":{"type":"Point","coordinates":[-88.704159862999973,32.374841032000063]},"properties":{"objectid":2011,"areaname":"Meridian","class":"city","st":"MS","capital":"N","pop2000":39968}},{"type":"Feature","id":1513,"geometry":{"type":"Point","coordinates":[-70.875701924999987,42.56099494700004]},"properties":{"objectid":1513,"areaname":"Beverly","class":"city","st":"MA","capital":"N","pop2000":39862}},{"type":"Feature","id":1535,"geometry":{"type":"Point","coordinates":[-72.623968872999967,42.203191022000055]},"properties":{"objectid":1535,"areaname":"Holyoke","class":"city","st":"MA","capital":"N","pop2000":39838}},{"type":"Feature","id":1610,"geometry":{"type":"Point","coordinates":[-76.738012017999949,39.273756063000064]},"properties":{"objectid":1610,"areaname":"Catonsville","class":"CDP","st":"MD","capital":"N","pop2000":39820}},{"type":"Feature","id":505,"geometry":{"type":"Point","coordinates":[-118.09844888999999,34.094175968000059]},"properties":{"objectid":505,"areaname":"San Gabriel","class":"city","st":"CA","capital":"N","pop2000":39804}},{"type":"Feature","id":1601,"geometry":{"type":"Point","coordinates":[-76.318971039999951,39.502757063000047]},"properties":{"objectid":1601,"areaname":"Bel Air South","class":"CDP","st":"MD","capital":"N","pop2000":39711}},{"type":"Feature","id":1265,"geometry":{"type":"Point","coordinates":[-90.573154027999976,41.489083034000032]},"properties":{"objectid":1265,"areaname":"Rock Island","class":"city","st":"IL","capital":"N","pop2000":39684}},{"type":"Feature","id":2957,"geometry":{"type":"Point","coordinates":[-81.927602884999942,34.946771044000059]},"properties":{"objectid":2957,"areaname":"Spartanburg","class":"city","st":"SC","capital":"N","pop2000":39673}},{"type":"Feature","id":2959,"geometry":{"type":"Point","coordinates":[-80.363540880999949,33.926942003000079]},"properties":{"objectid":2959,"areaname":"Sumter","class":"city","st":"SC","capital":"N","pop2000":39643}},{"type":"Feature","id":1946,"geometry":{"type":"Point","coordinates":[-92.189282876999982,38.57295395400007]},"properties":{"objectid":1946,"areaname":"Jefferson City","class":"city","st":"MO","capital":"Y","pop2000":39636}},{"type":"Feature","id":459,"geometry":{"type":"Point","coordinates":[-119.02753605599997,36.068550024000047]},"properties":{"objectid":459,"areaname":"Porterville","class":"city","st":"CA","capital":"N","pop2000":39615}},{"type":"Feature","id":997,"geometry":{"type":"Point","coordinates":[-84.451277046999962,33.676007882000079]},"properties":{"objectid":997,"areaname":"East Point","class":"city","st":"GA","capital":"N","pop2000":39595}},{"type":"Feature","id":3276,"geometry":{"type":"Point","coordinates":[-80.417693936999967,37.229873888000043]},"properties":{"objectid":3276,"areaname":"Blacksburg","class":"town","st":"VA","capital":"N","pop2000":39573}},{"type":"Feature","id":3379,"geometry":{"type":"Point","coordinates":[-122.36013302799995,47.807867909000038]},"properties":{"objectid":3379,"areaname":"Edmonds","class":"city","st":"WA","capital":"N","pop2000":39515}},{"type":"Feature","id":2208,"geometry":{"type":"Point","coordinates":[-74.249939939999933,40.63380296400004]},"properties":{"objectid":2208,"areaname":"Linden","class":"city","st":"NJ","capital":"N","pop2000":39394}},{"type":"Feature","id":804,"geometry":{"type":"Point","coordinates":[-80.10496293999995,26.925985018000063]},"properties":{"objectid":804,"areaname":"Jupiter","class":"town","st":"FL","capital":"N","pop2000":39328}},{"type":"Feature","id":2282,"geometry":{"type":"Point","coordinates":[-74.01115613099995,40.890963939000073]},"properties":{"objectid":2282,"areaname":"Teaneck","class":"CDP","st":"NJ","capital":"N","pop2000":39260}},{"type":"Feature","id":1363,"geometry":{"type":"Point","coordinates":[-84.890668112999947,39.830189076000067]},"properties":{"objectid":1363,"areaname":"Richmond","class":"city","st":"IN","capital":"N","pop2000":39124}},{"type":"Feature","id":1527,"geometry":{"type":"Point","coordinates":[-71.803382901999953,42.578689053000062]},"properties":{"objectid":1527,"areaname":"Fitchburg","class":"city","st":"MA","capital":"N","pop2000":39102}},{"type":"Feature","id":1630,"geometry":{"type":"Point","coordinates":[-76.451710132999949,39.307736981000062]},"properties":{"objectid":1630,"areaname":"Essex","class":"CDP","st":"MD","capital":"N","pop2000":39078}},{"type":"Feature","id":1128,"geometry":{"type":"Point","coordinates":[-87.546388911999941,41.614187977000029]},"properties":{"objectid":1128,"areaname":"Calumet City","class":"city","st":"IL","capital":"N","pop2000":39071}},{"type":"Feature","id":2742,"geometry":{"type":"Point","coordinates":[-97.068537053999989,36.121538118000046]},"properties":{"objectid":2742,"areaname":"Stillwater","class":"city","st":"OK","capital":"N","pop2000":39065}},{"type":"Feature","id":2326,"geometry":{"type":"Point","coordinates":[-106.68409686799998,35.022215054000071]},"properties":{"objectid":2326,"areaname":"South Valley","class":"CDP","st":"NM","capital":"N","pop2000":39060}},{"type":"Feature","id":1315,"geometry":{"type":"Point","coordinates":[-85.911055871999963,39.213997870000071]},"properties":{"objectid":1315,"areaname":"Columbus","class":"city","st":"IN","capital":"N","pop2000":39059}},{"type":"Feature","id":2054,"geometry":{"type":"Point","coordinates":[-77.977973866999946,35.381960951000053]},"properties":{"objectid":2054,"areaname":"Goldsboro","class":"city","st":"NC","capital":"N","pop2000":39043}},{"type":"Feature","id":1150,"geometry":{"type":"Point","coordinates":[-88.75015099899997,41.93127404300003]},"properties":{"objectid":1150,"areaname":"DeKalb","class":"city","st":"IL","capital":"N","pop2000":39018}},{"type":"Feature","id":3107,"geometry":{"type":"Point","coordinates":[-97.271633947999987,32.81612903000007]},"properties":{"objectid":3107,"areaname":"Haltom City","class":"city","st":"TX","capital":"N","pop2000":39018}},{"type":"Feature","id":41,"geometry":{"type":"Point","coordinates":[-86.010355908999941,34.010146993000035]},"properties":{"objectid":41,"areaname":"Gadsden","class":"city","st":"AL","capital":"N","pop2000":38978}},{"type":"Feature","id":2225,"geometry":{"type":"Point","coordinates":[-74.211988865999956,40.822249133000071]},"properties":{"objectid":2225,"areaname":"Montclair","class":"CDP","st":"NJ","capital":"N","pop2000":38977}},{"type":"Feature","id":2590,"geometry":{"type":"Point","coordinates":[-83.642216076999944,41.042843118000064]},"properties":{"objectid":2590,"areaname":"Findlay","class":"city","st":"OH","capital":"N","pop2000":38967}},{"type":"Feature","id":3316,"geometry":{"type":"Point","coordinates":[-77.17535113699995,38.92834395400007]},"properties":{"objectid":3316,"areaname":"McLean","class":"CDP","st":"VA","capital":"N","pop2000":38929}},{"type":"Feature","id":1639,"geometry":{"type":"Point","coordinates":[-76.610587925999937,39.159981869000035]},"properties":{"objectid":1639,"areaname":"Glen Burnie","class":"CDP","st":"MD","capital":"N","pop2000":38922}},{"type":"Feature","id":1345,"geometry":{"type":"Point","coordinates":[-85.994263901999943,39.862738936000028]},"properties":{"objectid":1345,"areaname":"Lawrence","class":"city","st":"IN","capital":"N","pop2000":38915}},{"type":"Feature","id":3352,"geometry":{"type":"Point","coordinates":[-73.223157046999972,44.484748136000064]},"properties":{"objectid":3352,"areaname":"Burlington","class":"city","st":"VT","capital":"N","pop2000":38889}},{"type":"Feature","id":102,"geometry":{"type":"Point","coordinates":[-94.141372057999945,36.329387981000025]},"properties":{"objectid":102,"areaname":"Rogers","class":"city","st":"AR","capital":"N","pop2000":38829}},{"type":"Feature","id":258,"geometry":{"type":"Point","coordinates":[-119.24631987299995,35.769649084000037]},"properties":{"objectid":258,"areaname":"Delano","class":"city","st":"CA","capital":"N","pop2000":38824}},{"type":"Feature","id":251,"geometry":{"type":"Point","coordinates":[-118.40090495399994,34.007760976000043]},"properties":{"objectid":251,"areaname":"Culver City","class":"city","st":"CA","capital":"N","pop2000":38816}},{"type":"Feature","id":3429,"geometry":{"type":"Point","coordinates":[-119.28137705499995,46.279656953000028]},"properties":{"objectid":3429,"areaname":"Richland","class":"city","st":"WA","capital":"N","pop2000":38708}},{"type":"Feature","id":3462,"geometry":{"type":"Point","coordinates":[-88.114637889999983,43.058111048000058]},"properties":{"objectid":3462,"areaname":"Brookfield","class":"city","st":"WI","capital":"N","pop2000":38649}},{"type":"Feature","id":1667,"geometry":{"type":"Point","coordinates":[-77.119095014999971,39.037110966000057]},"properties":{"objectid":1667,"areaname":"North Bethesda","class":"CDP","st":"MD","capital":"N","pop2000":38610}},{"type":"Feature","id":1022,"geometry":{"type":"Point","coordinates":[-84.333452011999952,33.862653002000059]},"properties":{"objectid":1022,"areaname":"North Atlanta","class":"CDP","st":"GA","capital":"N","pop2000":38579}},{"type":"Feature","id":2197,"geometry":{"type":"Point","coordinates":[-74.032940868999958,40.744850992000067]},"properties":{"objectid":2197,"areaname":"Hoboken","class":"city","st":"NJ","capital":"N","pop2000":38577}},{"type":"Feature","id":3522,"geometry":{"type":"Point","coordinates":[-89.638820940999949,44.961167922000072]},"properties":{"objectid":3522,"areaname":"Wausau","class":"city","st":"WI","capital":"N","pop2000":38426}},{"type":"Feature","id":2885,"geometry":{"type":"Point","coordinates":[-77.858739879999973,40.791261029000054]},"properties":{"objectid":2885,"areaname":"State College","class":"borough","st":"PA","capital":"N","pop2000":38420}},{"type":"Feature","id":435,"geometry":{"type":"Point","coordinates":[-122.48550710699999,37.622684981000077]},"properties":{"objectid":435,"areaname":"Pacifica","class":"city","st":"CA","capital":"N","pop2000":38390}},{"type":"Feature","id":2732,"geometry":{"type":"Point","coordinates":[-95.368047093999962,35.746617042000025]},"properties":{"objectid":2732,"areaname":"Muskogee","class":"city","st":"OK","capital":"N","pop2000":38310}},{"type":"Feature","id":151,"geometry":{"type":"Point","coordinates":[-112.28192490499998,33.614238085000068]},"properties":{"objectid":151,"areaname":"Sun City","class":"CDP","st":"AZ","capital":"N","pop2000":38309}},{"type":"Feature","id":915,"geometry":{"type":"Point","coordinates":[-81.276560907999965,28.793269872000053]},"properties":{"objectid":915,"areaname":"Sanford","class":"city","st":"FL","capital":"N","pop2000":38291}},{"type":"Feature","id":1183,"geometry":{"type":"Point","coordinates":[-88.146109000999957,41.978826936000075]},"properties":{"objectid":1183,"areaname":"Hanover Park","class":"village","st":"IL","capital":"N","pop2000":38278}},{"type":"Feature","id":611,"geometry":{"type":"Point","coordinates":[-105.06591911099997,39.931817103000071]},"properties":{"objectid":611,"areaname":"Broomfield","class":"city","st":"CO","capital":"N","pop2000":38272}},{"type":"Feature","id":3500,"geometry":{"type":"Point","coordinates":[-88.109188044999939,42.979063005000057]},"properties":{"objectid":3500,"areaname":"New Berlin","class":"city","st":"WI","capital":"N","pop2000":38220}},{"type":"Feature","id":952,"geometry":{"type":"Point","coordinates":[-80.254136123999956,26.655134908000036]},"properties":{"objectid":952,"areaname":"Wellington","class":"village","st":"FL","capital":"N","pop2000":38216}},{"type":"Feature","id":2606,"geometry":{"type":"Point","coordinates":[-84.127607950999959,39.850743087000069]},"properties":{"objectid":2606,"areaname":"Huber Heights","class":"city","st":"OH","capital":"N","pop2000":38212}},{"type":"Feature","id":214,"geometry":{"type":"Point","coordinates":[-121.95502600299994,37.283908956000062]},"properties":{"objectid":214,"areaname":"Campbell","class":"city","st":"CA","capital":"N","pop2000":38138}},{"type":"Feature","id":677,"geometry":{"type":"Point","coordinates":[-73.129205998999964,41.306395911000038]},"properties":{"objectid":677,"areaname":"Shelton","class":"city","st":"CT","capital":"N","pop2000":38101}},{"type":"Feature","id":1665,"geometry":{"type":"Point","coordinates":[-77.192653974999985,39.176469012000041]},"properties":{"objectid":1665,"areaname":"Montgomery Village","class":"CDP","st":"MD","capital":"N","pop2000":38051}},{"type":"Feature","id":1525,"geometry":{"type":"Point","coordinates":[-71.052206126999977,42.409915989000069]},"properties":{"objectid":1525,"areaname":"Everett","class":"city","st":"MA","capital":"N","pop2000":38037}},{"type":"Feature","id":807,"geometry":{"type":"Point","coordinates":[-80.440525923999985,25.705498982000051]},"properties":{"objectid":807,"areaname":"Kendall West","class":"CDP","st":"FL","capital":"N","pop2000":38034}},{"type":"Feature","id":1145,"geometry":{"type":"Point","coordinates":[-88.335439114999986,42.226423120000049]},"properties":{"objectid":1145,"areaname":"Crystal Lake","class":"city","st":"IL","capital":"N","pop2000":38000}},{"type":"Feature","id":2546,"geometry":{"type":"Point","coordinates":[-84.062310107999963,39.729359059000046]},"properties":{"objectid":2546,"areaname":"Beavercreek","class":"city","st":"OH","capital":"N","pop2000":37984}},{"type":"Feature","id":2313,"geometry":{"type":"Point","coordinates":[-108.18976790699998,36.75154888000003]},"properties":{"objectid":2313,"areaname":"Farmington","class":"city","st":"NM","capital":"N","pop2000":37844}},{"type":"Feature","id":1323,"geometry":{"type":"Point","coordinates":[-86.012754083999937,39.956177136000065]},"properties":{"objectid":1323,"areaname":"Fishers","class":"town","st":"IN","capital":"N","pop2000":37835}},{"type":"Feature","id":271,"geometry":{"type":"Point","coordinates":[-115.55796594899999,32.78813899000005]},"properties":{"objectid":271,"areaname":"El Centro","class":"city","st":"CA","capital":"N","pop2000":37835}},{"type":"Feature","id":149,"geometry":{"type":"Point","coordinates":[-110.27650002099995,31.545497949000037]},"properties":{"objectid":149,"areaname":"Sierra Vista","class":"city","st":"AZ","capital":"N","pop2000":37775}},{"type":"Feature","id":1252,"geometry":{"type":"Point","coordinates":[-87.841586896999956,42.011829961000046]},"properties":{"objectid":1252,"areaname":"Park Ridge","class":"city","st":"IL","capital":"N","pop2000":37775}},{"type":"Feature","id":1312,"geometry":{"type":"Point","coordinates":[-86.107877001999952,39.972917112000061]},"properties":{"objectid":1312,"areaname":"Carmel","class":"city","st":"IN","capital":"N","pop2000":37733}},{"type":"Feature","id":3078,"geometry":{"type":"Point","coordinates":[-96.858828114999937,32.599286079000024]},"properties":{"objectid":3078,"areaname":"DeSoto","class":"city","st":"TX","capital":"N","pop2000":37646}},{"type":"Feature","id":3164,"geometry":{"type":"Point","coordinates":[-95.295958980999956,29.554349101000071]},"properties":{"objectid":3164,"areaname":"Pearland","class":"city","st":"TX","capital":"N","pop2000":37640}},{"type":"Feature","id":1356,"geometry":{"type":"Point","coordinates":[-85.821441930999981,38.301935013000048]},"properties":{"objectid":1356,"areaname":"New Albany","class":"city","st":"IN","capital":"N","pop2000":37603}},{"type":"Feature","id":767,"geometry":{"type":"Point","coordinates":[-80.335470984999972,27.438817056000062]},"properties":{"objectid":767,"areaname":"Fort Pierce","class":"city","st":"FL","capital":"N","pop2000":37516}},{"type":"Feature","id":2379,"geometry":{"type":"Point","coordinates":[-73.555823099999941,40.71373909700003]},"properties":{"objectid":2379,"areaname":"East Meadow","class":"CDP","st":"NY","capital":"N","pop2000":37461}},{"type":"Feature","id":1984,"geometry":{"type":"Point","coordinates":[-90.328164916999981,38.66390113600005]},"properties":{"objectid":1984,"areaname":"University City","class":"city","st":"MO","capital":"N","pop2000":37428}},{"type":"Feature","id":550,"geometry":{"type":"Point","coordinates":[-117.99455504499997,33.802365105000035]},"properties":{"objectid":550,"areaname":"Stanton","class":"city","st":"CA","capital":"N","pop2000":37403}},{"type":"Feature","id":2992,"geometry":{"type":"Point","coordinates":[-89.793996884999956,35.089022981000028]},"properties":{"objectid":2992,"areaname":"Germantown","class":"city","st":"TN","capital":"N","pop2000":37348}},{"type":"Feature","id":3365,"geometry":{"type":"Point","coordinates":[-122.65262501799998,47.570016955000028]},"properties":{"objectid":3365,"areaname":"Bremerton","class":"city","st":"WA","capital":"N","pop2000":37259}},{"type":"Feature","id":1589,"geometry":{"type":"Point","coordinates":[-71.152059907999956,42.48454513400003]},"properties":{"objectid":1589,"areaname":"Woburn","class":"city","st":"MA","capital":"N","pop2000":37258}},{"type":"Feature","id":2061,"geometry":{"type":"Point","coordinates":[-81.328371881999942,35.737681981000037]},"properties":{"objectid":2061,"areaname":"Hickory","class":"city","st":"NC","capital":"N","pop2000":37222}},{"type":"Feature","id":2553,"geometry":{"type":"Point","coordinates":[-80.66539512199995,41.038958068000056]},"properties":{"objectid":2553,"areaname":"Boardman","class":"CDP","st":"OH","capital":"N","pop2000":37215}},{"type":"Feature","id":2980,"geometry":{"type":"Point","coordinates":[-84.871067126999947,35.171483015000035]},"properties":{"objectid":2980,"areaname":"Cleveland","class":"city","st":"TN","capital":"N","pop2000":37192}},{"type":"Feature","id":398,"geometry":{"type":"Point","coordinates":[-118.00184793999995,34.144156050000049]},"properties":{"objectid":398,"areaname":"Monrovia","class":"city","st":"CA","capital":"N","pop2000":36929}},{"type":"Feature","id":2067,"geometry":{"type":"Point","coordinates":[-80.618352865999952,35.490588975000037]},"properties":{"objectid":2067,"areaname":"Kannapolis","class":"city","st":"NC","capital":"N","pop2000":36910}},{"type":"Feature","id":2813,"geometry":{"type":"Point","coordinates":[-75.372671944999979,39.847111975000075]},"properties":{"objectid":2813,"areaname":"Chester","class":"city","st":"PA","capital":"N","pop2000":36854}},{"type":"Feature","id":1726,"geometry":{"type":"Point","coordinates":[-83.889500018999968,43.591972919000057]},"properties":{"objectid":1726,"areaname":"Bay City","class":"city","st":"MI","capital":"N","pop2000":36817}},{"type":"Feature","id":3066,"geometry":{"type":"Point","coordinates":[-95.458801127999948,30.31612410300005]},"properties":{"objectid":3066,"areaname":"Conroe","class":"city","st":"TX","capital":"N","pop2000":36811}},{"type":"Feature","id":602,"geometry":{"type":"Point","coordinates":[-121.62620106499998,39.134792049000055]},"properties":{"objectid":602,"areaname":"Yuba City","class":"city","st":"CA","capital":"N","pop2000":36758}},{"type":"Feature","id":1108,"geometry":{"type":"Point","coordinates":[-88.196139924999954,41.978724974000045]},"properties":{"objectid":1108,"areaname":"Bartlett","class":"village","st":"IL","capital":"N","pop2000":36706}},{"type":"Feature","id":1646,"geometry":{"type":"Point","coordinates":[-77.719954090999977,39.642771091000043]},"properties":{"objectid":1646,"areaname":"Hagerstown","class":"city","st":"MD","capital":"N","pop2000":36687}},{"type":"Feature","id":192,"geometry":{"type":"Point","coordinates":[-118.18290809399997,33.978413932000024]},"properties":{"objectid":192,"areaname":"Bell","class":"city","st":"CA","capital":"N","pop2000":36664}},{"type":"Feature","id":2105,"geometry":{"type":"Point","coordinates":[-101.29222894599997,48.233189902000049]},"properties":{"objectid":2105,"areaname":"Minot","class":"city","st":"ND","capital":"N","pop2000":36567}},{"type":"Feature","id":6,"geometry":{"type":"Point","coordinates":[-157.73677050199998,21.394198398000071]},"properties":{"objectid":6,"areaname":"Kailua","class":"CDP","st":"HI","capital":"N","pop2000":36513}},{"type":"Feature","id":3155,"geometry":{"type":"Point","coordinates":[-98.123558948999971,29.701723999000023]},"properties":{"objectid":3155,"areaname":"New Braunfels","class":"city","st":"TX","capital":"N","pop2000":36494}},{"type":"Feature","id":444,"geometry":{"type":"Point","coordinates":[-121.45228790899995,38.511656939000034]},"properties":{"objectid":444,"areaname":"Parkway-South Sacramento","class":"CDP","st":"CA","capital":"N","pop2000":36468}},{"type":"Feature","id":885,"geometry":{"type":"Point","coordinates":[-85.664480135999952,30.174451054000031]},"properties":{"objectid":885,"areaname":"Panama City","class":"city","st":"FL","capital":"N","pop2000":36417}},{"type":"Feature","id":1279,"geometry":{"type":"Point","coordinates":[-88.17340907099998,42.020627138000066]},"properties":{"objectid":1279,"areaname":"Streamwood","class":"village","st":"IL","capital":"N","pop2000":36407}},{"type":"Feature","id":1286,"geometry":{"type":"Point","coordinates":[-88.204247132999967,40.109665045000042]},"properties":{"objectid":1286,"areaname":"Urbana","class":"city","st":"IL","capital":"N","pop2000":36395}},{"type":"Feature","id":3197,"geometry":{"type":"Point","coordinates":[-95.386990991999937,30.054126987000075]},"properties":{"objectid":3197,"areaname":"Spring","class":"CDP","st":"TX","capital":"N","pop2000":36385}},{"type":"Feature","id":2519,"geometry":{"type":"Point","coordinates":[-73.703327038999987,40.664780015000076]},"properties":{"objectid":2519,"areaname":"Valley Stream","class":"village","st":"NY","capital":"N","pop2000":36368}},{"type":"Feature","id":2366,"geometry":{"type":"Point","coordinates":[-73.283195980999949,40.845036909000044]},"properties":{"objectid":2366,"areaname":"Commack","class":"CDP","st":"NY","capital":"N","pop2000":36367}},{"type":"Feature","id":483,"geometry":{"type":"Point","coordinates":[-121.24673094399998,38.800011048000044]},"properties":{"objectid":483,"areaname":"Rocklin","class":"city","st":"CA","capital":"N","pop2000":36330}},{"type":"Feature","id":1774,"geometry":{"type":"Point","coordinates":[-84.407206052999982,42.244084896000061]},"properties":{"objectid":1774,"areaname":"Jackson","class":"city","st":"MI","capital":"N","pop2000":36316}},{"type":"Feature","id":736,"geometry":{"type":"Point","coordinates":[-80.311162070999956,25.939110093000068]},"properties":{"objectid":736,"areaname":"Country Club","class":"CDP","st":"FL","capital":"N","pop2000":36310}},{"type":"Feature","id":871,"geometry":{"type":"Point","coordinates":[-81.074882083999967,29.286405041000023]},"properties":{"objectid":871,"areaname":"Ormond Beach","class":"city","st":"FL","capital":"N","pop2000":36301}},{"type":"Feature","id":2234,"geometry":{"type":"Point","coordinates":[-74.476648870999952,40.452476990000036]},"properties":{"objectid":2234,"areaname":"North Brunswick Township","class":"CDP","st":"NJ","capital":"N","pop2000":36287}},{"type":"Feature","id":3117,"geometry":{"type":"Point","coordinates":[-97.180171983999969,32.835628883000027]},"properties":{"objectid":3117,"areaname":"Hurst","class":"city","st":"TX","capital":"N","pop2000":36273}},{"type":"Feature","id":38,"geometry":{"type":"Point","coordinates":[-87.662859982999976,34.820286990000056]},"properties":{"objectid":38,"areaname":"Florence","class":"city","st":"AL","capital":"N","pop2000":36264}},{"type":"Feature","id":1547,"geometry":{"type":"Point","coordinates":[-71.547530020999943,42.350909108000053]},"properties":{"objectid":1547,"areaname":"Marlborough","class":"city","st":"MA","capital":"N","pop2000":36255}},{"type":"Feature","id":449,"geometry":{"type":"Point","coordinates":[-117.22438187099999,33.796575939000036]},"properties":{"objectid":449,"areaname":"Perris","class":"city","st":"CA","capital":"N","pop2000":36189}},{"type":"Feature","id":1478,"geometry":{"type":"Point","coordinates":[-90.109929869999974,29.886017089000063]},"properties":{"objectid":1478,"areaname":"Marrero","class":"CDP","st":"LA","capital":"N","pop2000":36165}},{"type":"Feature","id":1058,"geometry":{"type":"Point","coordinates":[-92.446402128999978,42.523519971000042]},"properties":{"objectid":1058,"areaname":"Cedar Falls","class":"city","st":"IA","capital":"N","pop2000":36145}},{"type":"Feature","id":675,"geometry":{"type":"Point","coordinates":[-72.082087939999951,41.539748111000051]},"properties":{"objectid":675,"areaname":"Norwich","class":"city","st":"CT","capital":"N","pop2000":36117}},{"type":"Feature","id":842,"geometry":{"type":"Point","coordinates":[-80.684733879999953,28.357900910000069]},"properties":{"objectid":842,"areaname":"Merritt Island","class":"CDP","st":"FL","capital":"N","pop2000":36090}},{"type":"Feature","id":3082,"geometry":{"type":"Point","coordinates":[-96.911308885999972,32.64633303200003]},"properties":{"objectid":3082,"areaname":"Duncanville","class":"city","st":"TX","capital":"N","pop2000":36081}},{"type":"Feature","id":1706,"geometry":{"type":"Point","coordinates":[-76.73742511599994,39.303694983000071]},"properties":{"objectid":1706,"areaname":"Woodlawn","class":"CDP","st":"MD","capital":"N","pop2000":36079}},{"type":"Feature","id":2205,"geometry":{"type":"Point","coordinates":[-74.216330117999973,40.096364969000035]},"properties":{"objectid":2205,"areaname":"Lakewood","class":"CDP","st":"NJ","capital":"N","pop2000":36065}},{"type":"Feature","id":1332,"geometry":{"type":"Point","coordinates":[-86.118093078999948,39.611283125000057]},"properties":{"objectid":1332,"areaname":"Greenwood","class":"city","st":"IN","capital":"N","pop2000":36037}},{"type":"Feature","id":3068,"geometry":{"type":"Point","coordinates":[-96.986563893999971,32.967340897000042]},"properties":{"objectid":3068,"areaname":"Coppell","class":"city","st":"TX","capital":"N","pop2000":35958}},{"type":"Feature","id":2145,"geometry":{"type":"Point","coordinates":[-74.161448131999975,40.793500044000041]},"properties":{"objectid":2145,"areaname":"Belleville","class":"CDP","st":"NJ","capital":"N","pop2000":35928}},{"type":"Feature","id":1239,"geometry":{"type":"Point","coordinates":[-87.854470007999964,42.322271929000067]},"properties":{"objectid":1239,"areaname":"North Chicago","class":"city","st":"IL","capital":"N","pop2000":35918}},{"type":"Feature","id":1101,"geometry":{"type":"Point","coordinates":[-88.00222097599999,41.931573021000077]},"properties":{"objectid":1101,"areaname":"Addison","class":"village","st":"IL","capital":"N","pop2000":35914}},{"type":"Feature","id":112,"geometry":{"type":"Point","coordinates":[-112.31504287799999,33.454201961000024]},"properties":{"objectid":112,"areaname":"Avondale","class":"city","st":"AZ","capital":"N","pop2000":35883}},{"type":"Feature","id":387,"geometry":{"type":"Point","coordinates":[-122.12008091399997,38.000588095000069]},"properties":{"objectid":387,"areaname":"Martinez","class":"city","st":"CA","capital":"N","pop2000":35866}},{"type":"Feature","id":1593,"geometry":{"type":"Point","coordinates":[-76.501156918999982,38.972944928000061]},"properties":{"objectid":1593,"areaname":"Annapolis","class":"city","st":"MD","capital":"Y","pop2000":35838}},{"type":"Feature","id":3461,"geometry":{"type":"Point","coordinates":[-89.029964077999978,42.51656390900007]},"properties":{"objectid":3461,"areaname":"Beloit","class":"city","st":"WI","capital":"N","pop2000":35775}},{"type":"Feature","id":3033,"geometry":{"type":"Point","coordinates":[-95.182054086999983,29.993364926000027]},"properties":{"objectid":3033,"areaname":"Atascocita","class":"CDP","st":"TX","capital":"N","pop2000":35757}},{"type":"Feature","id":92,"geometry":{"type":"Point","coordinates":[-93.055393005999974,34.49713792700004]},"properties":{"objectid":92,"areaname":"Hot Springs","class":"city","st":"AR","capital":"N","pop2000":35750}},{"type":"Feature","id":2246,"geometry":{"type":"Point","coordinates":[-75.055918014999975,39.95656204900007]},"properties":{"objectid":2246,"areaname":"Pennsauken","class":"CDP","st":"NJ","capital":"N","pop2000":35737}},{"type":"Feature","id":589,"geometry":{"type":"Point","coordinates":[-118.37216000999996,34.08790904600005]},"properties":{"objectid":589,"areaname":"West Hollywood","class":"city","st":"CA","capital":"N","pop2000":35716}},{"type":"Feature","id":2174,"geometry":{"type":"Point","coordinates":[-74.788841873999957,40.259957875000055]},"properties":{"objectid":2174,"areaname":"Ewing","class":"CDP","st":"NJ","capital":"N","pop2000":35707}},{"type":"Feature","id":752,"geometry":{"type":"Point","coordinates":[-82.775348003999966,28.025395122000077]},"properties":{"objectid":752,"areaname":"Dunedin","class":"city","st":"FL","capital":"N","pop2000":35691}},{"type":"Feature","id":1712,"geometry":{"type":"Point","coordinates":[-70.192415972999981,44.097473100000059]},"properties":{"objectid":1712,"areaname":"Lewiston","class":"city","st":"ME","capital":"N","pop2000":35690}},{"type":"Feature","id":2359,"geometry":{"type":"Point","coordinates":[-77.568114978999972,43.123363021000046]},"properties":{"objectid":2359,"areaname":"Brighton","class":"CDP","st":"NY","capital":"N","pop2000":35584}},{"type":"Feature","id":2307,"geometry":{"type":"Point","coordinates":[-105.95213395599995,32.895939991000034]},"properties":{"objectid":2307,"areaname":"Alamogordo","class":"city","st":"NM","capital":"N","pop2000":35582}}],"exceededTransferLimit":true}