{"type":"FeatureCollection","features":[{"type":"Feature","id":1,"geometry":{"type":"LineString","coordinates":[[-119.16886871299999,45.760054541000045],[-119.25939672499999,45.85055095000007],[-119.28925881199996,45.882545141000037],[-119.31944956399997,45.904460825000058],[-119.33576162899999,45.922031189000052],[-119.33938588899997,45.925479529000029],[-119.35133367299994,45.936870586000055],[-119.36726440399997,45.94300091000008],[-119.36766891299999,45.954437263000045],[-119.26152566799999,46.028579997000065],[-119.21966997299995,46.14878996300007],[-119.23627962599994,46.174169261000031],[-119.30356570999999,46.201444172000038],[-119.42079557699998,46.22689984200008],[-119.51644053099994,46.235707409000042],[-119.57225181099994,46.233750172000043],[-119.67369526499999,46.20614291000004],[-119.72211318199999,46.201058097000043],[-119.75363123099999,46.20042447000003],[-119.80300248499998,46.187049841000032],[-119.89584799999994,46.221762885000032],[-120.08963449199996,46.261041410000075],[-120.31502541199995,46.400599898000053],[-120.43346143399998,46.472421968000049],[-120.45815180099999,46.51536741700005],[-120.45382596999997,46.546213390000048],[-120.46375278599999,46.571649572000069],[-120.47848578799994,46.587793091000037],[-120.50559425999995,46.625184432000026],[-120.50091764299998,46.649160060000042],[-120.46052671599995,46.674051102000078],[-120.42322544199999,46.682329330000073],[-120.36286763999999,46.732012394000037],[-120.35812992499996,46.75599539600006],[-120.36543954299998,46.79529025000005],[-120.40381687599995,46.857698515000038],[-120.43824971199996,46.894036972000038],[-120.51893307399996,46.937004542000068],[-120.53265164099997,46.969723480000027]]},"properties":{"objectid":1,"length":140.93100000000001,"type":"Multi-Lane Divided","admn_class":"Interstate","toll_rd":"N","rte_num1":" 82","rte_num2":" ","route":"Interstate  82","st_length(shape)":2.5304978808856862}},{"type":"Feature","id":2,"geometry":{"type":"LineString","coordinates":[[-119.16886871299999,45.760054541000045],[-119.21533413399999,45.763876842000059],[-119.33982779399997,45.777346805000036],[-119.61231196799997,45.816302988000075],[-119.66685599499999,45.824394235000057],[-119.85757390099997,45.807238915000028],[-120.04392015299999,45.767941954000037],[-120.12872340399997,45.752286164000054],[-120.19416970499998,45.70133637400005],[-120.39769708599999,45.675791164000032],[-120.49333466599995,45.671525904000077],[-120.53380249299994,45.68466298900006],[-120.57466745499994,45.716995851000036],[-120.62191029299998,45.721687742000029],[-120.68157389699996,45.691245752000043],[-120.80472393099996,45.654436948000068],[-120.90303875499995,45.61868892800004],[-120.96703661699996,45.631929248000063],[-121.05453238599995,45.634369474000039],[-121.07620789199996,45.626396735000071],[-121.11842174599997,45.592166680000048],[-121.15434937299995,45.58328537400007],[-121.19282519999996,45.583929534000049],[-121.21032761899994,45.592993080000042],[-121.22937802499996,45.64686081800005],[-121.27418590399998,45.654150420000065],[-121.30728248899999,45.671869842000035],[-121.34536855399995,45.675687929000048],[-121.36368683999996,45.686541220000038],[-121.40351261299998,45.67701154000008],[-121.41967140699995,45.674657694000075],[-121.50607478899997,45.69835785500004],[-121.57341986299997,45.690609492000078],[-121.69377519899996,45.666797670000051],[-121.81043095699999,45.674148370000069],[-121.86159511599999,45.659957347000045],[-121.88961847499996,45.632850455000039],[-121.98286744699999,45.597858258000031],[-122.05949201599998,45.585395882000057],[-122.09787672299996,45.567475259000048],[-122.15296220399995,45.563553937000052],[-122.22353650899998,45.532919173000039],[-122.32297900899999,45.530409422000048],[-122.39870923299998,45.540681757000073],[-122.47114280799997,45.526319555000043],[-122.53146953399994,45.531190526000046],[-122.55384661199997,45.518365777000042],[-122.57522452899997,45.517026365000049],[-122.63524681899997,45.518200918000048],[-122.64869834699999,45.538697131000049],[-122.67299842599999,45.548671877000061]]},"properties":{"objectid":2,"length":186.06,"type":"Multi-Lane Divided","admn_class":"Interstate","toll_rd":"N","rte_num1":" 84","rte_num2":" ","route":"Interstate (OR/ID/UT)  84","st_length(shape)":3.6880030790013238}},{"type":"Feature","id":3,"geometry":{"type":"LineString","coordinates":[[-93.291265799999962,45.068095894000066],[-93.296659261999991,45.014941842000042],[-93.292928081999946,44.994487240000069],[-93.29597191199997,44.968360547000032],[-93.284580327999947,44.960913986000037],[-93.267543516999979,44.967788545000076]]},"properties":{"objectid":3,"length":8.6419999999999995,"type":"Multi-Lane Divided","admn_class":"Interstate","toll_rd":"N","rte_num1":" 94","rte_num2":" ","route":"Interstate  94","st_length(shape)":0.13250356029819083}},{"type":"Feature","id":4,"geometry":{"type":"LineString","coordinates":[[-93.267543516999979,44.967788545000076],[-93.203546180999979,44.965919267000061],[-93.185616076999963,44.944938486000069],[-93.174545256999977,44.942962287000057],[-93.093968816999961,44.956104113000038]]},"properties":{"objectid":4,"length":9.4390000000000001,"type":"Multi-Lane Divided","admn_class":"Interstate","toll_rd":"N","rte_num1":" 94","rte_num2":" ","route":"Interstate  94","st_length(shape)":0.18451013738529948}},{"type":"Feature","id":5,"geometry":{"type":"LineString","coordinates":[[-93.303180401999953,44.856238142000052],[-93.305133951999949,44.879481123000062],[-93.279902657999969,44.900748432000057],[-93.267543516999979,44.967788545000076]]},"properties":{"objectid":5,"length":8.2080000000000002,"type":"Multi-Lane Divided","admn_class":"Interstate","toll_rd":"N","rte_num1":" 35","rte_num2":" ","route":"Interstate  35","st_length(shape)":0.12449349585488174}},{"type":"Feature","id":6,"geometry":{"type":"LineString","coordinates":[[-93.433992945999989,45.088213406000079],[-93.456523294999954,45.053735799000037],[-93.465044860999967,45.011900119000074],[-93.464579252999954,44.971250579000071],[-93.457979107999961,44.924840989000074],[-93.44234543999994,44.878251793000061],[-93.42224899699994,44.865137356000048],[-93.303180401999953,44.856238142000052]]},"properties":{"objectid":6,"length":22.106000000000002,"type":"Multi-Lane Divided","admn_class":"Interstate","toll_rd":"N","rte_num1":"494","rte_num2":" ","route":"Interstate 494","st_length(shape)":0.3639499181925247}},{"type":"Feature","id":7,"geometry":{"type":"LineString","coordinates":[[-93.093968816999961,44.956104113000038],[-93.137014865999959,44.91703416200005],[-93.154332938999971,44.855819411000027],[-93.217612374999987,44.776896826000041],[-93.28308237799996,44.739447548000044]]},"properties":{"objectid":7,"length":18.154,"type":"Multi-Lane Divided","admn_class":"Interstate","toll_rd":"N","rte_num1":" 35","rte_num2":" ","route":"Interstate  35","st_length(shape)":0.2983326413389501}},{"type":"Feature","id":8,"geometry":{"type":"LineString","coordinates":[[-93.303180401999953,44.856238142000052],[-93.284189512999944,44.828005681000036],[-93.286416949999989,44.775881865000031],[-93.28308237799996,44.739447548000044]]},"properties":{"objectid":8,"length":8.2970000000000006,"type":"Multi-Lane Divided","admn_class":"Interstate","toll_rd":"N","rte_num1":" 35","rte_num2":" ","route":"Interstate  35","st_length(shape)":0.12278334974667521}},{"type":"Feature","id":9,"geometry":{"type":"LineString","coordinates":[[-106.65634228599998,44.381909412000027],[-106.69185065499994,44.390312996000034],[-106.70697236599995,44.384533458000078],[-106.76633943499996,44.444435132000081],[-106.82592877299999,44.522559232000049],[-106.82612049399995,44.557688900000073],[-106.83405688999994,44.594027356000026],[-106.91597221499995,44.708177577000072],[-106.92567886899997,44.769132662000061],[-106.93286681699999,44.815996799000061],[-106.96378968899995,44.831297063000079],[-106.99145488799996,44.845289517000026],[-107.00983532499998,44.881864991000043],[-107.02711705499996,44.90796113500005],[-107.04495551199994,44.91760458400006],[-107.11164641899995,44.923832875000073],[-107.16197206299995,44.924484936000056],[-107.18468570499999,44.927600925000036],[-107.22828953599998,44.949393886000053],[-107.30544871099994,44.957560453000042],[-107.33507588799995,44.995653365000067],[-107.33633471399997,45.000780315000043],[-107.35534245699995,45.078298177000079],[-107.37905631299998,45.125675852000029],[-107.37430490399998,45.198455999000032],[-107.38171459499995,45.242602863000059],[-107.36010439999995,45.328626490000033],[-107.37739824399995,45.388545546000046],[-107.38293339099994,45.498163466000051],[-107.43647509799996,45.578236376000064],[-107.48018216299994,45.66725537700006],[-107.56563378799996,45.741003082000077],[-107.61108477399995,45.74849441200007],[-107.81348553199996,45.748434368000062],[-107.84097586499996,45.760929926000074],[-107.90104713899996,45.783021529000052],[-108.23347933699995,45.791344527000035],[-108.30675405999995,45.812847274000035],[-108.40124658299999,45.82812857600004]]},"properties":{"objectid":9,"length":156.827,"type":"Multi-Lane Divided","admn_class":"Interstate","toll_rd":"N","rte_num1":" 90","rte_num2":" ","route":"Interstate  90","st_length(shape)":2.7023288705272881}},{"type":"Feature","id":10,"geometry":{"type":"LineString","coordinates":[[-93.322169182999971,43.68288764600004],[-93.312472537999952,43.780697885000052],[-93.280337716999952,43.876864278000028],[-93.278484766999952,43.923411864000059],[-93.257137924999938,43.997413968000046],[-93.259184175999962,44.092190912000035],[-93.273880835999989,44.196202580000033],[-93.314334440999971,44.280347449000033],[-93.316288517999965,44.314958312000044],[-93.302990787999988,44.351377355000068],[-93.300749655999937,44.470995304000041],[-93.308465362999982,44.653345441000056],[-93.289895311999942,44.700441855000065],[-93.28308237799996,44.739447548000044]]},"properties":{"objectid":10,"length":74.105999999999995,"type":"Multi-Lane Divided","admn_class":"Interstate","toll_rd":"N","rte_num1":" 35","rte_num2":" ","route":"Interstate  35","st_length(shape)":1.0823055362948335}},{"type":"Feature","id":11,"geometry":{"type":"LineString","coordinates":[[-93.322169182999971,43.68288764600004],[-93.216123378999953,43.665867688000048],[-93.179554224999947,43.655526882000061],[-93.048588935999987,43.65689842300003],[-92.987298865999946,43.684876485000075],[-92.937454103999983,43.675702331000025],[-92.875852223999971,43.671826833000068],[-92.760727598999949,43.672945028000072],[-92.730254533999982,43.684606285000029],[-92.697965387999943,43.712243569000066],[-92.515793276999943,43.875073479000037],[-92.492637201999969,43.882889787000067],[-92.396167426999966,43.913289641000063],[-92.36672512399997,43.953577334000045],[-92.093391900999961,43.951463139000055],[-92.032644864999952,43.941251375000036],[-91.739322646999938,43.928300217000071],[-91.658640338999987,43.947866268000041],[-91.621994812999958,43.913832147000051],[-91.53689449999996,43.913801598000077],[-91.422910191999961,43.925989560000062],[-91.38418997399998,43.904215561000058],[-91.367145261999951,43.88487546600004],[-91.33930466999999,43.86248364100004],[-91.313043666999988,43.853282625000077],[-91.299211329999991,43.856124727000065],[-91.232262864999939,43.869849616000067],[-91.184105139999986,43.872749129000056],[-91.129385719999959,43.866146350000065],[-91.071385977999967,43.882335693000073],[-90.980448716999945,43.873814654000057],[-90.818752275999941,43.913331250000056],[-90.785297531999959,43.923684171000048],[-90.771526819999963,43.934292544000073],[-90.748928525999986,43.948628410000026],[-90.581729067999959,43.940078929000038],[-90.505022858999951,43.949790849000067],[-90.452623575999951,43.973410951000062],[-90.441278868999973,43.980322906000026]]},"properties":{"objectid":11,"length":159.17500000000001,"type":"Multi-Lane Divided","admn_class":"Interstate","toll_rd":"N","rte_num1":" 90","rte_num2":" ","route":"Interstate  90","st_length(shape)":3.0598056761394474}},{"type":"Feature","id":12,"geometry":{"type":"LineString","coordinates":[[-96.775140003999979,43.607789995000076],[-96.77608649299998,43.634778904000029],[-96.793596286999957,43.673177305000081],[-96.786584784999945,43.817547246000061],[-96.77078414999994,43.864635232000069],[-96.763337062999938,43.976599099000055],[-96.760882089999939,44.310988007000049],[-96.76006990999997,44.564270083000054],[-96.827823180999985,44.67679541800004],[-96.890440548999948,44.742369709000059],[-97.029865778999977,44.839846544000068],[-97.046879942999965,44.856291866000049],[-97.057455132999962,44.885210624000081],[-97.067267653999977,44.92782108800003],[-97.068780878999974,45.088567879000038],[-97.075076587999945,45.178177842000025],[-97.063937822999947,45.210576016000061],[-97.06334422599997,45.322761099000047],[-97.064610951999953,45.354434526000034],[-97.035947118999957,45.392356259000053],[-97.029217931999938,45.400718233000077],[-96.996212992999972,45.479659253000079],[-96.98986724699995,45.614549551000039],[-96.989058753999984,45.659436962000029],[-96.865041235999968,45.847421267000072],[-96.845929731999945,45.935509579000041],[-96.841611273999945,45.95539586700005],[-96.841596526999979,46.046734478000076],[-96.846419567999988,46.257755822000036],[-96.862734792999959,46.625810685000033],[-96.856852547999949,46.844921170000077]]},"properties":{"objectid":12,"length":230.95400000000001,"type":"Multi-Lane Divided","admn_class":"Interstate","toll_rd":"N","rte_num1":" 29","rte_num2":" ","route":"Interstate  29","st_length(shape)":3.431839693418711}},{"type":"Feature","id":13,"geometry":{"type":"LineString","coordinates":[[-96.775140003999979,43.607789995000076],[-97.006666514999949,43.599750891000042],[-97.057685302999971,43.615231288000075],[-97.085517994999975,43.634496063000029],[-97.11257221599999,43.649147953000067],[-97.168298696999955,43.662549445000025],[-97.394354318999945,43.665858208000031],[-97.785718526999972,43.663898337000035],[-97.844046932999959,43.684883859000081],[-98.027217150999945,43.685553828000025],[-98.442142469999965,43.689099609000039],[-98.496373107999943,43.700494879000075],[-98.686820287999979,43.705107238000039],[-98.853693187999966,43.728139010000064],[-98.972462087999986,43.734087621000072],[-99.260171206999985,43.75429941200008],[-99.303515370999946,43.769522778000066],[-99.334422968999945,43.790678952000064],[-99.421759145999943,43.812879056000043],[-99.502366661999986,43.851207933000069],[-99.561694753999973,43.856857374000072],[-99.68064852699996,43.86352915100008],[-99.812137887999938,43.88371197400005],[-99.943237486999976,43.890077735000034],[-100.04765735199999,43.885942045000036],[-100.13655837099998,43.88628809000005],[-100.20986469699994,43.904361458000039],[-100.30261751199998,43.904246636000039],[-100.59100450099999,43.904243476000033],[-100.70958167899994,43.88217978800003],[-100.79128579599995,43.886464010000054],[-100.86731360799996,43.903778922000072],[-101.06396326999999,43.909200827000063],[-101.10537547999996,43.906007939000062],[-101.14742184199997,43.88778551300004],[-101.21726982099995,43.856464452000068],[-101.28569042799995,43.843311566000068],[-101.36196210499998,43.856239549000065],[-101.51874701799994,43.854721057000063],[-101.56035832199996,43.844563018000031],[-101.66308166899995,43.845958787000029],[-101.87625144499998,43.845908750000035],[-102.11532511699994,43.917855649000046],[-102.17923027899997,43.950184825000065],[-102.21389117899997,43.985283417000062],[-102.24225794999995,43.994320101000028],[-102.30643067799997,44.021579737000025],[-102.36383576899999,44.067408371000056],[-102.45739022999999,44.06716450600004],[-102.52578134099997,44.112138824000056],[-102.88558167699995,44.11063613400006],[-102.93174055499998,44.131063874000063],[-102.98012739699999,44.132811483000069],[-103.09032943399995,44.131789148000053],[-103.14399649699999,44.118933850000076],[-103.23255304999998,44.115374375000044],[-103.27820892399996,44.133402446000048],[-103.31794410399999,44.17234282700008],[-103.38764829199994,44.216432280000049],[-103.41800653599995,44.24619429300003],[-103.44561801099997,44.302372688000048],[-103.43515764299997,44.331051795000064],[-103.44957778199995,44.365299758000049],[-103.46862871499997,44.380878649000067],[-103.51648200399995,44.392913867000061],[-103.53296208899997,44.414398179000045],[-103.55391284799998,44.437724906000028],[-103.62473891799999,44.471682654000062],[-103.66695382699999,44.478636745000074],[-103.73351516399998,44.482432711000058],[-103.83713443699997,44.522727251000049],[-103.86851554299994,44.526869789000045],[-103.94154008099997,44.536040783000033],[-103.99600141599996,44.557944879000047],[-104.05956421999997,44.550914942000077],[-104.19013869299994,44.536375767000038],[-104.24832225499995,44.502994235000074],[-104.27815484699994,44.437727539000036],[-104.32542928699996,44.422117046000039],[-104.34445809799996,44.390157091000049],[-104.40259688999998,44.383152436000046],[-104.68797375699995,44.345060577000027],[-104.79294455699994,44.306184454000061],[-104.91386030699999,44.275322680000045],[-104.92496167599995,44.293934868000065],[-104.93652022599997,44.298871150000025],[-104.98999714799999,44.287998898000069],[-105.01867730899994,44.284588481000071],[-105.16959261699998,44.299305156000059],[-105.21869735799999,44.295672995000075],[-105.34654823799997,44.303557775000058],[-105.45209735999998,44.281935993000047],[-105.46470141899994,44.27450523400006],[-105.49914162999994,44.27321164500006],[-105.55415231799998,44.27805048700003],[-105.69092980099998,44.259064866000074],[-105.82956918699995,44.217113310000059],[-106.02475987499997,44.196048782000048],[-106.15595375399994,44.190790683000046],[-106.22121096899997,44.177865333000057],[-106.30729727399995,44.197369233000074],[-106.37231009799996,44.196224702000052],[-106.46629276899995,44.255607045000033],[-106.55478190399998,44.266245440000034],[-106.59222117499996,44.293791077000037],[-106.61928434999999,44.366220439000074],[-106.63236191799996,44.373715983000068],[-106.65634228599998,44.381909412000027]]},"properties":{"objectid":13,"length":535.404,"type":"Multi-Lane Divided","admn_class":"Interstate","toll_rd":"N","rte_num1":" 90","rte_num2":" ","route":"Interstate  90","st_length(shape)":10.410755090082114}},{"type":"Feature","id":14,"geometry":{"type":"LineString","coordinates":[[-96.775140003999979,43.607789995000076],[-96.714347143999987,43.601247261000026],[-96.69118369499995,43.598592139000061],[-96.630817992999937,43.617600409000033],[-96.580126815999961,43.605622075000042],[-96.459280062999937,43.606700768000053],[-96.45510644999996,43.606735004000029],[-96.43880913299995,43.60544141500003],[-96.389086038999949,43.602571925000063],[-96.333098838999945,43.602094729000044],[-96.211381968999945,43.631820927000035],[-95.987793961999955,43.632592550000027],[-95.937812255999972,43.640903961000049],[-95.594761150999943,43.638505871000064],[-95.576373866999973,43.638441087000047],[-95.188009771999987,43.63067850300007],[-95.002153883999938,43.634918481000057],[-94.967980185999977,43.643176695000079],[-94.929511205999972,43.652625262000072],[-94.727682450999964,43.664773195000066],[-94.611567092999962,43.678578669000046],[-94.446141577999981,43.678364827000053],[-94.407520380999983,43.669823772000029],[-94.108857370999942,43.665047608000066],[-93.783924929999955,43.662822805000076],[-93.634199975999991,43.668934694000029],[-93.579349932999946,43.662881269000025],[-93.477264951999985,43.68104786400005],[-93.405821055999979,43.684084847000065],[-93.322169182999971,43.68288764600004]]},"properties":{"objectid":14,"length":173.86199999999999,"type":"Multi-Lane Divided","admn_class":"Interstate","toll_rd":"N","rte_num1":" 90","rte_num2":" ","route":"Interstate  90","st_length(shape)":3.4687558183534994}},{"type":"Feature","id":15,"geometry":{"type":"LineString","coordinates":[[-71.566533489999983,43.183991270000035],[-71.68859903799995,43.17891277700005],[-71.752482604999955,43.242814779000071],[-71.830212729999971,43.270516321000059],[-71.84224478699997,43.308033544000068],[-71.898771859999954,43.332611196000073],[-71.971222816999955,43.395190114000059],[-72.039179396999941,43.421251496000025],[-72.066913067999963,43.443509538000058],[-72.122533153999939,43.485279907000063],[-72.154584755999963,43.513500253000075],[-72.144872308999936,43.545688798000072],[-72.167562775999954,43.594714534000047],[-72.210921161999977,43.62854692600007],[-72.237411280999936,43.655764426000076],[-72.257614118999982,43.657400900000027],[-72.287171243999978,43.639120537000053],[-72.321702047999963,43.623624865000068],[-72.325417426999934,43.624090472000034],[-72.362039250999942,43.628687030000037]]},"properties":{"objectid":15,"length":58.488,"type":"Multi-Lane Divided","admn_class":"Interstate","toll_rd":"N","rte_num1":" 89","rte_num2":" ","route":"Interstate  89","st_length(shape)":1.0265730796067316}},{"type":"Feature","id":16,"geometry":{"type":"LineString","coordinates":[[-112.62721862499995,46.005480280000029],[-112.65904110999998,45.929990760000067],[-112.67375725799997,45.83473820200004],[-112.72291414299997,45.741514513000027],[-112.72387537999998,45.726434938000068],[-112.67588303999997,45.671351037000079],[-112.65450406999997,45.639082433000056],[-112.66991599499994,45.612570719000075],[-112.70520314799995,45.570681314000069],[-112.71638773599994,45.487757875000057],[-112.70208979299997,45.436975577000055],[-112.70062502499997,45.348644981000064],[-112.64691161199994,45.246301914000071],[-112.64784177399997,45.212041837000072],[-112.67705548699996,45.180978335000077],[-112.74110654599997,45.130906563000053],[-112.79282005899995,45.093243969000071],[-112.81110674199999,45.036671599000044],[-112.84007606399996,45.006035781000037],[-112.84397368399999,44.965038616000072],[-112.81090554099995,44.927466615000071],[-112.81513129799998,44.881003301000078],[-112.69363933199998,44.704954140000041],[-112.59417787099994,44.642802907000032],[-112.59140002699996,44.62627331200008],[-112.57722427799996,44.617125494000049],[-112.55680707199997,44.615080823000028],[-112.52642617899994,44.627768102000061],[-112.49614378099994,44.62902692800003],[-112.41476674899997,44.606619828000078],[-112.36092534599999,44.585571102000074],[-112.29932451999997,44.537281174000043],[-112.25663768399994,44.515683094000053],[-112.24443023399999,44.498364495000033],[-112.17508525899996,44.339301581000029],[-112.20184926499996,44.304209309000044],[-112.23238816899999,44.213559629000031],[-112.23392035499995,44.173001209000063],[-112.23699842099995,44.022124877000067],[-112.17973448699996,43.830769658000065],[-112.13220828199997,43.722791371000028],[-112.07002702599999,43.610171756000057],[-112.05116623399999,43.511464537000052],[-112.04840471799997,43.497231905000035],[-112.05904785299998,43.48122532900004],[-112.12036636499994,43.43612091500006],[-112.22090072499998,43.344603224000025],[-112.35391437099997,43.203601038000045],[-112.35885855399999,43.195582475000037],[-112.37655164099999,43.157038703000069],[-112.38952913399999,43.07690311500005],[-112.42904257099997,42.953985884000076],[-112.42788276599998,42.914339718000065]]},"properties":{"objectid":16,"length":244.08500000000001,"type":"Multi-Lane Divided","admn_class":"Interstate","toll_rd":"N","rte_num1":" 15","rte_num2":" ","route":"Interstate  15","st_length(shape)":3.8292236879346158}},{"type":"Feature","id":17,"geometry":{"type":"LineString","coordinates":[[-71.203100993999954,42.664089358000069],[-71.279662885999983,42.620239556000058],[-71.32247244499996,42.609303046000036],[-71.348069798999973,42.608009458000026]]},"properties":{"objectid":17,"length":8.5289999999999999,"type":"Multi-Lane Divided","admn_class":"Interstate","toll_rd":"N","rte_num1":"495","rte_num2":" ","route":"Interstate (MA) 495","st_length(shape)":0.15804444394994138}},{"type":"Feature","id":18,"geometry":{"type":"LineString","coordinates":[[-71.348069798999973,42.608009458000026],[-71.364504058999955,42.618343417000062],[-71.376871627999947,42.62087581600008],[-71.389895471999978,42.622493328000076],[-71.404139691999944,42.62505311700005],[-71.413349134999976,42.628874891000066],[-71.421108557999958,42.638118043000077],[-71.431225514999937,42.651057087000027],[-71.437695563999966,42.661639125000079],[-71.443585709999979,42.670847515000048],[-71.448254952999946,42.679575022000051],[-71.453366627999969,42.693319399000075],[-71.455236431999936,42.700750158000062],[-71.459562263999942,42.71162557100007],[-71.461737029999938,42.720307782000077],[-71.465277016999949,42.725839242000063],[-71.468809629999953,42.731812607000052],[-71.479185724999979,42.73837799000006],[-71.485884890999955,42.742600586000037],[-71.491401075999988,42.745434788000068],[-71.496802439999954,42.751904310000043],[-71.500228131999961,42.760613383000077],[-71.501723974999948,42.771099560000039],[-71.500113835999969,42.781074833000048],[-71.501159346999941,42.786548882000034],[-71.500441973999955,42.789268789000062],[-71.507202236999944,42.809863495000059],[-71.510513633999949,42.82174228100007],[-71.513778679999973,42.835456109000063],[-71.516899409999951,42.85279366900005],[-71.515152327999942,42.866861970000059],[-71.507751590999987,42.881269468000028],[-71.499763576999953,42.894308060000071],[-71.494980038999984,42.905591669000046],[-71.492568781999978,42.920098714000062],[-71.492736800999978,42.932839717000036],[-71.494362213999977,42.939694261000056],[-71.495369274999973,42.946534057000065],[-71.497085806999962,42.951111653000055],[-71.49630786299997,42.955193093000048],[-71.496818767999969,42.958382294000046],[-71.495964451999953,42.964737521000075],[-71.50066424399995,42.973072633000072],[-71.502800560999958,42.979942451000056],[-71.503464208999958,42.982624435000048],[-71.502587244999972,42.989433155000029],[-71.503365188999965,43.002635552000072],[-71.499871024999948,43.012576589000048],[-71.497025235999956,43.021625387000029],[-71.492264872999954,43.031997269000044],[-71.486939354999947,43.040534637000064],[-71.482346483999947,43.04636684500008],[-71.478463085999977,43.049472300000048]]},"properties":{"objectid":18,"length":34.790999999999997,"type":"Multi-Lane Divided","admn_class":"Interstate","toll_rd":"N","rte_num1":"293","rte_num2":" ","route":"Interstate 293","st_length(shape)":0.53832970301003091}},{"type":"Feature","id":19,"geometry":{"type":"LineString","coordinates":[[-112.42788276599998,42.914339718000065],[-112.46026303199994,42.917291902000045],[-112.49398639599997,42.918913101000044],[-112.55597751099998,42.910116068000036],[-112.75212890899996,42.858852888000058],[-112.76441220499999,42.852424976000066],[-112.76363426099999,42.824180927000043],[-112.86902905799997,42.754279225000062],[-113.04508664699995,42.627826220000031],[-113.17606246999998,42.602610201000061],[-113.49988356199998,42.571694176000051]]},"properties":{"objectid":19,"length":62.918999999999997,"type":"Multi-Lane Divided","admn_class":"Interstate","toll_rd":"N","rte_num1":" 86","rte_num2":" ","route":"Interstate  86","st_length(shape)":1.175654078082061}},{"type":"Feature","id":20,"geometry":{"type":"LineString","coordinates":[[-113.49988356199998,42.571694176000051],[-113.62150931199994,42.568996918000039],[-113.72322875899999,42.565232028000025],[-113.78495388699997,42.564045887000077],[-113.92577594099998,42.562902410000049],[-114.05599120099998,42.561823718000028],[-114.21103008599999,42.56342384800007],[-114.27903986299998,42.575317909000034],[-114.36079243599994,42.604734930000063],[-114.43459491799996,42.647129972000073],[-114.50796234199998,42.687655736000067],[-114.54326529599996,42.712423003000026],[-114.63251025299996,42.731353847000037],[-114.69400573799999,42.758372252000072],[-114.91663408899996,42.913548607000052],[-114.94934301899997,42.92998602800003],[-115.13203393499998,42.955459079000036],[-115.21126727599994,42.967939889000036],[-115.29400215499999,42.964040690000047],[-115.33880371299995,42.976892301000078],[-115.37143574399994,43.002324269000042],[-115.47841171099998,43.03908935700008],[-115.53659632599999,43.073863499000026],[-115.56787050999998,43.106955343000038],[-115.65191214499998,43.139234482000063],[-115.70250430199997,43.152936195000052],[-115.77677976599995,43.180492893000064],[-115.79751773699996,43.21753344800004],[-115.85143024399997,43.265792300000044],[-116.06863616299995,43.435872837000034],[-116.12277041399994,43.489037950000068],[-116.15557941799995,43.536575742000025],[-116.19639118299995,43.553676812000049],[-116.27561873099995,43.586909287000026],[-116.38238822899996,43.587903180000069],[-116.46452160999996,43.589629720000062],[-116.53274628299999,43.592162120000069],[-116.55606300299996,43.60180504200008],[-116.63727517599995,43.661233735000053],[-116.65236001799997,43.680852456000025],[-116.68452749499994,43.702333081000063],[-116.74433910199997,43.800813817000062],[-116.76441447699995,43.855494788000044],[-116.80169415699999,43.895641324000053],[-116.89870117099997,43.964523325000073],[-116.90568264999996,43.970909627000026],[-116.93551576899995,44.003723372000081],[-116.93757623999994,44.008297281000068],[-116.94249777499999,44.019214830000067],[-116.98890315099999,44.06478906500007],[-117.11955715799996,44.156317817000058],[-117.14388146499999,44.213259407000066],[-117.17004344699995,44.230543770000054],[-117.17327109699994,44.250597550000066],[-117.21212246499999,44.283655159000034],[-117.24494568999995,44.311559483000053],[-117.30710640399997,44.353364614000043],[-117.32510603299994,44.380220267000027],[-117.32414584899999,44.433572887000025],[-117.33326417299998,44.458631422000053],[-117.38046434699999,44.531926687000066],[-117.45339249899996,44.605133993000038],[-117.52922648399999,44.623553933000039],[-117.55965477999996,44.655822010000065],[-117.65487520899995,44.67819750700005],[-117.70145650499995,44.711261963000027],[-117.76019837399997,44.736029230000042],[-117.79891806599994,44.769097373000079],[-117.80187814999999,44.801929025000049],[-117.81737276799998,44.860249530000033],[-117.83287528699998,44.916746581000041],[-117.90091403299999,44.993447523000043],[-117.91886573199997,45.032592793000049],[-117.97854250299997,45.141757747000042],[-117.97756546499994,45.163230471000077],[-118.00705359099999,45.189046934000032],[-117.99918724699995,45.225190510000061],[-118.03370382899999,45.280663119000053],[-118.05895039799998,45.320667445000026],[-118.08843167699996,45.339626205000059],[-118.14204554299999,45.327299719000052],[-118.17854569799999,45.33840740800008],[-118.23297595699995,45.33609464500006],[-118.27934235699996,45.353481716000033],[-118.39349468399996,45.477577714000063],[-118.44681254199998,45.509018864000041],[-118.46301873899995,45.536728833000041],[-118.44748514499997,45.570272064000051],[-118.45631325299996,45.587094507000074],[-118.60450760099997,45.578106806000051],[-118.69782978499995,45.639154065000071],[-118.74496728099996,45.648160200000063],[-118.80666976199996,45.640950657000076],[-118.83215387399997,45.643808034000074],[-118.89165946599996,45.674547086000075],[-119.16886871299999,45.760054541000045]]},"properties":{"objectid":20,"length":397.73399999999998,"type":"Multi-Lane Divided","admn_class":"Interstate","toll_rd":"N","rte_num1":" 84","rte_num2":" ","route":"Interstate (OR/ID/UT)  84","st_length(shape)":7.0860569467830219}},{"type":"Feature","id":21,"geometry":{"type":"LineString","coordinates":[[-89.285562994999964,43.099593582000068],[-89.275057329999981,43.050454079000076],[-89.260721462999982,43.028608447000067],[-89.220719770999949,43.002154670000039],[-89.118071214999986,42.984169789000077],[-89.082128840999985,42.919928589000051],[-89.073515101999988,42.896717210000077],[-89.050527045999956,42.872540380000032],[-89.027066008999952,42.828810667000027],[-88.988407414999983,42.732748036000032],[-88.981693501999985,42.712717958000042],[-88.980701188999944,42.678172933000042],[-88.982134880999979,42.581652068000039],[-88.971819355999969,42.534969118000049]]},"properties":{"objectid":21,"length":45.729999999999997,"type":"Multi-Lane Divided","admn_class":"Interstate","toll_rd":"N","rte_num1":" 90","rte_num2":" ","route":"Interstate  90","st_length(shape)":0.71348150560017043}},{"type":"Feature","id":22,"geometry":{"type":"LineString","coordinates":[[-71.131281029999968,42.500663217000067],[-71.173962072999984,42.583432859000027],[-71.193234748999942,42.599767045000078],[-71.203100993999954,42.664089358000069]]},"properties":{"objectid":22,"length":12.135,"type":"Multi-Lane Divided","admn_class":"Interstate","toll_rd":"N","rte_num1":" 93","rte_num2":" ","route":"Interstate  93","st_length(shape)":0.18346421725274795}},{"type":"Feature","id":23,"geometry":{"type":"LineString","coordinates":[[-77.388903143999983,42.375795596000046],[-77.406192247999968,42.398988540000062],[-77.410411683999939,42.434338898000078],[-77.437085096999965,42.458188116000031],[-77.456502616999956,42.460857986000065],[-77.549356032999981,42.512919651000061],[-77.592150843999946,42.521750393000048],[-77.684286886999985,42.545091868000043],[-77.807079814999952,42.648898649000046],[-77.837995839999962,42.688932997000052],[-77.836637993999943,42.709444484000073],[-77.821241868999948,42.747201885000038],[-77.733922546999963,42.830713654000078],[-77.717039532999934,42.912187600000038],[-77.702247012999976,42.963117375000081],[-77.667532388999973,43.017339586000048],[-77.641012246999935,43.049481781000054]]},"properties":{"objectid":23,"length":60.835999999999999,"type":"Multi-Lane Divided","admn_class":"Interstate","toll_rd":"N","rte_num1":"390","rte_num2":" ","route":"Interstate 390","st_length(shape)":1.000930410712888}},{"type":"Feature","id":24,"geometry":{"type":"LineString","coordinates":[[-84.487898628999972,42.681542267000054],[-84.215191131999973,42.662567179000064],[-84.170533890999934,42.650745278000045],[-84.046221417999959,42.643771699000069],[-84.00200608199998,42.626426237000032],[-83.936260084999958,42.590414865000071],[-83.862137891999964,42.58130496900003],[-83.756076812999936,42.536119442000029],[-83.692400240999973,42.522379279000063],[-83.673333506999938,42.511961574000054],[-83.619171867999967,42.518637565000063],[-83.529539254999975,42.495418285000028],[-83.435145752999972,42.491489590000072],[-83.430094648999955,42.399735935000081],[-83.353729744999953,42.390676603000031],[-83.273924400999988,42.392332565000061],[-83.21504611499995,42.37583404600008],[-83.173334736999948,42.382910332000051],[-83.141373728999952,42.385447472000067],[-83.132500323999977,42.366793675000054],[-83.106994089999944,42.346415971000056]]},"properties":{"objectid":24,"length":81.004000000000005,"type":"Multi-Lane Divided","admn_class":"Interstate","toll_rd":"N","rte_num1":" 96","rte_num2":" ","route":"Interstate  96","st_length(shape)":1.522435200003631}},{"type":"Feature","id":25,"geometry":{"type":"LineString","coordinates":[[-71.059165058999952,42.352220791000036],[-71.105484054999977,42.343259952000039],[-71.171838923999985,42.345178213000054],[-71.269230432999962,42.33135377800005]]},"properties":{"objectid":25,"length":10.862,"type":"Multi-Lane Divided","admn_class":"Interstate","toll_rd":"Y","rte_num1":" 90","rte_num2":" ","route":"Interstate  90","st_length(shape)":0.21192818819213113}},{"type":"Feature","id":26,"geometry":{"type":"LineString","coordinates":[[-71.269230432999962,42.33135377800005],[-71.27238171099998,42.36187424700006],[-71.252034028999958,42.420990077000056],[-71.260952730999975,42.447089908000066],[-71.23059501399996,42.475539371000025],[-71.209773823999967,42.482821600000079],[-71.131281029999968,42.500663217000067]]},"properties":{"objectid":26,"length":16.082000000000001,"type":"Multi-Lane Divided","admn_class":"Interstate","toll_rd":"N","rte_num1":" 95","rte_num2":" ","route":"Interstate  95","st_length(shape)":0.26494175926664765}},{"type":"Feature","id":27,"geometry":{"type":"LineString","coordinates":[[-84.988813865999987,42.295874904000073],[-84.965944845999957,42.39924346600003],[-84.968090116999974,42.432972097000061],[-84.956684311999936,42.445758923000028],[-84.886767861999942,42.477428137000061],[-84.835230268999965,42.512431395000078],[-84.812540327999955,42.57167679500003],[-84.808573182999965,42.584268740000027],[-84.487898628999972,42.681542267000054]]},"properties":{"objectid":27,"length":41.192999999999998,"type":"Multi-Lane Divided","admn_class":"Interstate","toll_rd":"N","rte_num1":" 69","rte_num2":" ","route":"Interstate  69","st_length(shape)":0.70760169923763383}},{"type":"Feature","id":28,"geometry":{"type":"LineString","coordinates":[[-71.269230432999962,42.33135377800005],[-71.358779298999934,42.310486764000075],[-71.433939100999964,42.308357295000064],[-71.469844078999984,42.293609544000049],[-71.560368929999981,42.259444801000029]]},"properties":{"objectid":28,"length":15.890000000000001,"type":"Multi-Lane Divided","admn_class":"Interstate","toll_rd":"Y","rte_num1":" 90","rte_num2":" ","route":"Interstate  90","st_length(shape)":0.30271102760878288}},{"type":"Feature","id":29,"geometry":{"type":"LineString","coordinates":[[-71.348069798999973,42.608009458000026],[-71.382646951999959,42.600070954000046],[-71.452472808999971,42.565086657000052],[-71.497098447999974,42.536400176000029],[-71.515309812999988,42.514473432000045],[-71.597510611999951,42.422837232000063],[-71.608680452999977,42.38713608900008],[-71.595396943999958,42.358258941000031],[-71.582457372999954,42.337568374000057],[-71.569868060999966,42.289156777000073],[-71.560368929999981,42.259444801000029]]},"properties":{"objectid":29,"length":30.326000000000001,"type":"Multi-Lane Divided","admn_class":"Interstate","toll_rd":"N","rte_num1":"495","rte_num2":" ","route":"Interstate (MA) 495","st_length(shape)":0.49304478511593769}},{"type":"Feature","id":30,"geometry":{"type":"LineString","coordinates":[[-71.129943198999968,42.202003367000032],[-71.176018330999966,42.211650503000044],[-71.213419151999972,42.237002412000038],[-71.220919436999964,42.282152649000068],[-71.269230432999962,42.33135377800005]]},"properties":{"objectid":30,"length":12.409000000000001,"type":"Multi-Lane Divided","admn_class":"Interstate","toll_rd":"N","rte_num1":" 95","rte_num2":" ","route":"Interstate  95","st_length(shape)":0.20698098467694481}},{"type":"Feature","id":31,"geometry":{"type":"LineString","coordinates":[[-71.560368929999981,42.259444801000029],[-71.621604222999963,42.22740900000008],[-71.710389892999956,42.222193564000065],[-71.739031603999933,42.218150047000051],[-71.771578834999957,42.207808187000069],[-71.812740332999965,42.198969544000079],[-71.847172642999965,42.187277739000081],[-71.901639770999964,42.167727489000072],[-72.004271997999979,42.151175246000037],[-72.074220050999941,42.128611715000034]]},"properties":{"objectid":31,"length":28.134,"type":"Multi-Lane Divided","admn_class":"Interstate","toll_rd":"Y","rte_num1":" 90","rte_num2":" ","route":"Interstate  90","st_length(shape)":0.53491235247214486}},{"type":"Feature","id":32,"geometry":{"type":"LineString","coordinates":[[-72.074220050999941,42.128611715000034],[-72.131800007999971,42.127181183000062],[-72.165079886999933,42.155825001000039],[-72.198200173999965,42.16764637600005],[-72.246037134999938,42.161035697000045],[-72.315146145999961,42.170129792000068],[-72.373550923999971,42.161336973000061],[-72.444574508999949,42.168569691000073],[-72.549909260999982,42.164334979000046],[-72.600821655999937,42.156720927000038],[-72.630035368999984,42.150220329000035],[-72.639320656999985,42.150315663000072]]},"properties":{"objectid":32,"length":30.256,"type":"Multi-Lane Divided","admn_class":"Interstate","toll_rd":"Y","rte_num1":" 90","rte_num2":" ","route":"Interstate  90","st_length(shape)":0.58123631545405363}},{"type":"Feature","id":33,"geometry":{"type":"LineString","coordinates":[[-75.895765591999975,42.12493057100005],[-75.891928016999941,42.143161424000027],[-75.875615950999986,42.157939196000029],[-75.801562229999945,42.166709894000064],[-75.743050004999986,42.178871521000076],[-75.62823876899995,42.194449359000032],[-75.57267240699997,42.201953857000035],[-75.498992645999977,42.231903904000035],[-75.478400572999988,42.254402650000031],[-75.466094102999989,42.288166044000036],[-75.44459346299999,42.297946963000072],[-75.392498088999957,42.298061785000073],[-75.290183464999984,42.332745333000048],[-75.192195197999979,42.372303540000075],[-75.103133007999986,42.432612884000037],[-75.066678149999973,42.446551615000033],[-75.017206820999945,42.463759606000053],[-74.98952634799997,42.484423311000057],[-74.943008782999982,42.493406271000026],[-74.616624215999934,42.647605060000046],[-74.522565698999983,42.655295485000067],[-74.388588707999986,42.663489441000081],[-74.300190692999934,42.693720748000032],[-74.194222313999944,42.714377606000028],[-74.070112094999956,42.757690168000067],[-73.955882868999936,42.744064827000045],[-73.934031970999968,42.748600814000042]]},"properties":{"objectid":33,"length":113.598,"type":"Multi-Lane Divided","admn_class":"Interstate","toll_rd":"N","rte_num1":" 88","rte_num2":" ","route":"Interstate (NY)  88","st_length(shape)":2.1229592271824624}},{"type":"Feature","id":34,"geometry":{"type":"LineString","coordinates":[[-75.895765591999975,42.12493057100005],[-75.909605828999986,42.133361017000027],[-75.902060773999949,42.174361343000044],[-75.894469369999968,42.191283333000058],[-75.898421766999945,42.222575425000059],[-75.922661800999947,42.24766029500006],[-75.939996727999983,42.29147533400004],[-75.975879057999975,42.310021684000048],[-75.987689898999975,42.332555192000029],[-75.993267708999952,42.397457408000037],[-76.012273344999983,42.453067487000055],[-76.058440650999955,42.50052153300004],[-76.077636427999948,42.559759033000034],[-76.114311448999956,42.598718375000033],[-76.130523966999988,42.619363118000081],[-76.146301952999977,42.625924287000032],[-76.170609931999934,42.625977484000032],[-76.162911079999958,42.678845009000042],[-76.166626985999983,42.697872240000038],[-76.127424832999964,42.802645525000059],[-76.130308017999937,42.896280044000036],[-76.14439949299998,42.926976960000047],[-76.13992829099999,42.944329795000044],[-76.138142759999937,43.008039022000048],[-76.15813228199994,43.065938690000053],[-76.161863462999975,43.104998106000039]]},"properties":{"objectid":34,"length":74.119,"type":"Multi-Lane Divided","admn_class":"Interstate","toll_rd":"N","rte_num1":" 81","rte_num2":" ","route":"Interstate  81","st_length(shape)":1.1236345020771805}},{"type":"Feature","id":35,"geometry":{"type":"LineString","coordinates":[[-88.971819355999969,42.534969118000049],[-88.985170283999935,42.492965945000037],[-88.996644559999936,42.457486545000052],[-88.994377620999956,42.427488041000061],[-88.984038920999978,42.397459515000037],[-88.960661629999947,42.368288991000043],[-88.958347812999989,42.266515294000044],[-88.959788878999973,42.240175285000078],[-88.93563364399995,42.239160851000065],[-88.902917866999985,42.224928745000057],[-88.799452918999975,42.225322194000057],[-88.62596143899998,42.177483126000027],[-88.516841780999982,42.144898498000032],[-88.297885620999978,42.066290883000079],[-88.037814838999964,42.058163292000074]]},"properties":{"objectid":35,"length":70.652000000000001,"type":"Multi-Lane Divided","admn_class":"Interstate","toll_rd":"Y","rte_num1":" 90","rte_num2":" ","route":"Interstate  90","st_length(shape)":1.2587702661138349}},{"type":"Feature","id":36,"geometry":{"type":"LineString","coordinates":[[-71.560368929999981,42.259444801000029],[-71.524638817999971,42.165615927000033],[-71.432777188999978,42.087492354000062],[-71.387334629999941,42.045691436000027],[-71.350193474999969,42.030852565000032],[-71.308939803999976,42.026816949000079],[-71.283197078999933,42.021286016000033]]},"properties":{"objectid":36,"length":23.318000000000001,"type":"Multi-Lane Divided","admn_class":"Interstate","toll_rd":"N","rte_num1":"495","rte_num2":" ","route":"Interstate (MA) 495","st_length(shape)":0.39051196263266752}},{"type":"Feature","id":37,"geometry":{"type":"LineString","coordinates":[[-87.87737617099998,41.993121500000029],[-87.878735070999937,42.014479402000063],[-87.87964311099995,42.028570878000039],[-87.877468870999962,42.042627591000041],[-87.871938991999968,42.094338470000025],[-87.877203411999972,42.107124769000052],[-87.881293278999976,42.117622534000077],[-87.88603151999996,42.12676613900004],[-87.886512401999937,42.132674720000068],[-87.885749732999955,42.139026260000037],[-87.882461510999974,42.147162804000061]]},"properties":{"objectid":37,"length":10.866,"type":"Multi-Lane Divided","admn_class":"Interstate","toll_rd":"Y","rte_num1":"294","rte_num2":" ","route":"Interstate 294","st_length(shape)":0.15824485635750704}},{"type":"Feature","id":38,"geometry":{"type":"LineString","coordinates":[[-87.87737617099998,41.993121500000029],[-87.900105087999975,41.998400668000045],[-87.917859798999984,42.005427444000077],[-87.932569625999975,42.010599691000039],[-87.949080785999968,42.018072060000065],[-87.958243878999951,42.022718655000062],[-87.969223052999951,42.029207138000061],[-87.984460111999965,42.038930119000042],[-87.998506290999956,42.04636087800003],[-88.011995741999954,42.051510477000079],[-88.021815109999977,42.054802912000071],[-88.027346569999963,42.056229230000042],[-88.037814838999964,42.058163292000074]]},"properties":{"objectid":38,"length":9.4559999999999995,"type":"Multi-Lane Divided","admn_class":"Interstate","toll_rd":"Y","rte_num1":" 90","rte_num2":" ","route":"Interstate  90","st_length(shape)":0.17429062851216182}},{"type":"Feature","id":39,"geometry":{"type":"LineString","coordinates":[[-87.924394631999974,41.879707087000043],[-87.924944512999957,41.91013274900007],[-87.925082509999982,41.931487491000041],[-87.924396211999976,41.934653517000072],[-87.923076288999937,41.938277777000053],[-87.918094182999937,41.940486253000074],[-87.911273347999952,41.941760353000063],[-87.895709204999946,41.947925439000073],[-87.890681274999963,41.951949468000066],[-87.886858973999949,41.956905239000037],[-87.882464144999972,41.960029129000077],[-87.879939118999971,41.962722700000029],[-87.87667354599995,41.970401537000043],[-87.875254601999984,41.978103023000074],[-87.87737617099998,41.993121500000029]]},"properties":{"objectid":39,"length":9.1099999999999994,"type":"Multi-Lane Divided","admn_class":"Interstate","toll_rd":"Y","rte_num1":"294","rte_num2":" ","route":"Interstate 294","st_length(shape)":0.14113723344575579}},{"type":"Feature","id":40,"geometry":{"type":"LineString","coordinates":[[-88.037814838999964,42.058163292000074],[-88.019828903999951,41.973478550000038],[-88.007872691999978,41.955171852000035],[-87.970609340999943,41.937479818000043],[-87.946224462999965,41.924018283000066],[-87.94161526399995,41.909430651000037],[-87.940180518999966,41.890792655000041],[-87.924394631999974,41.879707087000043]]},"properties":{"objectid":40,"length":14.653,"type":"Multi-Lane Divided","admn_class":"Interstate","toll_rd":"Y","rte_num1":" 90","rte_num2":" ","route":"Interstate  90","st_length(shape)":0.23082380555039897}},{"type":"Feature","id":41,"geometry":{"type":"LineString","coordinates":[[-87.924394631999974,41.879707087000043],[-87.893074623999951,41.87432099800003],[-87.804944175999935,41.87319279500008],[-87.753131115999963,41.87431889100003],[-87.661788817999991,41.878046385000061]]},"properties":{"objectid":41,"length":13.5,"type":"Multi-Lane Divided","admn_class":"Interstate","toll_rd":"N","rte_num1":" 90","rte_num2":" ","route":"Interstate  90","st_length(shape)":0.26316104233794846}},{"type":"Feature","id":42,"geometry":{"type":"LineString","coordinates":[[-87.925370616999942,41.863819020000051],[-87.924394631999974,41.879707087000043]]},"properties":{"objectid":42,"length":1.1060000000000001,"type":"Multi-Lane Divided","admn_class":"Interstate","toll_rd":"Y","rte_num1":"294","rte_num2":" ","route":"Interstate 294","st_length(shape)":0.015918015570940809}},{"type":"Feature","id":43,"geometry":{"type":"LineString","coordinates":[[-87.951593170999956,41.848693622000042],[-87.940957935999961,41.855834693000077],[-87.925370616999942,41.863819020000051]]},"properties":{"objectid":43,"length":1.7090000000000001,"type":"Multi-Lane Divided","admn_class":"Interstate","toll_rd":"Y","rte_num1":" 88","rte_num2":" ","route":"Interstate (IL)  88","st_length(shape)":0.030323525819851455}},{"type":"Feature","id":44,"geometry":{"type":"LineString","coordinates":[[-87.924690640999984,41.839294564000056],[-87.925370616999942,41.863819020000051]]},"properties":{"objectid":44,"length":1.7050000000000001,"type":"Multi-Lane Divided","admn_class":"Interstate","toll_rd":"Y","rte_num1":"294","rte_num2":" ","route":"Interstate 294","st_length(shape)":0.024533880847850225}},{"type":"Feature","id":45,"geometry":{"type":"LineString","coordinates":[[-87.951593170999956,41.848693622000042],[-87.935067262999951,41.84350610100006],[-87.924690640999984,41.839294564000056]]},"properties":{"objectid":45,"length":1.5270000000000001,"type":"Multi-Lane Divided","admn_class":"Interstate","toll_rd":"Y","rte_num1":" 88","rte_num2":" ","route":"Interstate (IL)  88","st_length(shape)":0.028519690147980659}},{"type":"Feature","id":46,"geometry":{"type":"LineString","coordinates":[[-71.434423142999947,41.807240329000081],[-71.418179549999934,41.83007880100007],[-71.393077825999967,41.858643613000027],[-71.375835071999973,41.874649662000024],[-71.366641429999959,41.891025985000056],[-71.356661942999949,41.908783330000063],[-71.325029598999947,41.929481797000051],[-71.317422919999956,41.950672208000071],[-71.283197078999933,42.021286016000033]]},"properties":{"objectid":46,"length":17.047000000000001,"type":"Multi-Lane Divided","admn_class":"Interstate","toll_rd":"N","rte_num1":" 95","rte_num2":" ","route":"Interstate  95","st_length(shape)":0.26751740920928208}},{"type":"Feature","id":47,"geometry":{"type":"LineString","coordinates":[[-87.909177587999977,41.762356605000036],[-87.867130697999983,41.770913460000031],[-87.832774760999939,41.791814183000042],[-87.797029900999974,41.793160968000052],[-87.751801710999985,41.803911025000048],[-87.654417575999958,41.830252613000027]]},"properties":{"objectid":47,"length":14.109,"type":"Multi-Lane Divided","admn_class":"Interstate","toll_rd":"N","rte_num1":" 55","rte_num2":" ","route":"Interstate  55","st_length(shape)":0.26626507269084482}},{"type":"Feature","id":48,"geometry":{"type":"LineString","coordinates":[[-87.909177587999977,41.762356605000036],[-87.915777205999973,41.770157638000057],[-87.919775425999944,41.783829329000071],[-87.921797974999947,41.803386953000029],[-87.920936284999982,41.814266579000048],[-87.924690640999984,41.839294564000056]]},"properties":{"objectid":48,"length":5.484,"type":"Multi-Lane Divided","admn_class":"Interstate","toll_rd":"Y","rte_num1":"294","rte_num2":" ","route":"Interstate 294","st_length(shape)":0.080346132590266059}},{"type":"Feature","id":49,"geometry":{"type":"LineString","coordinates":[[-72.697459975999948,41.754898984000079],[-72.681330676999949,41.76154389900006],[-72.663568591999933,41.789513007000039],[-72.670656465999969,41.837718662000043],[-72.649003081999979,41.906065530000035],[-72.636474867999937,41.915925981000044],[-72.609641336999971,41.931531735000078],[-72.589987325999971,41.957662115000062],[-72.579999938999947,41.993882062000068],[-72.581792843999949,42.021694739000054],[-72.569318880999958,42.09323818200005],[-72.575223774999984,42.106928835000076],[-72.577551285999959,42.114222124000037],[-72.58661535799996,42.124769399000058],[-72.604537034999964,42.125871793000044],[-72.626762420999967,42.127923838000072],[-72.643906153999978,42.137189638000052],[-72.639320656999985,42.150315663000072]]},"properties":{"objectid":49,"length":32.100999999999999,"type":"Multi-Lane Divided","admn_class":"Interstate","toll_rd":"N","rte_num1":" 91","rte_num2":" ","route":"Interstate  91","st_length(shape)":0.49888143964923759}},{"type":"Feature","id":50,"geometry":{"type":"LineString","coordinates":[[-89.654539590999946,41.746205712000062],[-89.641622668999958,41.748944579000067],[-89.627477469999974,41.754419155000051],[-89.568424843999935,41.775343052000039],[-89.489016636999963,41.804869102000055],[-89.471774409999966,41.810770309000077],[-89.448984921999966,41.817117635000045],[-89.424348804999966,41.819829641000069],[-89.391702026999951,41.819806993000043],[-89.334419130999947,41.822022842000081],[-89.298682171999985,41.824235005000048],[-89.27649523499997,41.828293796000025],[-89.249990367999942,41.834145493000051],[-89.229016959999967,41.840004563000036],[-89.209271829999977,41.849037560000056],[-89.191983778999941,41.85671639800006],[-89.172841199999937,41.86530274900008],[-89.133916092999982,41.882903135000049],[-89.099331564999943,41.894602841000051],[-89.086369345999969,41.896830278000039],[-89.076504154999952,41.896803416000068],[-88.762689937999937,41.893122273000074],[-88.678230625999959,41.892156822000061],[-88.66159042299995,41.891595881000057],[-88.64064703799994,41.889638643000069],[-88.625273560999972,41.886358322000035],[-88.611151009999958,41.881719628000042],[-88.589063093999982,41.87384959700006],[-88.505129433999969,41.837350495000067],[-88.410269270999947,41.796175303000041],[-88.403524808999975,41.794298652000066],[-88.39736762299998,41.794706848000033],[-88.385037976999968,41.795507441000041],[-88.366566946999967,41.795347322000055],[-88.343182281999987,41.794683673000065],[-88.32286462199994,41.794500907000042],[-88.310489679999989,41.798014031000037],[-88.296268107999936,41.801519782000071],[-88.164367390999985,41.80748630100004],[-88.140311175999955,41.809500422000042],[-88.110692953999944,41.811911679000048],[-88.093984278999983,41.816275960000041],[-88.079739532999952,41.819746948000045],[-88.06985959299999,41.821005774000071],[-88.056278495999948,41.822669110000049],[-88.043910926999956,41.824801740000055],[-88.034626164999963,41.826960705000033],[-88.027782154999954,41.830062473000055],[-88.019054120999954,41.834956619000025],[-88.012218011999948,41.837600153000039],[-87.997973791999982,41.841075355000044],[-87.983080670999982,41.845897343000047],[-87.968859098999985,41.847999424000079],[-87.951593170999956,41.848693622000042]]},"properties":{"objectid":50,"length":91.941000000000003,"type":"Multi-Lane Divided","admn_class":"Interstate","toll_rd":"Y","rte_num1":" 88","rte_num2":" ","route":"Interstate (IL)  88","st_length(shape)":1.7540642767038133}},{"type":"Feature","id":51,"geometry":{"type":"LineString","coordinates":[[-72.697459975999948,41.754898984000079],[-72.610595726999975,41.728108115000055],[-72.576216613999975,41.754978516000051],[-72.560956906999934,41.778873558000043],[-72.543927468999982,41.798663986000065],[-72.479021565999972,41.838324373000034],[-72.381896569999981,41.854857128000049],[-72.302815972999952,41.88835348200007],[-72.202998459999947,41.957394548000025],[-72.179506873999969,41.98250680700005],[-72.144586834999984,42.026512513000057],[-72.077813234999951,42.110491997000054],[-72.074220050999941,42.128611715000034]]},"properties":{"objectid":51,"length":45.667000000000002,"type":"Multi-Lane Divided","admn_class":"Interstate","toll_rd":"N","rte_num1":" 84","rte_num2":" ","route":"Interstate (PA/NY/CT)  84","st_length(shape)":0.78716069670047806}},{"type":"Feature","id":52,"geometry":{"type":"LineString","coordinates":[[-91.630374168999936,41.68552346000007],[-91.628909400999987,41.698263936000046],[-91.619092139999964,41.760190266000052],[-91.61767372199995,41.79610419800008],[-91.658508662999964,41.842663372000061],[-91.657412061999935,41.924854164000067],[-91.669529445999956,41.97734140700004],[-91.707294219999937,42.061222924000049],[-91.857843467999942,42.238533018000055],[-91.942575613999963,42.286032888000079],[-92.024616294999987,42.307635708000078],[-92.191435997999974,42.384251851000045],[-92.25412763099996,42.428360265000038],[-92.271011697999938,42.461169269000038]]},"properties":{"objectid":52,"length":68.394999999999996,"type":"Multi-Lane Divided","admn_class":"Interstate","toll_rd":"N","rte_num1":"380","rte_num2":" ","route":"Interstate 380","st_length(shape)":1.1131544171434375}},{"type":"Feature","id":53,"geometry":{"type":"LineString","coordinates":[[-112.13332963699997,41.673471388000053],[-112.13559236399999,41.862672909000025],[-112.13788142499999,41.874124537000057],[-112.16294522699997,41.895528263000074],[-112.19895238599997,41.999343470000042],[-112.21671499699994,42.049384167000028],[-112.21372594399998,42.159577777000038],[-112.22105820999997,42.19254373900003],[-112.21908253799995,42.233440830000063],[-112.20067260499997,42.268253421000054],[-112.21185087299995,42.34871925300007],[-112.16585211399996,42.452977947000079],[-112.16290730399999,42.494264274000045],[-112.15697186099999,42.535462641000038],[-112.19343461999995,42.620540832000074],[-112.19771515499997,42.65709681800007],[-112.22060576999996,42.797229414000071],[-112.23535404699999,42.810057849000032],[-112.25808296299999,42.815894272000037],[-112.36272404499999,42.821917147000079],[-112.40747240599995,42.853994558000068],[-112.42788276599998,42.914339718000065]]},"properties":{"objectid":53,"length":95.075000000000003,"type":"Multi-Lane Divided","admn_class":"Interstate","toll_rd":"N","rte_num1":" 15","rte_num2":" ","route":"Interstate  15","st_length(shape)":1.4373212530529531}},{"type":"Feature","id":54,"geometry":{"type":"LineString","coordinates":[[-112.13332963699997,41.673471388000053],[-112.18244175199999,41.70214154100006],[-112.24553157499997,41.734035131000041],[-112.28449091699997,41.795923538000068],[-112.32958321699999,41.813020394000034],[-112.40586595499997,41.815766109000037],[-112.43213538499998,41.828972193000027],[-112.45092823199997,41.862369000000058],[-112.48408696899997,41.883990255000072],[-112.57802381699997,41.891790761000038],[-112.64556219299999,41.917271714000037],[-112.67112899799997,41.943135054000038],[-112.70026686499995,41.951382207000051],[-112.74975294099994,41.950290873000029],[-112.78524603599999,41.96599933400006],[-112.82147177699994,42.000819299000057],[-112.96291060299995,42.159798466000041],[-113.01161030699996,42.189441971000065],[-113.07862935099996,42.245543993000069],[-113.13334139799997,42.273078043000055],[-113.38232661199999,42.498461062000047],[-113.49988356199998,42.571694176000051]]},"properties":{"objectid":54,"length":98.013999999999996,"type":"Multi-Lane Divided","admn_class":"Interstate","toll_rd":"N","rte_num1":" 84","rte_num2":" ","route":"Interstate (OR/ID/UT)  84","st_length(shape)":1.6970087587523437}},{"type":"Feature","id":55,"geometry":{"type":"LineString","coordinates":[[-93.576495189999946,41.643531874000075],[-93.480544745999964,41.664714911000033],[-93.407391691999976,41.677433265000047],[-93.307717441999955,41.677707679000036],[-93.222013524999966,41.696556357000077],[-93.195622425999943,41.697304279000036],[-93.171764252999935,41.687985281000067],[-93.132952387999978,41.675470234000045],[-93.074578158999941,41.676187607000031],[-92.895511501999977,41.677010321000068],[-92.81183013399999,41.689649143000054],[-92.557224446999953,41.687715081000078],[-92.021403918999965,41.683898574000068],[-91.630374168999936,41.68552346000007]]},"properties":{"objectid":55,"length":100.881,"type":"Multi-Lane Divided","admn_class":"Interstate","toll_rd":"N","rte_num1":" 80","rte_num2":" ","route":"Interstate  80","st_length(shape)":1.9562910230237562}},{"type":"Feature","id":56,"geometry":{"type":"LineString","coordinates":[[-93.576495189999946,41.643531874000075],[-93.572817732999965,41.909987378000039],[-93.582820393999953,42.005994706000081],[-93.565825718999974,42.321667666000053],[-93.578268079999987,42.468095444000028],[-93.574795510999991,42.548297397000056],[-93.478675995999936,42.643167567000035],[-93.410658317999946,42.74024937400003],[-93.361905942999954,42.820015741000077],[-93.363418113999955,43.147130322000066],[-93.364304032999939,43.285963009000056],[-93.363374397999962,43.382558666000079],[-93.34731409799997,43.443574849000072],[-93.347909800999957,43.499124357000028],[-93.338259505999986,43.608611128000064],[-93.320642790999955,43.655597460000081],[-93.322169182999971,43.68288764600004]]},"properties":{"objectid":56,"length":144.846,"type":"Multi-Lane Divided","admn_class":"Interstate","toll_rd":"N","rte_num1":" 35","rte_num2":" ","route":"Interstate  35","st_length(shape)":2.1220719864931614}},{"type":"Feature","id":57,"geometry":{"type":"LineString","coordinates":[[-87.713099400999965,41.606773107000038],[-87.72259853199995,41.619616817000065],[-87.734669038999982,41.628405950000058],[-87.739429928999982,41.63437194100004],[-87.744664326999953,41.646254415000044],[-87.750447551999969,41.66086100800004],[-87.755758321999963,41.669562180000071],[-87.763563568999984,41.677382175000048],[-87.771391463999976,41.68385169700008],[-87.781096536999939,41.689424766000059],[-87.807167398999979,41.704751893000036],[-87.821069260999991,41.714922046000027],[-87.835565771999939,41.726014988000031],[-87.848246203999963,41.73616934100005],[-87.861651908999988,41.741780860000063],[-87.886745732999941,41.747548284000061],[-87.901394988999982,41.752724744000034],[-87.909177587999977,41.762356605000036]]},"properties":{"objectid":57,"length":15.371,"type":"Multi-Lane Divided","admn_class":"Interstate","toll_rd":"Y","rte_num1":"294","rte_num2":" ","route":"Interstate 294","st_length(shape)":0.2599895768948739}},{"type":"Feature","id":58,"geometry":{"type":"LineString","coordinates":[[-93.784250433999944,41.581341138000028],[-93.782930509999971,41.61001234500003],[-93.778894893999961,41.634681644000068],[-93.766427777999979,41.64191436200008],[-93.610874301999957,41.642441068000039],[-93.576495189999946,41.643531874000075]]},"properties":{"objectid":58,"length":14.298,"type":"Multi-Lane Divided","admn_class":"Interstate","toll_rd":"N","rte_num1":" 35","rte_num2":" 80","route":"Interstate  35","st_length(shape)":0.25806279337724886}},{"type":"Feature","id":59,"geometry":{"type":"LineString","coordinates":[[-87.756419336999954,41.568775002000052],[-87.713099400999965,41.606773107000038]]},"properties":{"objectid":59,"length":3.456,"type":"Multi-Lane Divided","admn_class":"Interstate","toll_rd":"N","rte_num1":" 57","rte_num2":" ","route":"Interstate  57","st_length(shape)":0.057623544134625407}},{"type":"Feature","id":60,"geometry":{"type":"LineString","coordinates":[[-90.341138484999988,41.536544320000075],[-90.331357038999954,41.539336912000067],[-90.328297407999969,41.540267601000039],[-90.323422222999966,41.543021743000054],[-90.319767940999952,41.544856258000038],[-90.314892229999941,41.54806863400006],[-90.306965313999967,41.55219958400005],[-90.297786945999974,41.554522881000025],[-90.268946666999966,41.554706175000035],[-90.267169035999984,41.560161262000065],[-90.261072948999981,41.563827132000029],[-90.247011494999981,41.568908258000079],[-90.233552592999956,41.573066070000039],[-90.224976776999938,41.574934821000056],[-90.217698234999943,41.58359807100004],[-90.209191416999943,41.59181467500008],[-90.200081520999959,41.602308752000056],[-90.193390781999938,41.608244195000054],[-90.179955054999937,41.616033641000058],[-90.109640415999991,41.652249375000054],[-90.044719765999957,41.679321504000029],[-89.969316098999968,41.710036854000066],[-89.954034269999966,41.724166252000032],[-89.939324441999986,41.732841090000079],[-89.920311958999946,41.742438715000048],[-89.897606216999975,41.752047927000035],[-89.883483665999961,41.758445291000044],[-89.855826366999963,41.765330910000046],[-89.834303078999937,41.768573308000043],[-89.817082973999959,41.771335351000062],[-89.801693696999962,41.770469448000028],[-89.790608128999963,41.769130563000033],[-89.782596412999965,41.767329757000027],[-89.780742410999949,41.764614064000057],[-89.770861944999979,41.756916265000029],[-89.764696857999979,41.753296219000049],[-89.752985037999963,41.748322014000053],[-89.741899469999964,41.744709342000078],[-89.725274014999968,41.741116158000068],[-89.706818258999988,41.741143020000038],[-89.692665158999944,41.740254468000046],[-89.672988499999974,41.743012824000061],[-89.654539590999946,41.746205712000062]]},"properties":{"objectid":60,"length":41.401000000000003,"type":"Multi-Lane Divided","admn_class":"Interstate","toll_rd":"N","rte_num1":" 88","rte_num2":" ","route":"Interstate (IL)  88","st_length(shape)":0.75660652578694232}},{"type":"Feature","id":61,"geometry":{"type":"LineString","coordinates":[[-90.341138484999988,41.536544320000075],[-90.361876454999958,41.576353765000079],[-90.37084940799997,41.581026695000048],[-90.385971118999976,41.588900414000079],[-90.518010886999946,41.592008502000056],[-90.563468192999949,41.593457469000043],[-90.624879404999945,41.594292297000038],[-90.659304340999938,41.596710401000053],[-90.909946042999991,41.633247952000033],[-91.131861760999982,41.638790999000037],[-91.232382953999945,41.653819484000053],[-91.382328070999961,41.653526635000048],[-91.501625255999954,41.677152005000039],[-91.593416832999935,41.684322045000044],[-91.630374168999936,41.68552346000007]]},"properties":{"objectid":61,"length":69.046999999999997,"type":"Multi-Lane Divided","admn_class":"Interstate","toll_rd":"N","rte_num1":" 80","rte_num2":" ","route":"Interstate  80","st_length(shape)":1.3230578334294671}},{"type":"Feature","id":62,"geometry":{"type":"LineString","coordinates":[[-74.073180153999942,41.518133334000026],[-74.081191342999944,41.548086542000078],[-74.094146714999965,41.603456443000027],[-74.081328812999971,41.670194753000033],[-74.072134643999959,41.693353462000061],[-74.05557818799997,41.746026632000053],[-74.048841098999958,41.789159588000075],[-74.055028306999986,41.82774865600004],[-74.062444318999951,41.862252598000055],[-74.050778321999985,41.921292056000027],[-74.039692226999989,41.948994651000078],[-74.025515951999978,41.986690954000039],[-74.002053334999971,42.07433999400007],[-73.989692612999988,42.092509222000047],[-73.927745214999959,42.19650351000007],[-73.894868265999946,42.232818791000057],[-73.883057424999947,42.255976973000031],[-73.868674681999948,42.325467318000051],[-73.843778372999964,42.362694327000042],[-73.804530921999969,42.412165655000081],[-73.799990721999961,42.478497875000073],[-73.793718714999954,42.495301357000073],[-73.787141217999988,42.613448744000038],[-73.813875201999963,42.631671169000072],[-73.849298771999941,42.67625625200003],[-73.846788493999952,42.683073399000079]]},"properties":{"objectid":62,"length":85.129999999999995,"type":"Multi-Lane Divided","admn_class":"Interstate","toll_rd":"Y","rte_num1":" 87","rte_num2":" ","route":"Interstate  87","st_length(shape)":1.271236220937948}},{"type":"Feature","id":63,"geometry":{"type":"LineString","coordinates":[[-88.198571109999989,41.490940063000039],[-88.182053629999984,41.52163697800006],[-88.168710602999965,41.578697078000062],[-88.157763558999989,41.637603279000075],[-88.068909416999986,41.686588458000074],[-87.937909891999936,41.743638023000074],[-87.909177587999977,41.762356605000036]]},"properties":{"objectid":63,"length":25.927,"type":"Multi-Lane Divided","admn_class":"Interstate","toll_rd":"N","rte_num1":" 55","rte_num2":" ","route":"Interstate  55","st_length(shape)":0.43200995792779479}},{"type":"Feature","id":64,"geometry":{"type":"LineString","coordinates":[[-75.683365859999981,41.482042956000043],[-75.644697784999948,41.62040266200006],[-75.68595830299995,41.689543275000062],[-75.67009604499998,41.709315268000068],[-75.681417575999944,41.76661923100005],[-75.682232915999975,41.850077277000025],[-75.719907623999973,41.879392644000063],[-75.725659246999953,41.947038467000027],[-75.741558901999952,41.995370532000038],[-75.742810353999971,41.998056202000043],[-75.754613820999964,42.023354915000027],[-75.781211388999964,42.048886430000039],[-75.797135271999935,42.09136258500007],[-75.814241608999964,42.107025222000061],[-75.84735504799994,42.119274282000049],[-75.895765591999975,42.12493057100005]]},"properties":{"objectid":64,"length":50.622999999999998,"type":"Multi-Lane Divided","admn_class":"Interstate","toll_rd":"N","rte_num1":" 81","rte_num2":" ","route":"Interstate  81","st_length(shape)":0.77825736199273976}},{"type":"Feature","id":65,"geometry":{"type":"LineString","coordinates":[[-90.333164164999971,41.432655901000032],[-90.332843927999988,41.457622789000027],[-90.341138484999988,41.536544320000075]]},"properties":{"objectid":65,"length":7.242,"type":"Multi-Lane Divided","admn_class":"Interstate","toll_rd":"N","rte_num1":" 80","rte_num2":" ","route":"Interstate  80","st_length(shape)":0.10432514956375258}},{"type":"Feature","id":66,"geometry":{"type":"LineString","coordinates":[[-75.607634054999949,41.425564340000051],[-75.637923826999952,41.438258992000044],[-75.643119775999935,41.450595486000054],[-75.663712375999978,41.45996768100008],[-75.683365859999981,41.482042956000043]]},"properties":{"objectid":66,"length":5.7759999999999998,"type":"Multi-Lane Divided","admn_class":"Interstate","toll_rd":"N","rte_num1":" 81","rte_num2":" ","route":"Interstate  81","st_length(shape)":0.098409889240102577}},{"type":"Feature","id":67,"geometry":{"type":"LineString","coordinates":[[-73.601164713999935,41.372298099000034],[-73.608313685999974,41.407267122000064],[-73.673432376999983,41.49413505800004],[-73.683678902999986,41.532747301000029],[-73.719820371999958,41.545534128000043],[-73.771373765999954,41.539739315000077],[-73.892860465999945,41.529909413000041],[-73.936410571999943,41.531301495000037],[-73.962175944999956,41.520418182000071],[-74.030865698999946,41.521783929000037],[-74.073180153999942,41.518133334000026]]},"properties":{"objectid":67,"length":32.640000000000001,"type":"Multi-Lane Divided","admn_class":"Interstate","toll_rd":"N","rte_num1":" 84","rte_num2":" ","route":"Interstate (PA/NY/CT)  84","st_length(shape)":0.57902207113770754}},{"type":"Feature","id":68,"geometry":{"type":"LineString","coordinates":[[-72.697459975999948,41.754898984000079],[-72.778594196999961,41.725270227000067],[-72.792976413999952,41.711334656000076],[-72.82203790899996,41.665748307000058],[-72.900265242999978,41.615591735000066],[-72.921346098999948,41.56265468600003],[-72.934492137999939,41.54551516600003],[-72.957945800999937,41.53617668000004],[-73.023499550999986,41.542592478000074],[-73.076213276999965,41.546609133000061],[-73.097988330999954,41.522706190000065],[-73.220711733999963,41.462684954000053],[-73.268328532999988,41.42166566700007],[-73.289111799999944,41.425411595000071],[-73.305614531999936,41.428680329000031],[-73.428238387999954,41.414306013000044],[-73.434380299999987,41.411612968000043],[-73.457742315999951,41.399913262000041],[-73.469438861999947,41.391337972000031],[-73.47929615299995,41.382754781000074],[-73.543156544999988,41.37822248100008],[-73.552166893999981,41.37758148100005],[-73.579153169999984,41.368597994000027],[-73.601164713999935,41.372298099000034]]},"properties":{"objectid":68,"length":59.036999999999999,"type":"Multi-Lane Divided","admn_class":"Interstate","toll_rd":"N","rte_num1":" 84","rte_num2":" ","route":"Interstate (PA/NY/CT)  84","st_length(shape)":1.0533745745518743}},{"type":"Feature","id":69,"geometry":{"type":"LineString","coordinates":[[-88.198571109999989,41.490940063000039],[-88.223825051999938,41.484386268000037],[-88.264124859999981,41.458907950000025],[-88.356924024999955,41.442516879000038],[-88.429946456999971,41.394585637000034],[-88.457023852999953,41.384824206000076],[-88.844612636999955,41.374228475000052],[-89.129867308999962,41.364479158000051],[-89.208825709999985,41.361053993000041],[-89.269366804999947,41.373428936000039],[-89.315845919999958,41.385758582000051],[-89.403983215999972,41.392667376000077],[-89.440094134999981,41.39768003100005],[-89.500703701999953,41.400415212000041],[-89.562534170999982,41.38950925100005],[-89.695991303999961,41.39300288700008],[-89.765718666999987,41.376088798000069],[-89.915863931999979,41.408363723000036],[-89.985012445999985,41.401768318000052],[-90.100762796999959,41.404908009000053],[-90.195325897999965,41.431660428000043],[-90.333164164999971,41.432655901000032]]},"properties":{"objectid":69,"length":113.69,"type":"Multi-Lane Divided","admn_class":"Interstate","toll_rd":"N","rte_num1":" 80","rte_num2":" ","route":"Interstate  80","st_length(shape)":2.1747225965117591}},{"type":"Feature","id":70,"geometry":{"type":"LineString","coordinates":[[-75.607634054999949,41.425564340000051],[-75.65056633599994,41.400314611000056],[-75.708559230999981,41.359374857000034]]},"properties":{"objectid":70,"length":6.9550000000000001,"type":"Multi-Lane Divided","admn_class":"Interstate","toll_rd":"N","rte_num1":" 81","rte_num2":" ","route":"Interstate  81","st_length(shape)":0.12079452269560159}},{"type":"Feature","id":71,"geometry":{"type":"LineString","coordinates":[[-75.683365859999981,41.482042956000043],[-75.688905219999981,41.480760955000051],[-75.692636400999959,41.478990698000075],[-75.703226338999968,41.47233788300008],[-75.709467270999937,41.46788248200005],[-75.70958156599994,41.463793142000043],[-75.706140599999969,41.454218165000043],[-75.701387609999983,41.448702506000075],[-75.705286282999964,41.439673196000058],[-75.71418971099996,41.427088625000067],[-75.719911837999973,41.418100925000033],[-75.722712329999979,41.404517193000061],[-75.720537563999983,41.393592271000045],[-75.714273983999988,41.375346670000056],[-75.70961211499997,41.366203065000036],[-75.708452308999938,41.363467884000045],[-75.708559230999981,41.359374857000034]]},"properties":{"objectid":71,"length":9.6539999999999999,"type":"Multi-Lane Divided","admn_class":"Interstate","toll_rd":"Y","rte_num1":"  9","rte_num2":" ","route":"Pennsylvania State Hwy   9","st_length(shape)":0.14907006691407895}},{"type":"Feature","id":72,"geometry":{"type":"LineString","coordinates":[[-75.607634054999949,41.425564340000051],[-75.595022621999988,41.416299066000079],[-75.577985809999973,41.389714666000032],[-75.557660249999969,41.393949377000069],[-75.486323275999951,41.403754524000078],[-75.438203472999987,41.395718054000042],[-75.395340716999954,41.352373362000037],[-75.300497408999945,41.348991914000067],[-75.211207681999952,41.364694581000037],[-75.126961158999961,41.364012497000033],[-75.002209412999946,41.351100842000051],[-74.970813558999964,41.355587318000062],[-74.856613828999969,41.339872010000079],[-74.838158072999988,41.344262626000045],[-74.797674971999982,41.355001622000032],[-74.726147855999955,41.360048513000038],[-74.702625721999937,41.362631476000047],[-74.680072723999956,41.364305872000045],[-74.62448371399995,41.375021166000067],[-74.567109697999967,41.395262453000043],[-74.468070127999965,41.416083116000038],[-74.42529796499997,41.43120798800004],[-74.364772144999961,41.454542616000026],[-74.24548970799998,41.511107085000049],[-74.204426703999957,41.51935055000007],[-74.073180153999942,41.518133334000026]]},"properties":{"objectid":72,"length":85.259,"type":"Multi-Lane Divided","admn_class":"Interstate","toll_rd":"N","rte_num1":" 84","rte_num2":" ","route":"Interstate (PA/NY/CT)  84","st_length(shape)":1.6048396412546275}},{"type":"Feature","id":73,"geometry":{"type":"LineString","coordinates":[[-81.78923204299997,41.467658633000042],[-81.784012919999952,41.432396762000053],[-81.808213977999969,41.417045934000043],[-81.808305097999948,41.348444140000026],[-81.806115056999943,41.332621384000049],[-81.801781324999979,41.321860267000034]]},"properties":{"objectid":73,"length":10.768000000000001,"type":"Multi-Lane Divided","admn_class":"Interstate","toll_rd":"N","rte_num1":" 71","rte_num2":" ","route":"Interstate  71","st_length(shape)":0.16048147551127237}},{"type":"Feature","id":74,"geometry":{"type":"LineString","coordinates":[[-72.91051861699998,41.295373834000031],[-72.91106059599997,41.31519849700004],[-72.885356320999961,41.316335654000056],[-72.868685569999968,41.326173457000039],[-72.859377631999962,41.372385006000059],[-72.828683876999946,41.414773727000068],[-72.776710698999977,41.480558700000074],[-72.772491788999957,41.511385185000051],[-72.758689474999983,41.528959763000046],[-72.741942350999977,41.539236838000079],[-72.687641133999989,41.621768935000034],[-72.670794462999936,41.667904112000031],[-72.697459975999948,41.754898984000079]]},"properties":{"objectid":74,"length":36.299999999999997,"type":"Multi-Lane Divided","admn_class":"Interstate","toll_rd":"N","rte_num1":" 91","rte_num2":" ","route":"Interstate  91","st_length(shape)":0.56023888617769335}},{"type":"Feature","id":75,"geometry":{"type":"LineString","coordinates":[[-81.663585950999959,41.479978798000047],[-81.635286598999983,41.468172697000057],[-81.647828506999986,41.400081281000041],[-81.647795324999947,41.274709076000079]]},"properties":{"objectid":75,"length":15.173,"type":"Multi-Lane Divided","admn_class":"Interstate","toll_rd":"N","rte_num1":" 77","rte_num2":" ","route":"Interstate  77","st_length(shape)":0.22527234195655479}},{"type":"Feature","id":76,"geometry":{"type":"LineString","coordinates":[[-81.801781324999979,41.321860267000034],[-81.717868732999989,41.290588716000059],[-81.678460110999936,41.286427217000039],[-81.647795324999947,41.274709076000079]]},"properties":{"objectid":76,"length":8.6839999999999993,"type":"Multi-Lane Divided","admn_class":"Interstate","toll_rd":"Y","rte_num1":" 80","rte_num2":" ","route":"Interstate  80","st_length(shape)":0.16200539496318353}},{"type":"Feature","id":77,"geometry":{"type":"LineString","coordinates":[[-81.440763772999958,41.576511777000064],[-81.441587539999944,41.569218488000047],[-81.441619669999966,41.515158502000077],[-81.47732713299996,41.473628838000025],[-81.480615354999941,41.455810922000069],[-81.501199526999983,41.418827778000036],[-81.51148292299996,41.362634109000055],[-81.547378419999973,41.262483718000055]]},"properties":{"objectid":77,"length":22.878,"type":"Multi-Lane Divided","admn_class":"Interstate","toll_rd":"N","rte_num1":"271","rte_num2":" ","route":"Interstate 271","st_length(shape)":0.34012964599807216}},{"type":"Feature","id":78,"geometry":{"type":"LineString","coordinates":[[-81.647795324999947,41.274709076000079],[-81.604472754999961,41.255670257000077],[-81.572091435999937,41.256250686000044],[-81.547378419999973,41.262483718000055]]},"properties":{"objectid":78,"length":5.6219999999999999,"type":"Multi-Lane Divided","admn_class":"Interstate","toll_rd":"Y","rte_num1":" 80","rte_num2":" ","route":"Interstate  80","st_length(shape)":0.1051949273397928}},{"type":"Feature","id":79,"geometry":{"type":"LineString","coordinates":[[-95.903756013999953,41.233340056000031],[-95.851188184999955,41.240968857000041],[-95.810461745999987,41.264814389000037],[-95.707866387999957,41.338263979000033],[-95.598695112999962,41.438316930000042],[-95.580208808999942,41.491988207000077],[-95.351344266999945,41.487627086000032],[-95.301354659999959,41.492635528000051],[-94.970159165999974,41.489906667000071],[-94.67833173799994,41.487474868000049],[-94.654908623999972,41.477968890000056],[-94.57787164399997,41.49105699200004],[-94.458108323999966,41.489817654000035],[-94.257104388999949,41.486083840000049],[-94.212860084999988,41.503154361000043],[-94.103809425999941,41.506660638000028],[-94.079120111999941,41.513904944000046],[-94.022263847999966,41.536823474000073],[-93.849719910999966,41.557339175000038],[-93.784250433999944,41.581341138000028]]},"properties":{"objectid":79,"length":119.68300000000001,"type":"Multi-Lane Divided","admn_class":"Interstate","toll_rd":"N","rte_num1":" 80","rte_num2":" ","route":"Interstate  80","st_length(shape)":2.2448093377024749}},{"type":"Feature","id":80,"geometry":{"type":"LineString","coordinates":[[-95.903756013999953,41.233340056000031],[-95.906335289999959,41.248221063000074],[-95.910462552999945,41.266661018000036],[-95.87910514899994,41.276788509000028],[-95.871665962999941,41.299638041000037],[-95.923218303999988,41.35289427400005],[-95.921614485999953,41.489896133000059],[-95.931196836999959,41.547645689000035],[-95.931364328999962,41.590937710000048],[-96.045181671999956,41.664033354000026],[-96.058044869999947,41.688248633000057],[-96.057801004999988,41.711414715000046],[-96.05281837299998,41.744487599000081],[-96.060616245999938,41.78236350800006],[-96.111124656999948,41.853518770000051],[-96.121867338999948,41.882087269000067],[-96.122608413999956,41.967585770000028],[-96.138768260999939,42.025878360000036],[-96.188118446999965,42.109936323000056],[-96.238651085999948,42.171059954000043],[-96.261609646999943,42.226236554000025],[-96.280798575999938,42.267722502000026],[-96.346490322999955,42.359398731000056],[-96.38225730399995,42.441258753000056],[-96.384377819999941,42.482282253000051],[-96.397699251999938,42.495260274000032],[-96.412652943999944,42.496137765000071],[-96.451243592999958,42.497335493000037],[-96.464709341999992,42.497751590000064],[-96.489536125999962,42.504660384000033],[-96.511501319999979,42.549692640000046],[-96.651229932999968,42.66252135600007],[-96.682786431999943,42.677517711000064],[-96.700860852999938,42.689931103000049],[-96.730151464999949,42.744458803000043],[-96.792996895999977,42.772111361000043],[-96.797414899999978,42.783753657000034],[-96.802301145999991,43.085442063000073],[-96.800091616999964,43.256841996000048],[-96.801358869999945,43.298886252000045],[-96.802666679999959,43.47281595100003],[-96.787950004999971,43.540480209000066],[-96.775140003999979,43.607789995000076]]},"properties":{"objectid":80,"length":183.99000000000001,"type":"Multi-Lane Divided","admn_class":"Interstate","toll_rd":"N","rte_num1":" 29","rte_num2":" ","route":"Interstate  29","st_length(shape)":2.8190423397621411}},{"type":"Feature","id":81,"geometry":{"type":"LineString","coordinates":[[-80.130387188999975,42.026548856000034],[-80.165582167999958,41.978144106000059],[-80.176095733999944,41.880689919000076],[-80.170800764999967,41.808161537000046],[-80.193392211999935,41.755007485000078],[-80.203120986999977,41.687574450000056],[-80.185955131999947,41.623414363000052],[-80.169941181999945,41.590611153000054],[-80.173215182999968,41.548328826000045],[-80.152508814999976,41.471569420000037],[-80.165532657999961,41.426339650000045],[-80.153264109999952,41.376173598000037],[-80.163723951999941,41.264271356000052],[-80.156437509999989,41.233571280000035],[-80.168431117999944,41.194723072000045]]},"properties":{"objectid":81,"length":59.115000000000002,"type":"Multi-Lane Divided","admn_class":"Interstate","toll_rd":"N","rte_num1":" 79","rte_num2":" ","route":"Interstate  79","st_length(shape)":0.86462004153242578}},{"type":"Feature","id":82,"geometry":{"type":"LineString","coordinates":[[-112.00005843199995,41.160260740000069],[-111.99306220499994,41.18133685600003],[-112.00400240199997,41.225389439000026],[-112.00188188599998,41.28120124600008],[-112.04365383499999,41.348714867000069],[-112.05645014199996,41.42828266600003],[-112.05143169299998,41.534438026000032],[-112.09748522999996,41.64028895000007],[-112.13332963699997,41.673471388000053]]},"properties":{"objectid":82,"length":37.322000000000003,"type":"Multi-Lane Divided","admn_class":"Interstate","toll_rd":"N","rte_num1":" 84","rte_num2":" 15","route":"Interstate (OR/ID/UT)  84","st_length(shape)":0.55398632899247369}},{"type":"Feature","id":83,"geometry":{"type":"LineString","coordinates":[[-74.169114795999974,41.116417259000059],[-74.175836609999976,41.125030472000049],[-74.169374988999948,41.228037187000041],[-74.120011634999969,41.291628432000039],[-74.067602870999963,41.456407679000051],[-74.073180153999942,41.518133334000026]]},"properties":{"objectid":83,"length":29.050000000000001,"type":"Multi-Lane Divided","admn_class":"Interstate","toll_rd":"Y","rte_num1":" 87","rte_num2":" ","route":"Interstate  87","st_length(shape)":0.42952698304160941}},{"type":"Feature","id":84,"geometry":{"type":"LineString","coordinates":[[-104.85901447799995,41.108704712000076],[-104.84999675499995,41.170475138000029],[-104.84160423199995,41.234061643000075],[-104.86167012599998,41.377336036000031],[-104.90009275599999,41.462398953000047],[-104.91302495299999,41.514506968000035],[-104.90499111599996,41.557231200000047],[-104.84713569199994,41.644784380000033],[-104.84126872099995,41.667973110000048],[-104.84104750399996,41.701114992000043],[-104.86183024499996,41.74092812400005],[-104.85904555299999,41.764556127000048],[-104.81335175599997,41.804811691000054],[-104.80918604299995,41.817094987000075],[-104.94359703899994,41.919259500000067],[-104.95222605299995,41.964154285000063],[-104.96396842199994,42.054447386000049],[-105.04179809399994,42.176033632000042],[-105.06426681799996,42.228542997000034],[-105.06323658299999,42.323505341000043],[-105.04091902299996,42.407741330000079],[-105.04142202599996,42.44136409400005],[-105.16388523699999,42.554846978000057],[-105.21780406599999,42.647532375000026],[-105.24101386399997,42.69049678500005],[-105.33348541899994,42.731405464000034],[-105.37971329499999,42.733656076000045],[-105.42858154599998,42.742673798000055],[-105.45615509799995,42.74782708400005],[-105.52581398999996,42.792496966000044],[-105.57960324799996,42.795491813000069],[-105.63505584299998,42.789357275000043],[-105.79434155199999,42.813180159000069],[-105.85184671699994,42.813744260000078],[-106.20293745299995,42.829665510000041],[-106.31517941999999,42.858649580000076],[-106.34248593299998,42.870898640000064],[-106.33304105199994,43.054375927000081],[-106.34531750099995,43.083272563000037],[-106.32853192799996,43.217799961000026],[-106.37617295499996,43.377602895000052],[-106.44006547599997,43.491148458000055],[-106.50253115199996,43.576946128000031],[-106.61697053299997,43.644396544000074],[-106.64705489099998,43.669756354000071],[-106.66656405699996,43.699423034000063],[-106.66611372399996,43.720384854000031],[-106.64224817699994,43.791011303000062],[-106.63613628799999,43.862659561000044],[-106.63325994999997,44.10059502200005],[-106.67270596899999,44.229271777000065],[-106.65302983599997,44.313565703000052],[-106.65792134899999,44.356793466000056],[-106.65634228599998,44.381909412000027]]},"properties":{"objectid":84,"length":288.30599999999998,"type":"Multi-Lane Divided","admn_class":"Interstate","toll_rd":"N","rte_num1":" 25","rte_num2":" ","route":"Interstate  25","st_length(shape)":4.6023136529107207}},{"type":"Feature","id":85,"geometry":{"type":"LineString","coordinates":[[-80.829829792999988,41.102471154000057],[-80.752990326999964,41.116253454000059],[-80.733168296999963,41.123116425000035],[-80.675915423999982,41.139076651000039],[-80.557236063999937,41.175117519000025],[-80.522551462999957,41.176334208000071],[-80.437122485999964,41.179294819000063],[-80.358774009999934,41.190624778000029],[-80.311493248999966,41.183957215000078],[-80.252638664999949,41.192937015000041],[-80.168431117999944,41.194723072000045]]},"properties":{"objectid":85,"length":35.319000000000003,"type":"Multi-Lane Divided","admn_class":"Interstate","toll_rd":"N","rte_num1":" 80","rte_num2":" ","route":"Interstate  80","st_length(shape)":0.67336964357884876}},{"type":"Feature","id":86,"geometry":{"type":"LineString","coordinates":[[-81.547378419999973,41.262483718000055],[-81.411438398999962,41.24854920100006],[-81.369413630999986,41.251643068000078],[-81.225135336999983,41.240484815000059],[-81.009603814999934,41.234351331000028],[-80.984349345999988,41.230032873000027],[-80.958522347999974,41.213919903000033],[-80.85297111999995,41.127288985000064],[-80.829829792999988,41.102471154000057]]},"properties":{"objectid":86,"length":41.228999999999999,"type":"Multi-Lane Divided","admn_class":"Interstate","toll_rd":"Y","rte_num1":" 80","rte_num2":" ","route":"Interstate  80","st_length(shape)":0.76566412429554631}},{"type":"Feature","id":87,"geometry":{"type":"LineString","coordinates":[[-74.057607056999984,41.094959809000045],[-74.074575396999933,41.099724386000048],[-74.102653005999969,41.121029091000025],[-74.136193076999973,41.122360602000072],[-74.169114795999974,41.116417259000059]]},"properties":{"objectid":87,"length":6.5069999999999997,"type":"Multi-Lane Divided","admn_class":"Interstate","toll_rd":"Y","rte_num1":" 87","rte_num2":"287","route":"Interstate  87","st_length(shape)":0.11989042282212083}},{"type":"Feature","id":88,"geometry":{"type":"LineString","coordinates":[[-75.708559230999981,41.359374857000034],[-75.71007719499994,41.34805332500008],[-75.716379224999969,41.340427684000076],[-75.731966543999988,41.328388253000071],[-75.747638134999988,41.313175422000029],[-75.757090915999981,41.301960285000064],[-75.761516294999979,41.296120176000045],[-75.765323320999983,41.290268479000076],[-75.767925245999947,41.283951702000024],[-75.768909130999987,41.268982735000066],[-75.770984349999935,41.259026424000069],[-75.776691202999984,41.250932016000036],[-75.781749680999951,41.243737747000068],[-75.792309070999977,41.237069657000063],[-75.802327006999974,41.22676993400006],[-75.809208938999973,41.220048647000056],[-75.811802962999934,41.213731869000071],[-75.813146061999987,41.208307331000071],[-75.813237181999966,41.204675697000027],[-75.810856999999942,41.201917868000066],[-75.804928930999949,41.194582442000069],[-75.798405684999977,41.186327389000041],[-75.794232071999943,41.182192225000051],[-75.792553461999944,41.175821724000059],[-75.793308756999977,41.169928417000051],[-75.795262307999963,41.164511253000057],[-75.795407151999939,41.159060379000039],[-75.794880445999979,41.154974725000045],[-75.79379701299996,41.149966284000072],[-75.789127769999936,41.140830053000059],[-75.781994072999964,41.133021646000032],[-75.773708470999964,41.122470157000066],[-75.761256628999945,41.108230151000043],[-75.751726948999988,41.099014387000068],[-75.742182520999961,41.090721411000061],[-75.731386640999972,41.083755733000032],[-75.721086917999969,41.080891509000026],[-75.712099216999945,41.074871793000057],[-75.700013962999947,41.070611274000044]]},"properties":{"objectid":88,"length":24.117000000000001,"type":"Multi-Lane Divided","admn_class":"Interstate","toll_rd":"Y","rte_num1":"  9","rte_num2":" ","route":"Pennsylvania State Hwy   9","st_length(shape)":0.38375128608332604}},{"type":"Feature","id":89,"geometry":{"type":"LineString","coordinates":[[-73.829580502999988,41.063333259000046],[-73.850287397999978,41.068353288000026],[-73.934365901999968,41.086567813000045],[-73.987391437999975,41.092938314000037],[-74.052007124999989,41.09338443300004],[-74.057607056999984,41.094959809000045]]},"properties":{"objectid":89,"length":12.101000000000001,"type":"Multi-Lane Divided","admn_class":"Interstate","toll_rd":"Y","rte_num1":" 87","rte_num2":"287","route":"Interstate  87","st_length(shape)":0.23117694598927041}},{"type":"Feature","id":90,"geometry":{"type":"LineString","coordinates":[[-76.007581980999987,41.052798625000037],[-75.969105099999979,41.05688006500003],[-75.888520232999952,41.063159446000043],[-75.863678173999972,41.056945903000042],[-75.793576323999957,41.058285315000035],[-75.700013962999947,41.070611274000044]]},"properties":{"objectid":90,"length":16.123999999999999,"type":"Multi-Lane Divided","admn_class":"Interstate","toll_rd":"N","rte_num1":" 80","rte_num2":" ","route":"Interstate  80","st_length(shape)":0.30961466513106983}},{"type":"Feature","id":91,"geometry":{"type":"LineString","coordinates":[[-75.708559230999981,41.359374857000034],[-75.733386014999951,41.345199635000029],[-75.788707985999963,41.284226115000081],[-75.822324428999934,41.25925185400007],[-75.897453682999981,41.207113289000063],[-75.909279270999946,41.197279174000073],[-75.955431301999965,41.180608949000032],[-75.972744107999972,41.085967369000059],[-76.007581980999987,41.052798625000037]]},"properties":{"objectid":91,"length":27.643999999999998,"type":"Multi-Lane Divided","admn_class":"Interstate","toll_rd":"N","rte_num1":" 81","rte_num2":" ","route":"Interstate  81","st_length(shape)":0.45301085645216232}},{"type":"Feature","id":92,"geometry":{"type":"LineString","coordinates":[[-81.647795324999947,41.274709076000079],[-81.616780278999954,41.131280884000034],[-81.604259438999975,41.115335406000042],[-81.567163053999934,41.096536765000053],[-81.501760467999986,41.051378627000076]]},"properties":{"objectid":92,"length":18.334,"type":"Multi-Lane Divided","admn_class":"Interstate","toll_rd":"N","rte_num1":" 77","rte_num2":" ","route":"Interstate  77","st_length(shape)":0.28808275708875414}},{"type":"Feature","id":93,"geometry":{"type":"LineString","coordinates":[[-80.829829792999988,41.102471154000057],[-80.852246372999957,41.099156071000039],[-81.172177745999988,41.115783633000035],[-81.231704932999946,41.110423879000052],[-81.341588839999986,41.111251333000041],[-81.401123927999947,41.073115758000029],[-81.468151398999964,41.050161938000031],[-81.501760467999986,41.051378627000076]]},"properties":{"objectid":93,"length":36.213000000000001,"type":"Multi-Lane Divided","admn_class":"Interstate","toll_rd":"N","rte_num1":" 76","rte_num2":" ","route":"Interstate  76","st_length(shape)":0.68786032913855766}},{"type":"Feature","id":94,"geometry":{"type":"LineString","coordinates":[[-73.734019294999939,41.035497407000037],[-73.735163825999962,41.05455571400006],[-73.718012191999946,41.076748971000029],[-73.714693421999982,41.087434243000075],[-73.708322919999944,41.107941516000039],[-73.697008235999988,41.144306835000066],[-73.691270833999965,41.201465428000063],[-73.672075056999972,41.259497825000039],[-73.657166661999952,41.309832423000046],[-73.601164713999935,41.372298099000034]]},"properties":{"objectid":94,"length":24.879999999999999,"type":"Multi-Lane Divided","admn_class":"Interstate","toll_rd":"N","rte_num1":"684","rte_num2":" ","route":"Interstate 684","st_length(shape)":0.37284928011832613}},{"type":"Feature","id":95,"geometry":{"type":"LineString","coordinates":[[-73.829580502999988,41.063333259000046],[-73.821660960999964,41.061509805000071],[-73.777859088999946,41.039659433000054],[-73.734019294999939,41.035497407000037]]},"properties":{"objectid":95,"length":5.4509999999999996,"type":"Multi-Lane Divided","admn_class":"Interstate","toll_rd":"N","rte_num1":"287","rte_num2":" ","route":"Interstate 287","st_length(shape)":0.10111305992800197}},{"type":"Feature","id":96,"geometry":{"type":"LineString","coordinates":[[-81.501760467999986,41.051378627000076],[-81.565821007999944,41.030733357000031],[-81.596851327999957,41.029741044000048],[-81.66704640599994,41.031098890000067],[-81.721263875999966,41.040669654000055],[-81.860974053999939,41.031881048000059],[-81.869519848999971,41.032041166000056]]},"properties":{"objectid":96,"length":19.463000000000001,"type":"Multi-Lane Divided","admn_class":"Interstate","toll_rd":"N","rte_num1":" 76","rte_num2":" ","route":"Interstate  76","st_length(shape)":0.37214887748859293}},{"type":"Feature","id":97,"geometry":{"type":"LineString","coordinates":[[-104.85901447799995,41.108704712000076],[-104.80846919699997,41.114480037000078],[-104.75763370199996,41.150638360000073],[-104.71135262899998,41.15952651300006],[-104.25493504099995,41.156712853000045],[-104.15910784699997,41.141892944000062],[-104.10177912799998,41.149667115000057],[-104.07800575499999,41.171463764000066],[-104.05481965799999,41.174198944000068],[-104.05272916399997,41.174302179000051],[-103.75804435899994,41.188526384000056],[-103.65793663099998,41.211528661000045],[-103.62818146499995,41.217475691000061],[-103.36047398199997,41.210758617000067],[-103.33261811499995,41.196183100000042],[-103.20607399099998,41.189320656000064],[-103.14412922599996,41.17742712200004],[-103.09924444899997,41.163019623000025],[-103.01404406199998,41.117763518000061],[-102.97008997299997,41.115551355000036],[-102.62247917899998,41.115454442000043],[-102.58700188599994,41.108500351000032],[-102.41911349699996,41.045842954000079],[-102.19835337099994,41.023196730000052],[-102.14287128099994,41.015773871000079]]},"properties":{"objectid":97,"length":145.809,"type":"Multi-Lane Divided","admn_class":"Interstate","toll_rd":"N","rte_num1":" 80","rte_num2":" ","route":"Interstate  80","st_length(shape)":2.7749300388694542}},{"type":"Feature","id":98,"geometry":{"type":"LineString","coordinates":[[-73.688492462999989,41.000005893000036],[-73.717622956999946,41.023664444000076],[-73.734019294999939,41.035497407000037]]},"properties":{"objectid":98,"length":3.4169999999999998,"type":"Multi-Lane Divided","admn_class":"Interstate","toll_rd":"N","rte_num1":"287","rte_num2":" ","route":"Interstate 287","st_length(shape)":0.05774775277122917}},{"type":"Feature","id":99,"geometry":{"type":"LineString","coordinates":[[-111.43262399399998,40.96269987800008],[-111.40757546699996,40.971146126000065],[-111.21801473299996,41.067672784000081],[-111.17206864399998,41.099224016000051],[-111.12053052399995,41.145953316000032],[-111.06858842099996,41.218562284000029],[-111.05158215799997,41.231257463000077],[-111.04508155999997,41.236113687000056],[-110.99223141699997,41.261874320000061],[-110.96028620999999,41.265449069000056],[-110.88060885599998,41.267772893000028],[-110.82027370299994,41.28162840400006],[-110.76305875299994,41.312211025000067],[-110.71982888299999,41.31380957500005],[-110.69098070399997,41.301125984000066],[-110.57910637699996,41.299005468000075],[-110.41409906699994,41.342250085000046],[-110.33730595099996,41.354263708000076],[-110.29947797199998,41.370205499000065],[-110.20004073899997,41.390092840000079],[-110.04513721799998,41.472466926000038],[-109.99445341399996,41.511717010000041],[-109.91146782399994,41.54745396900006],[-109.62687732699999,41.547505059000059],[-109.58184717899996,41.56085282600003],[-109.51445470099998,41.563772354000037],[-109.46800613499994,41.543478923000066],[-109.42391457499997,41.537611952000077],[-109.38001368299996,41.542166374000033],[-109.27043684499995,41.580366734000052],[-109.24361121399994,41.599661531000038],[-109.21803650799995,41.602987676000055],[-109.16832131599995,41.604521442000078],[-109.00572526299999,41.662271525000051],[-108.98930627599998,41.673822173000076],[-108.94778556599999,41.678601498000035],[-108.86469147399998,41.705399213000078],[-108.81336719599994,41.702324307000026],[-108.65534294599996,41.64995926000006],[-108.50280433099999,41.640838303000066],[-108.27650010399998,41.641291270000067],[-107.97206545599994,41.683819568000047],[-107.89557782999998,41.711182438000037],[-107.79470585199999,41.712803637000036],[-107.73105087499994,41.731015529000047],[-107.62925505599998,41.74989475600006],[-107.57088767399995,41.752435583000079],[-107.37457510399997,41.793164128000058],[-107.33581590899996,41.781449148000036],[-107.27660948599998,41.779793713000061],[-107.23325004699996,41.774525606000054],[-107.19199637599996,41.788273669000034],[-107.15480992399995,41.796914271000048],[-107.09847246399994,41.790559044000076],[-107.07639244899997,41.778821415000039],[-106.98659919099998,41.767309215000068],[-106.90745538999994,41.744589253000072],[-106.83548373499997,41.745745371000055],[-106.38800381099998,41.727572456000075],[-106.34187495499998,41.691180802000076],[-106.30805994399998,41.635487503000036],[-106.28591830299996,41.615899331000037],[-106.14175483099996,41.582064305000074],[-106.05131267299998,41.491825455000026],[-105.96836289799995,41.463617222000039],[-105.82451966299999,41.376774042000079],[-105.77340817399994,41.364785174000076],[-105.70605361899999,41.363428381000062],[-105.64458183599999,41.351981493000039],[-105.61247650999996,41.312901009000029],[-105.59325018399994,41.300888966000059],[-105.52710915799997,41.296247638000068],[-105.46548462999999,41.272914591000074],[-105.44847099399999,41.248145744000055],[-105.43842356199997,41.204693605000045],[-105.41214728499995,41.17321927200004],[-105.32901526999996,41.134176184000069],[-105.22849460499998,41.106595784000035],[-105.11126421099999,41.096781156000077],[-104.91825039699995,41.116010116000041],[-104.85901447799995,41.108704712000076]]},"properties":{"objectid":99,"length":378.83600000000001,"type":"Multi-Lane Divided","admn_class":"Interstate","toll_rd":"N","rte_num1":" 80","rte_num2":" ","route":"Interstate  80","st_length(shape)":7.0429488366623643}},{"type":"Feature","id":100,"geometry":{"type":"LineString","coordinates":[[-111.43262399399998,40.96269987800008],[-111.48212587099999,41.015758070000061],[-111.54823792899998,41.068136285000037],[-111.57003615699995,41.070429034000028],[-111.64252608999999,41.056226950000053],[-111.67766892499998,41.059514645000036],[-111.72985647299998,41.096215475000065],[-111.76654044799994,41.136810764000074],[-111.79974395399995,41.150436632000037],[-111.90738198999998,41.132058302000075],[-111.94668210999998,41.137711957000079],[-112.00005843199995,41.160260740000069]]},"properties":{"objectid":100,"length":36.402999999999999,"type":"Multi-Lane Divided","admn_class":"Interstate","toll_rd":"N","rte_num1":" 84","rte_num2":" ","route":"Interstate (OR/ID/UT)  84","st_length(shape)":0.64924338674345938}},{"type":"Feature","id":101,"geometry":{"type":"LineString","coordinates":[[-76.007581980999987,41.052798625000037],[-76.088441787999955,41.03148285900005],[-76.14610707199995,41.009438132000071],[-76.195280810999975,41.017666850000069],[-76.250901424999938,41.005975571000079],[-76.360060584999985,41.034654678000038],[-76.478962740999975,41.026587132000031],[-76.715105824999966,40.984274783000046],[-76.836911706999956,41.045280959000024],[-76.88438313499995,41.050052383000036],[-76.927482908999934,41.068411752000031],[-76.968247796999947,41.075407453000025],[-77.064539544999946,41.071242793000067],[-77.103045393999935,41.051408649000052],[-77.14753303599997,41.046550846000059],[-77.206569860999934,41.059853843000042],[-77.320528359999969,41.055067145000066],[-77.409508910999989,41.066929076000065],[-77.445484467999961,41.062853957000073],[-77.482628783999985,41.034295992000068],[-77.549603583999954,41.020237172000066],[-77.63050289499995,40.970728448000045],[-77.712002649999988,40.940190071000075],[-77.733915172999957,40.942871528000069],[-77.784492055999976,40.964541767000071],[-77.833840134999946,40.982587746000036],[-77.872917985999948,41.008798185000046],[-77.933282634999955,41.016297416000043],[-78.045536715999958,40.973255054000049],[-78.090490491999958,40.96306962500006],[-78.117400395999937,40.978828123000028],[-78.217279533999942,40.985560998000039],[-78.362586482999973,41.021865745000071],[-78.491810484999974,41.069901275000063],[-78.531766353999956,41.092259917000035],[-78.575384404999966,41.115965346000053],[-78.679132193999976,41.121413586000074],[-78.796901933999948,41.155640481000034],[-78.91129233199996,41.141751787000032],[-78.946464662999972,41.131379905000074],[-78.994149405999963,41.135813184000028],[-79.025812298999938,41.160383463000073],[-79.054041599999948,41.166841924000039],[-79.101230713999939,41.17533768100003],[-79.227270780999959,41.188228269000035],[-79.252684841999951,41.17834464200007],[-79.296302892999961,41.166404232000048],[-79.342385925999963,41.177996490000055],[-79.394358577999981,41.180403007000052],[-79.42945453599998,41.191224695000074],[-79.490651378999985,41.197572022000031],[-79.548200787999974,41.182603055000072],[-79.578329914999983,41.190296641000032],[-79.614836916999934,41.186069830000065],[-79.647369399999945,41.191879917000051],[-79.697014540999987,41.178329895000047],[-79.737275372999989,41.158115996000049],[-79.825763453999969,41.194659868000031],[-79.873036313999989,41.183799203000035],[-79.92803857499996,41.202265493000027],[-79.979973304999987,41.201696651000077],[-80.031617818999962,41.195261365000079],[-80.108111765999979,41.199625119000075],[-80.168431117999944,41.194723072000045]]},"properties":{"objectid":101,"length":231.40299999999999,"type":"Multi-Lane Divided","admn_class":"Interstate","toll_rd":"N","rte_num1":" 80","rte_num2":" ","route":"Interstate  80","st_length(shape)":4.3370514053806746}},{"type":"Feature","id":102,"geometry":{"type":"LineString","coordinates":[[-74.057607056999984,41.094959809000045],[-74.059926139999959,41.04925284400008],[-74.062496988999953,41.033967855000071],[-74.063778989999946,41.019514006000065],[-74.065022541999951,41.005933962000029],[-74.065861582999958,40.987772634000066],[-74.06680754599995,40.968222384000057],[-74.070500803999948,40.95555775400004],[-74.068516704999979,40.946852894000074],[-74.070615098999951,40.941451004000044],[-74.072324257999981,40.931063847000075],[-74.078069032999963,40.925757817000033],[-74.088224439999976,40.916072232000033],[-74.101393126999938,40.908248551000042],[-74.111540632999947,40.900329536000072]]},"properties":{"objectid":102,"length":14.436,"type":"Multi-Lane Divided","admn_class":"Interstate","toll_rd":"Y","rte_num1":" ","rte_num2":" ","route":" ","st_length(shape)":0.21565208490064022}},{"type":"Feature","id":103,"geometry":{"type":"LineString","coordinates":[[-74.169114795999974,41.116417259000059],[-74.170922975999986,41.109158206000075],[-74.170816053999943,41.106987653000033],[-74.169747895999933,41.085712970000031],[-74.226191222999944,41.025891881000064],[-74.260196901999961,41.001817759000062],[-74.269344719999935,40.934844012000042],[-74.261180786999944,40.913753149000058],[-74.363639728999942,40.90814953000006],[-74.417413712999974,40.888587693000034],[-74.421846464999987,40.870536973000071],[-74.420618187999935,40.856887931000074]]},"properties":{"objectid":103,"length":26.544,"type":"Multi-Lane Divided","admn_class":"Interstate","toll_rd":"N","rte_num1":"287","rte_num2":" ","route":"Interstate 287","st_length(shape)":0.43720255545179559}},{"type":"Feature","id":104,"geometry":{"type":"LineString","coordinates":[[-75.700013962999947,41.070611274000044],[-75.638061823999976,41.085615003000044],[-75.574141387999987,41.082392619000075],[-75.409114062999947,41.076169595000067],[-75.337007571999948,41.061366541000041],[-75.318117283999982,41.022011116000044],[-75.283669698999972,40.994180005000032],[-75.241050807999954,40.974828849000062],[-75.206038068999987,40.96559043700006],[-75.149907077999956,40.988158709000061],[-75.137264568999967,40.979560770000035],[-75.113589689999969,40.96344780000004],[-75.093507993999935,40.927659224000081],[-75.063126574999956,40.908929581000052],[-75.042114717999937,40.900816212000052],[-74.994895054999972,40.911715326000035],[-74.944653683999945,40.904818646000081],[-74.892512485999987,40.916922335000038],[-74.821174984999971,40.905432784000027],[-74.767393626999933,40.912020815000062],[-74.72230975399998,40.882892428000048],[-74.693149238999979,40.882255114000031],[-74.667490786999963,40.885314746000063],[-74.634645439999986,40.900474380000048],[-74.582664360999956,40.90745533300003],[-74.518811868999933,40.906882804000077],[-74.485462992999942,40.904288780000059],[-74.462802547999956,40.879688479000038],[-74.44298841899996,40.859695797000029],[-74.420618187999935,40.856887931000074]]},"properties":{"objectid":104,"length":76.436999999999998,"type":"Multi-Lane Divided","admn_class":"Interstate","toll_rd":"N","rte_num1":" 80","rte_num2":" ","route":"Interstate  80","st_length(shape)":1.3990262191347203}},{"type":"Feature","id":105,"geometry":{"type":"LineString","coordinates":[[-74.111540632999947,40.900329536000072],[-74.08328815699997,40.89054124300003],[-74.045269509999969,40.856407575000048],[-74.012630104999971,40.85816255800006]]},"properties":{"objectid":105,"length":6.407,"type":"Multi-Lane Divided","admn_class":"Interstate","toll_rd":"N","rte_num1":" 80","rte_num2":" ","route":"Interstate  80","st_length(shape)":0.11367989931910585}},{"type":"Feature","id":106,"geometry":{"type":"LineString","coordinates":[[-74.420618187999935,40.856887931000074],[-74.384850153999935,40.854660494000029],[-74.36335741399995,40.859577288000025],[-74.32591076999995,40.867286675000059],[-74.284581252999942,40.893932172000063],[-74.25637407399995,40.89910494600008],[-74.205545425999958,40.905543919000024],[-74.167854916999943,40.892295699000044],[-74.157051662999947,40.902003932000071],[-74.111540632999947,40.900329536000072]]},"properties":{"objectid":106,"length":17.48,"type":"Multi-Lane Divided","admn_class":"Interstate","toll_rd":"N","rte_num1":" 80","rte_num2":" ","route":"Interstate  80","st_length(shape)":0.32522139369597414}},{"type":"Feature","id":107,"geometry":{"type":"LineString","coordinates":[[-73.904220973999941,40.842934979000063],[-73.870635078999953,40.937712976000057],[-73.860876808999933,40.958987132000061],[-73.830861976999984,41.037931312000069],[-73.829580502999988,41.063333259000046]]},"properties":{"objectid":107,"length":15.863,"type":"Multi-Lane Divided","admn_class":"Interstate","toll_rd":"N","rte_num1":" 87","rte_num2":" ","route":"Interstate  87","st_length(shape)":0.23385007022998605}},{"type":"Feature","id":108,"geometry":{"type":"LineString","coordinates":[[-74.012630104999971,40.85816255800006],[-74.003336915999967,40.868404870000063],[-73.982142291999935,40.872303543000044],[-73.960908691999975,40.859005813000067],[-73.939927383999986,40.857670615000075],[-73.922424963999958,40.856552946000079],[-73.904220973999941,40.842934979000063]]},"properties":{"objectid":108,"length":6.7800000000000002,"type":"Multi-Lane Divided","admn_class":"Interstate","toll_rd":"N","rte_num1":" 95","rte_num2":" ","route":"Interstate  95","st_length(shape)":0.12172985169881792}},{"type":"Feature","id":109,"geometry":{"type":"LineString","coordinates":[[-74.015567540999939,40.835545829000068],[-74.012630104999971,40.85816255800006]]},"properties":{"objectid":109,"length":1.581,"type":"Multi-Lane Divided","admn_class":"Interstate","toll_rd":"N","rte_num1":" 95","rte_num2":" ","route":"Interstate  95","st_length(shape)":0.02280668675878934}},{"type":"Feature","id":110,"geometry":{"type":"LineString","coordinates":[[-73.821027860999948,40.831048292000048],[-73.865340636999974,40.843350549000036],[-73.904220973999941,40.842934979000063]]},"properties":{"objectid":110,"length":4.4779999999999998,"type":"Multi-Lane Divided","admn_class":"Interstate","toll_rd":"N","rte_num1":" 95","rte_num2":" ","route":"Interstate  95","st_length(shape)":0.084871335204725201}},{"type":"Feature","id":111,"geometry":{"type":"LineString","coordinates":[[-111.91292556399998,40.783816515000069],[-111.89772010599995,40.817732654000054],[-111.89466100199996,40.834872173000065],[-111.87744984999995,40.913225390000036],[-111.87929700599994,40.971906688000047],[-111.91222662599995,41.005483102000028],[-111.95264072799995,41.054341345000068],[-112.01243337499994,41.114853998000058],[-112.01714106699995,41.125939565000067],[-112.00005843199995,41.160260740000069]]},"properties":{"objectid":111,"length":28.768999999999998,"type":"Multi-Lane Divided","admn_class":"Interstate","toll_rd":"N","rte_num1":" 15","rte_num2":" ","route":"Interstate  15","st_length(shape)":0.4393980266608839}},{"type":"Feature","id":112,"geometry":{"type":"LineString","coordinates":[[-73.905548797999984,40.753573093000057],[-73.908562605999975,40.768545747000076],[-73.914696616999947,40.80699313100007],[-73.90484669999995,40.826604479000025],[-73.904220973999941,40.842934979000063]]},"properties":{"objectid":112,"length":6.3419999999999996,"type":"Multi-Lane Divided","admn_class":"Interstate","toll_rd":"N","rte_num1":" 87","rte_num2":" ","route":"Interstate  87","st_length(shape)":0.092495050506383722}},{"type":"Feature","id":113,"geometry":{"type":"LineString","coordinates":[[-74.106749720999971,40.746325101000025],[-74.026332871999955,40.801801397000077],[-74.015567540999939,40.835545829000068]]},"properties":{"objectid":113,"length":8.1059999999999999,"type":"Multi-Lane Divided","admn_class":"Interstate","toll_rd":"Y","rte_num1":" 95","rte_num2":" ","route":"Interstate  95","st_length(shape)":0.13311593804073896}},{"type":"Feature","id":114,"geometry":{"type":"LineString","coordinates":[[-74.015567540999939,40.835545829000068],[-74.030903094999985,40.828755544000046],[-74.041439834999949,40.82317088700006],[-74.052571226999987,40.81895197700004],[-74.06364942099998,40.81563320600003],[-74.072995806999984,40.810899178000057],[-74.079954111999939,40.805192326000054],[-74.086927690999971,40.799481786000058],[-74.09419885899996,40.787873727000033],[-74.097197391999941,40.776601705000076],[-74.103827558999967,40.755369158000065],[-74.106749720999971,40.746325101000025]]},"properties":{"objectid":114,"length":8.3859999999999992,"type":"Multi-Lane Divided","admn_class":"Interstate","toll_rd":"Y","rte_num1":" 95","rte_num2":" ","route":"Interstate  95","st_length(shape)":0.13776454228194787}},{"type":"Feature","id":115,"geometry":{"type":"LineString","coordinates":[[-111.91292556399998,40.783816515000069],[-111.75056652799998,40.735416506000035],[-111.71076234999998,40.747845172000041],[-111.66116935299999,40.736683759000073],[-111.57129182299997,40.744229340000061],[-111.53320312399995,40.718061564000038],[-111.50823886999996,40.718802112000049],[-111.47940649199995,40.730272701000047],[-111.44872063699995,40.749834012000065],[-111.41479923099996,40.786969900000031],[-111.37774919599997,40.817144324000026],[-111.37984021599999,40.844499294000059],[-111.43262399399998,40.96269987800008]]},"properties":{"objectid":115,"length":43.085999999999999,"type":"Multi-Lane Divided","admn_class":"Interstate","toll_rd":"N","rte_num1":" 80","rte_num2":" ","route":"Interstate  80","st_length(shape)":0.74571869338043906}},{"type":"Feature","id":293,"geometry":{"type":"LineString","coordinates":[[-87.030122133999953,33.348996849000059],[-86.940444224999965,33.351151601000026],[-86.85733591199994,33.386615200000051],[-86.812291015999961,33.41699029800003]]},"properties":{"objectid":293,"length":13.861000000000001,"type":"Multi-Lane Divided","admn_class":"Interstate","toll_rd":"N","rte_num1":"459","rte_num2":" ","route":"Interstate 459","st_length(shape)":0.2343917431196321}},{"type":"Feature","id":116,"geometry":{"type":"LineString","coordinates":[[-74.111540632999947,40.900329536000072],[-74.124549201999969,40.894782802000066],[-74.13813767399995,40.891048461000025],[-74.146888882999974,40.88583776400003],[-74.155616917999964,40.881519307000076],[-74.161384867999971,40.874870179000027],[-74.165230343999951,40.856842634000031],[-74.170998294999947,40.837040619000049],[-74.178429580999989,40.821339532000025],[-74.183625528999983,40.814659855000059],[-74.188165202999983,40.808869256000037],[-74.193986349999989,40.801743459000079],[-74.198632944999986,40.793675913000072],[-74.207040742999936,40.782105776000037],[-74.214990832999945,40.768236044000048],[-74.224611633999984,40.756700143000046],[-74.238848479999945,40.737985775000027],[-74.245325901999934,40.728636228000028],[-74.251612657999942,40.723817927000027],[-74.266925562999972,40.707846113000073]]},"properties":{"objectid":116,"length":16.222000000000001,"type":"Multi-Lane Divided","admn_class":"Interstate","toll_rd":"Y","rte_num1":" ","rte_num2":" ","route":" ","st_length(shape)":0.25796603778201627}},{"type":"Feature","id":117,"geometry":{"type":"LineString","coordinates":[[-74.166703011999971,40.697535856000059],[-74.141418520999935,40.719107601000076],[-74.118369367999946,40.729895053000064],[-74.106749720999971,40.746325101000025]]},"properties":{"objectid":117,"length":4.7050000000000001,"type":"Multi-Lane Divided","admn_class":"Interstate","toll_rd":"Y","rte_num1":" 95","rte_num2":" ","route":"Interstate  95","st_length(shape)":0.078808520765943482}},{"type":"Feature","id":118,"geometry":{"type":"LineString","coordinates":[[-74.266925562999972,40.707846113000073],[-74.175660163999964,40.700491726000052],[-74.166703011999971,40.697535856000059]]},"properties":{"objectid":118,"length":5.2889999999999997,"type":"Multi-Lane Divided","admn_class":"Interstate","toll_rd":"N","rte_num1":" 78","rte_num2":" ","route":"Interstate  78","st_length(shape)":0.10099350785133632}},{"type":"Feature","id":119,"geometry":{"type":"LineString","coordinates":[[-80.168431117999944,41.194723072000045],[-80.121111380999935,41.023247820000051],[-80.134272694999936,40.966676504000077],[-80.132212749999951,40.960363413000039],[-80.102503933999969,40.848918352000055],[-80.11774836699999,40.784622901000034],[-80.090182714999969,40.710294240000053],[-80.09169277999996,40.668050890000075]]},"properties":{"objectid":119,"length":37.384,"type":"Multi-Lane Divided","admn_class":"Interstate","toll_rd":"N","rte_num1":" 79","rte_num2":" ","route":"Interstate  79","st_length(shape)":0.54556819580255567}},{"type":"Feature","id":120,"geometry":{"type":"LineString","coordinates":[[-80.829829792999988,41.102471154000057],[-80.778153148999934,41.067044425000063],[-80.761367575999941,41.046582448000038],[-80.742033274999983,41.037087530000065],[-80.716351648999989,41.021852051000053],[-80.661601151999946,40.969202583000026],[-80.643190692999951,40.966024969000046],[-80.619324619999986,40.949831940000081],[-80.571471329999952,40.941474179000068],[-80.521092488999955,40.916706386000044],[-80.482585585999971,40.897751313000072],[-80.422059765999961,40.890080376000071],[-80.385353668999983,40.839628323000056],[-80.343207758999938,40.818316243000027],[-80.259289899999942,40.786163514000066],[-80.108928158999959,40.691747364000037],[-80.09169277999996,40.668050890000075]]},"properties":{"objectid":120,"length":50.402000000000001,"type":"Multi-Lane Divided","admn_class":"Interstate","toll_rd":"Y","rte_num1":" 76","rte_num2":" ","route":"Interstate  76","st_length(shape)":0.8789825777668111}},{"type":"Feature","id":121,"geometry":{"type":"LineString","coordinates":[[-102.14287128099994,41.015773871000079],[-102.00976704099998,41.050403696000046],[-101.71811079199995,41.106132810000076],[-101.65594481199997,41.116207630000076],[-101.37607622899998,41.104444193000063],[-101.25043961799997,41.115606660000026],[-101.21010926099996,41.134577533000027],[-101.12713631199995,41.138446184000031],[-100.94781578299995,41.135529817000076],[-100.75954020999995,41.11551922600006],[-100.70360725999996,41.101115415000038],[-100.65113107799999,41.104862397000034],[-100.47851866899998,41.024204317000056],[-100.39849842999996,41.000401448000048],[-100.33230315299994,40.990281331000062],[-100.16322388299994,40.917384256000048],[-100.11331117599997,40.888724636000063],[-99.989672884999948,40.842399319000037],[-99.81282734499996,40.768042216000026],[-99.738766250999959,40.74435311600007],[-99.636657041999968,40.704795963000038],[-99.53029047299998,40.691845858000079],[-99.381144894999977,40.691709968000055],[-99.080550455999969,40.669553053000072],[-99.034589092999965,40.666398615000048],[-98.939851124999961,40.688116257000047],[-98.672056735999945,40.728278068000066],[-98.434424656999965,40.821690845000035],[-98.375256682999975,40.827057972000034],[-98.278810082999939,40.823288869000066],[-97.993808229999956,40.823463735000075],[-97.594795732999955,40.818644907000078],[-97.103798884999946,40.816684510000073],[-97.038753931999963,40.816691357000025],[-96.935522840999965,40.81484736200008],[-96.826463227999966,40.827685805000044],[-96.758192204999943,40.821062485000027],[-96.708041953999953,40.861421284000073],[-96.673876156999938,40.889653218000035],[-96.640786418999937,40.892933539000069],[-96.56234576899999,40.89173054400004],[-96.493236757999966,40.904936101000033],[-96.41221367199995,40.948064843000054],[-96.369497339999953,40.982698354000036],[-96.306053571999939,41.00829518200004],[-96.283214573999942,41.070067187000063],[-96.143209440999954,41.15377699700008],[-96.10246878099997,41.191145690000042],[-96.096380592999992,41.206797266000081],[-96.085028512999941,41.227225007000072],[-95.977793933999976,41.229452971000057],[-95.936510239999961,41.233114627000077],[-95.91404098999999,41.237467320000064],[-95.903756013999953,41.233340056000031]]},"properties":{"objectid":121,"length":348.36700000000002,"type":"Multi-Lane Divided","admn_class":"Interstate","toll_rd":"N","rte_num1":" 80","rte_num2":" ","route":"Interstate  80","st_length(shape)":6.5219799528069657}},{"type":"Feature","id":122,"geometry":{"type":"LineString","coordinates":[[-74.420618187999935,40.856887931000074],[-74.432916758999966,40.825417285000071],[-74.448397155999942,40.79039085200003],[-74.455042596999988,40.776944064000077],[-74.515187082999944,40.74707565600005],[-74.536313234999966,40.720792531000029],[-74.602591731999951,40.672830741000041],[-74.640434458999948,40.651457564000054],[-74.650101081999935,40.637152773000025]]},"properties":{"objectid":122,"length":20.123000000000001,"type":"Multi-Lane Divided","admn_class":"Interstate","toll_rd":"N","rte_num1":"287","rte_num2":" ","route":"Interstate 287","st_length(shape)":0.33049416782981378}},{"type":"Feature","id":123,"geometry":{"type":"LineString","coordinates":[[-74.650101081999935,40.637152773000025],[-74.626541024999938,40.63525663300004],[-74.465853224999989,40.651537623000024],[-74.420357468999953,40.66672780600004],[-74.369284956999934,40.696852192000051],[-74.305455113999983,40.714262438000048],[-74.266925562999972,40.707846113000073]]},"properties":{"objectid":123,"length":21.260000000000002,"type":"Multi-Lane Divided","admn_class":"Interstate","toll_rd":"N","rte_num1":" 78","rte_num2":" ","route":"Interstate  78","st_length(shape)":0.39762802910786849}},{"type":"Feature","id":124,"geometry":{"type":"LineString","coordinates":[[-75.568279683999947,40.582318531000055],[-75.543041015999961,40.586736008000059],[-75.513826775999974,40.599412753000024],[-75.486268497999959,40.610437223000076],[-75.453201934999981,40.624769403000073],[-75.428947679999965,40.632483003000061],[-75.394774508999944,40.647917050000046],[-75.350683475999972,40.667757515000062],[-75.319821701999956,40.680983086000026],[-75.296673527999985,40.687597979000032],[-75.270763310999939,40.693110477000062],[-75.234393251999961,40.695865146000074],[-75.223238685999945,40.69545695000005],[-75.203226515999972,40.690623901000038],[-75.190752025999984,40.687610620000044],[-75.13865717799996,40.668052996000029],[-75.08909525699994,40.66349910200006],[-75.022679289999985,40.638631761000056],[-74.949076428999945,40.629907940000066],[-74.892044771999963,40.632372395000061],[-74.806401952999977,40.637842757000044],[-74.749370295999938,40.63979630700004],[-74.650101081999935,40.637152773000025]]},"properties":{"objectid":124,"length":50.673999999999999,"type":"Multi-Lane Divided","admn_class":"Interstate","toll_rd":"N","rte_num1":" 78","rte_num2":" ","route":"Interstate  78","st_length(shape)":0.94940903226813644}},{"type":"Feature","id":125,"geometry":{"type":"LineString","coordinates":[[-75.700013962999947,41.070611274000044],[-75.687463100999935,41.061360747000037],[-75.668770853999945,41.052927141000055],[-75.656219991999933,41.043676615000038],[-75.650345646999938,41.035429462000025],[-75.645042776999958,41.028548056000034],[-75.638657000999956,41.016199976000053],[-75.633560599999953,41.001609184000074],[-75.634590308999975,40.98574429100006],[-75.633132914999976,40.971661243000028],[-75.632820051999943,40.960304949000033],[-75.635650566999971,40.945374959000048],[-75.642722639999988,40.930959560000076],[-75.650916594999956,40.919740735000062],[-75.652885419999961,40.914319884000065],[-75.654289089999963,40.907072418000041],[-75.652678951999974,40.898890050000034],[-75.652144871999951,40.896159083000043],[-75.652862244999938,40.892085017000056],[-75.654158993999943,40.888930052000035],[-75.656646095999974,40.887141360000044],[-75.664153754999973,40.878634542000043],[-75.671737257999951,40.867850776000068],[-75.672630023999943,40.85651765700004],[-75.675505834999967,40.839310193000074],[-75.676955328999952,40.830261921000044],[-75.68097619699995,40.815800699000079],[-75.687384620999978,40.802285966000056],[-75.689406642999984,40.794599227000049],[-75.686522404999948,40.788660098000037],[-75.676459171999966,40.778536294000048],[-75.659894814999973,40.761969830000055],[-75.649930602999973,40.748214393000069],[-75.644056257999978,40.740871067000057],[-75.64064584099998,40.731746423000061],[-75.63544989199994,40.722137210000028],[-75.628354643999955,40.715225256000053],[-75.615811682999947,40.707782909000059],[-75.604542820999939,40.698551344000066],[-75.597599790999936,40.685737656000072],[-75.590145856999982,40.669746881000037],[-75.581707509999944,40.645576898000058],[-75.576832325999987,40.624630879000051],[-75.574658085999943,40.615528884000071],[-75.572033512999951,40.600067975000059],[-75.571072275999938,40.590973880000035],[-75.568279683999947,40.582318531000055]]},"properties":{"objectid":125,"length":37.610999999999997,"type":"Multi-Lane Divided","admn_class":"Interstate","toll_rd":"Y","rte_num1":"  9","rte_num2":" ","route":"Pennsylvania State Hwy   9","st_length(shape)":0.5747455827228477}},{"type":"Feature","id":126,"geometry":{"type":"LineString","coordinates":[[-89.022232433999989,40.542516459000069],[-89.064584811999964,40.539945611000064],[-89.093013207999945,40.540037257000051],[-89.206466596999974,40.604758286000049],[-89.276041741999961,40.618960369000035],[-89.471034388999954,40.61643639700003],[-89.505543597999974,40.618705971000054],[-89.555822891999981,40.637287083000047],[-89.575239357999976,40.672656928000038],[-89.608618256999989,40.708010972000068],[-89.63289621499996,40.717513264000047],[-89.656593215999976,40.741072795000036],[-89.686936711999977,40.746474158000069],[-89.779881773999989,40.780775845000051],[-89.841247688999943,40.793329868000058],[-89.928958879999982,40.842963421000036],[-89.969701646999965,40.850077630000044],[-90.24250974499995,40.910476515000028],[-90.324238615999946,40.932205218000036],[-90.340383188999965,40.959774030000062],[-90.340001853999979,40.979285830000038],[-90.334093799999948,41.252931389000025],[-90.34240310399997,41.335015787000032],[-90.333164164999971,41.432655901000032]]},"properties":{"objectid":126,"length":111.471,"type":"Multi-Lane Divided","admn_class":"Interstate","toll_rd":"N","rte_num1":" 74","rte_num2":" ","route":"Interstate  74","st_length(shape)":1.9085426109666872}},{"type":"Feature","id":127,"geometry":{"type":"LineString","coordinates":[[-74.266925562999972,40.707846113000073],[-74.286518475999969,40.689780119000034],[-74.292972722999934,40.681323338000027],[-74.29577321499994,40.673201541000026],[-74.296879296999975,40.662315068000055],[-74.301182479999966,40.647067475000028],[-74.314663502999963,40.615791710000053],[-74.320782765999979,40.600990762000038],[-74.326718208999978,40.590237546000026],[-74.331356902999971,40.581703865000065],[-74.332387138999934,40.572178926000049],[-74.334073122999939,40.561738045000027],[-74.329510800999969,40.555684620000079],[-74.322063713999967,40.546323486000063],[-74.316822468999987,40.541700066000033],[-74.311694991999957,40.534711739000045]]},"properties":{"objectid":127,"length":13.159000000000001,"type":"Multi-Lane Divided","admn_class":"Interstate","toll_rd":"N","rte_num1":" ","rte_num2":" ","route":" ","st_length(shape)":0.20009032667276772}},{"type":"Feature","id":128,"geometry":{"type":"LineString","coordinates":[[-74.378714035999963,40.510514895000028],[-74.311694991999957,40.534711739000045]]},"properties":{"objectid":128,"length":3.883,"type":"Multi-Lane Divided","admn_class":"Interstate","toll_rd":"Y","rte_num1":" 95","rte_num2":" ","route":"Interstate  95","st_length(shape)":0.071253347417747845}},{"type":"Feature","id":129,"geometry":{"type":"LineString","coordinates":[[-74.378714035999963,40.510514895000028],[-74.38695381499997,40.515710317000071],[-74.40286189699998,40.52562817900008],[-74.41711401699996,40.531872797000062],[-74.490565186999959,40.540066226000079],[-74.534573000999956,40.529735954000046],[-74.556912681999961,40.560608262000073],[-74.617698167999947,40.584239952000075],[-74.631782269999974,40.595454562000043],[-74.650101081999935,40.637152773000025]]},"properties":{"objectid":129,"length":18.928999999999998,"type":"Multi-Lane Divided","admn_class":"Interstate","toll_rd":"N","rte_num1":"287","rte_num2":" ","route":"Interstate 287","st_length(shape)":0.33003145057271721}},{"type":"Feature","id":130,"geometry":{"type":"LineString","coordinates":[[-80.09169277999996,40.668050890000075],[-79.944066745999976,40.605646838000041],[-79.883899085999985,40.582315897000058],[-79.854593198999964,40.555617202000064],[-79.847695991999956,40.54849140500005],[-79.788817179999967,40.505107211000052],[-79.754018282999937,40.456283204000044],[-79.750348199999962,40.435936049000077]]},"properties":{"objectid":130,"length":24.978000000000002,"type":"Multi-Lane Divided","admn_class":"Interstate","toll_rd":"Y","rte_num1":" 76","rte_num2":" ","route":"Interstate  76","st_length(shape)":0.42813573440160768}},{"type":"Feature","id":131,"geometry":{"type":"LineString","coordinates":[[-75.568279683999947,40.582318531000055],[-75.746844389999978,40.582648248000055],[-75.799056165999957,40.576101827000059],[-75.846728268999982,40.582182114000034],[-75.945444968999936,40.579800879000061],[-76.013069723999934,40.560177944000031],[-76.177562442999943,40.498086228000034],[-76.310985338999956,40.473549132000073],[-76.412965504999988,40.446311091000041],[-76.520225365999977,40.422243816000048]]},"properties":{"objectid":131,"length":51.823999999999998,"type":"Multi-Lane Divided","admn_class":"Interstate","toll_rd":"N","rte_num1":" 78","rte_num2":" ","route":"Interstate  78","st_length(shape)":0.97536740802574273}},{"type":"Feature","id":132,"geometry":{"type":"LineString","coordinates":[[-76.007581980999987,41.052798625000037],[-76.015753813999936,41.011603945000047],[-76.037125410999977,40.979633456000045],[-76.026421704999962,40.908296481000036],[-76.070340504999933,40.840751258000068],[-76.125261126999987,40.796898823000049],[-76.227113303999943,40.772530273000029],[-76.338333988999977,40.724167133000037],[-76.387706822999974,40.669273899000075],[-76.443847293999966,40.644791054000052],[-76.447922413999947,40.615784336000047],[-76.414290695999966,40.596463730000039],[-76.40913319699996,40.576920854000036],[-76.43051216799995,40.563951261000057],[-76.435235661999968,40.530885752000074],[-76.446337030999985,40.516012119000038],[-76.487019225999973,40.50455259000006],[-76.517591838999977,40.480298862000041],[-76.527770420999957,40.444532407000054],[-76.520225365999977,40.422243816000048]]},"properties":{"objectid":132,"length":59.326999999999998,"type":"Multi-Lane Divided","admn_class":"Interstate","toll_rd":"N","rte_num1":" 81","rte_num2":" ","route":"Interstate  81","st_length(shape)":0.97178588810061683}},{"type":"Feature","id":133,"geometry":{"type":"LineString","coordinates":[[-80.09169277999996,40.668050890000075],[-80.100702601999956,40.649263309000048],[-80.090317551999988,40.580511931000046],[-80.111832938999953,40.572809919000065],[-80.111908784999969,40.541957098000069],[-80.130082226999946,40.528022055000065],[-80.145096489999958,40.506785821000051],[-80.141434307999987,40.491950638000048],[-80.112777321999943,40.417175857000075]]},"properties":{"objectid":133,"length":19.091000000000001,"type":"Multi-Lane Divided","admn_class":"Interstate","toll_rd":"N","rte_num1":" 79","rte_num2":" ","route":"Interstate  79","st_length(shape)":0.28834032187998293}},{"type":"Feature","id":134,"geometry":{"type":"LineString","coordinates":[[-79.750348199999962,40.435936049000077],[-79.780042794999986,40.438579583000035],[-79.805136618999938,40.448558543000047],[-79.864166595999961,40.442935963000025],[-79.877213087999962,40.435432518000027],[-79.912446515999989,40.42342416300005],[-79.980976151999982,40.431171999000071],[-80.018666133999943,40.420445117000043],[-80.046041118999938,40.409008764000077],[-80.070699883999964,40.406243034000056],[-80.112777321999943,40.417175857000075]]},"properties":{"objectid":134,"length":20.036000000000001,"type":"Multi-Lane Divided","admn_class":"Interstate","toll_rd":"N","rte_num1":"376","rte_num2":" ","route":"Interstate 376","st_length(shape)":0.37449701078124592}},{"type":"Feature","id":135,"geometry":{"type":"LineString","coordinates":[[-76.520225365999977,40.422243816000048],[-76.610337806999951,40.409330054000066],[-76.688144303999934,40.363145367000072],[-76.800154519999978,40.326153796000028],[-76.831733139999983,40.304097482000032],[-76.868027353999935,40.290677029000051],[-76.902215271999978,40.309894928000062],[-76.937181660999954,40.310959400000058],[-76.988681331999942,40.274456611000062],[-77.040471216999947,40.277835953000078],[-77.119696657999953,40.23092335900003],[-77.131187261999969,40.220982322000054]]},"properties":{"objectid":135,"length":37.453000000000003,"type":"Multi-Lane Divided","admn_class":"Interstate","toll_rd":"N","rte_num1":" 81","rte_num2":" ","route":"Interstate  81","st_length(shape)":0.67318267434713397}},{"type":"Feature","id":136,"geometry":{"type":"LineString","coordinates":[[-79.750348199999962,40.435936049000077],[-79.733700096999939,40.405837997000049],[-79.687068236999949,40.381706464000047],[-79.688730518999989,40.317719136000051],[-79.677987836999989,40.282074877000071],[-79.613890953999942,40.214220479000062]]},"properties":{"objectid":136,"length":18.024999999999999,"type":"Multi-Lane Divided","admn_class":"Interstate","toll_rd":"Y","rte_num1":" 76","rte_num2":" ","route":"Interstate  76","st_length(shape)":0.28147965476357706}},{"type":"Feature","id":137,"geometry":{"type":"LineString","coordinates":[[-74.378714035999963,40.510514895000028],[-74.39703284899997,40.492437313000039],[-74.413649875999965,40.471559766000041],[-74.423995949999949,40.455919777000076],[-74.43244957099995,40.442038457000081],[-74.445931120999944,40.423743346000037],[-74.457115709999982,40.402236913000024],[-74.468178628999965,40.383880704000035],[-74.47557199299996,40.366326141000059],[-74.47606762199996,40.354531101000077],[-74.483391986999948,40.338395482000067],[-74.49033501699995,40.316347069000074],[-74.494126768999934,40.297834429000034],[-74.501878291999958,40.271677713000031],[-74.509698812999943,40.257792707000078],[-74.526117799999952,40.239585556000065],[-74.54240668999995,40.22454811700004],[-74.567218725999965,40.207431773000053],[-74.591259665999985,40.193920200000036]]},"properties":{"objectid":137,"length":25.321999999999999,"type":"Multi-Lane Divided","admn_class":"Interstate","toll_rd":"Y","rte_num1":" ","rte_num2":" ","route":" ","st_length(shape)":0.39403397493253844}},{"type":"Feature","id":138,"geometry":{"type":"LineString","coordinates":[[-74.591259665999985,40.193920200000036],[-74.625425462999942,40.197871544000066],[-74.68729385499995,40.201987220000035],[-74.69903622399994,40.194536972000037],[-74.711167301999978,40.192084105000049]]},"properties":{"objectid":138,"length":6.5330000000000004,"type":"Multi-Lane Divided","admn_class":"Interstate","toll_rd":"N","rte_num1":"195","rte_num2":" ","route":"Interstate (NJ) 195","st_length(shape)":0.12268169081517849}},{"type":"Feature","id":139,"geometry":{"type":"LineString","coordinates":[[-74.711167301999978,40.192084105000049],[-74.721864161999974,40.211374689000024],[-74.692222763999951,40.245195494000029],[-74.688575855999943,40.26144593500004],[-74.696510671999988,40.27432019400004],[-74.724877969999966,40.289010007000059],[-74.766810563999968,40.296276961000046]]},"properties":{"objectid":139,"length":10.468,"type":"Multi-Lane Divided","admn_class":"Interstate","toll_rd":"N","rte_num1":"295","rte_num2":" ","route":"Interstate (NJ) 295","st_length(shape)":0.17331014472902354}},{"type":"Feature","id":140,"geometry":{"type":"LineString","coordinates":[[-77.131187261999969,40.220982322000054],[-77.016987530999984,40.187956842000062],[-76.977252351999937,40.190512943000044],[-76.94769522699994,40.197646114000065],[-76.906785494999951,40.194739754000068],[-76.872406381999951,40.203639494000072]]},"properties":{"objectid":140,"length":14.194000000000001,"type":"Multi-Lane Divided","admn_class":"Interstate","toll_rd":"Y","rte_num1":" 76","rte_num2":" ","route":"Interstate  76","st_length(shape)":0.26562739735733742}},{"type":"Feature","id":141,"geometry":{"type":"LineString","coordinates":[[-80.112777321999943,40.417175857000075],[-80.099699754999961,40.389770850000048],[-80.124091479999947,40.363411880000058],[-80.122054183999978,40.340771450000034],[-80.156647138999972,40.313737244000038],[-80.163116660999947,40.293187307000039],[-80.15364070399994,40.26526033500005],[-80.197366203999934,40.242105314000071],[-80.207231394999951,40.216039719000037],[-80.237956225999937,40.200407104000078],[-80.24508254999995,40.182108306000032]]},"properties":{"objectid":141,"length":19.888000000000002,"type":"Multi-Lane Divided","admn_class":"Interstate","toll_rd":"N","rte_num1":" 79","rte_num2":" ","route":"Interstate  79","st_length(shape)":0.31540763079477319}},{"type":"Feature","id":142,"geometry":{"type":"LineString","coordinates":[[-74.108570540999949,40.174147681000079],[-74.251374586999987,40.17200715000007],[-74.404104394999933,40.176755399000058],[-74.591259665999985,40.193920200000036]]},"properties":{"objectid":142,"length":25.399000000000001,"type":"Multi-Lane Divided","admn_class":"Interstate","toll_rd":"N","rte_num1":"195","rte_num2":" ","route":"Interstate (NJ) 195","st_length(shape)":0.4835644383648588}},{"type":"Feature","id":143,"geometry":{"type":"LineString","coordinates":[[-74.766810563999968,40.296276961000046],[-74.785456986999975,40.297585297000069],[-74.818897510999989,40.29013505000006],[-74.853391444999943,40.262799568000048],[-74.884100474999968,40.238435231000039],[-74.880796978999967,40.197080959000061],[-74.898230926999986,40.164782333000062],[-74.890921835999961,40.134238689000028]]},"properties":{"objectid":143,"length":15.241,"type":"Multi-Lane Divided","admn_class":"Interstate","toll_rd":"N","rte_num1":" 95","rte_num2":" ","route":"Interstate  95","st_length(shape)":0.24576050146684822}},{"type":"Feature","id":144,"geometry":{"type":"LineString","coordinates":[[-75.27771529499995,40.11670940700003],[-75.208666328999982,40.131800570000053],[-75.131827389999955,40.163034724000056],[-75.117254505999938,40.166841751000049],[-75.044430114999955,40.16636139600007],[-74.97751061799994,40.135547025000051],[-74.958276391999959,40.135161477000054],[-74.890921835999961,40.134238689000028]]},"properties":{"objectid":144,"length":21.645,"type":"Multi-Lane Divided","admn_class":"Interstate","toll_rd":"Y","rte_num1":"276","rte_num2":" ","route":"Interstate 276","st_length(shape)":0.40178352312434978}},{"type":"Feature","id":145,"geometry":{"type":"LineString","coordinates":[[-75.568279683999947,40.582318531000055],[-75.566601073999948,40.577756209000029],[-75.562549655999987,40.570431844000041],[-75.552684990999978,40.555310660000032],[-75.534579493999956,40.531442479000077],[-75.526339715999939,40.523153717000071],[-75.512209263999978,40.509321907000071],[-75.501512404999971,40.50235254200004],[-75.489617817999942,40.495360528000049],[-75.474045772999943,40.490130871000076],[-75.46450871899998,40.484988646000033],[-75.462791659999937,40.481788384000026],[-75.457573062999984,40.473991038000065],[-75.453536919999976,40.467121220000024],[-75.451858309999977,40.462555211000051],[-75.446021360999964,40.455204511000034],[-75.437170603999959,40.447357655000076],[-75.434248442999944,40.444134218000045],[-75.430739004999964,40.440445700000055],[-75.429579199999978,40.438610659000062],[-75.427832117999969,40.436318437000068],[-75.426702861999956,40.43357166800007],[-75.424489645999984,40.426736086000062],[-75.421742876999986,40.417161109000062],[-75.417897400999948,40.403947652000056],[-75.413410924999937,40.392530260000058],[-75.400875336999945,40.366930272000047],[-75.383296018999943,40.328536611000061],[-75.362260986999956,40.285996199000067],[-75.347977790999948,40.259896895000054],[-75.340715050999961,40.240724819000036],[-75.333445462999975,40.222449196000071],[-75.328997962999949,40.21012797800006],[-75.320445847999963,40.194564888000059],[-75.309025295999959,40.174404713000058],[-75.299847454999963,40.15973017500005],[-75.286557624999944,40.14180533800004],[-75.27771529499995,40.11670940700003]]},"properties":{"objectid":145,"length":36.512999999999998,"type":"Multi-Lane Divided","admn_class":"Interstate","toll_rd":"Y","rte_num1":"  9","rte_num2":" ","route":"Pennsylvania State Hwy   9","st_length(shape)":0.56260104968732771}},{"type":"Feature","id":146,"geometry":{"type":"LineString","coordinates":[[-79.613890953999942,40.214220479000062],[-79.628760899999975,40.208074880000026],[-79.65542641199994,40.213518380000039],[-79.673370736999971,40.209581784000079],[-79.738824412999975,40.16489768100007],[-79.784334916999967,40.157733435000068],[-79.873083190999978,40.129787502000056],[-79.914367410999944,40.105415264000044],[-79.968591727999979,40.125682360000042],[-80.000010756999984,40.129599995000035],[-80.048458695999955,40.155390649000026],[-80.102377524999952,40.165171568000062],[-80.149422320999975,40.151491976000045],[-80.173898318999989,40.162317878000067],[-80.191690426999969,40.15513519700005],[-80.206476625999983,40.164343587000076],[-80.222071845999949,40.178522496000028],[-80.24508254999995,40.182108306000032]]},"properties":{"objectid":146,"length":37.774999999999999,"type":"Multi-Lane Divided","admn_class":"Interstate","toll_rd":"N","rte_num1":" 70","rte_num2":" ","route":"Interstate  70","st_length(shape)":0.68394783816725968}},{"type":"Feature","id":147,"geometry":{"type":"LineString","coordinates":[[-75.418555782999988,40.092808571000035],[-75.372837756999957,40.093404275000069],[-75.303130408999948,40.111712027000067],[-75.27771529499995,40.11670940700003]]},"properties":{"objectid":147,"length":7.6559999999999997,"type":"Multi-Lane Divided","admn_class":"Interstate","toll_rd":"Y","rte_num1":"276","rte_num2":" ","route":"Interstate 276","st_length(shape)":0.14369508954936933}},{"type":"Feature","id":148,"geometry":{"type":"LineString","coordinates":[[-74.76282761799996,40.085258777000035],[-74.741136310999934,40.102023808000069],[-74.715249268999969,40.149078086000031],[-74.711167301999978,40.192084105000049]]},"properties":{"objectid":148,"length":8.1790000000000003,"type":"Multi-Lane Divided","admn_class":"Interstate","toll_rd":"N","rte_num1":"295","rte_num2":" ","route":"Interstate (NJ) 295","st_length(shape)":0.12431940758025681}},{"type":"Feature","id":149,"geometry":{"type":"LineString","coordinates":[[-74.890921835999961,40.134238689000028],[-74.859022451999977,40.118152053000074],[-74.844304723999983,40.102588437000065],[-74.839337892999936,40.097331917000076],[-74.79283507599996,40.086815191000028],[-74.76282761799996,40.085258777000035]]},"properties":{"objectid":149,"length":7.9240000000000004,"type":"Multi-Lane Divided","admn_class":"Interstate","toll_rd":"Y","rte_num1":"276","rte_num2":" ","route":"Interstate 276","st_length(shape)":0.14210342224679276}},{"type":"Feature","id":150,"geometry":{"type":"LineString","coordinates":[[-74.591259665999985,40.193920200000036],[-74.615903155999945,40.17996988200008],[-74.633947555999953,40.165409112000077],[-74.65811806499994,40.147808199000053],[-74.678611643999943,40.131942780000031],[-74.696106162999968,40.115543808000041],[-74.711838851999971,40.09775170100005],[-74.722481986999981,40.086643485000025],[-74.729928547999975,40.080910297000059]]},"properties":{"objectid":150,"length":10.776,"type":"Multi-Lane Divided","admn_class":"Interstate","toll_rd":"Y","rte_num1":" ","rte_num2":" ","route":" ","st_length(shape)":0.17983277802214157}},{"type":"Feature","id":151,"geometry":{"type":"LineString","coordinates":[[-74.76282761799996,40.085258777000035],[-74.729928547999975,40.080910297000059]]},"properties":{"objectid":151,"length":1.754,"type":"Multi-Lane Divided","admn_class":"Interstate","toll_rd":"Y","rte_num1":"276","rte_num2":" ","route":"Interstate 276","st_length(shape)":0.033185208831274515}},{"type":"Feature","id":152,"geometry":{"type":"LineString","coordinates":[[-76.872406381999951,40.203639494000072],[-76.814085876999968,40.194274673000052],[-76.789808446999984,40.21544612200006],[-76.692364266999959,40.206245633000037],[-76.597254971999973,40.202000914000052],[-76.503718419999984,40.218977155000061],[-76.439902270999937,40.219797235000044],[-76.394718324999985,40.21987308100006],[-76.326484170999947,40.231942534000041],[-76.185217578999982,40.248249859000055],[-76.104242948999968,40.231042395000031],[-76.092309912999951,40.225011091000056],[-76.010931826999979,40.198702685000057],[-75.986654922999946,40.17936680400004],[-75.908562424999957,40.172947319000059],[-75.892013869999971,40.159589018000077],[-75.84142223899994,40.134913398000037],[-75.795162759999982,40.132033900000067],[-75.682492054999955,40.069222178000075],[-75.599784564999936,40.060301370000047],[-75.552949923999961,40.080454170000053],[-75.476070955999944,40.078331021000054],[-75.418555782999988,40.092808571000035]]},"properties":{"objectid":152,"length":81.594999999999999,"type":"Multi-Lane Divided","admn_class":"Interstate","toll_rd":"Y","rte_num1":" 76","rte_num2":" ","route":"Interstate  76","st_length(shape)":1.5142921460510359}},{"type":"Feature","id":153,"geometry":{"type":"LineString","coordinates":[[-80.24508254999995,40.182108306000032],[-80.276081793999936,40.174170329000049],[-80.283498331999965,40.163573017000033],[-80.306173524999963,40.143111567000062],[-80.409372486999985,40.105842949000078],[-80.494061442999964,40.102951863000044],[-80.525457822999954,40.08685416700007],[-80.572922929999947,40.062489830000061],[-80.647855722999964,40.043854468000063],[-80.713029717999973,40.063076054000078],[-80.730745978999948,40.06024553900005],[-80.753612892999968,40.056587043000036],[-80.793036262999976,40.051029248000077],[-80.844041356999981,40.061930996000058],[-80.895573155999955,40.058283561000053],[-80.918157228999974,40.065382496000041],[-80.952819708999982,40.073511140000051],[-80.981652613999984,40.06046886200005],[-81.041203502999963,40.048822353000048],[-81.089065219999952,40.044290053000054],[-81.107971834999944,40.049649807000037],[-81.145739243999969,40.059449160000042],[-81.189015462999976,40.047299648000035],[-81.294771579999974,40.046422157000052],[-81.440727430999971,40.021971440000073],[-81.544491020999942,39.996898158000079]]},"properties":{"objectid":153,"length":72.942999999999998,"type":"Multi-Lane Divided","admn_class":"Interstate","toll_rd":"N","rte_num1":" 70","rte_num2":" ","route":"Interstate  70","st_length(shape)":1.3522624871748288}},{"type":"Feature","id":154,"geometry":{"type":"LineString","coordinates":[[-81.501760467999986,41.051378627000076],[-81.504049529999975,41.02723919400006],[-81.493299472999979,40.977175849000048],[-81.437587739999969,40.950301761000048],[-81.427035724999939,40.935645657000066],[-81.437306478999972,40.879478850000055],[-81.39647311899995,40.822625220000077],[-81.39760290199996,40.789983182000071],[-81.389157181999963,40.77790582800003],[-81.38990510299999,40.758359265000024],[-81.41923363799998,40.717508523000049],[-81.455001145999972,40.640586892000044],[-81.507561600999964,40.583558922000066],[-81.512345665999987,40.571603763000041],[-81.481063053999947,40.52129655400006],[-81.465978738999979,40.478649220000079],[-81.472036903999935,40.457127512000056],[-81.523766217999935,40.398755917000074],[-81.542793975999984,40.297386729000038],[-81.526062126999989,40.246637087000067],[-81.540604461999976,40.205323898000074],[-81.541659452999966,40.074587726000061],[-81.549548972999958,40.043929260000027],[-81.553928527999972,40.025634149000041],[-81.544491020999942,39.996898158000079]]},"properties":{"objectid":154,"length":79.129999999999995,"type":"Multi-Lane Divided","admn_class":"Interstate","toll_rd":"N","rte_num1":" 77","rte_num2":" ","route":"Interstate  77","st_length(shape)":1.191633216260765}},{"type":"Feature","id":155,"geometry":{"type":"LineString","coordinates":[[-78.247552451999979,39.984424721000039],[-78.244011937999971,39.990337516000068],[-78.18613333899998,40.026485305000051],[-78.122470987999975,40.025914356000044],[-78.084779951999963,40.043774409000036],[-78.009040246999973,40.035944407000045],[-77.970059836999951,40.046526444000051],[-77.887911180999936,40.073103470000035],[-77.867555071999959,40.08812563400005],[-77.825485007999987,40.089148496000064],[-77.788816832999942,40.112887107000063],[-77.756466589999945,40.118780940000079],[-77.723491673999945,40.14831752300006],[-77.694026195999982,40.154711200000065],[-77.658510452999963,40.14388161100004],[-77.586861141999975,40.167143553000074],[-77.453878570999962,40.189834020000035],[-77.370816081999976,40.201098668000043],[-77.267298988999983,40.204551221000031],[-77.18237406999998,40.220214912000074],[-77.149238507999939,40.223755426000025],[-77.131187261999969,40.220982322000054]]},"properties":{"objectid":155,"length":63.683,"type":"Multi-Lane Divided","admn_class":"Interstate","toll_rd":"Y","rte_num1":" 76","rte_num2":" ","route":"Interstate  76","st_length(shape)":1.1744534072727897}},{"type":"Feature","id":156,"geometry":{"type":"LineString","coordinates":[[-79.613890953999942,40.214220479000062],[-79.514935129999969,40.165045686000042],[-79.417780111999946,40.132549018000077],[-79.385087509999948,40.101749922000067],[-79.300246862999984,40.123398566000049],[-79.076646213999936,40.020287563000068],[-79.053467490999935,40.003797471000041],[-79.031021414999941,39.992739292000067],[-78.811808748999965,39.954861803000028],[-78.797716746999981,39.971783266000045],[-78.76952536899995,39.972527501000059],[-78.720559677999972,39.987068782000051],[-78.689691056999948,40.007767250000029],[-78.597954256999969,40.015854284000056],[-78.568260187999954,40.038330382000026],[-78.543182165999951,40.048515810000026],[-78.518004595999969,40.052349172000049],[-78.474844777999976,40.015053692000038],[-78.438535816999945,39.993570433000059],[-78.387608674999967,40.00119238700006],[-78.294329154999957,39.980960580000044],[-78.247552451999979,39.984424721000039]]},"properties":{"objectid":156,"length":81.825999999999993,"type":"Multi-Lane Divided","admn_class":"Interstate","toll_rd":"Y","rte_num1":" 70","rte_num2":" 76","route":"Interstate  70","st_length(shape)":1.4809937234246813}},{"type":"Feature","id":157,"geometry":{"type":"LineString","coordinates":[[-74.890921835999961,40.134238689000028],[-74.897269688999984,40.108516506000058],[-74.926537125999971,40.097328230000073],[-75.02869110499995,40.047219062000067],[-75.05599814499999,40.021894014000054],[-75.069510770999955,40.013085921000027],[-75.092506726999943,39.989949861000071],[-75.144983962999959,39.964632187000063],[-75.158107353999981,39.948557139000059],[-75.157443704999935,39.913618666000048]]},"properties":{"objectid":157,"length":22.193999999999999,"type":"Multi-Lane Divided","admn_class":"Interstate","toll_rd":"N","rte_num1":" 95","rte_num2":" ","route":"Interstate  95","st_length(shape)":0.3715639377627542}},{"type":"Feature","id":158,"geometry":{"type":"LineString","coordinates":[[-75.418555782999988,40.092808571000035],[-75.383520921999946,40.070409899000026],[-75.308170452999946,40.018352974000038],[-75.234183622999979,39.966291836000039],[-75.157443704999935,39.913618666000048]]},"properties":{"objectid":158,"length":18.553000000000001,"type":"Multi-Lane Divided","admn_class":"Interstate","toll_rd":"N","rte_num1":" 76","rte_num2":" ","route":"Interstate  76","st_length(shape)":0.31671243682456135}},{"type":"Feature","id":159,"geometry":{"type":"LineString","coordinates":[[-75.10081497799996,39.867198015000042],[-75.049778807999985,39.869841549000057],[-75.022441218999973,39.880194470000049],[-74.964288206999981,39.931185343000038],[-74.831471547999968,40.034115686000064],[-74.76282761799996,40.085258777000035]]},"properties":{"objectid":159,"length":24.068999999999999,"type":"Multi-Lane Divided","admn_class":"Interstate","toll_rd":"N","rte_num1":"295","rte_num2":" ","route":"Interstate (NJ) 295","st_length(shape)":0.41131317426704295}},{"type":"Feature","id":160,"geometry":{"type":"LineString","coordinates":[[-75.157443704999935,39.913618666000048],[-75.140673405999962,39.913118822000058],[-75.116700411999943,39.912401976000069],[-75.099624623999944,39.903002392000076],[-75.10081497799996,39.867198015000042]]},"properties":{"objectid":160,"length":5.7519999999999998,"type":"Multi-Lane Divided","admn_class":"Interstate","toll_rd":"Y","rte_num1":" 76","rte_num2":" ","route":"Interstate  76","st_length(shape)":0.096077528517790084}},{"type":"Feature","id":161,"geometry":{"type":"LineString","coordinates":[[-75.090682219999962,39.847502921000057],[-75.079764143999967,39.851378419000071],[-75.06949444299994,39.853903972000069],[-75.05682085899997,39.856372113000077],[-75.039928363999934,39.859671922000075],[-75.023005320999971,39.863879245000078],[-75.005395979999946,39.870337706000043],[-74.991311878999966,39.878672818000041],[-74.975297401999967,39.891043547000038],[-74.962876109999968,39.903044529000056],[-74.944954432999964,39.918097241000055],[-74.923355298999979,39.934889135000049],[-74.901656617999947,39.953951129000075],[-74.881934135999984,39.968065253000077],[-74.859755099999973,39.983472438000035],[-74.82948060199999,40.006863950000024],[-74.787097674999984,40.031811350000055],[-74.754953899999975,40.055157038000061],[-74.733827220999956,40.073288344000048],[-74.729928547999975,40.080910297000059]]},"properties":{"objectid":161,"length":25.492999999999999,"type":"Multi-Lane Divided","admn_class":"Interstate","toll_rd":"Y","rte_num1":" ","rte_num2":" ","route":" ","st_length(shape)":0.43682315417448747}},{"type":"Feature","id":162,"geometry":{"type":"LineString","coordinates":[[-75.10081497799996,39.867198015000042],[-75.097389285999952,39.862147437000033],[-75.094108437999978,39.852565087000073],[-75.090682219999962,39.847502921000057]]},"properties":{"objectid":162,"length":1.48,"type":"Multi-Lane Divided","admn_class":"Interstate","toll_rd":"Y","rte_num1":" 76","rte_num2":" ","route":"Interstate  76","st_length(shape)":0.022343857192073394}},{"type":"Feature","id":163,"geometry":{"type":"LineString","coordinates":[[-104.99317423499997,39.813249165000059],[-104.93769846599997,39.818410351000068],[-104.92190520499997,39.826554796000039],[-104.89845891599998,39.863034409000079],[-104.87576792199997,39.877705260000027],[-104.81373783099997,39.911109968000062],[-104.63353033099997,40.070875507000039],[-104.57274379099994,40.111406011000042],[-104.47816594199998,40.12275440500008],[-104.42942041399999,40.166543109000031],[-104.32427738199999,40.171665845000064],[-104.17803447699998,40.221122426000079],[-104.04776180599998,40.233771782000076],[-103.89408340099999,40.232245916000068],[-103.86202495199996,40.246459587000061],[-103.80298128099997,40.24663866700007],[-103.74033652499998,40.247321277000026],[-103.67457683299995,40.26434228800008],[-103.61619523099995,40.267142254000078],[-103.57040978699996,40.26790070900006],[-103.54815437799999,40.269171123000035],[-103.35052451799999,40.387897886000076],[-103.24729500599994,40.486868984000068],[-103.20725433799998,40.531421938000051],[-103.16195451599998,40.612310714000046],[-103.05452610999998,40.712113480000028],[-102.94836600999997,40.769632866000052],[-102.41683180999996,40.91656101500007],[-102.29466829399996,40.922367942000051],[-102.23906453499995,40.955822686000033],[-102.17021571699996,40.998745487000065],[-102.14287128099994,41.015773871000079]]},"properties":{"objectid":163,"length":181.315,"type":"Multi-Lane Divided","admn_class":"Interstate","toll_rd":"N","rte_num1":" 76","rte_num2":" ","route":"Interstate (CO)  76","st_length(shape)":3.2299868175245003}},{"type":"Feature","id":164,"geometry":{"type":"LineString","coordinates":[[-104.99317423499997,39.813249165000059],[-104.99436458899999,39.825467676000073],[-104.99349447199995,39.844544417000066],[-104.97850812399997,40.079966968000065],[-104.97660777099998,40.202075180000065],[-104.97499710599999,40.330076698000028],[-104.98761591299996,40.403242393000028],[-104.98141237699997,40.474218048000068],[-104.99464110899999,40.583669003000068],[-104.99103107099995,40.707677568000065],[-104.98209604099998,40.761483681000072],[-104.90296066699995,40.96555988800003],[-104.90386817999996,40.994700916000056],[-104.90263990299997,41.039442957000063],[-104.85901447799995,41.108704712000076]]},"properties":{"objectid":164,"length":91.391999999999996,"type":"Multi-Lane Divided","admn_class":"Interstate","toll_rd":"N","rte_num1":" 25","rte_num2":" ","route":"Interstate  25","st_length(shape)":1.3264025606851246}},{"type":"Feature","id":165,"geometry":{"type":"LineString","coordinates":[[-104.99317423499997,39.813249165000059],[-104.99248003699995,39.774255586000038]]},"properties":{"objectid":165,"length":2.7149999999999999,"type":"Multi-Lane Divided","admn_class":"Interstate","toll_rd":"N","rte_num1":" 25","rte_num2":" ","route":"Interstate  25","st_length(shape)":0.038999757872228459}},{"type":"Feature","id":316,"geometry":{"type":"LineString","coordinates":[[-91.100301575999936,30.406874403000074],[-91.062512572999935,30.425256947000037],[-90.940034613999956,30.451169797000034],[-90.842344989999958,30.473441534000074],[-90.659647225999947,30.487865887000055],[-90.484173753999983,30.490945006000061]]},"properties":{"objectid":316,"length":37.487000000000002,"type":"Multi-Lane Divided","admn_class":"Interstate","toll_rd":"N","rte_num1":" 12","rte_num2":" ","route":"Interstate  12","st_length(shape)":0.62617514449463541}},{"type":"Feature","id":166,"geometry":{"type":"LineString","coordinates":[[-75.157443704999935,39.913618666000048],[-75.166828540999973,39.901548686000069],[-75.208426150999969,39.895056515000078],[-75.238243994999948,39.881086709000044],[-75.292919698999981,39.87706952700006],[-75.32681950999995,39.865877038000065],[-75.350967896999975,39.859948969000072],[-75.387377985999933,39.844686628000034],[-75.441961515999935,39.82200827500003],[-75.453329924999935,39.81727793400006],[-75.503777764999938,39.796251856000026],[-75.544955589999972,39.756998612000075],[-75.540415916999962,39.726095755000074],[-75.574300452999978,39.688986201000034]]},"properties":{"objectid":166,"length":29.231999999999999,"type":"Multi-Lane Divided","admn_class":"Interstate","toll_rd":"N","rte_num1":" 95","rte_num2":" ","route":"Interstate  95","st_length(shape)":0.50963722887901397}},{"type":"Feature","id":167,"geometry":{"type":"LineString","coordinates":[[-75.497055950999936,39.671904620000078],[-75.448171371999933,39.709201153000038],[-75.393595215999937,39.735049219000075],[-75.332503713999984,39.777090841000074],[-75.292401420999965,39.79634350300006],[-75.213416683999981,39.813521471000058],[-75.151744225999948,39.849119907000045],[-75.10081497799996,39.867198015000042]]},"properties":{"objectid":167,"length":25.300999999999998,"type":"Multi-Lane Divided","admn_class":"Interstate","toll_rd":"N","rte_num1":"295","rte_num2":" ","route":"Interstate (NJ) 295","st_length(shape)":0.44660243037752229}},{"type":"Feature","id":168,"geometry":{"type":"LineString","coordinates":[[-77.131187261999969,40.220982322000054],[-77.159630404999973,40.190232209000044],[-77.193360616999939,40.185326476000057],[-77.228876359999958,40.18088582300004],[-77.44071725799995,40.084184298000025],[-77.494810424999969,40.029795122000053],[-77.56143233399996,39.986712730000079],[-77.589593162999961,39.951331823000032],[-77.634043407999968,39.92582664300005],[-77.687802117999979,39.844609202000072],[-77.712796920999949,39.787900942000078],[-77.730642752999984,39.755224668000039],[-77.738561767999954,39.722472022000034],[-77.743032969999945,39.703975183000068],[-77.738149883999938,39.674068325000064],[-77.767920324999977,39.644085622000034],[-77.794661682999958,39.609124500000064]]},"properties":{"objectid":168,"length":58.558,"type":"Multi-Lane Divided","admn_class":"Interstate","toll_rd":"N","rte_num1":" 81","rte_num2":" ","route":"Interstate  81","st_length(shape)":0.96304690412021832}},{"type":"Feature","id":169,"geometry":{"type":"LineString","coordinates":[[-78.247552451999979,39.984424721000039],[-78.244965801999967,39.966301317000045],[-78.221412590999989,39.951478247000068],[-78.219474841999954,39.937890829000025],[-78.266037702999938,39.860541513000044],[-78.273262520999936,39.808811672000047],[-78.259353811999972,39.795296412000027],[-78.21740594299996,39.791009557000052],[-78.206960848999984,39.763414936000061],[-78.190671431999988,39.749903890000041],[-78.185833643999956,39.72499810100004],[-78.182499071999985,39.707790636000027],[-78.071113527999955,39.68613672500004],[-78.013386619999949,39.63742806700003],[-77.992992587999936,39.625271180000027],[-77.957148707999977,39.623139077000076],[-77.927393541999948,39.640014717000042],[-77.898141905999978,39.643741684000076],[-77.829414755999949,39.636688572000025],[-77.794661682999958,39.609124500000064]]},"properties":{"objectid":169,"length":46.790999999999997,"type":"Multi-Lane Divided","admn_class":"Interstate","toll_rd":"N","rte_num1":" 70","rte_num2":" ","route":"Interstate  70","st_length(shape)":0.78329645679614124}},{"type":"Feature","id":170,"geometry":{"type":"LineString","coordinates":[[-77.794661682999958,39.609124500000064],[-77.771322840999972,39.596029025000064],[-77.683582681999951,39.600267423000048],[-77.664478550999945,39.598936438000067],[-77.630412301999968,39.577670183000066],[-77.598733606999986,39.543701373000033],[-77.592141889999937,39.523308395000072],[-77.565277808999952,39.489331685000025],[-77.516989987999978,39.45670913500004],[-77.494353244999957,39.416819104000069],[-77.452680842999939,39.398226932000057],[-77.433637283999985,39.39323323800005]]},"properties":{"objectid":170,"length":26.727,"type":"Multi-Lane Divided","admn_class":"Interstate","toll_rd":"N","rte_num1":" 70","rte_num2":" ","route":"Interstate  70","st_length(shape)":0.45456704378931312}},{"type":"Feature","id":171,"geometry":{"type":"LineString","coordinates":[[-76.501364046999981,39.353451182000072],[-76.547660921999977,39.316643431000045],[-76.549109887999975,39.297161653000046]]},"properties":{"objectid":171,"length":4.9089999999999998,"type":"Multi-Lane Divided","admn_class":"Interstate","toll_rd":"N","rte_num1":" 95","rte_num2":" ","route":"Interstate  95","st_length(shape)":0.078681264949807136}},{"type":"Feature","id":172,"geometry":{"type":"LineString","coordinates":[[-76.605066012999941,39.29122568300005],[-76.549109887999975,39.297161653000046]]},"properties":{"objectid":172,"length":3,"type":"Multi-Lane Divided","admn_class":"Interstate","toll_rd":"N","rte_num1":" 95","rte_num2":" ","route":"Interstate  95","st_length(shape)":0.05627009565352209}},{"type":"Feature","id":173,"geometry":{"type":"LineString","coordinates":[[-76.872406381999951,40.203639494000072],[-76.815588566999963,40.161644749000061],[-76.765231320999987,40.082034813000064],[-76.725442416999954,39.986998204000031],[-76.684152403999974,39.975855752000029],[-76.691859156999953,39.931018904000041],[-76.701022249999937,39.916115249000029],[-76.697994746999939,39.864865764000058],[-76.686878630999956,39.841218800000036],[-76.672406346999935,39.797602855000036],[-76.669576885999959,39.73184632400006],[-76.664243993999946,39.720738108000035],[-76.646230143999958,39.683182962000046],[-76.653112602999954,39.656934073000059],[-76.677252562999968,39.635335466000072],[-76.679610622999974,39.585935770000049],[-76.668173742999954,39.542345634000071],[-76.664931344999957,39.461631197000031],[-76.643132589999936,39.440631454000027],[-76.643948982999973,39.42159579500003],[-76.672109811999974,39.406829084000037],[-76.661564643999952,39.340575869000077],[-76.610910861999969,39.299431226000024],[-76.605066012999941,39.29122568300005]]},"properties":{"objectid":173,"length":70.715000000000003,"type":"Multi-Lane Divided","admn_class":"Interstate","toll_rd":"N","rte_num1":" 83","rte_num2":" ","route":"Interstate  83","st_length(shape)":1.075221235946314}},{"type":"Feature","id":174,"geometry":{"type":"LineString","coordinates":[[-76.640323142999989,39.275612029000058],[-76.634799057999942,39.290531486000077],[-76.605066012999941,39.29122568300005]]},"properties":{"objectid":174,"length":2.6589999999999998,"type":"Multi-Lane Divided","admn_class":"Interstate","toll_rd":"N","rte_num1":" 95","rte_num2":" ","route":"Interstate  95","st_length(shape)":0.045650444243404066}},{"type":"Feature","id":175,"geometry":{"type":"LineString","coordinates":[[-76.640323142999989,39.275612029000058],[-76.650264706999963,39.289734054000064],[-76.675618196999949,39.308032852000053],[-76.717291651999972,39.303314098000044],[-76.751144585999953,39.30715114700007],[-76.78444763899995,39.305983968000078],[-76.839861256999939,39.293596911000066],[-76.905253834999939,39.293471028000056],[-77.043517680999969,39.332585749000032],[-77.194475651999937,39.360241467000037],[-77.297336469999948,39.38719192800005],[-77.363979972999971,39.395896260000029],[-77.433637283999985,39.39323323800005]]},"properties":{"objectid":175,"length":44.454000000000001,"type":"Multi-Lane Divided","admn_class":"Interstate","toll_rd":"N","rte_num1":" 70","rte_num2":" ","route":"Interstate  70","st_length(shape)":0.82045565502190432}},{"type":"Feature","id":176,"geometry":{"type":"LineString","coordinates":[[-76.549109887999975,39.297161653000046],[-76.553466267999966,39.281784490000064],[-76.557525059999989,39.26383647800003],[-76.580101231999947,39.244354700000031],[-76.609254373999988,39.240486575000034],[-76.642015974999936,39.233017367000059],[-76.657512172999986,39.228588828000056],[-76.667033952999986,39.226837533000037]]},"properties":{"objectid":176,"length":8.9640000000000004,"type":"Multi-Lane Divided","admn_class":"Interstate","toll_rd":"Y","rte_num1":"895","rte_num2":" ","route":"Interstate 895","st_length(shape)":0.153012374524992}},{"type":"Feature","id":177,"geometry":{"type":"LineString","coordinates":[[-76.640323142999989,39.275612029000058],[-76.675434902999939,39.27177024100007],[-76.687413236999987,39.263686893000056],[-76.704236732999959,39.247024569000075],[-76.708516740999983,39.23572147200008],[-76.726514789999953,39.219062835000045]]},"properties":{"objectid":177,"length":6.5209999999999999,"type":"Multi-Lane Divided","admn_class":"Interstate","toll_rd":"N","rte_num1":" 95","rte_num2":" ","route":"Interstate  95","st_length(shape)":0.11006084142424581}},{"type":"Feature","id":178,"geometry":{"type":"LineString","coordinates":[[-94.567509241999971,39.160308324000027],[-94.522623937999981,39.166583492000029],[-94.501741649999985,39.197466861000066],[-94.452713807999942,39.25434735400006],[-94.430053362999956,39.279760888000055],[-94.308747849999975,39.48062419200005],[-94.244386034999991,39.643252901000039],[-94.222986522999975,39.74573765100007],[-94.176204551999945,39.845988117000047],[-94.120488604999991,39.940196745000037],[-94.102010726999936,39.980373304000068],[-94.096290179999983,40.079096324000034],[-94.046417502999986,40.155340612000032],[-94.033516907999967,40.208002195000063],[-94.028314112999965,40.259030464000034],[-94.022156926999969,40.314644757000053],[-93.947050848999936,40.571994052000036],[-93.943747352999935,40.575488742000061],[-93.89188846899998,40.630222384000035],[-93.863780836999979,40.666614564000042],[-93.864230116999977,40.73288305300008],[-93.817246417999968,40.839865340000074],[-93.805579893999948,41.017337659000077],[-93.782332699999984,41.06672629500008],[-93.792266362999953,41.140905898000028],[-93.791802335999989,41.353011202000062],[-93.785661477999952,41.544034071000056],[-93.784250433999944,41.581341138000028]]},"properties":{"objectid":178,"length":178.209,"type":"Multi-Lane Divided","admn_class":"Interstate","toll_rd":"N","rte_num1":" 35","rte_num2":" ","route":"Interstate  35","st_length(shape)":2.6469922187604458}},{"type":"Feature","id":179,"geometry":{"type":"LineString","coordinates":[[-94.567509241999971,39.160308324000027],[-94.59813399899997,39.181750500000078],[-94.623167251999973,39.191161145000081],[-94.689865005999991,39.292348092000054],[-94.692550675999939,39.304947938000055],[-94.76051515599994,39.338863550000042],[-94.785738549999962,39.376490855000043],[-94.788105563999977,39.69999223700006],[-94.788510072999941,39.713594929000067],[-94.787915422999959,39.746309653000026],[-94.804235914999936,39.805101559000036],[-94.816451265999945,39.848626911000053],[-94.854889696999976,39.873330972000076],[-94.974470249999968,39.961721613000066],[-95.025657056999989,39.970835196000053],[-95.155366680999975,40.045455652000044],[-95.218073060999984,40.077140667000037],[-95.259974052999951,40.126559851000025],[-95.277896256999952,40.149478908000049],[-95.363782413999957,40.194908826000074],[-95.382169170999987,40.21313546600004],[-95.491356773999939,40.290530079000064],[-95.572598442999947,40.409493859000065],[-95.654765532999988,40.568490935000057],[-95.682004100999961,40.588105969000026],[-95.754303892999985,40.64007704100004],[-95.805621849999966,40.690797187000044],[-95.831082787999947,40.737927837000029],[-95.818215901999963,40.953994492000049],[-95.83044705399999,41.003260932000046],[-95.851506314999938,41.077796061000072],[-95.831533647999947,41.20635062000008],[-95.903756013999953,41.233340056000031]]},"properties":{"objectid":179,"length":173.77000000000001,"type":"Multi-Lane Divided","admn_class":"Interstate","toll_rd":"N","rte_num1":" 29","rte_num2":" ","route":"Interstate  29","st_length(shape)":2.7357997599149888}},{"type":"Feature","id":180,"geometry":{"type":"LineString","coordinates":[[-94.567509241999971,39.160308324000027],[-94.567074183999978,39.128555365000068],[-94.565365024999949,39.104115182000044],[-94.557849992999991,39.089894138000034]]},"properties":{"objectid":180,"length":4.984,"type":"Multi-Lane Divided","admn_class":"Interstate","toll_rd":"N","rte_num1":" 29","rte_num2":" 35","route":"Interstate  29","st_length(shape)":0.07234039477709836}},{"type":"Feature","id":181,"geometry":{"type":"LineString","coordinates":[[-94.557849992999991,39.089894138000034],[-94.591557555999941,39.088062783000055]]},"properties":{"objectid":181,"length":1.7989999999999999,"type":"Multi-Lane Divided","admn_class":"Interstate","toll_rd":"N","rte_num1":" 70","rte_num2":" 35","route":"Interstate  70","st_length(shape)":0.033757275727389416}},{"type":"Feature","id":182,"geometry":{"type":"LineString","coordinates":[[-77.433637283999985,39.39323323800005],[-77.41282399499994,39.373729338000032],[-77.33918479099998,39.304306938000025],[-77.323231411999984,39.26258239200007],[-77.27701196299995,39.223074749000034],[-77.255733065999948,39.192668575000027],[-77.21730200899998,39.150886619000062],[-77.173721353999952,39.078714289000061],[-77.14137901099997,39.027861413000039]]},"properties":{"objectid":182,"length":30.111999999999998,"type":"Multi-Lane Divided","admn_class":"Interstate","toll_rd":"N","rte_num1":"270","rte_num2":" ","route":"Interstate 270","st_length(shape)":0.47365857930959276}},{"type":"Feature","id":183,"geometry":{"type":"LineString","coordinates":[[-78.29854543099998,39.012208256000065],[-78.26782850099994,39.020104623000066],[-78.20674700699999,39.072593446000042],[-78.167645980999964,39.138078724000025],[-78.15353870399997,39.15265845600004],[-78.128880465999941,39.182702256000027],[-78.136837929999956,39.210762485000032],[-78.139386657999978,39.230240049000031],[-78.098713415999953,39.267611375000058],[-78.08546150899997,39.299055685000042],[-78.060787468999933,39.357537362000073],[-78.015369138999972,39.413940660000037],[-77.968859474999988,39.49526502100008],[-77.900750677999952,39.575734540000042],[-77.872132141999941,39.580357960000072],[-77.841163972999937,39.589387270000032],[-77.807753997999953,39.599118678000025],[-77.794661682999958,39.609124500000064]]},"properties":{"objectid":183,"length":52.313000000000002,"type":"Multi-Lane Divided","admn_class":"Interstate","toll_rd":"N","rte_num1":" 81","rte_num2":" ","route":"Interstate  81","st_length(shape)":0.83336729431638656}},{"type":"Feature","id":184,"geometry":{"type":"LineString","coordinates":[[-77.14137901099997,39.027861413000039],[-77.117178478999961,39.011923835000061]]},"properties":{"objectid":184,"length":1.702,"type":"Multi-Lane Divided","admn_class":"Interstate","toll_rd":"N","rte_num1":"270","rte_num2":" ","route":"Interstate 270","st_length(shape)":0.02897709684542446}},{"type":"Feature","id":185,"geometry":{"type":"LineString","coordinates":[[-77.117178478999961,39.011923835000061],[-77.148009177999938,39.003855763000047]]},"properties":{"objectid":185,"length":1.7370000000000001,"type":"Multi-Lane Divided","admn_class":"Interstate","toll_rd":"N","rte_num1":"495","rte_num2":" ","route":"Interstate (DC) 495","st_length(shape)":0.03186888430155322}},{"type":"Feature","id":186,"geometry":{"type":"LineString","coordinates":[[-77.14137901099997,39.027861413000039],[-77.148009177999938,39.003855763000047]]},"properties":{"objectid":186,"length":1.7090000000000001,"type":"Multi-Lane Divided","admn_class":"Interstate","toll_rd":"N","rte_num1":"270","rte_num2":" ","route":"Interstate 270","st_length(shape)":0.024904424232862505}},{"type":"Feature","id":187,"geometry":{"type":"LineString","coordinates":[[-76.953104490999976,39.017203530000074],[-77.020061910999971,39.01249215100006],[-77.041424553999946,39.004870724000057],[-77.075215862999983,38.997283533000029],[-77.105947540999978,39.007807633000027],[-77.117178478999961,39.011923835000061]]},"properties":{"objectid":187,"length":9.1769999999999996,"type":"Multi-Lane Divided","admn_class":"Interstate","toll_rd":"N","rte_num1":"495","rte_num2":" ","route":"Interstate (DC) 495","st_length(shape)":0.16888226006123214}},{"type":"Feature","id":188,"geometry":{"type":"LineString","coordinates":[[-95.623510836999969,39.020657137000057],[-95.590779784999938,39.029094957000041],[-95.498133364999944,39.015560736000054],[-95.37580920399995,38.995499582000036],[-95.228674059999946,38.988596055000073],[-95.162083227999972,39.003835748000029],[-95.058298568999987,39.056635327000038],[-94.877644948999944,39.090286006000042],[-94.850590200999989,39.100196494000045],[-94.812488334999955,39.100875944000052],[-94.717110420999973,39.103882379000027],[-94.684959271999958,39.104389596000033],[-94.651518747999944,39.093460460000074],[-94.608495346999973,39.091492162000065],[-94.604169515999956,39.091294120000043],[-94.591557555999941,39.088062783000055]]},"properties":{"objectid":188,"length":57.240000000000002,"type":"Multi-Lane Divided","admn_class":"Interstate","toll_rd":"Y","rte_num1":" 70","rte_num2":" ","route":"Interstate  70","st_length(shape)":1.0573033702076446}},{"type":"Feature","id":189,"geometry":{"type":"LineString","coordinates":[[-77.022014933999969,38.89465815300008],[-77.048069468999984,38.887955827000042],[-77.067929420999974,38.887132060000056],[-77.078229670999974,38.886700688000076],[-77.109533877999979,38.891339382000069],[-77.152122219999967,38.886025452000069],[-77.175712826999984,38.89787368900005],[-77.194054287999961,38.896107646000075],[-77.223077333999981,38.882580799000038]]},"properties":{"objectid":189,"length":11.393000000000001,"type":"Multi-Lane Divided","admn_class":"Interstate","toll_rd":"N","rte_num1":" 66","rte_num2":" ","route":"Interstate  66","st_length(shape)":0.20849931177302258}},{"type":"Feature","id":190,"geometry":{"type":"LineString","coordinates":[[-77.148009177999938,39.003855763000047],[-77.156966328999943,38.988017206000052],[-77.18424966699996,38.974944905000029],[-77.185539041999959,38.968986287000064],[-77.187873926999941,38.958186721000061],[-77.20990074499997,38.925606307000066],[-77.218247444999975,38.906590136000034],[-77.223077333999981,38.882580799000038]]},"properties":{"objectid":190,"length":9.7460000000000004,"type":"Multi-Lane Divided","admn_class":"Interstate","toll_rd":"N","rte_num1":"495","rte_num2":" ","route":"Interstate (DC) 495","st_length(shape)":0.1501801697714753}},{"type":"Feature","id":191,"geometry":{"type":"LineString","coordinates":[[-97.64376879799994,38.878500412000051],[-97.612204925999947,38.882505480000077],[-97.52331180799996,38.906899312000064],[-97.442864936999968,38.906105567000054],[-97.399718813999982,38.926006076000078],[-97.213013348999937,38.939650379000057],[-97.151098606999938,38.945205013000077],[-97.084865406999938,38.972811222000075],[-97.033754444999943,38.985048694000056],[-96.863751860999969,39.002401529000053],[-96.800876407999965,39.03043963600004],[-96.772486988999958,39.038438710000037],[-96.740831469999989,39.059923022000078],[-96.536991752999938,39.056021189000035],[-96.475291379999987,39.064432673000056],[-96.292396101999941,39.05780250600003],[-96.162441559999991,39.049555880000071],[-95.876081333999991,39.053707372000076],[-95.816661594999971,39.046913400000051],[-95.776056824999955,39.050041503000045],[-95.727616785999942,39.054607512000075],[-95.673789603999978,39.044826593000039],[-95.651976627999943,39.035626104000073],[-95.623510836999969,39.020657137000057]]},"properties":{"objectid":191,"length":111.09,"type":"Multi-Lane Divided","admn_class":"Interstate","toll_rd":"N","rte_num1":" 70","rte_num2":" ","route":"Interstate  70","st_length(shape)":2.0586228314793424}},{"type":"Feature","id":294,"geometry":{"type":"LineString","coordinates":[[-87.030122133999953,33.348996849000059],[-87.034494314999961,33.367295121000041],[-86.994737013999952,33.42424303100006],[-86.917938104999962,33.500392513000065],[-86.852972684999941,33.532152846000031],[-86.835051007999937,33.54083874500003],[-86.816144918999953,33.545858247000069]]},"properties":{"objectid":294,"length":19.393999999999998,"type":"Multi-Lane Divided","admn_class":"Interstate","toll_rd":"N","rte_num1":" 20","rte_num2":" 59","route":"Interstate  20","st_length(shape)":0.30820815685376973}},{"type":"Feature","id":211,"geometry":{"type":"LineString","coordinates":[[-79.399661446999971,37.794405407000056],[-79.419108988999938,37.803167678000079],[-79.428570197999989,37.808458433000055],[-79.491331882999987,37.84553217000007],[-79.543113866999988,37.86146922100005],[-79.588747092999938,37.886104285000044],[-79.623850951999941,37.86918229500003],[-79.659411991999946,37.828662851000047],[-79.70173329499994,37.80160915700003],[-79.726773393999963,37.801154610000026],[-79.756094554999947,37.826907342000027],[-79.834917066999935,37.834005223000077],[-79.867282584999941,37.824327012000026],[-79.93874965599997,37.782112631000075],[-79.978545932999964,37.771319911000035],[-80.017847106999966,37.779586025000071],[-80.052722375999963,37.794275838000033],[-80.113508915999944,37.814324878000036],[-80.156754586999966,37.81747510200006],[-80.189119577999975,37.810406190000037],[-80.22242315799997,37.792678867000063],[-80.235363254999982,37.785782187000052],[-80.261143902999947,37.789737744000035],[-80.28198036699996,37.785640503000025],[-80.313169751999965,37.763606838000044],[-80.33982789099997,37.759822460000066],[-80.359870609999973,37.766151351000076],[-80.367279247999988,37.777312765000033],[-80.383126231999938,37.794631364000054],[-80.437365823999983,37.811018748000038],[-80.481587479999973,37.838060855000037],[-80.571076300999948,37.858972111000071],[-80.586702595999952,37.883973235000042],[-80.604006973999958,37.906666862000066],[-80.639072910999971,37.908035769000037],[-80.674031398999944,37.878571345000069],[-80.797417397999936,37.831336934000035],[-80.82445581799999,37.797939600000063],[-80.874941053999976,37.782013083000038],[-80.954160173999981,37.779376396000032],[-81.030806865999978,37.737711895000075],[-81.106385925999973,37.724588504000053],[-81.16137291199999,37.71795781000003]]},"properties":{"objectid":211,"length":112.318,"type":"Multi-Lane Divided","admn_class":"Interstate","toll_rd":"N","rte_num1":" 64","rte_num2":" ","route":"Interstate  64","st_length(shape)":1.962503499256693}},{"type":"Feature","id":192,"geometry":{"type":"LineString","coordinates":[[-104.99248003699995,39.774255586000038],[-104.93435704699999,39.773591938000038],[-104.87385334799995,39.772966738000036],[-104.82645776599998,39.771055851000028],[-104.77752104299998,39.761458226000059],[-104.72726439799999,39.735544849000064],[-104.63841710299994,39.729185408000035],[-104.42968587399997,39.731513973000062],[-104.38555639099997,39.720290408000039],[-104.25929510799995,39.719502457000033],[-104.21583032799998,39.709115300000065],[-104.15551992999997,39.695439395000051],[-104.09633141399996,39.662667261000024],[-103.99938602499998,39.538576004000049],[-103.92333450999996,39.459361623000063],[-103.90977658799994,39.41019841800005],[-103.87036164499995,39.352464136000037],[-103.83777543699995,39.338567542000078],[-103.81652708999997,39.306772446000025],[-103.79339418999996,39.289968964000025],[-103.71255123699996,39.271029166000062],[-103.68929614199999,39.268717456000047],[-103.67831749499999,39.259390558000064],[-103.66775757899995,39.244162452000069],[-103.64971370699999,39.236765929000057],[-103.61176405799995,39.241492056000027],[-103.58011643999998,39.25472131500004],[-103.03108456099994,39.257243180000046],[-102.90779020899998,39.27637469900003],[-102.80748391199995,39.284268432000033],[-102.27248557099995,39.276951968000049],[-102.24339352699997,39.280755834000047],[-102.20914450999999,39.302713127000061],[-102.11169875099995,39.315920264000056],[-102.04827341699996,39.316366911000046],[-101.72457135999997,39.318127160000074],[-101.70560417399997,39.31816139600005],[-101.42789402899996,39.316042460000062],[-101.31361792599995,39.358534415000065],[-101.20413378899997,39.359683160000031],[-101.05061128899996,39.361038373000042],[-101.01914696399996,39.35049478500008],[-100.86711082699998,39.183463346000053],[-100.80013707899997,39.111484844000074],[-100.47655932499998,39.097458153000048],[-100.43636696499999,39.088958709000053],[-100.31967275799997,39.08337352500007],[-100.17332082499996,39.014808601000027],[-99.935237885999982,39.014301910000029],[-99.889231225999993,39.006008934000079],[-99.87388829799994,39.00354079300007],[-99.731427664999956,38.968500138000024],[-99.659312219999947,38.964731561000065],[-99.583596215999989,38.940466772000036],[-99.520285177999938,38.94037933900006],[-99.442753094999944,38.920078007000029],[-99.372514300999967,38.91480990000008],[-99.31114101199995,38.890167463000068],[-99.251431584999978,38.870510292000063],[-99.128524360999961,38.868671564000067],[-99.07352947399994,38.851284493000037],[-98.997286237999958,38.851128061000054],[-98.855960127999992,38.852722398000026],[-98.797554296999976,38.849651179000034],[-98.577626364999958,38.850551319000033],[-98.461715367999943,38.837328907000028],[-98.22417282899994,38.835804622000069],[-98.16978101899997,38.836166469000034],[-98.13918575799994,38.845771468000066],[-98.002683741999988,38.881448909000028],[-97.64376879799994,38.878500412000051]]},"properties":{"objectid":192,"length":423.51600000000002,"type":"Multi-Lane Divided","admn_class":"Interstate","toll_rd":"N","rte_num1":" 70","rte_num2":" ","route":"Interstate  70","st_length(shape)":7.7444479016345626}},{"type":"Feature","id":193,"geometry":{"type":"LineString","coordinates":[[-78.29854543099998,39.012208256000065],[-78.257376032999957,38.983004024000024],[-78.19560718799994,38.961611886000071],[-78.098147207999943,38.911354713000037],[-77.968605602999958,38.905567801000075],[-77.837698777999947,38.856139136000024],[-77.778624030999936,38.860365947000048],[-77.711781959999939,38.834209232000035],[-77.646183439999959,38.82252111300005],[-77.591235429999983,38.802631665000035],[-77.524515553999947,38.799037954000028],[-77.449501649999945,38.83075615100006],[-77.430587659999958,38.845705630000054],[-77.34962251099995,38.858777930000031],[-77.223077333999981,38.882580799000038]]},"properties":{"objectid":193,"length":62.606000000000002,"type":"Multi-Lane Divided","admn_class":"Interstate","toll_rd":"N","rte_num1":" 66","rte_num2":" ","route":"Interstate  66","st_length(shape)":1.1343170433433096}},{"type":"Feature","id":194,"geometry":{"type":"LineString","coordinates":[[-77.17205854499997,38.790900356000066],[-77.128241925999987,38.816610952000076],[-77.100996510999948,38.830576018000045],[-77.051190197999972,38.861227110000073],[-77.045338500999947,38.86793681000006],[-77.022014933999969,38.89465815300008]]},"properties":{"objectid":194,"length":10.913,"type":"Multi-Lane Divided","admn_class":"Interstate","toll_rd":"N","rte_num1":"395","rte_num2":" ","route":"Interstate 395","st_length(shape)":0.18427242842507174}},{"type":"Feature","id":195,"geometry":{"type":"LineString","coordinates":[[-77.223077333999981,38.882580799000038],[-77.221963351999989,38.863541980000036],[-77.218545560999985,38.830446448000032],[-77.209177051999973,38.809122782000031],[-77.17205854499997,38.790900356000066]]},"properties":{"objectid":195,"length":7.5620000000000003,"type":"Multi-Lane Divided","admn_class":"Interstate","toll_rd":"N","rte_num1":"495","rte_num2":" ","route":"Interstate (DC) 495","st_length(shape)":0.11698407564545249}},{"type":"Feature","id":196,"geometry":{"type":"LineString","coordinates":[[-90.196331378999957,38.625665509000044],[-90.210758891999944,38.655495994000034],[-90.257726788999946,38.695104238000056],[-90.39976711199995,38.738569018000078],[-90.445232318999956,38.74140374600006],[-90.551505133999967,38.78723343300004],[-90.694583592999948,38.799986550000028],[-90.824487570999963,38.799569926000061],[-90.866466514999956,38.802285619000031],[-91.02426638899999,38.836707395000076],[-91.064407131999985,38.834844965000059],[-91.09721508299998,38.822187708000058],[-91.145709898999939,38.824723268000071],[-91.181219320999958,38.827419473000077],[-91.253297369999984,38.852255737000064],[-91.27929923399995,38.852338957000029],[-91.335247984999967,38.867845163000027],[-91.390822774999947,38.868367655000043],[-91.448403784999982,38.886604828000031],[-91.493716247999942,38.900386600000047],[-91.633918895999955,38.900763722000079],[-91.73062463399998,38.909471741000061],[-91.80543312399999,38.935285571000065],[-91.941836645999956,38.94079543600003],[-91.982289197999989,38.947707917000059],[-92.29475399599994,38.961453874000028],[-92.322800002999941,38.967168100000038],[-92.343239331999939,38.960354113000051],[-92.435776196999939,38.964541421000035],[-92.529427571999975,38.968655516000069],[-92.587733328999946,38.933664372000067],[-92.778836782999974,38.930541536000078],[-92.964450386999943,38.928705968000031],[-93.020894767999948,38.945257157000071],[-93.130152948999978,38.950703817000033],[-93.213210697999955,38.963642335000031],[-93.463040219999982,38.975455283000031],[-93.614640245999965,38.995009219000053],[-93.638543714999969,38.98785603400006],[-93.738950085999988,39.000765056000034],[-94.154002340999966,39.021731616000068],[-94.251911073999963,39.024878154000078],[-94.29017358599998,39.036520449000079],[-94.37298483699999,39.041918126000041],[-94.460443208999948,39.045713038000031],[-94.494165519999967,39.052983679000079],[-94.536349879999989,39.068555196000034],[-94.557849992999991,39.089894138000034]]},"properties":{"objectid":196,"length":241.928,"type":"Multi-Lane Divided","admn_class":"Interstate","toll_rd":"N","rte_num1":" 70","rte_num2":" ","route":"Interstate  70","st_length(shape)":4.4679805614824053}},{"type":"Feature","id":197,"geometry":{"type":"LineString","coordinates":[[-90.138628171999983,38.628243732000044],[-90.18378841699996,38.622758622000049],[-90.196331378999957,38.625665509000044]]},"properties":{"objectid":197,"length":3.1520000000000001,"type":"Multi-Lane Divided","admn_class":"Interstate","toll_rd":"N","rte_num1":" 55","rte_num2":" 70","route":"Interstate  55","st_length(shape)":0.058367531495931144}},{"type":"Feature","id":198,"geometry":{"type":"LineString","coordinates":[[-90.232099412999958,38.609140655000033],[-90.213314992999983,38.615144570000041],[-90.208111670999983,38.625596511000026],[-90.196331378999957,38.625665509000044]]},"properties":{"objectid":198,"length":2.5009999999999999,"type":"Multi-Lane Divided","admn_class":"Interstate","toll_rd":"N","rte_num1":" 55","rte_num2":" ","route":"Interstate  55","st_length(shape)":0.043176592122247746}},{"type":"Feature","id":199,"geometry":{"type":"LineString","coordinates":[[-121.47398895099997,38.568447925000044],[-121.51151934199999,38.622890299000062],[-121.52413077499995,38.636043185000062],[-121.55673225699996,38.667059811000058],[-121.72422561699995,38.665759902000048],[-121.75430154699995,38.683662617000039],[-121.79444123599995,38.701625377000028],[-121.94266139299998,38.841464598000073]]},"properties":{"objectid":199,"length":34.261000000000003,"type":"Multi-Lane Divided","admn_class":"Interstate","toll_rd":"N","rte_num1":"  5","rte_num2":" ","route":"Interstate   5","st_length(shape)":0.57959573978914514}},{"type":"Feature","id":200,"geometry":{"type":"LineString","coordinates":[[-96.23603862799996,38.410856627000044],[-96.225715728999944,38.423574454000061],[-96.209678603999976,38.441953311000077],[-96.19787566399998,38.458692008000071],[-96.18815531599995,38.470986364000055],[-96.183058914999947,38.476212335000071],[-96.175589179999974,38.48178961800005],[-96.16808942199998,38.487824082000031],[-96.159407210999973,38.493801661000077],[-96.151312275999942,38.499809789000039],[-96.14445299199997,38.504955700000039],[-96.13863921799998,38.511967202000051],[-96.131253755999978,38.524356892000071],[-96.127683219999938,38.532817887000078],[-96.120488424999962,38.542495045000067],[-96.111371154999972,38.554354870000054],[-96.098225114999991,38.564669868000067],[-96.085049053999967,38.575445733000038],[-96.071536954999942,38.59073862300005],[-96.052211080999939,38.612588995000067],[-96.042345889999979,38.626225924000039],[-96.033228619999988,38.63762014100007],[-96.027262101999952,38.646436135000044],[-96.018869577999965,38.65605640900003],[-96.010637172999964,38.663399735000041],[-96.002344196999957,38.671662162000075],[-95.998544544999959,38.675122090000059],[-95.996263383999974,38.681831789000057],[-95.994882362999988,38.684490598000025],[-95.99208239699999,38.69026960900004],[-95.988007803999949,38.697353270000065],[-95.980324752999991,38.705176951000055],[-95.965897239999947,38.716334678000067],[-95.953262630999973,38.727118443000052],[-95.941070981999985,38.739737250000076],[-95.930229278999946,38.750143368000067],[-95.925689604999945,38.755384613000047],[-95.918937242999959,38.766435945000069],[-95.916198374999965,38.771306917000061],[-95.914084705999983,38.775747043000024],[-95.913215115999947,38.779340754000032],[-95.908705990999977,38.784127979000061],[-95.904860514999939,38.788041926000062],[-95.901533843999971,38.792886035000038],[-95.900526782999975,38.79829161300006],[-95.897719443999961,38.804070624000076],[-95.89366012499994,38.810696577000044],[-95.891508533999968,38.81559072400006],[-95.882482910999954,38.825165700000071],[-95.870962283999972,38.836449309000045],[-95.861974583999938,38.845573953000041],[-95.837529134999954,38.863075319000075],[-95.817554886999972,38.876235579000024],[-95.808620910999991,38.884448496000061],[-95.793918456999961,38.898307168000031],[-95.783549734999951,38.909628700000042],[-95.774470387999941,38.919649796000044],[-95.76681051199995,38.926569651000079],[-95.759890129999974,38.931692387000055],[-95.753489079999952,38.937757926000074],[-95.740335666999954,38.946680315000037],[-95.733369461999985,38.952257072000066],[-95.724458133999974,38.960020182000051],[-95.715356137999947,38.970037065000042],[-95.706848792999949,38.980080809000071],[-95.697823169999936,38.989194392000059],[-95.69165860999999,38.992089692000036],[-95.687896880999972,38.994629991000068],[-95.68235804699998,38.997094446000062],[-95.67759715699998,38.997323036000068],[-95.669143535999979,38.999203901000044],[-95.66065146599999,39.001526672000068],[-95.647070893999967,39.008152625000037],[-95.635290601999941,39.014408831000026],[-95.623510836999969,39.020657137000057]]},"properties":{"objectid":200,"length":54.625,"type":"Multi-Lane Divided","admn_class":"Interstate","toll_rd":"Y","rte_num1":"335","rte_num2":" ","route":"Interstate 335","st_length(shape)":0.88088818870529262}},{"type":"Feature","id":201,"geometry":{"type":"LineString","coordinates":[[-96.23603862799996,38.410856627000044],[-96.181433501999948,38.417585814000063],[-96.135213525999973,38.406043066000052],[-95.972688051999967,38.408381638000037],[-95.912956502999975,38.420211441000049],[-95.743108243999984,38.425094526000066],[-95.696476383999936,38.434253406000039],[-95.634524245999955,38.450843044000067],[-95.588853623999967,38.455016658000034],[-95.547173320999946,38.460722984000029],[-95.410564910999938,38.517167891000042],[-95.36701480499994,38.544526548000078],[-95.305001041999958,38.559594535000031],[-95.267440628999964,38.571324263000065],[-95.244505769999989,38.584244346000048],[-95.237799756999948,38.614333970000075],[-95.227431035999984,38.631976493000025],[-95.075426500999981,38.695470825000029],[-94.902157816999988,38.78809775700006],[-94.822238177999964,38.846504115000073],[-94.79857119899998,38.872031417000073],[-94.743592639999974,38.928110791000051],[-94.701012197999944,38.977583172000038],[-94.691253927999981,39.012037077000059],[-94.689392550999969,39.025567611000042],[-94.671752660999971,39.030046187000039],[-94.657477365999966,39.036534670000037],[-94.650801901999955,39.05070620500004],[-94.608816110999953,39.07237697000005],[-94.590871258999982,39.080197492000025],[-94.591557555999941,39.088062783000055]]},"properties":{"objectid":201,"length":107.946,"type":"Multi-Lane Divided","admn_class":"Interstate","toll_rd":"N","rte_num1":" 35","rte_num2":" ","route":"Interstate  35","st_length(shape)":1.8881635727216723}},{"type":"Feature","id":202,"geometry":{"type":"LineString","coordinates":[[-80.24508254999995,40.182108306000032],[-80.231632074999936,40.141634685000042],[-80.202952440999979,40.102729067000041],[-80.180285148999985,40.043338823000056],[-80.175061811999967,39.935502747000044],[-80.146574424999983,39.878958819000047],[-80.094008175999988,39.801144949000047],[-80.086654842999963,39.763200567000069],[-80.05937255799995,39.721369627000058],[-80.037934069999949,39.688465290000067],[-80.016587227999935,39.659420649000026],[-79.995484777999934,39.619482161000064],[-79.972841713999969,39.568690383000046],[-79.997647429999972,39.526481795000052],[-80.044616906999977,39.521907886000065],[-80.117406008999978,39.48911362900003],[-80.190576971999974,39.436315630000024],[-80.209796449999942,39.408694147000062],[-80.225789858999974,39.327180172000055],[-80.268700017999947,39.282243777000076],[-80.390589646999956,39.133008132000043],[-80.38237146299997,39.045680382000057],[-80.436800668999979,39.02853348900004],[-80.457415916999935,39.010814067000069],[-80.485446649999972,39.001074758000073],[-80.518192975999966,38.962188628000035],[-80.53740402699998,38.95446344000004],[-80.648399808999955,38.837872467000068],[-80.663750636999964,38.810269946000062],[-80.683816004999983,38.728583738000054],[-80.722483551999971,38.695384972000056],[-80.733897783999964,38.673317070000053],[-80.762439947999951,38.625859337000065],[-80.88377442999996,38.611251690000074],[-80.93407689899999,38.615759761000049],[-81.037092567999935,38.601056781000068],[-81.104035765999981,38.596398599000054],[-81.156420827999966,38.571725613000069],[-81.282966532999978,38.569721499000025],[-81.342622235999954,38.527963244000034],[-81.372561221999945,38.515229615000067],[-81.455685335999988,38.484917721000045],[-81.537084489999984,38.435101928000051],[-81.55933147099995,38.412141261000045],[-81.610129043999962,38.39548209700007]]},"properties":{"objectid":202,"length":178.696,"type":"Multi-Lane Divided","admn_class":"Interstate","toll_rd":"N","rte_num1":" 79","rte_num2":" ","route":"Interstate  79","st_length(shape)":2.9062670946898526}},{"type":"Feature","id":203,"geometry":{"type":"LineString","coordinates":[[-121.47398895099997,38.568447925000044],[-121.57280730499997,38.565732232000073],[-121.68110161499999,38.545335567000052],[-121.75452855699996,38.514845120000075],[-121.93038230999997,38.380407263000052]]},"properties":{"objectid":203,"length":29.059999999999999,"type":"Multi-Lane Divided","admn_class":"Interstate","toll_rd":"N","rte_num1":" 80","rte_num2":" ","route":"Interstate  80","st_length(shape)":0.5099150040815067}},{"type":"Feature","id":204,"geometry":{"type":"LineString","coordinates":[[-78.29854543099998,39.012208256000065],[-78.362504843999943,39.01268492500003],[-78.393175950999989,39.002950356000042],[-78.445996071999957,38.96675358300007],[-78.550903665999954,38.854406275000031],[-78.603579469999943,38.820860411000069],[-78.666700367999965,38.741867247000073],[-78.665335146999951,38.693384545000072],[-78.681212680999977,38.654254550000076],[-78.753872211999976,38.561525963000065],[-78.804755110999963,38.477144077000048],[-78.848724474999983,38.438597671000025],[-78.922716044999959,38.37566428100007],[-78.942590217999964,38.252143972000056],[-79.034562981999954,38.137709331000053],[-79.046999022999955,38.116702214000043]]},"properties":{"objectid":204,"length":78.106999999999999,"type":"Multi-Lane Divided","admn_class":"Interstate","toll_rd":"N","rte_num1":" 81","rte_num2":" ","route":"Interstate  81","st_length(shape)":1.2364657750681955}},{"type":"Feature","id":205,"geometry":{"type":"LineString","coordinates":[[-122.12532175999996,38.057442067000068],[-122.17275526499998,38.082683368000062],[-122.21675517799997,38.092166698000028]]},"properties":{"objectid":205,"length":5.5720000000000001,"type":"Multi-Lane Divided","admn_class":"Interstate","toll_rd":"N","rte_num1":"780","rte_num2":" ","route":"Interstate 780","st_length(shape)":0.098741661636433289}},{"type":"Feature","id":206,"geometry":{"type":"LineString","coordinates":[[-84.442228006999983,38.051937996000049],[-84.474471328999982,38.076866961000064],[-84.529763804999959,38.107719254000074],[-84.620861711999964,38.15585169700006],[-84.690566425999975,38.156339426000045],[-84.829180530999963,38.169865220000077],[-84.897610091999979,38.153389350000054],[-84.970433955999965,38.150206996000065],[-85.02675508699997,38.139117214000066],[-85.115989509999963,38.165025325000045],[-85.198586391999982,38.175660033000042],[-85.292863491999981,38.19797969900003],[-85.506314528999951,38.228704003000075],[-85.633070914999962,38.237753328000053],[-85.667472148999934,38.241552454000043],[-85.726913482999976,38.248835209000049]]},"properties":{"objectid":206,"length":72.956999999999994,"type":"Multi-Lane Divided","admn_class":"Interstate","toll_rd":"N","rte_num1":" 64","rte_num2":" ","route":"Interstate  64","st_length(shape)":1.3270730913160531}},{"type":"Feature","id":207,"geometry":{"type":"LineString","coordinates":[[-84.431333105999954,38.040143482000076],[-84.442228006999983,38.051937996000049]]},"properties":{"objectid":207,"length":1.01,"type":"Multi-Lane Divided","admn_class":"Interstate","toll_rd":"N","rte_num1":" 75","rte_num2":" ","route":"Interstate  75","st_length(shape)":0.016056445070313573}},{"type":"Feature","id":208,"geometry":{"type":"LineString","coordinates":[[-87.549968214999978,37.796219907000079],[-87.555621870999971,37.802655193000078],[-87.557163536999951,37.810387755000079],[-87.560330089999979,37.823128758000053],[-87.561764308999955,37.834934858000054],[-87.564320936999991,37.848587588000044],[-87.568181686999935,37.85725452500003],[-87.574926675999961,37.86688269900003],[-87.571111748999954,37.879063287000065],[-87.561117514999978,37.904293528000039],[-87.552862460999961,37.929550630000051],[-87.551802202999966,37.938163843000041],[-87.549895002999961,37.953529419000063],[-87.547049740999967,37.972976961000029],[-87.543235340999956,37.984707216000061],[-87.539504686999976,37.993263545000048],[-87.536910662999958,38.002738974000067],[-87.534217617999957,38.016292683000074],[-87.532677004999982,38.030319374000044],[-87.535294203999968,38.041698843000063],[-87.539139679999948,38.050824014000057],[-87.540650270999947,38.059914422000077],[-87.542870860999983,38.064484117000063],[-87.546647864999954,38.076336568000045],[-87.54873835799998,38.085885210000072],[-87.547274116999972,38.096741661000067],[-87.546146440999962,38.161554336000052]]},"properties":{"objectid":208,"length":26.081,"type":"Multi-Lane Divided","admn_class":"Interstate","toll_rd":"Y","rte_num1":" ","rte_num2":" ","route":" ","st_length(shape)":0.38018510605445482}},{"type":"Feature","id":209,"geometry":{"type":"LineString","coordinates":[[-79.399661446999971,37.794405407000056],[-79.358438851999949,37.846266398000068],[-79.260367892999966,37.910319037000079],[-79.217016353999952,37.951743361000069],[-79.168881277999958,38.016341667000063],[-79.134250399999985,38.035396287000026],[-79.091433466999945,38.061283329000048],[-79.046999022999955,38.116702214000043]]},"properties":{"objectid":209,"length":29.867000000000001,"type":"Multi-Lane Divided","admn_class":"Interstate","toll_rd":"N","rte_num1":" 81","rte_num2":" 64","route":"Interstate  81","st_length(shape)":0.48449893622746248}},{"type":"Feature","id":210,"geometry":{"type":"LineString","coordinates":[[-82.833723544999941,37.824933777000069],[-82.844595796999954,37.827337134000061],[-82.86128972399996,37.829614081000045],[-82.872314193999955,37.830212945000028],[-82.882500148999952,37.82713435200003],[-82.892189420999955,37.823117697000043],[-82.901345139999989,37.818612259000076],[-82.911774959999946,37.812817973000051],[-82.919725049999954,37.808701771000074],[-82.925890136999953,37.804944255000066],[-82.936541172999966,37.803254057000061],[-82.948740721999968,37.80390664500004],[-82.957774245999985,37.800755367000079],[-82.966860966999946,37.797154283000054],[-82.975398860999974,37.793064942000058],[-82.984821619999934,37.792210099000044],[-82.99539628399998,37.791408980000028],[-83.003040884999962,37.790913351000029],[-83.011586152999939,37.786819797000078],[-83.019467771999985,37.783607947000064],[-83.029295040999955,37.778221858000052],[-83.039335624999978,37.77057725700007],[-83.048071559999983,37.764222030000042],[-83.054457335999984,37.758194413000069],[-83.062331581999956,37.754975190000039],[-83.069038120999949,37.751698029000067],[-83.07664479999994,37.744827685000075],[-83.09097329299999,37.741039620000038],[-83.110772146999977,37.741172876000064],[-83.130288687999951,37.744472685000062],[-83.153681252999945,37.750236422000057],[-83.172381926999947,37.756663808000042],[-83.188274207999939,37.75476029400005],[-83.207325667999953,37.750296993000063],[-83.228963250999982,37.749594368000032],[-83.25282142399999,37.750368625000078],[-83.275252751999972,37.754244123000035],[-83.304680307999945,37.758012173000054],[-83.331772977999947,37.76211257500006],[-83.35126687099995,37.766277761000026],[-83.36060535699994,37.766289348000043],[-83.372942375999969,37.758282373000043],[-83.384158039999988,37.749763967000035],[-83.398440709999988,37.739570638000032],[-83.415783010999974,37.734531648000029],[-83.430737228999988,37.737090910000063],[-83.444333074999975,37.735038339000027],[-83.451092811999956,37.730834703000028],[-83.459523783999941,37.727610740000046],[-83.477842596999949,37.731700080000053],[-83.492339108999943,37.73968388000003],[-83.506476407999969,37.744928812000069],[-83.517936462999955,37.747305307000033],[-83.532608367999956,37.746213973000067],[-83.550926652999976,37.743028459000072],[-83.56482798799999,37.744154029000072],[-83.583291644999974,37.746423075000052],[-83.594187071999954,37.748769021000044],[-83.608713605999981,37.756733859000065],[-83.616335558999936,37.76345936000007],[-83.621722174999945,37.769173587000068],[-83.627680792999968,37.774910462000037],[-83.637126726999952,37.78081588200007],[-83.645587721999959,37.784401166000066],[-83.646648505999963,37.793076003000067],[-83.653713205999964,37.799778329000048],[-83.66857577799999,37.803664888000071],[-83.692303853999988,37.806159364000052],[-83.709470761999967,37.810607391000076],[-83.719030990999954,37.815146538000079],[-83.728712888999951,37.818327838000073],[-83.741072556999939,37.817091661000063],[-83.752005906999955,37.818979900000045],[-83.765525906999983,37.817797446000043],[-83.777878201999954,37.816553895000027],[-83.788758353999981,37.819330685000068],[-83.803803692999963,37.820951884000067],[-83.813257000999954,37.819570863000024],[-83.826799648999952,37.825651150000056],[-83.832331108999938,37.82954244900003],[-83.838961275999964,37.834390772000063],[-83.851077079999982,37.836313246000032],[-83.863605293999967,37.832803282000043],[-83.873607427999957,37.831903142000044],[-83.889621904999956,37.82855382300005],[-83.904751516999966,37.829244334000066],[-83.91943132199998,37.835820777000038],[-83.933286832999954,37.84553638400007],[-83.940176138999959,37.85492806700006],[-83.941373866999982,37.869965506000028],[-83.941839474999938,37.887238281000066],[-83.948652408999976,37.897538005000058],[-83.963469157999953,37.910461774000055],[-83.979506808999986,37.922534915000028],[-83.995391715999972,37.936874468000042],[-84.003555122999956,37.944957816000056],[-84.019440029999942,37.951575868000077],[-84.039292081999974,37.959724000000051],[-84.052986947999955,37.964423792000048],[-84.069840992999957,37.97379230100006],[-84.088106081999968,37.980048507000049],[-84.102854358999934,37.986147755000047],[-84.115069182999946,37.995318222000037],[-84.121760447999975,38.007864871000038],[-84.125201413999946,38.016646103000028]]},"properties":{"objectid":210,"length":83.070999999999998,"type":"Multi-Lane Divided","admn_class":"State Highway","toll_rd":"N","rte_num1":"402","rte_num2":" ","route":"Kentucky State Hwy 402","st_length(shape)":1.4535741878132655}},{"type":"Feature","id":272,"geometry":{"type":"LineString","coordinates":[[-89.876849284999935,35.15276521100003],[-89.886477458999991,35.167714690000025],[-89.903430524999976,35.180825440000035],[-89.941761507999956,35.191590244000054],[-90.005346432999943,35.196316898000077]]},"properties":{"objectid":272,"length":8.3490000000000002,"type":"Multi-Lane Divided","admn_class":"Interstate","toll_rd":"N","rte_num1":"240","rte_num2":" ","route":"Interstate 240","st_length(shape)":0.14278718449570701}},{"type":"Feature","id":212,"geometry":{"type":"LineString","coordinates":[[-81.16137291199999,37.71795781000003],[-81.189556915999958,37.722104035000029],[-81.213796950999949,37.753113287000076],[-81.224997339999959,37.778182882000067],[-81.218101713999943,37.836927912000078],[-81.27256199499999,37.862954530000025],[-81.279323311999974,37.925808389000053],[-81.261501181999961,37.954029262000063],[-81.286030377999964,37.976409500000045],[-81.349295065999968,38.001661335000051],[-81.352462145999937,38.039662600000042],[-81.381089635999956,38.094554780000067],[-81.382013476999987,38.123106951000068],[-81.39193976599995,38.133677401000057],[-81.43692409099998,38.142671422000035],[-81.447735771999987,38.180428823000057],[-81.460340357999939,38.185921307000058],[-81.521857437999984,38.185733799000047],[-81.575563476999946,38.234765855000035],[-81.580150027999935,38.289875564000056],[-81.554111294999984,38.328391948000046],[-81.57004939899997,38.340567796000073],[-81.612791012999935,38.348669577000067],[-81.622472910999988,38.364221607000047]]},"properties":{"objectid":212,"length":61.073,"type":"Multi-Lane Divided","admn_class":"Interstate","toll_rd":"Y","rte_num1":" 64","rte_num2":" 77","route":"Interstate  64","st_length(shape)":0.97264821165159188}},{"type":"Feature","id":213,"geometry":{"type":"LineString","coordinates":[[-121.91082837399995,37.693621389000043],[-121.96031392299994,37.771495831000038],[-121.98830725999994,37.840708076000055],[-122.06747265599995,37.888737812000045],[-122.04626275799995,37.937274238000043],[-122.06019411499994,37.987077917000079],[-122.07147877699998,38.00658181700004],[-122.11965230299995,38.045158771000047],[-122.12532175999996,38.057442067000068]]},"properties":{"objectid":213,"length":29.798999999999999,"type":"Multi-Lane Divided","admn_class":"Interstate","toll_rd":"N","rte_num1":"680","rte_num2":" ","route":"Interstate 680","st_length(shape)":0.46198383543147653}},{"type":"Feature","id":214,"geometry":{"type":"LineString","coordinates":[[-121.91082837399995,37.693621389000043],[-121.95131147499995,37.68926132200005],[-121.99025290899999,37.696749492000038],[-122.05575346199998,37.683608720000052],[-122.08219775799995,37.687049160000072],[-122.15770097199999,37.776020757000026],[-122.21085660399996,37.793739652000056],[-122.24502977499998,37.81497167200007],[-122.27859986799996,37.81942338500005]]},"properties":{"objectid":214,"length":24.297999999999998,"type":"Multi-Lane Divided","admn_class":"Interstate","toll_rd":"N","rte_num1":"580","rte_num2":" ","route":"Interstate 580","st_length(shape)":0.42066239933304178}},{"type":"Feature","id":215,"geometry":{"type":"LineString","coordinates":[[-85.852714425999977,37.675672324000061],[-85.831458704999989,37.681833196000071],[-85.801421223999967,37.688642443000049],[-85.775923417999991,37.697839246000058],[-85.757536132999974,37.704537884000047],[-85.733648464999987,37.716050610000025],[-85.714948843999935,37.728631495000059],[-85.693914338999946,37.741128633000073],[-85.66999612099994,37.753080104000048],[-85.647840259999953,37.764634967000063],[-85.631757311999991,37.771386803000041],[-85.609182192999981,37.779736663000051],[-85.583821856999975,37.785725830000047],[-85.565022688999989,37.788754385000061],[-85.543339808999974,37.791226214000062],[-85.52596011199995,37.789299525000047],[-85.506840706999981,37.787311739000074],[-85.501606835999951,37.787136347000057],[-85.486523573999989,37.785736364000059],[-85.470311056999947,37.783840751000071],[-85.453213673999983,37.787357563000057],[-85.446110524999938,37.789390646000072],[-85.436581371999978,37.79315974900004],[-85.414493981999954,37.802399215000037],[-85.391101942999967,37.813873491000038],[-85.363582114999986,37.826096216000053],[-85.340716781999959,37.838479059000065],[-85.316714290999982,37.850362059000076],[-85.292727075999949,37.861787351000032],[-85.268938427999956,37.869588385000043],[-85.245111856999984,37.877836591000062],[-85.225038588999951,37.881674693000036],[-85.211420094999937,37.884826497000063],[-85.19778632699996,37.888431796000077],[-85.187929035999957,37.897164044000078],[-85.177789430999951,37.900891538000053],[-85.163217072999942,37.900376947000041],[-85.152391170999977,37.895898898000041],[-85.142778271999987,37.89057021900004],[-85.133752648999973,37.885256816000037],[-85.121042194999973,37.882990929000073],[-85.107515347999936,37.884773300000063],[-85.091524045999961,37.888729384000044],[-85.078912612999943,37.894631645000061],[-85.066606141999955,37.90508042600004],[-85.055375202999983,37.907392662000063],[-85.042451433999986,37.908739974000071],[-85.026696622999964,37.908614619000048],[-85.002122130999965,37.909531086000072],[-84.98386441599996,37.912033990000054],[-84.967307958999982,37.915501818000052],[-84.951720640999952,37.922181495000075],[-84.939093405999984,37.928060054000071],[-84.929212939999957,37.936773341000048],[-84.918134219999956,37.945882710000035],[-84.905758749999961,37.957216883000058],[-84.894230222999965,37.96404509100006],[-84.883899950999989,37.970457729000032],[-84.871082048999938,37.979056194000066],[-84.855341985999985,37.987536677000037],[-84.839045195999972,37.995532591000028],[-84.823946132999936,38.003131370000062],[-84.799561780999966,38.009456574000069],[-84.77401815099995,38.015731742000071],[-84.749015973999974,38.022476204000043],[-84.727202997999939,38.025257209000074],[-84.701818959999969,38.028805096000042],[-84.684484558999941,38.034473499000057],[-84.675344114999973,38.040016546000061],[-84.670934536999937,38.044834320000064],[-84.662236524999969,38.043587082000045],[-84.647732638999969,38.041653020000069],[-84.572214150999969,38.042263472000059],[-84.516190080999991,38.039994425000032],[-84.484564583999941,38.023271003000048],[-84.46736027999998,38.035279358000025],[-84.454183691999958,38.039727385000049],[-84.442449222999983,38.040147169000079],[-84.431333105999954,38.040143482000076]]},"properties":{"objectid":215,"length":85.695999999999998,"type":"Multi-Lane Divided","admn_class":"Interstate","toll_rd":"Y","rte_num1":" ","rte_num2":" ","route":" ","st_length(shape)":1.5231207475307467}},{"type":"Feature","id":216,"geometry":{"type":"LineString","coordinates":[[-85.852714425999977,37.675672324000061],[-85.820983061999982,37.728693646000067],[-85.746198799999945,37.801268378000032],[-85.693722617999981,37.89173055100008],[-85.699025487999961,38.050203028000055],[-85.741592234999985,38.191224703000046],[-85.755012687999965,38.215223506000029],[-85.740921211999989,38.250174094000045]]},"properties":{"objectid":216,"length":42.963000000000001,"type":"Multi-Lane Divided","admn_class":"Interstate","toll_rd":"N","rte_num1":" 65","rte_num2":" ","route":"Interstate  65","st_length(shape)":0.6416301001544753}},{"type":"Feature","id":217,"geometry":{"type":"LineString","coordinates":[[-89.003369007999936,37.609074644000032],[-88.979861620999941,37.646599768000044],[-88.96230600399997,37.74352672200007],[-88.947609870999941,37.996837767000045],[-88.924079308999978,38.093269619000068],[-88.917119423999964,38.233291607000069],[-88.930944386999954,38.264175503000047],[-88.95069689099995,38.287834054000029],[-88.954023035999967,38.313682647000064],[-88.95327511399995,38.334983665000038]]},"properties":{"objectid":217,"length":51.509,"type":"Multi-Lane Divided","admn_class":"Interstate","toll_rd":"N","rte_num1":" 57","rte_num2":" ","route":"Interstate  57","st_length(shape)":0.74801035198937293}},{"type":"Feature","id":218,"geometry":{"type":"LineString","coordinates":[[-97.311243372999968,37.604199459000029],[-97.29307730499994,37.627166973000044],[-97.259667856999954,37.651870508000059],[-97.185393445999978,37.678299003000063],[-97.079090082999983,37.733025271000031],[-96.978111709999951,37.764718713000036],[-96.904072736999979,37.811868850000053],[-96.848397345999956,37.881006830000047],[-96.833625893999965,37.902224629000045],[-96.76920034699998,37.932421701000067],[-96.731753175999984,37.960467182000059],[-96.635327117999964,38.048800939000046],[-96.594286235999959,38.07620963200003],[-96.546317071999965,38.127833605000035],[-96.496776744999977,38.149874645000068],[-96.461572811999986,38.176119320000055],[-96.400786271999948,38.232610577000059],[-96.36581145599996,38.279717525000081],[-96.29669454399999,38.335365527000079],[-96.23603862799996,38.410856627000044]]},"properties":{"objectid":218,"length":82.659999999999997,"type":"Multi-Lane Divided","admn_class":"Interstate","toll_rd":"Y","rte_num1":" 35","rte_num2":" ","route":"Interstate  35","st_length(shape)":1.3713585571635865}},{"type":"Feature","id":219,"geometry":{"type":"LineString","coordinates":[[-97.311243372999968,37.604199459000029],[-97.326296085999957,37.615605264000067],[-97.303232183999967,37.642944432000036],[-97.304162872999939,37.677908715000058],[-97.319032291999974,37.754643366000039],[-97.323069488999977,37.951232983000068],[-97.317437427999948,38.029983336000043],[-97.322106143999974,38.060993114000041],[-97.34165270699998,38.077537457000062],[-97.616446483999937,38.303833783000073],[-97.620542144999945,38.370644252000034],[-97.625491067999974,38.554964795000046],[-97.627176525999971,38.612169211000037],[-97.626489701999958,38.680642489000036],[-97.621911051999973,38.755798604000063],[-97.623871448999978,38.796683581000025],[-97.645195642999965,38.840441736000059],[-97.64376879799994,38.878500412000051]]},"properties":{"objectid":219,"length":96.058000000000007,"type":"Multi-Lane Divided","admn_class":"Interstate","toll_rd":"N","rte_num1":"135","rte_num2":" ","route":"Interstate 135","st_length(shape)":1.4363419876319232}},{"type":"Feature","id":220,"geometry":{"type":"LineString","coordinates":[[-77.471248786999979,37.591168242000037],[-77.49854739999995,37.597519782000063],[-77.515394070999946,37.596611741000061],[-77.556647214999941,37.612465573000065],[-77.592117660999975,37.640091796000036],[-77.601433498999938,37.649151655000026],[-77.636918692999984,37.666794178000032],[-77.812742950999962,37.721767997000029],[-77.896835149999959,37.780448242000034],[-78.001024844999961,37.859838542000034],[-78.077984399999934,37.93519217100004],[-78.203285498999946,37.980315020000035],[-78.254846793999945,37.997233323000046],[-78.34191593099996,38.001650801000039],[-78.395369151999944,38.026197378000063],[-78.432196917999988,38.028192538000042],[-78.468758170999934,38.008871931000044],[-78.505448992999959,38.001322663000053],[-78.548312275999933,38.016825182000048],[-78.632680994999987,38.032391960000041],[-78.698044603999961,38.027692168000044],[-78.740961610999989,38.043125688000032],[-78.793117028999973,38.051200608000045],[-78.852047458999948,38.045577502000071],[-78.894726920999972,38.046458680000057],[-78.944166646999975,38.064016403000039],[-79.046999022999955,38.116702214000043]]},"properties":{"objectid":220,"length":98.113,"type":"Multi-Lane Divided","admn_class":"Interstate","toll_rd":"N","rte_num1":" 64","rte_num2":" ","route":"Interstate  64","st_length(shape)":1.7264583396482944}},{"type":"Feature","id":221,"geometry":{"type":"LineString","coordinates":[[-86.812849323999956,37.382715639000025],[-86.797681788999967,37.385554054000067],[-86.77964581699996,37.386969312000076],[-86.757527351999954,37.389193588000069],[-86.730801268999983,37.390403431000038],[-86.710437785999943,37.392203710000047],[-86.682528194999975,37.394283142000063],[-86.648774808999974,37.397583478000058],[-86.608688842999982,37.399815129000046],[-86.585433747999957,37.401524288000076],[-86.565017067999975,37.404660292000074],[-86.546377491999976,37.406937766000055],[-86.524824181999975,37.409581826000078],[-86.50166020599994,37.409013511000069],[-86.476764949999961,37.408395686000063],[-86.454707582999959,37.409204705000036],[-86.42796569799998,37.411245689000054],[-86.411477713999943,37.417635678000067],[-86.392487351999989,37.428481068000053],[-86.377640053999983,37.437171180000064],[-86.363464305999969,37.443614367000066],[-86.339484463999952,37.448879314000067],[-86.307874767999976,37.456211579000069],[-86.288022189999936,37.45932072100004],[-86.206347041999948,37.481183734000069],[-86.188539659999947,37.48977482500004],[-86.177179151999951,37.497179776000053],[-86.169892709999942,37.504229727000052],[-86.158974634999936,37.514373019000061],[-86.14927008799998,37.523620385000072],[-86.136741874999984,37.530990573000054],[-86.116584333999981,37.539963526000065],[-86.096556888999942,37.546208672000034],[-86.05992663699999,37.559694436000029],[-86.033253223999964,37.571177139000042],[-86.024692681999966,37.580462428000033],[-86.008327419999944,37.594958940000026],[-85.989512450999939,37.612110574000042],[-85.972742677999975,37.622505631000024],[-85.960558402999936,37.634392844000047],[-85.943277199999955,37.643414780000057],[-85.926003897999976,37.651979009000058],[-85.910019969999951,37.657869156000061],[-85.897041949999959,37.661561360000064],[-85.878189584999973,37.666444446000071],[-85.868584058999943,37.672509985000033],[-85.852714425999977,37.675672324000061]]},"properties":{"objectid":221,"length":58.253999999999998,"type":"Multi-Lane Divided","admn_class":"Interstate","toll_rd":"N","rte_num1":" ","rte_num2":" ","route":" ","st_length(shape)":1.0308560102371156}},{"type":"Feature","id":222,"geometry":{"type":"LineString","coordinates":[[-87.549968214999978,37.796219907000079],[-87.533815741999945,37.790063248000024],[-87.505417894999937,37.784619748000068],[-87.468268838999961,37.779924170000072],[-87.438810734999947,37.771273034000046],[-87.40869635599995,37.765318630000024],[-87.389576423999983,37.761817093000047],[-87.358569805999934,37.766715453000074],[-87.332842882999955,37.770343399000069],[-87.312982929999976,37.772251126000072],[-87.302660031999949,37.767078353000045],[-87.290025422999975,37.760963830000037],[-87.270851767999943,37.759705004000068],[-87.233474647999969,37.763104361000046],[-87.204901935999942,37.76437530100003],[-87.177519049999944,37.76476875000003],[-87.165853579999975,37.765455047000046],[-87.165441695999959,37.760004173000027],[-87.162748124999951,37.753149103000055],[-87.161290730999951,37.744055008000032],[-87.158506039999963,37.739919844000042],[-87.155797720999942,37.73352248100008],[-87.151860598999974,37.729364669000063],[-87.146794745999955,37.723825835000071],[-87.142834974999971,37.720121516000063],[-87.135998865999966,37.71545648700004],[-87.123204139999984,37.715204722000067],[-87.110950865999939,37.716326604000074],[-87.102169107999941,37.717970451000042],[-87.095684310999957,37.720560788000057],[-87.089733066999941,37.724524246000044],[-87.083751800999949,37.729392057000041],[-87.075923905999957,37.737403246000042],[-87.056918268999937,37.724356754000041],[-87.02779620299998,37.690215712000054],[-87.007265227999937,37.660781310000061],[-86.988084724999965,37.626376915000037],[-86.969552596999961,37.590625208000063],[-86.952226096999937,37.554438970000035],[-86.938820918999966,37.522860876000038],[-86.929314413999975,37.512687035000056],[-86.91295652499997,37.499636856000052],[-86.89326459199998,37.482886572000041],[-86.872413379999955,37.450682226000026],[-86.850753148999956,37.424818359000028],[-86.83235848999999,37.40400928400004],[-86.822233632999939,37.395620447000056],[-86.812849323999956,37.382715639000025]]},"properties":{"objectid":222,"length":58.186,"type":"Multi-Lane Divided","admn_class":"Interstate","toll_rd":"Y","rte_num1":" ","rte_num2":" ","route":" ","st_length(shape)":0.96737654901287495}},{"type":"Feature","id":223,"geometry":{"type":"LineString","coordinates":[[-81.129918594999936,37.266631883000059],[-81.126981158999968,37.276252684000042],[-81.117466752999974,37.307388345000049],[-81.050531454999941,37.361526809000054],[-81.046579584999961,37.375706244000071],[-81.055300771999953,37.388603678000038],[-81.068569006999951,37.422699424000029],[-81.070256043999962,37.469829546000028],[-81.104567211999949,37.496021024000072],[-81.118095112999981,37.51149668100004],[-81.115813951999939,37.52426454600004],[-81.112396159999946,37.549319393000076],[-81.122322449999956,37.57442375100004],[-81.12773224099999,37.60103448600006],[-81.116929513999935,37.653078244000028],[-81.16137291199999,37.71795781000003]]},"properties":{"objectid":223,"length":35.024000000000001,"type":"Multi-Lane Divided","admn_class":"Interstate","toll_rd":"Y","rte_num1":" 77","rte_num2":" ","route":"Interstate  77","st_length(shape)":0.53066385690028239}},{"type":"Feature","id":224,"geometry":{"type":"LineString","coordinates":[[-87.437582457999952,37.209025064000059],[-87.420156937999991,37.212351209000076],[-87.393903308999938,37.220968635000077],[-87.374654334999946,37.226976237000031],[-87.346081621999986,37.235544153000035],[-87.323513876999982,37.236051370000041],[-87.300427327999955,37.234719859000052],[-87.274906345999966,37.237431865000076],[-87.251049225999964,37.242428719000031],[-87.226566380999941,37.248772358000053],[-87.185268465999968,37.256611841000051],[-87.148044090999974,37.263149834000046],[-87.124728951999941,37.268593861000056],[-87.110133945999962,37.272835419000046],[-87.105830762999972,37.274598302000072],[-87.089343304999943,37.283791418000078],[-87.072817923999935,37.293893100000048],[-87.060374509999974,37.303166801000032],[-87.045665208999935,37.31057491200005],[-87.025279077999983,37.314691115000073],[-87.00147515599997,37.317380472000025],[-86.98163100499994,37.322408928000073],[-86.964487271999985,37.333384415000069],[-86.940934587999948,37.345591865000074],[-86.915230838999946,37.352745050000067],[-86.88899248499996,37.35852880200008],[-86.862151578999942,37.364750773000026],[-86.847495475999949,37.369874562000064],[-86.812849323999956,37.382715639000025]]},"properties":{"objectid":224,"length":36.789999999999999,"type":"Multi-Lane Divided","admn_class":"Interstate","toll_rd":"N","rte_num1":" ","rte_num2":" ","route":" ","st_length(shape)":0.65593563370890695}},{"type":"Feature","id":225,"geometry":{"type":"LineString","coordinates":[[-87.549968214999978,37.796219907000079],[-87.549098097999945,37.784870987000033],[-87.539019063999945,37.769749802000035],[-87.528329578999944,37.755525071000079],[-87.521820553999987,37.737737177000042],[-87.51722715599999,37.71363197900007],[-87.512243996999985,37.682271942000057],[-87.510588034999955,37.657304527000065],[-87.511960629999976,37.62785537700006],[-87.509068489999947,37.60559680800003],[-87.498699241999986,37.580942784000058],[-87.489436074999958,37.558123274000025],[-87.478647568999975,37.528014161000044],[-87.475732253999979,37.485800833000042],[-87.472565174999943,37.453108758000042],[-87.471138329999974,37.420431957000062],[-87.472945982999988,37.396429993000027],[-87.477928088999988,37.383818560000066],[-87.485259827999982,37.369891417000076],[-87.482681077999985,37.358054241000048],[-87.479094740999983,37.340769877000071],[-87.47315139799997,37.325251557000058],[-87.471030355999972,37.317961955000044],[-87.467772155999967,37.31019884400007],[-87.462370265999937,37.296053645000029],[-87.455290291999972,37.280062344000044],[-87.449964247999958,37.263189864000026],[-87.444173648999936,37.242689964000078],[-87.43895557899998,37.222196912000072],[-87.437582457999952,37.209025064000059]]},"properties":{"objectid":225,"length":41.987000000000002,"type":"Multi-Lane Divided","admn_class":"Interstate","toll_rd":"Y","rte_num1":" ","rte_num2":" ","route":" ","st_length(shape)":0.61253561673857093}},{"type":"Feature","id":226,"geometry":{"type":"LineString","coordinates":[[-84.121590321999975,37.144774910000024],[-84.12902160799996,37.161902842000075],[-84.147149225999954,37.16724679500004],[-84.193155886999989,37.186987185000078],[-84.228038002999938,37.217122633000031],[-84.292820655999947,37.300736056000062],[-84.305065501999934,37.333038896000062],[-84.312534710999955,37.358783727000059],[-84.343541328999947,37.380077372000073],[-84.359082297999976,37.398444642000072],[-84.358234828999969,37.468784036000045],[-84.331965398999955,37.570719432000033],[-84.34227986999997,37.681912202000035],[-84.325570141999947,37.779704534000075],[-84.330445853999947,37.826666638000063],[-84.361734785999943,37.896982857000069],[-84.378970165999988,37.92630243800005],[-84.379313577999937,37.971708654000054],[-84.431333105999954,38.040143482000076]]},"properties":{"objectid":226,"length":68.972999999999999,"type":"Multi-Lane Divided","admn_class":"Interstate","toll_rd":"N","rte_num1":" 75","rte_num2":" ","route":"Interstate  75","st_length(shape)":1.0385759983773111}},{"type":"Feature","id":227,"geometry":{"type":"LineString","coordinates":[[-84.470978745999957,37.150284248000048],[-84.452042107999944,37.14812949700007],[-84.431403684999964,37.145455414000025],[-84.410735239999951,37.143227977000038],[-84.392325306999965,37.141992853000033],[-84.372015547999979,37.142958303000057],[-84.351560417999963,37.146166466000068],[-84.339139652999961,37.150179961000049],[-84.325497983999981,37.155047772000046],[-84.315396300999964,37.159156600000074],[-84.303128279999953,37.160896308000076],[-84.28806766699995,37.161159661000056],[-84.272609917999944,37.159127105000039],[-84.261875135999958,37.155483884000034],[-84.252589846999967,37.155987941000035],[-84.238665863999984,37.156743236000068],[-84.229342651999957,37.157700787000067],[-84.213915451999981,37.15520631000004],[-84.20088423499999,37.151456695000036],[-84.187761369999976,37.149061239000048],[-84.174760701999958,37.144853916000045],[-84.162729170999967,37.143420224000067],[-84.146973833999937,37.145442246000073],[-84.130227235999939,37.14515993200007],[-84.121590321999975,37.144774910000024]]},"properties":{"objectid":227,"length":19.608000000000001,"type":"Multi-Lane Divided","admn_class":"Interstate","toll_rd":"N","rte_num1":" 80","rte_num2":" ","route":"Kentucky State Hwy  80","st_length(shape)":0.35517342943559588}},{"type":"Feature","id":228,"geometry":{"type":"LineString","coordinates":[[-84.121590321999975,37.144774910000024],[-84.11009286999996,37.143802612000059],[-84.092422431999978,37.140293174000078],[-84.078750213999967,37.137413676000051],[-84.065818543999967,37.132290413000078],[-84.049933636999981,37.127942460000043],[-84.024481653999942,37.119989209000039],[-83.99669425899998,37.112383057000045],[-83.978543464999973,37.107466262000059],[-83.96088040099994,37.103937336000058],[-83.945529572999988,37.10051164500004],[-83.934504575999938,37.100908254000046],[-83.927058015999989,37.100115036000034],[-83.909563496999965,37.102030136000053],[-83.894158944999958,37.107217657000035],[-83.883515282999952,37.110357348000036],[-83.869362182999964,37.11423284600005],[-83.859771931999944,37.118779894000056],[-83.843855948999988,37.123029879000057],[-83.828382925999961,37.129106479000029],[-83.813505078999981,37.134763821000035],[-83.802258865999988,37.138319083000056],[-83.793378086999951,37.141080599000077],[-83.786358684999982,37.142107148000036],[-83.781781087999946,37.14144297200005],[-83.774425647999976,37.139276633000065],[-83.768093068999974,37.138974831000041],[-83.761813687999961,37.13776972900007],[-83.750568001999966,37.133600329000046],[-83.737368238999977,37.13206656300008],[-83.725870259999965,37.131067403000031],[-83.701356338999972,37.133539231000043],[-83.685578352999983,37.135507529000051],[-83.675659437999968,37.136400295000044],[-83.663909694999973,37.138562947000025],[-83.643523563999963,37.147569609000072],[-83.62865309099999,37.152753970000049],[-83.613767870999936,37.157938331000025],[-83.599576320999972,37.161787494000066],[-83.577275088999954,37.165697754000064],[-83.558468020999953,37.16930990000003],[-83.544497687999979,37.17045074300006],[-83.523127143999943,37.16984029200006],[-83.504869429999985,37.173930159000065],[-83.491364703999977,37.176436223000053],[-83.47641785899998,37.182505976000073],[-83.460387580999964,37.187617651000039],[-83.44507467599999,37.190929048000044],[-83.429494730999977,37.19742227200004],[-83.41571559199997,37.20308751500005],[-83.406735265999941,37.206722835000051],[-83.39352075499994,37.212414413000033],[-83.382121797999957,37.217290125000034],[-83.371287467999935,37.222195859000067],[-83.360529510999982,37.226190392000035],[-83.344476584999938,37.231286793000038],[-83.335603179999964,37.23355689300007],[-83.319733019999944,37.236372134000078],[-83.31075322099997,37.240011668000079],[-83.297049926999989,37.244753596000066],[-83.283949710999934,37.249079954000024],[-83.273397695999961,37.257617321000055],[-83.255124179999939,37.268485360000057],[-83.240292156999942,37.272712170000034],[-83.226634686999944,37.276553959000069]]},"properties":{"objectid":228,"length":52.405999999999999,"type":"Multi-Lane Divided","admn_class":"Interstate","toll_rd":"Y","rte_num1":" ","rte_num2":" ","route":" ","st_length(shape)":0.93511433253053533}},{"type":"Feature","id":315,"geometry":{"type":"LineString","coordinates":[[-90.484173753999983,30.490945006000061],[-90.458675946999961,30.487054234000027],[-90.217374310999958,30.481115104000025],[-90.149920208999959,30.465070605000051],[-90.079696688999945,30.429331539000032]]},"properties":{"objectid":315,"length":24.937000000000001,"type":"Multi-Lane Divided","admn_class":"Interstate","toll_rd":"N","rte_num1":" 12","rte_num2":" ","route":"Interstate  12","st_length(shape)":0.41529849080378251}},{"type":"Feature","id":229,"geometry":{"type":"LineString","coordinates":[[-88.108140538999976,37.077583107000066],[-88.097603798999955,37.085624318000043],[-88.088921586999959,37.087337163000029],[-88.075012351999987,37.090346758000067],[-88.057044324999936,37.094664689000069],[-88.022329174999982,37.099233858000048],[-88.024602434999963,37.101076800000044],[-88.020482545999982,37.105105042000048],[-88.013478417999977,37.109098522000068],[-87.992054149999944,37.112463116000072],[-87.959643334999953,37.117043873000057],[-87.930749332999937,37.118481252000038],[-87.912263027999984,37.119152274000044],[-87.890266230999941,37.122035986000071],[-87.874556716999962,37.127715977000037],[-87.835668479999981,37.137164018000078],[-87.794940987999951,37.150651889000073],[-87.765192668999987,37.163380777000043],[-87.751726392999956,37.171345616000053],[-87.722473702999935,37.186787037000045],[-87.698051428999975,37.193226010000046],[-87.681746210999961,37.198429332000046],[-87.642949619999968,37.201465789000054],[-87.615222795999955,37.201034417000074],[-87.579988840999988,37.200480850000076],[-87.540634995999937,37.202571343000045],[-87.496108377999974,37.203654250000056],[-87.469458666999969,37.205931197000041],[-87.437582457999952,37.209025064000059]]},"properties":{"objectid":229,"length":38.896999999999998,"type":"Multi-Lane Divided","admn_class":"Interstate","toll_rd":"N","rte_num1":" ","rte_num2":" ","route":" ","st_length(shape)":0.69829900724495797}},{"type":"Feature","id":230,"geometry":{"type":"LineString","coordinates":[[-86.162343441999951,37.041771356000027],[-86.077768781999964,37.074335442000063],[-86.063318092999964,37.087538365000057],[-85.976705609999954,37.149013835000062],[-85.904778724999971,37.286631940000063],[-85.883398700999976,37.344976146000079],[-85.885638251999978,37.466164204000052],[-85.885277984999959,37.568675289000055],[-85.867447428999981,37.64798078900003],[-85.852714425999977,37.675672324000061]]},"properties":{"objectid":230,"length":50.607999999999997,"type":"Multi-Lane Divided","admn_class":"Interstate","toll_rd":"N","rte_num1":" 65","rte_num2":" ","route":"Interstate  65","st_length(shape)":0.77020489343394072}},{"type":"Feature","id":231,"geometry":{"type":"LineString","coordinates":[[-88.108140538999976,37.077583107000066],[-88.155551922999962,37.071774073000029],[-88.272034920999943,37.039007206000065],[-88.304156574999979,37.013487804000079],[-88.338010561999965,36.986155483000061]]},"properties":{"objectid":231,"length":14.556000000000001,"type":"Multi-Lane Divided","admn_class":"Interstate","toll_rd":"N","rte_num1":" 24","rte_num2":" ","route":"Interstate  24","st_length(shape)":0.25330508346071723}},{"type":"Feature","id":232,"geometry":{"type":"LineString","coordinates":[[-88.338010561999965,36.986155483000061],[-88.370330256999978,36.982383219000042],[-88.51426619199998,36.990448658000048],[-88.551063935999935,36.99618184600007],[-88.650119833999952,37.051779284000077],[-88.661564613999985,37.059565043000077],[-88.67982232899999,37.077829078000036],[-88.688199577999967,37.102819141000055],[-88.686933377999935,37.134935001000031],[-88.685812022999983,37.16310267700004],[-88.711440978999974,37.251675031000048],[-88.77273947599997,37.310542783000074],[-88.798857214999941,37.36373423100008],[-88.859293495999964,37.406225660000075],[-88.886784354999975,37.444898475000059],[-88.905371260999971,37.512536398000066],[-88.98084550599998,37.58903613800004],[-89.003369007999936,37.609074644000032]]},"properties":{"objectid":232,"length":63.350999999999999,"type":"Multi-Lane Divided","admn_class":"Interstate","toll_rd":"N","rte_num1":" 24","rte_num2":" ","route":"Interstate  24","st_length(shape)":1.0194237321339938}},{"type":"Feature","id":233,"geometry":{"type":"LineString","coordinates":[[-81.080773823999948,36.966843830000073],[-81.087877498999944,36.994316256000047],[-81.12617161299994,37.034023520000062],[-81.12801086799999,37.072521468000048],[-81.141324925999982,37.097515218000069],[-81.129040576999955,37.129646352000066],[-81.131619852999961,37.147262540000042],[-81.124325509999949,37.187404862000051],[-81.113010298999939,37.204078774000038],[-81.116108379999957,37.232563000000027],[-81.129918594999936,37.266631883000059]]},"properties":{"objectid":233,"length":22.18,"type":"Multi-Lane Divided","admn_class":"Interstate","toll_rd":"N","rte_num1":" 77","rte_num2":" ","route":"Interstate  77","st_length(shape)":0.32896849371540487}},{"type":"Feature","id":234,"geometry":{"type":"LineString","coordinates":[[-86.162343441999951,37.041771356000027],[-86.148709673999974,37.036858248000044],[-86.129094112999951,37.036766601000068],[-86.100887986999965,37.035519890000046],[-86.076473612999962,37.027124206000053],[-86.070408073999943,37.021051293000028],[-86.060413839999967,37.012598199000024],[-86.048076819999949,37.00499204700003],[-86.02729407999999,36.99304847600007],[-86.005923535999955,36.981547864000049],[-85.981256870999971,36.966762718000041],[-85.959779405999939,36.957970425000042],[-85.944299008999963,36.956158559000073],[-85.930489320999982,36.955746675000057],[-85.920021577999989,36.957707599000059],[-85.910156386999972,36.959229778000065],[-85.894881930999986,36.965119924000078],[-85.879698595999969,36.969213478000029],[-85.868567203999987,36.972959933000027],[-85.849920253999983,36.976934979000077],[-85.826817376999941,36.977595467000071],[-85.799663607999946,36.978583566000054],[-85.766268380999975,36.977558071000033],[-85.74386022799996,36.975956360000055],[-85.711137076999989,36.973565118000067],[-85.691414594999969,36.97612543200006],[-85.667533773999935,36.981267657000046],[-85.655303674999971,36.983598855000025],[-85.618475908999983,36.99331182800006],[-85.604902711999955,36.999224623000032],[-85.590101237999988,37.006465242000047],[-85.575986587999978,37.011455248000061],[-85.561155090999989,37.019141986000079],[-85.548260816999971,37.022796795000033],[-85.534253087999957,37.025971248000076],[-85.521565281999983,37.026009171000055],[-85.503849546999959,37.023152321000055],[-85.483173201999989,37.021554824000077],[-85.469897592999985,37.021570098000041],[-85.44825263599995,37.026750772000071],[-85.430491077999989,37.034773548000032],[-85.417482507999978,37.040240750000066],[-85.391770858999962,37.04573060000007],[-85.372025728999972,37.047775797000043],[-85.35113606699997,37.049782544000038],[-85.338104849999979,37.055687965000061],[-85.316528363999964,37.059488144000056],[-85.29846921699999,37.062494578000042],[-85.284690077999983,37.061106183000049],[-85.266493460999982,37.056383743000026],[-85.248320019999937,37.051207809000061],[-85.223691276999944,37.048072332000061],[-85.193409404999954,37.042904299000043],[-85.16604969499997,37.037381266000068],[-85.137377434999962,37.034528103000071],[-85.098786785999948,37.03357950700007],[-85.078637145999949,37.032847387000061],[-85.074578353999982,37.033152876000031],[-85.060508999999968,37.036719724000079],[-85.04753888099998,37.04123306300005],[-85.03171507199994,37.045192834000034],[-85.003538967999987,37.05277370400006],[-84.974225707999949,37.059850517000029],[-84.953778478999936,37.063627521000058],[-84.922855079999977,37.068819783000038],[-84.900218336999956,37.070677999000054],[-84.873491199999989,37.07329941200004],[-84.845246097999961,37.072659465000072],[-84.818183975999943,37.07161448200003],[-84.799163064999959,37.071329007000031],[-84.777464383999984,37.076829918000044],[-84.759351512999956,37.080210313000066],[-84.744656960999976,37.084166397000047],[-84.727101343999948,37.087565754000025],[-84.702580048999948,37.091582935000076],[-84.681553443999974,37.095291468000028],[-84.660548960999961,37.098534393000079],[-84.634959506999962,37.101140004000058],[-84.610468760999936,37.104692105000026],[-84.602763061999951,37.107549482000024],[-84.595210106999957,37.108156246000078],[-84.581148653999946,37.111219565000056],[-84.575266407999948,37.112791254000058],[-84.56790412099997,37.11930291200008],[-84.559282479999979,37.127123433000065],[-84.554209253999943,37.133726739000053],[-84.54875416699997,37.137591176000058],[-84.537371010999948,37.143485009000074],[-84.523706166999943,37.148830015000044],[-84.50100095199997,37.151069566000047],[-84.48645914299999,37.152286782000033],[-84.470978745999957,37.150284248000048]]},"properties":{"objectid":234,"length":98.123999999999995,"type":"Multi-Lane Divided","admn_class":"Interstate","toll_rd":"Y","rte_num1":" ","rte_num2":" ","route":" ","st_length(shape)":1.7558903025253265}},{"type":"Feature","id":235,"geometry":{"type":"LineString","coordinates":[[-80.92392728599998,36.940096679000078],[-80.863781220999954,36.960409598000069],[-80.80249115099997,36.995199014000036],[-80.734791602999962,37.028365124000061],[-80.709239018999938,37.064422320000062],[-80.675614148999955,37.088436924000064],[-80.439722303999986,37.108912595000049],[-80.330686391999961,37.125581240000031],[-80.312954855999976,37.145944196000073],[-80.312855835999983,37.173169597000026],[-80.267657141999962,37.199632854000072],[-80.239816548999954,37.243357300000071],[-80.046921242999986,37.338684124000054],[-80.014884915999971,37.350235299000076],[-79.960990315999936,37.365860541000075],[-79.917319593999935,37.39529863000007],[-79.862968340999942,37.451263182000048],[-79.671927037999978,37.564075571000046],[-79.598669168999947,37.62248614300006],[-79.552380720999963,37.65093244600007],[-79.507153057999972,37.677078100000074],[-79.461917494999966,37.702758674000052],[-79.422694799999988,37.761855016000027],[-79.399661446999971,37.794405407000056]]},"properties":{"objectid":235,"length":107.387,"type":"Multi-Lane Divided","admn_class":"Interstate","toll_rd":"N","rte_num1":" 81","rte_num2":" ","route":"Interstate  81","st_length(shape)":1.8213416716284812}},{"type":"Feature","id":236,"geometry":{"type":"LineString","coordinates":[[-80.92392728599998,36.940096679000078],[-80.946862144999955,36.937628011000072],[-81.045653636999987,36.943383847000064],[-81.080773823999948,36.966843830000073]]},"properties":{"objectid":236,"length":9.2249999999999996,"type":"Multi-Lane Divided","admn_class":"Interstate","toll_rd":"N","rte_num1":" 81","rte_num2":" 77","route":"Interstate  81","st_length(shape)":0.1642613993206227}},{"type":"Feature","id":237,"geometry":{"type":"LineString","coordinates":[[-86.440977953999948,36.914870652000047],[-86.430380641999989,36.934558898000034],[-86.399762732999989,36.978233834000036],[-86.381413370999951,36.990009913000051],[-86.34796494699998,37.003659482000046],[-86.203300051999975,37.028830732000074],[-86.162343441999951,37.041771356000027]]},"properties":{"objectid":237,"length":18.855,"type":"Multi-Lane Divided","admn_class":"Interstate","toll_rd":"N","rte_num1":" 65","rte_num2":" ","route":"Interstate  65","st_length(shape)":0.32341739164522615}},{"type":"Feature","id":238,"geometry":{"type":"LineString","coordinates":[[-86.812849323999956,37.382715639000025],[-86.805731426999955,37.37121766100006],[-86.793874762999963,37.362337409000077],[-86.78374305799997,37.353956473000039],[-86.772405198999991,37.346895461000031],[-86.759854862999987,37.341623667000079],[-86.748548078999988,37.334116535000078],[-86.738469044999988,37.324820185000078],[-86.726193122999973,37.312742305000029],[-86.71615253899995,37.302988248000077],[-86.710231843999964,37.291513445000078],[-86.708317269999952,37.281034115000068],[-86.709133662999989,37.274705750000066],[-86.711719786999936,37.267507268000031],[-86.713749181999958,37.25938547100003],[-86.717801126999973,37.243611699000041],[-86.720631640999954,37.229615030000048],[-86.720380402999979,37.220997604000047],[-86.715428845999952,37.214527555000075],[-86.707021047999945,37.207531328000073],[-86.701489587999959,37.201053905000038],[-86.681943025999942,37.182464893000031],[-86.657605550999961,37.153319651000061],[-86.637876220999942,37.12609003700004],[-86.621518858999934,37.100756036000064],[-86.597021265999956,37.07704323400003],[-86.582212944999981,37.057180121000044],[-86.56613052299997,37.040913879000072],[-86.545920311999964,37.027267997000024],[-86.527838515999974,37.018203924000034],[-86.509047248999934,37.012294817000054],[-86.504256336999958,37.002651368000045],[-86.502410234999957,36.991256624000073],[-86.501639664999971,36.981712196000046],[-86.499511247999976,36.963065773000039],[-86.487334873999941,36.950515437000035],[-86.479110368999955,36.940330009000036],[-86.470313862999944,36.929675813000074],[-86.457976842999983,36.921649350000052],[-86.440977953999948,36.914870652000047]]},"properties":{"objectid":238,"length":40.749000000000002,"type":"Multi-Lane Divided","admn_class":"Interstate","toll_rd":"Y","rte_num1":" ","rte_num2":" ","route":" ","st_length(shape)":0.64256320687424895}},{"type":"Feature","id":239,"geometry":{"type":"LineString","coordinates":[[-89.540919236999969,36.872038972000041],[-89.460946400999944,36.900152924000054],[-89.321096645999944,36.90682522700007],[-89.300329179999949,36.92447565100008],[-89.211080008999943,37.029465938000044],[-89.201436033999983,37.040795897000066],[-89.195058158999984,37.048936655000034],[-89.188482768999961,37.105592245000025],[-89.160467836999942,37.175790482000025],[-89.15825883499997,37.406075549000036],[-89.146479068999952,37.446839384000043],[-89.116090276999955,37.494343467000078],[-89.019818542999985,37.580583044000036],[-89.003369007999936,37.609074644000032]]},"properties":{"objectid":239,"length":66.445999999999998,"type":"Multi-Lane Divided","admn_class":"Interstate","toll_rd":"N","rte_num1":" 57","rte_num2":" ","route":"Interstate  57","st_length(shape)":1.0389395713694545}},{"type":"Feature","id":240,"geometry":{"type":"LineString","coordinates":[[-89.540919236999969,36.872038972000041],[-89.542651043999967,36.885641664000048],[-89.54458352599994,37.206178222000062],[-89.572928701999956,37.240163885000072],[-89.568916786999978,37.274621477000039],[-89.611834319999957,37.353467164000051],[-89.650761006999971,37.422783696000067],[-89.688040158999968,37.497524768000062],[-89.770189868999978,37.59618985000003],[-89.85642207099994,37.650818151000067],[-89.895067496999957,37.70237417900006],[-89.933285237999939,37.771595378000029],[-89.963787798999988,37.808651207000025],[-90.036452071999975,37.868186822000041],[-90.220089476999988,37.986450611000066],[-90.349783299999956,38.143806999000049],[-90.387640774999966,38.177532997000071],[-90.405982235999943,38.192811139000071],[-90.415648331999989,38.311040166000055],[-90.414206212999943,38.336430525000026],[-90.393529340999976,38.372845354000049],[-90.39647414999996,38.42177259500005],[-90.365474378999977,38.483184861000041],[-90.339831201999971,38.502395386000046],[-90.327600576999941,38.513358758000038],[-90.296303216999945,38.555716403000076],[-90.250655242999983,38.580477349000034],[-90.232099412999958,38.609140655000033]]},"properties":{"objectid":240,"length":140.56299999999999,"type":"Multi-Lane Divided","admn_class":"Interstate","toll_rd":"N","rte_num1":" 55","rte_num2":" ","route":"Interstate  55","st_length(shape)":2.1697541697868186}},{"type":"Feature","id":241,"geometry":{"type":"LineString","coordinates":[[-87.437582457999952,37.209025064000059],[-87.439032477999945,37.198618420000059],[-87.438643242999945,37.191805486000078],[-87.442458169999952,37.179175091000047],[-87.445639996999944,37.168352349000031],[-87.453033359999949,37.151697399000057],[-87.460136507999948,37.145471741000051],[-87.463096592999989,37.14279397100006],[-87.467430323999963,37.131983344000048],[-87.471863602999974,37.117548457000055],[-87.474175312999989,37.096277460000067],[-87.473489015999974,37.079031020000059],[-87.471750361999966,37.058145572000058],[-87.46701264699999,37.04128836700005],[-87.464190032999966,37.01811385700006],[-87.457155882999984,37.001215042000069],[-87.455287131999967,36.985311701000057],[-87.455096991999937,36.971246561000044],[-87.458957741999939,36.956350806000046],[-87.460522583999989,36.941405015000043],[-87.460255543999949,36.930067682000072],[-87.46156861999998,36.902876517000038],[-87.464010952999956,36.876612881000028],[-87.463118713999961,36.867076354000062],[-87.465567893999946,36.861674463000043],[-87.467437171999961,36.85626151200006],[-87.468749720999938,36.850394541000071],[-87.474601944999961,36.846858768000061],[-87.478134557999965,36.843749626000033],[-87.481659269999966,36.841087131000052],[-87.488663397999971,36.837119986000062],[-87.486031450999974,36.828006403000074],[-87.483414778999986,36.818439327000078],[-87.478662315999941,36.80294049500003],[-87.478517471999965,36.787067702000058],[-87.479456587999948,36.773476070000072],[-87.483157219999953,36.764015915000073],[-87.481181547999938,36.752190326000061],[-87.474192694999942,36.734379784000055],[-87.467242290999991,36.715214556000035]]},"properties":{"objectid":241,"length":35.685000000000002,"type":"Multi-Lane Divided","admn_class":"Interstate","toll_rd":"Y","rte_num1":" ","rte_num2":" ","route":" ","st_length(shape)":0.52245995853664773}},{"type":"Feature","id":242,"geometry":{"type":"LineString","coordinates":[[-87.467242290999991,36.715214556000035],[-87.734311932999958,36.882238621000056],[-87.972912096999949,37.032873195000036],[-88.034612996999954,37.06175139700008],[-88.108140538999976,37.077583107000066]]},"properties":{"objectid":242,"length":43.585999999999999,"type":"Multi-Lane Divided","admn_class":"Interstate","toll_rd":"N","rte_num1":" 24","rte_num2":" ","route":"Interstate  24","st_length(shape)":0.7405059744269451}},{"type":"Feature","id":243,"geometry":{"type":"LineString","coordinates":[[-88.93756138599997,36.50043516900007],[-88.935089557999959,36.503433702000052],[-88.935035833999962,36.510681695000073],[-88.931518494999978,36.521552894000024],[-88.925743170999965,36.528778238000029],[-88.91768615899997,36.533279462000053],[-88.90737063499995,36.535041291000027],[-88.892454864999991,36.537684825000042],[-88.875234759999955,36.542129165000063],[-88.863156878999973,36.54886941400008],[-88.847569560999943,36.562395734000063],[-88.832546343999979,36.576822721000042],[-88.822696426999983,36.589010683000026],[-88.807620011999973,36.607969443000059],[-88.796602915999983,36.621507351000048],[-88.786745098999972,36.633241293000026],[-88.778024437999989,36.645886962000077],[-88.766426911999986,36.658963476000054],[-88.757118974999969,36.672062639000046],[-88.753563186999941,36.682923303000052],[-88.744239448999963,36.697372938000058],[-88.73377170599997,36.710464727000044],[-88.724509065999939,36.718113015000029],[-88.713567814999976,36.721664590000046],[-88.700345930999958,36.723396397000045],[-88.697385319999967,36.731083135000063],[-88.695043060999978,36.735595420000038],[-88.691548370999953,36.740112445000079],[-88.684002789999965,36.747771795000062],[-88.67301624299995,36.754497295000078],[-88.662029168999936,36.761222269000029],[-88.65220979999998,36.766143278000072],[-88.63145708199994,36.772342073000061],[-88.596276850999971,36.783419740000056],[-88.569702457999938,36.795001465000041],[-88.547790461999966,36.800727279000057],[-88.511488347999943,36.807692957000029],[-88.466511396999977,36.818198622000068],[-88.434725780999941,36.830161155000042],[-88.407503013999985,36.843981903000042],[-88.391632854999955,36.866957845000059],[-88.38360639199999,36.903609164000045],[-88.375198067999975,36.927108124000029],[-88.338010561999965,36.986155483000061]]},"properties":{"objectid":243,"length":50.811,"type":"Multi-Lane Divided","admn_class":"Interstate","toll_rd":"Y","rte_num1":" ","rte_num2":" ","route":" ","st_length(shape)":0.82809047506534184}},{"type":"Feature","id":244,"geometry":{"type":"LineString","coordinates":[[-97.317522227999973,36.394944511000062],[-97.318835830999944,36.471146137000062],[-97.351047023999968,36.564401428000053],[-97.347055650999948,36.693198798000026],[-97.34358360899995,36.807431185000041],[-97.339776582999946,36.869586631000061],[-97.349481655999966,36.949529445000053],[-97.345369139999946,36.995411803000025],[-97.345239570999979,36.99779619800006],[-97.342241036999951,37.051685531000032],[-97.335649319999959,37.273357384000064],[-97.331453584999963,37.317229308000037],[-97.31597318699994,37.345282162000046],[-97.321054840999977,37.533301230000063],[-97.311243372999968,37.604199459000029]]},"properties":{"objectid":244,"length":84.694999999999993,"type":"Multi-Lane Divided","admn_class":"Interstate","toll_rd":"N","rte_num1":" 35","rte_num2":" ","route":"Interstate  35","st_length(shape)":1.2207917192745443}},{"type":"Feature","id":245,"geometry":{"type":"LineString","coordinates":[[-86.791701049999972,36.22937151900004],[-86.75983221499996,36.242710860000045],[-86.69836885899997,36.317060062000053],[-86.695339776999958,36.336499177000064],[-86.705158617999984,36.363048814000024],[-86.716358480999986,36.387801333000027],[-86.707164838999972,36.427926801000069],[-86.658152797999946,36.542608467000036],[-86.618212729999982,36.58919977000005],[-86.592982488999951,36.621193434000077],[-86.587092342999938,36.63723372000004],[-86.59405064799995,36.650550938000038],[-86.590716602999976,36.654220494000072],[-86.573069339999961,36.673632747000056],[-86.503702769999961,36.727285063000068],[-86.46814752399996,36.854319550000071],[-86.440977953999948,36.914870652000047]]},"properties":{"objectid":245,"length":54.125,"type":"Multi-Lane Divided","admn_class":"Interstate","toll_rd":"N","rte_num1":" 65","rte_num2":" ","route":"Interstate  65","st_length(shape)":0.82343992408073508}},{"type":"Feature","id":246,"geometry":{"type":"LineString","coordinates":[[-86.791701049999972,36.22937151900004],[-86.830237447999934,36.286963591000074],[-86.875220719999959,36.32152757700004],[-86.960426899999959,36.359265490000041],[-87.030656739999984,36.402549610000051],[-87.154987647999974,36.49890298300005],[-87.192479062999951,36.519303862000072],[-87.287214922999965,36.608837980000033],[-87.365212086999975,36.64858685400003],[-87.467242290999991,36.715214556000035]]},"properties":{"objectid":246,"length":50.924999999999997,"type":"Multi-Lane Divided","admn_class":"Interstate","toll_rd":"N","rte_num1":" 24","rte_num2":" ","route":"Interstate  24","st_length(shape)":0.84143999894641763}},{"type":"Feature","id":247,"geometry":{"type":"LineString","coordinates":[[-89.540919236999969,36.872038972000041],[-89.537934396999958,36.663467860000026],[-89.549966454999947,36.637162614000033],[-89.583147312999984,36.568217409000056],[-89.607721804999983,36.521942656000078],[-89.691044486999942,36.417532798000025],[-89.704114153999967,36.387126624000075],[-89.707875883999975,36.300042739000048],[-89.732183862999989,36.221984477000035],[-89.750372578999986,36.201991794000037]]},"properties":{"objectid":247,"length":49.310000000000002,"type":"Multi-Lane Divided","admn_class":"Interstate","toll_rd":"N","rte_num1":" 55","rte_num2":" ","route":"Interstate  55","st_length(shape)":0.72905514874121324}},{"type":"Feature","id":248,"geometry":{"type":"LineString","coordinates":[[-86.786116392999986,36.194307690000073],[-86.789275044999954,36.201639429000068],[-86.791701049999972,36.22937151900004]]},"properties":{"objectid":248,"length":2.4740000000000002,"type":"Multi-Lane Divided","admn_class":"Interstate","toll_rd":"N","rte_num1":" 24","rte_num2":" 65","route":"Interstate  24","st_length(shape)":0.035821201104630988}},{"type":"Feature","id":249,"geometry":{"type":"LineString","coordinates":[[-86.786116392999986,36.194307690000073],[-86.822417452999957,36.183779903000072],[-86.834884568999939,36.153656043000069]]},"properties":{"objectid":249,"length":4.3470000000000004,"type":"Multi-Lane Divided","admn_class":"Interstate","toll_rd":"N","rte_num1":"265","rte_num2":" ","route":"Interstate 265","st_length(shape)":0.070398619788224037}},{"type":"Feature","id":250,"geometry":{"type":"LineString","coordinates":[[-86.734960660999946,36.142764830000033],[-86.765516418999937,36.167407267000044],[-86.788863160999938,36.181208527000024],[-86.786116392999986,36.194307690000073]]},"properties":{"objectid":250,"length":4.9450000000000003,"type":"Multi-Lane Divided","admn_class":"Interstate","toll_rd":"N","rte_num1":" 24","rte_num2":" 65","route":"Interstate  24","st_length(shape)":0.079759336564330874}},{"type":"Feature","id":271,"geometry":{"type":"LineString","coordinates":[[-89.876849284999935,35.15276521100003],[-89.833726336999973,35.193753423000032],[-89.810700357999963,35.205162914000027],[-89.625224223999965,35.288168520000056],[-89.535690105999947,35.351784520000024],[-89.413853146999941,35.392607873000031],[-89.321222001999956,35.437428920000059],[-89.282730372999936,35.473217496000075],[-89.267295798999953,35.527633007000077],[-89.257087722999984,35.537138986000059],[-89.158681778999949,35.552320214000076],[-89.07878478899994,35.580623781000043],[-88.995927713999947,35.628419659000031],[-88.868872158999977,35.661826473000076],[-88.855802491999953,35.668105328000024],[-88.830891961999953,35.667967331000057],[-88.779377016999945,35.668123236000042],[-88.744754039999975,35.676072274000035],[-88.64746207799999,35.72035924100004],[-88.574134156999946,35.740686908000043],[-88.482701265999935,35.754453932000047],[-88.39266414399998,35.785836092000068],[-88.311232860999951,35.809128056000077],[-88.218127679999952,35.813155772000073],[-88.101911721999954,35.83903807400003],[-88.031466985999941,35.872701920000054],[-87.99837724799994,35.880918524000037],[-87.909658995999962,35.88747653300004],[-87.81090015999996,35.884718703000033],[-87.699018986999988,35.885836899000026],[-87.639363283999955,35.910335019000058],[-87.501549244999978,35.98746311900004],[-87.446944645999963,36.009705887000052],[-87.388562515999979,36.022759226000062],[-87.304179049999959,36.029412041000057],[-87.246880879999935,36.023804736000045],[-87.175384313999984,36.036041682000075],[-87.12813410199999,36.073222340000029],[-87.09808081999995,36.087134209000055],[-87.06840939999995,36.088793331000034],[-87.035732072999963,36.077677741000059],[-86.99370888499999,36.074069282000039],[-86.93931760199996,36.082434417000059],[-86.924249614999951,36.090277060000062],[-86.910996654999963,36.11131841200006],[-86.885506221999947,36.140259292000053],[-86.864029283999969,36.151584511000067],[-86.834884568999939,36.153656043000069]]},"properties":{"objectid":271,"length":191.74799999999999,"type":"Multi-Lane Divided","admn_class":"Interstate","toll_rd":"N","rte_num1":" 40","rte_num2":" ","route":"Interstate  40","st_length(shape)":3.3146370862227137}},{"type":"Feature","id":251,"geometry":{"type":"LineString","coordinates":[[-97.317522227999973,36.394944511000062],[-97.300355845999945,36.395455942000069],[-97.282640110999978,36.395063547000063],[-97.134039672999961,36.393369136000047],[-97.104879156999971,36.393144759000052],[-97.086591419999991,36.392714441000066],[-97.072407771999963,36.389655336000033],[-97.06216124599996,36.388496057000054],[-97.046917338999947,36.383575576000055],[-97.030055919999938,36.376350758000058],[-97.017314389999967,36.366040501000043],[-97.011355772999991,36.357724350000069],[-97.001155069999982,36.341131024000049],[-96.994860413999959,36.326906819000044],[-96.985094769999989,36.31397146200004],[-96.96803478299995,36.297672564000038],[-96.942742917999965,36.273412515000075],[-96.919617391999964,36.252413826000065],[-96.896362296999939,36.235008847000074],[-96.882529433999991,36.224649079000073],[-96.868552253999951,36.217920418000062],[-96.850469931999953,36.213813170000037],[-96.776959243999954,36.211832231000074],[-96.670846020999988,36.210809896000058],[-96.572156182999947,36.21113013300004],[-96.465378257999987,36.212168269000074],[-96.366580971999952,36.214580053000077],[-96.311898420999967,36.211622602000034],[-96.300530012999957,36.210822010000072],[-96.289199526999937,36.209109691000037],[-96.279715669999973,36.204719602000068],[-96.264707726999973,36.196541447000072],[-96.253789651999966,36.18666203500004],[-96.243504149999978,36.175443210000026],[-96.235348116999944,36.167474685000059],[-96.227008263999949,36.16312673200008],[-96.217967366999972,36.161474984000051],[-96.174485204999939,36.16418172300007],[-96.161934342999984,36.164228073000061],[-96.154060624999943,36.162157068000056],[-96.130019157999982,36.152758537000068],[-96.117582590999973,36.150539001000027],[-96.104131062999954,36.146015655000042],[-96.10144539199996,36.142750082000077],[-96.096989464999979,36.140789684000026],[-96.088993550999987,36.140984565000053],[-96.082714695999982,36.141228957000067],[-96.076969393999946,36.141946329000064],[-96.065402416999973,36.145197155000062],[-96.040018378999946,36.150718081000036],[-96.023370801999988,36.152885473000026],[-96.00859197699998,36.151940037000031],[-95.997254116999954,36.150654876000033],[-95.991913323999938,36.154557236000073],[-95.983138939999947,36.158807222000064],[-95.975592831999961,36.161279050000076],[-95.961256438999953,36.162606874000062],[-95.948095124999952,36.163519128000075],[-95.933262574999958,36.16347014400003],[-95.913920900999983,36.141474928000036],[-95.894266362999986,36.12536248400005]]},"properties":{"objectid":251,"length":87.884,"type":"Multi-Lane Divided","admn_class":"Interstate","toll_rd":"Y","rte_num1":"412","rte_num2":" ","route":"U.S. Hwy 412","st_length(shape)":1.5358222145862415}},{"type":"Feature","id":252,"geometry":{"type":"LineString","coordinates":[[-86.786894862999986,36.124893716000031],[-86.81368204499995,36.124592441000061],[-86.82830759899997,36.129914272000065],[-86.834884568999939,36.153656043000069]]},"properties":{"objectid":252,"length":4.0679999999999996,"type":"Multi-Lane Divided","admn_class":"Interstate","toll_rd":"N","rte_num1":" 40","rte_num2":" ","route":"Interstate  40","st_length(shape)":0.066988488102043636}},{"type":"Feature","id":253,"geometry":{"type":"LineString","coordinates":[[-89.320742172999985,36.090753728000038],[-89.310480371999972,36.098455214000069],[-89.280855301999964,36.118882428000063],[-89.258645189999982,36.136102007000034],[-89.243256439999982,36.151047798000036],[-89.22729568699998,36.167805456000053],[-89.216446609999991,36.186829000000046],[-89.210159854999972,36.199054885000066],[-89.203857824999943,36.214916091000077],[-89.199264427999935,36.229415763000077],[-89.195800812999948,36.243914908000079],[-89.194579909999959,36.25977242600004],[-89.192810179999981,36.268828072000076],[-89.189864843999942,36.280142230000024],[-89.183989971999949,36.294615040000053],[-89.176406467999982,36.307268083000054],[-89.169455536999976,36.318578554000055],[-89.156432220999989,36.340802360000055],[-89.149710406999986,36.352150754000036],[-89.135565206999956,36.367103919000044],[-89.107389103999935,36.387401564000072],[-89.070713555999987,36.410338529000057],[-89.058682024999939,36.416182325000079],[-89.045162024999968,36.422961023000028],[-89.033137867999983,36.428427171000067],[-89.01270591399998,36.440351781000061],[-88.993685529999937,36.45008634900006],[-88.972024771999941,36.465573594000034],[-88.959671950999962,36.47984414900003],[-88.953530038999986,36.487092142000051],[-88.944771455999955,36.49396986000005],[-88.93756138599997,36.50043516900007]]},"properties":{"objectid":253,"length":36.875,"type":"Multi-Lane Divided","admn_class":"US Highway","toll_rd":"N","rte_num1":" 51","rte_num2":" ","route":"U.S. Hwy  51","st_length(shape)":0.58488440141985676}},{"type":"Feature","id":254,"geometry":{"type":"LineString","coordinates":[[-89.750372578999986,36.201991794000037],[-89.624803912999937,36.120992410000042],[-89.623278047999975,36.117429775000062],[-89.621019534999959,36.112173255000073],[-89.617257805999941,36.100076940000065],[-89.611978110999985,36.096517992000031],[-89.600198344999967,36.092646180000031],[-89.584053772999937,36.090406629000029],[-89.560241949999977,36.085596756000029],[-89.534850536999954,36.085733699000059],[-89.497953772999949,36.086855055000058],[-89.484449573999939,36.08486410900008],[-89.472028807999948,36.08519593300008],[-89.456181823999941,36.085527757000079],[-89.439152912999987,36.087255878000065],[-89.42891376099999,36.089044569000066],[-89.410114592999946,36.086797644000058],[-89.387348279999969,36.085436111000035],[-89.368564386999935,36.086336250000045],[-89.350352494999981,36.08856000000003],[-89.334979018999945,36.090322356000058],[-89.320742172999985,36.090753728000038]]},"properties":{"objectid":254,"length":27.184000000000001,"type":"Multi-Lane Divided","admn_class":"Interstate","toll_rd":"N","rte_num1":"155","rte_num2":" ","route":"Interstate 155","st_length(shape)":0.47140240204677208}},{"type":"Feature","id":255,"geometry":{"type":"LineString","coordinates":[[-81.080773823999948,36.966843830000073],[-81.11104147399999,36.96095368400006],[-81.178588803999958,36.938523410000073],[-81.353953774999979,36.89719705300007],[-81.397847819999981,36.878966200000036],[-81.494915404999972,36.831312006000076],[-81.512906079999937,36.823453562000054],[-81.604033482999967,36.806313516000046],[-81.675278810999941,36.794330969000043],[-81.762332672999946,36.777660217000061],[-81.880263584999966,36.748014079000029],[-81.920432768999945,36.727925536000043],[-81.934181359999968,36.717431459000068],[-81.954673884999977,36.70441551600004],[-81.993279281999946,36.696621330000028],[-82.13896809299996,36.627522326000076],[-82.196343687999956,36.626658003000045],[-82.232111722999946,36.611626885000078],[-82.250079749999941,36.597195685000031],[-82.255458464999947,36.592979935000074],[-82.262760180999976,36.587257808000061],[-82.314268805999973,36.560341057000073],[-82.440792914999975,36.516020907000041],[-82.503028947999951,36.481933063000042],[-82.521202915999936,36.471621752000033],[-82.624096915999985,36.406645271000059],[-82.665335312999957,36.376723139000035],[-82.734925205999957,36.342935517000058],[-83.054548455999964,36.231947109000032],[-83.134353799999985,36.202118730000052],[-83.22932667799995,36.151698279000072],[-83.276462593999952,36.14735612000004],[-83.339200576999986,36.127880663000042],[-83.359586181999987,36.101654422000024],[-83.370808165999961,36.068150167000056]]},"properties":{"objectid":255,"length":143.89599999999999,"type":"Multi-Lane Divided","admn_class":"Interstate","toll_rd":"N","rte_num1":" 81","rte_num2":" ","route":"Interstate  81","st_length(shape)":2.5018161249190514}},{"type":"Feature","id":256,"geometry":{"type":"LineString","coordinates":[[-78.975218561999952,36.032323142000052],[-79.03031141699995,36.039135549000036],[-79.096322872999963,36.038291767000032],[-79.161487387999955,36.061903442000073],[-79.303718377999985,36.066445222000027],[-79.398316767999972,36.05108228000006],[-79.471087961999956,36.060499772000071],[-79.583265670999936,36.047788791000073],[-79.738596876999964,36.049135050000075],[-79.77389930399994,36.040586622000035],[-79.804066879999937,36.034292493000066],[-79.82113476699999,36.034773375000043]]},"properties":{"objectid":256,"length":47.697000000000003,"type":"Multi-Lane Divided","admn_class":"Interstate","toll_rd":"N","rte_num1":" 85","rte_num2":" 40","route":"Interstate  85","st_length(shape)":0.85480604387039227}},{"type":"Feature","id":257,"geometry":{"type":"LineString","coordinates":[[-77.39972851899995,37.21896504800003],[-77.426333460999956,37.202665097000079],[-77.46677073799998,37.203134391000049],[-77.495092212999964,37.194978359000061],[-77.508375194999985,37.17276561400007],[-77.522802708999961,37.136949122000033],[-77.574126985999953,37.073006564000025],[-77.67489256999994,36.995826847000046],[-77.703594851999981,36.963588791000063],[-77.738080885999977,36.928168909000078],[-77.788115261999963,36.904487182000025],[-77.858032238999954,36.85033291700006],[-77.905671685999948,36.842467099000032],[-77.919473472999982,36.842874769000048],[-77.950502739999934,36.835962288000076],[-78.006640577999974,36.796742226000049],[-78.090150766999955,36.756906972000024],[-78.117943954999987,36.715051804000041],[-78.14691169699995,36.630397084000037],[-78.172355252999978,36.592757665000079],[-78.180487583999934,36.549369784000078],[-78.193243860999985,36.521144697000068],[-78.234389557999975,36.475944423000044],[-78.367623366999965,36.375324736000039],[-78.413972911999963,36.345555349000051],[-78.435976555999957,36.331326404000038],[-78.458491102999972,36.319825265000077],[-78.494998631999977,36.321651880000047],[-78.534855480999965,36.328041342000063],[-78.56368785899997,36.313423162000049],[-78.606657008999946,36.274921526000071],[-78.672874407999984,36.209446255000046],[-78.773515688999964,36.086677555000051],[-78.87594250099994,36.013281689000053],[-78.893009861999985,36.012987788000032],[-78.940038330999982,36.025663479000059],[-78.975218561999952,36.032323142000052]]},"properties":{"objectid":257,"length":129.12100000000001,"type":"Multi-Lane Divided","admn_class":"Interstate","toll_rd":"N","rte_num1":" 85","rte_num2":" ","route":"Interstate  85","st_length(shape)":2.107128874688962}},{"type":"Feature","id":258,"geometry":{"type":"LineString","coordinates":[[-83.935827659999973,35.975908783000079],[-83.969063294999955,36.004270287000054],[-83.97361086899997,36.012208264000037],[-83.982798190999972,36.058533054000065],[-83.999080760999959,36.085639946000072],[-84.142119716999957,36.231172852000043],[-84.177483768999934,36.248201763000054],[-84.215167430999941,36.257605561000048],[-84.229145137999978,36.270945427000072],[-84.23403664999995,36.33385775000005],[-84.273612764999939,36.383739381000055],[-84.290017002999946,36.421245544000044],[-84.283471108999947,36.433673683000052],[-84.141149525999936,36.543400105000046],[-84.114026832999969,36.57696651200007],[-84.114751578999972,36.59085994600008],[-84.114660458999936,36.593617775000041],[-84.113638650999974,36.622156252000025],[-84.127860222999971,36.632330093000064],[-84.155807735999986,36.642667739000046],[-84.186083813999971,36.726660917000061],[-84.176646306999942,36.786647918000028],[-84.171557279999945,36.84138577300007],[-84.133431711999947,36.915976206000039],[-84.123154636999971,36.962745009000059],[-84.114883781999936,37.101341206000029],[-84.121986930999981,37.131168004000074],[-84.121590321999975,37.144774910000024]]},"properties":{"objectid":258,"length":94.753,"type":"Multi-Lane Divided","admn_class":"Interstate","toll_rd":"N","rte_num1":" 75","rte_num2":" ","route":"Interstate  75","st_length(shape)":1.4500475159300608}},{"type":"Feature","id":259,"geometry":{"type":"LineString","coordinates":[[-79.82113476699999,36.034773375000043],[-79.854690112999947,36.037993125000071],[-79.905313345999957,36.044394175000036],[-80.065812057999949,36.098849716000075],[-80.092004588999941,36.103823922000061],[-80.204138580999938,36.089622365000025],[-80.215529637999964,36.089149384000052],[-80.222358372999963,36.088226069000029],[-80.237709200999973,36.083210254000051],[-80.298601607999956,36.077629284000068],[-80.321933075999937,36.076206126000045],[-80.433157974999972,36.01733310700007],[-80.501259924999943,35.995291541000029],[-80.586018405999937,35.925944986000047],[-80.61256224899995,35.906757109000068],[-80.63799211099996,35.89165119900008],[-80.708765510999967,35.869926710000072],[-80.848350859999982,35.813201069000058]]},"properties":{"objectid":259,"length":63.719000000000001,"type":"Multi-Lane Divided","admn_class":"Interstate","toll_rd":"N","rte_num1":" 40","rte_num2":" ","route":"Interstate  40","st_length(shape)":1.1068476689831817}},{"type":"Feature","id":260,"geometry":{"type":"LineString","coordinates":[[-80.92392728599998,36.940096679000078],[-80.89777215099997,36.909995467000044],[-80.882940127999973,36.874561890000052],[-80.874921565999955,36.851201454000034],[-80.761300683999934,36.751337063000051],[-80.723288884999988,36.689250615000049],[-80.724531909999939,36.66108715200005],[-80.746207414999958,36.62833766600005],[-80.759795359999941,36.60251646200004],[-80.74414589099996,36.561081605000027],[-80.742742220999958,36.55736991200007],[-80.750523238999961,36.475694764000025],[-80.781812170999956,36.403380751000043],[-80.795339018999982,36.330723326000054],[-80.821935532999987,36.25525013400005],[-80.825308026999949,36.198529760000042],[-80.810689319999938,36.111989435000055],[-80.816823329999977,36.046620559000075],[-80.863670611999964,35.913816015000066],[-80.86549406599994,35.874330493000059],[-80.85613293199998,35.849898212000028],[-80.848350859999982,35.813201069000058]]},"properties":{"objectid":260,"length":83.620999999999995,"type":"Multi-Lane Divided","admn_class":"Interstate","toll_rd":"N","rte_num1":" 77","rte_num2":" ","route":"Interstate  77","st_length(shape)":1.2409973749092149}},{"type":"Feature","id":261,"geometry":{"type":"LineString","coordinates":[[-95.894266362999986,36.12536248400005],[-95.926364841999941,36.101036070000077],[-95.941349608999985,36.097915341000032],[-96.005821505999961,36.096460054000033],[-96.024026023999966,36.097065765000025],[-96.042817817999946,36.086342044000048],[-96.064874657999951,36.067546563000064],[-96.098849260999941,36.027345776000061],[-96.190381699999989,35.995801918000041],[-96.298515890999965,35.913854464000053],[-96.381266044999961,35.859189821000029],[-96.648884513999974,35.766697199000077],[-96.875180313999977,35.725654210000073],[-97.013741747999973,35.690629356000045],[-97.029763597999988,35.686493666000047],[-97.089304479999953,35.670265347000054],[-97.131747451999956,35.641338161000078],[-97.306625219999944,35.627281975000074],[-97.426974235999978,35.600444757000048]]},"properties":{"objectid":261,"length":95.700999999999993,"type":"Multi-Lane Divided","admn_class":"Interstate","toll_rd":"Y","rte_num1":" 44","rte_num2":" ","route":"Interstate  44","st_length(shape)":1.6576305546605439}},{"type":"Feature","id":262,"geometry":{"type":"LineString","coordinates":[[-97.426974235999978,35.600444757000048],[-97.419444455999951,35.655660860000069],[-97.420391471999949,35.761442786000032],[-97.400227083999937,35.820465916000046],[-97.386136135999948,35.883696895000071],[-97.375081116999979,35.940637432000074],[-97.346424657999989,35.979935973000067],[-97.339376812999944,36.117189070000052],[-97.320845211999938,36.173523896000063],[-97.319313552999972,36.280188053000074],[-97.317522227999973,36.394944511000062]]},"properties":{"objectid":262,"length":56.143000000000001,"type":"Multi-Lane Divided","admn_class":"Interstate","toll_rd":"N","rte_num1":" 35","rte_num2":" ","route":"Interstate  35","st_length(shape)":0.81349285827379048}},{"type":"Feature","id":263,"geometry":{"type":"LineString","coordinates":[[-78.305554299999983,35.500095271000077],[-78.33985703999997,35.507392773000049],[-78.360518110999976,35.519027168000036],[-78.390784181999948,35.557566200000053],[-78.462662609999938,35.58212383700004],[-78.515046618999975,35.622275641000044],[-78.593453558999954,35.696747566000056],[-78.611489530999961,35.701496868000049],[-78.650735400999963,35.724640302000068],[-78.644684609999956,35.745898657000055],[-78.693238416999975,35.757335011000066],[-78.714502039999957,35.773447981000061],[-78.72412283999995,35.808038829000054],[-78.80092174899994,35.830163088000063],[-78.854252247999966,35.868346594000059],[-78.87254788499996,35.897558200000049],[-78.879780602999972,35.946175212000071],[-78.916692114999989,35.987799684000038],[-78.949437914999976,36.00397269900003],[-78.975218561999952,36.032323142000052]]},"properties":{"objectid":263,"length":56.277000000000001,"type":"Multi-Lane Divided","admn_class":"Interstate","toll_rd":"N","rte_num1":" 40","rte_num2":" ","route":"Interstate  40","st_length(shape)":0.91627020164315964}},{"type":"Feature","id":264,"geometry":{"type":"LineString","coordinates":[[-95.172290250999936,35.483624667000072],[-95.176372216999937,35.490605620000053],[-95.178317339999978,35.495686747000036],[-95.207966111999951,35.536878266000031],[-95.231381325999962,35.56963144000008],[-95.258123210999941,35.603873082000064],[-95.279822417999981,35.628367515000036],[-95.30032337099999,35.645090937000077],[-95.312202683999942,35.654646953000054],[-95.319191536999938,35.660830474000079],[-95.32495948799999,35.668322857000078],[-95.33124676999995,35.676756990000058],[-95.33671713199999,35.689231480000046],[-95.337693643999955,35.701087618000031],[-95.346718739999972,35.748229855000034],[-95.352479316999961,35.777110690000029],[-95.356538107999938,35.810397943000055],[-95.360154466999973,35.825527028000067],[-95.365945592999935,35.833026785000072],[-95.373521722999953,35.839229795000051],[-95.393031415999985,35.845432804000041],[-95.423634577999962,35.85615968500008],[-95.487724612999955,35.877236327000048],[-95.507813682999938,35.883446710000044],[-95.527261751999959,35.890992291000032],[-95.539988006999977,35.896920360000024],[-95.550013842999988,35.900475621000055],[-95.563121432999992,35.909589204000042],[-95.576854748999949,35.917828983000049],[-95.586109488999966,35.924977428000034],[-95.592030183999952,35.930653732000053],[-95.607754971999952,35.943951989000027],[-95.615101985999956,35.954663596000046],[-95.620252110999957,35.963940984000033],[-95.632963090999965,35.980306247000044],[-95.640058865999947,35.995545940000056],[-95.651693786999942,36.010957339000072],[-95.661475232999976,36.019040686000039],[-95.67514007699998,36.029072843000051],[-95.693504712999982,36.03654995200003],[-95.704667179999944,36.040585569000029],[-95.721360578999963,36.047539660000041],[-95.734850030999951,36.050747822000062],[-95.742182295999953,36.051919215000055],[-95.756762553999977,36.056073340000069],[-95.770869829999981,36.058396111000036],[-95.780361587999948,36.061905022000076],[-95.785351067999954,36.06434998800006],[-95.79298092199997,36.07052613500008],[-95.813344930999961,36.083498888000065],[-95.85028067199994,36.106134051000026],[-95.894266362999986,36.12536248400005]]},"properties":{"objectid":264,"length":64.167000000000002,"type":"Multi-Lane Divided","admn_class":"Interstate","toll_rd":"Y","rte_num1":" ","rte_num2":" ","route":" ","st_length(shape)":1.0340221129497411}},{"type":"Feature","id":265,"geometry":{"type":"LineString","coordinates":[[-97.426974235999978,35.600444757000048],[-97.43910531399996,35.59299451000004],[-97.45772908899994,35.577503578000062],[-97.465030278999961,35.544976361000067],[-97.466608814999972,35.497344288000079],[-97.47418494499999,35.473441872000024]]},"properties":{"objectid":265,"length":9.6780000000000008,"type":"Multi-Lane Divided","admn_class":"Interstate","toll_rd":"N","rte_num1":" 35","rte_num2":" 44","route":"Interstate  35","st_length(shape)":0.14452958922169346}},{"type":"Feature","id":266,"geometry":{"type":"LineString","coordinates":[[-95.957818105999991,35.426796318000072],[-95.795505419999984,35.430213056000071],[-95.707718383999975,35.454313514000035],[-95.524733038999955,35.452064482000026],[-95.370939285999953,35.45295198000008],[-95.328021752999973,35.470800972000063],[-95.302286401999936,35.484773938000046],[-95.278504074999944,35.485189509000065],[-95.172290250999936,35.483624667000072]]},"properties":{"objectid":266,"length":44.805999999999997,"type":"Multi-Lane Divided","admn_class":"Interstate","toll_rd":"N","rte_num1":" 40","rte_num2":" ","route":"Interstate  40","st_length(shape)":0.79595574762224286}},{"type":"Feature","id":267,"geometry":{"type":"LineString","coordinates":[[-97.47418494499999,35.473441872000024],[-97.401512244999992,35.434186521000072],[-97.323652024999944,35.41655611300007],[-97.237238635999972,35.386418032000051],[-97.006474793999985,35.385333545000037],[-96.996838718999982,35.386455428000033],[-96.901438682999981,35.387165953000078],[-96.836831949999976,35.393628628000045],[-96.749816536999958,35.382639974000028],[-96.652699440999982,35.383556441000053],[-96.443189740999969,35.386063559000036],[-96.300592690999963,35.416661980000072],[-96.198561960999939,35.424331864000067],[-96.152662221999947,35.416033621000054],[-96.117291849999958,35.42305513000008],[-95.99740791499994,35.425873531000036],[-95.957818105999991,35.426796318000072]]},"properties":{"objectid":267,"length":86.805999999999997,"type":"Multi-Lane Divided","admn_class":"Interstate","toll_rd":"N","rte_num1":" 40","rte_num2":" ","route":"Interstate  40","st_length(shape)":1.5394824412419554}},{"type":"Feature","id":268,"geometry":{"type":"LineString","coordinates":[[-80.866881934999981,35.249397738000027],[-80.851744949999954,35.255863573000056],[-80.770971521999968,35.286835428000074],[-80.703092367999943,35.378951456000038],[-80.671689139999955,35.400012297000046],[-80.64431415599995,35.431936963000055],[-80.60434248599995,35.444399338000039],[-80.591402914999946,35.450369544000068],[-80.566751523999983,35.475450727000066],[-80.55903739699994,35.501356203000057],[-80.558213102999957,35.54311182400005],[-80.544311240999946,35.57630374300004],[-80.457110427999964,35.650644519000025],[-80.40241260199997,35.689866687000062],[-80.378790393999964,35.722615647000055],[-80.308208187999981,35.781353829000068],[-80.245888934999982,35.796016780000059],[-80.209647918999963,35.816501931000062],[-80.140492557999949,35.841559939000035],[-80.013953700999934,35.86160213200003],[-79.969106318999934,35.878386651000028],[-79.950931823999952,35.894713464000063],[-79.919649738999965,35.937342890000025],[-79.899705513999947,35.985869309000066],[-79.833097825999971,36.024809163000043],[-79.82113476699999,36.034773375000043]]},"properties":{"objectid":268,"length":84.843999999999994,"type":"Multi-Lane Divided","admn_class":"Interstate","toll_rd":"N","rte_num1":" 85","rte_num2":" ","route":"Interstate  85","st_length(shape)":1.3851297186112825}},{"type":"Feature","id":269,"geometry":{"type":"LineString","coordinates":[[-90.005346432999943,35.196316898000077],[-90.025625642999955,35.19849903800008],[-90.038634211999977,35.209336001000054]]},"properties":{"objectid":269,"length":2.1970000000000001,"type":"Multi-Lane Divided","admn_class":"Interstate","toll_rd":"N","rte_num1":"240","rte_num2":" ","route":"Interstate 240","st_length(shape)":0.037327390844499146}},{"type":"Feature","id":270,"geometry":{"type":"LineString","coordinates":[[-101.83466226299998,35.190650601000073],[-101.75645020299999,35.190932915000076],[-101.71485311999999,35.192908587000034],[-101.60692328999994,35.198515366000038],[-101.57452774999996,35.210302505000072],[-101.56409002899994,35.22270009600004],[-101.37670406199999,35.22685264100005],[-101.35006857099995,35.216720937000048],[-101.11187555099997,35.209674146000054],[-100.96468246899997,35.186000320000062],[-100.90335500299994,35.185577375000037],[-100.81505653599999,35.188491636000037],[-100.75680397599996,35.214759486000048],[-100.72301951299994,35.213607581000076],[-100.60330149099997,35.233798832000048],[-100.56271884199998,35.227191840000046],[-100.24411739999994,35.226921640000057],[-100.01164755999997,35.22490225100006],[-99.997059401999991,35.226630372000045],[-99.946345048999945,35.232611638000037],[-99.797170501999972,35.230631226000071],[-99.641159318999939,35.249322419000066],[-99.622565565999992,35.252443148000054],[-99.607299010999952,35.264650072000052],[-99.604346827999962,35.290967432000059],[-99.603569410999967,35.332272720000049],[-99.50289020699995,35.385448894000035],[-99.485372512999959,35.389912195000079],[-99.406947663999972,35.392269728000031],[-99.363841569999977,35.420639133000066],[-99.311891566999975,35.424430885000049],[-99.286943113999939,35.43699280800007],[-99.18871203599997,35.438629281000033],[-99.106955249999942,35.478885899000034],[-99.011471466999978,35.482212570000058],[-98.956370711999966,35.505337569000062],[-98.891983614999958,35.503846466000027],[-98.877716219999968,35.513242363000074],[-98.761684080999942,35.52570210500005],[-98.714905797999961,35.517943209000066],[-98.618581920999986,35.532285922000028],[-98.338748626999973,35.534589205000032],[-98.277963667999984,35.548245095000027],[-98.225089822999962,35.536568564000049],[-98.107570267999961,35.534291616000075],[-98.003654986999948,35.530771118000075],[-97.973708625999961,35.50892917300007],[-97.93050193199997,35.49773773700008],[-97.810129740999969,35.498296045000075],[-97.672248283999977,35.461616810000066],[-97.578877643999988,35.467462713000032],[-97.51319485099998,35.472453246000043],[-97.47418494499999,35.473441872000024]]},"properties":{"objectid":270,"length":255.96600000000001,"type":"Multi-Lane Divided","admn_class":"Interstate","toll_rd":"N","rte_num1":" 40","rte_num2":" ","route":"Interstate  40","st_length(shape)":4.5118647881942451}},{"type":"Feature","id":273,"geometry":{"type":"LineString","coordinates":[[-89.750372578999986,36.201991794000037],[-89.750692288999971,36.128507442000057],[-89.793273257999942,36.093026988000076],[-89.856209808999949,36.037058750000028],[-89.865693138999973,35.998473895000075],[-89.866913514999965,35.91792431600004],[-89.910593190999975,35.88966130700004],[-89.936572406999971,35.866571597000075],[-90.045012086999975,35.71035499900006],[-90.177782921999949,35.530912275000048],[-90.242840515999944,35.42838696900003],[-90.280378279999979,35.405892436000045],[-90.284521344999973,35.365030107000052],[-90.215930611999966,35.211568705000047],[-90.146181126999977,35.149325298000065]]},"properties":{"objectid":273,"length":84.983999999999995,"type":"Multi-Lane Divided","admn_class":"Interstate","toll_rd":"N","rte_num1":" 55","rte_num2":" ","route":"Interstate  55","st_length(shape)":1.3014295003279568}},{"type":"Feature","id":274,"geometry":{"type":"LineString","coordinates":[[-90.016837036999959,35.148149692000061],[-89.985349536999991,35.148736969000026],[-89.876849284999935,35.15276521100003]]},"properties":{"objectid":274,"length":7.8650000000000002,"type":"Multi-Lane Divided","admn_class":"Interstate","toll_rd":"N","rte_num1":" 40","rte_num2":" ","route":"Interstate  40","st_length(shape)":0.14006797985973499}},{"type":"Feature","id":275,"geometry":{"type":"LineString","coordinates":[[-90.016837036999959,35.148149692000061],[-90.017096175999939,35.185826507000058],[-90.005346432999943,35.196316898000077]]},"properties":{"objectid":275,"length":3.6029999999999998,"type":"Multi-Lane Divided","admn_class":"Interstate","toll_rd":"N","rte_num1":"240","rte_num2":" ","route":"Interstate 240","st_length(shape)":0.053429047815077665}},{"type":"Feature","id":276,"geometry":{"type":"LineString","coordinates":[[-90.146181126999977,35.149325298000065],[-90.108040811999956,35.159975281000072],[-90.06439958499999,35.149641322000036],[-90.046058123999956,35.14529284200006],[-90.016837036999959,35.148149692000061]]},"properties":{"objectid":276,"length":7.5440000000000005,"type":"Multi-Lane Divided","admn_class":"Interstate","toll_rd":"N","rte_num1":" 40","rte_num2":" ","route":"Interstate  40","st_length(shape)":0.13265766355955522}},{"type":"Feature","id":277,"geometry":{"type":"LineString","coordinates":[[-90.021415159999947,35.076850640000032],[-89.95910433499995,35.084372519000055],[-89.89001849899995,35.085990032000041],[-89.879360089999977,35.089202408000062],[-89.871570116999976,35.108290737000061],[-89.876849284999935,35.15276521100003]]},"properties":{"objectid":277,"length":12.566000000000001,"type":"Multi-Lane Divided","admn_class":"Interstate","toll_rd":"N","rte_num1":"240","rte_num2":" ","route":"Interstate 240","st_length(shape)":0.20840332957212623}},{"type":"Feature","id":278,"geometry":{"type":"LineString","coordinates":[[-90.021415159999947,35.076850640000032],[-90.020041512999967,35.123163843000043],[-90.016837036999959,35.148149692000061]]},"properties":{"objectid":278,"length":4.968,"type":"Multi-Lane Divided","admn_class":"Interstate","toll_rd":"N","rte_num1":"240","rte_num2":" ","route":"Interstate 240","st_length(shape)":0.071524070192929487}},{"type":"Feature","id":279,"geometry":{"type":"LineString","coordinates":[[-90.146181126999977,35.149325298000065],[-90.081337375999965,35.127177338000024],[-90.068947158999947,35.12293894000004],[-90.072075261999942,35.089782310000032],[-90.060799026999973,35.084842341000069],[-90.021415159999947,35.076850640000032]]},"properties":{"objectid":279,"length":10.023,"type":"Multi-Lane Divided","admn_class":"Interstate","toll_rd":"N","rte_num1":" 55","rte_num2":" ","route":"Interstate  55","st_length(shape)":0.16741816483503272}},{"type":"Feature","id":280,"geometry":{"type":"LineString","coordinates":[[-106.61504437199994,35.113456663000079],[-106.51231207099994,35.074090704000071],[-106.38838935899997,35.08275290000006],[-106.29142869499998,35.106902868000077],[-106.24865863899998,35.108180655000069],[-106.02765464799995,35.007412438000074],[-105.66618834299999,35.01588080700003],[-104.97996762399998,34.97894296000004],[-104.76183049099996,34.973084416000063],[-104.67998047699996,34.940553513000054],[-104.62296462099994,34.94616871900007],[-104.49416251099996,35.007653143000027],[-104.42815790099996,35.011922090000041],[-104.39667040099994,35.021599774000038],[-104.36983686999997,35.037819139000078],[-104.28151575399994,35.057033878000027],[-104.15807708399996,35.061554590000071],[-103.93706466599997,35.120887422000067],[-103.86100525099994,35.113495113000056],[-103.77822507499997,35.14712841000005],[-103.71624291499995,35.180277666000052],[-103.70797258699997,35.185816500000044],[-103.61186202599998,35.182364473000064],[-103.54714784399994,35.181200980000028],[-103.49574666799998,35.18289855200004],[-103.46831058499998,35.15705470000006],[-103.34813590899995,35.121327221000058],[-103.32147039599994,35.116402526000059],[-103.29906224299998,35.114861913000027],[-103.19693986699997,35.139881998000078],[-103.09699225599996,35.179478127000039],[-103.02614353799999,35.175003238000045],[-102.99623562699998,35.178352558000029],[-102.81658748799998,35.24368983200003],[-102.76951266899994,35.246249620000071],[-102.73416441799998,35.263026239000055],[-102.65216903399994,35.265905737000026],[-102.54552225799995,35.263650385000062],[-102.41510210899997,35.233761436000066],[-102.30239769499997,35.215061288000072],[-102.06246865399999,35.191330051000079],[-101.87230694799996,35.193591724000044],[-101.83466226299998,35.190650601000073]]},"properties":{"objectid":280,"length":279.95400000000001,"type":"Multi-Lane Divided","admn_class":"Interstate","toll_rd":"N","rte_num1":" 40","rte_num2":" ","route":"Interstate  40","st_length(shape)":4.9160649650344803}},{"type":"Feature","id":281,"geometry":{"type":"LineString","coordinates":[[-90.146181126999977,35.149325298000065],[-90.189631685999984,35.166331035000042],[-90.355643949999944,35.16844049000008],[-90.496685112999955,35.153272955000034],[-90.575674589999949,35.13169331000006],[-90.78049187199997,35.047424138000054],[-90.872390896999946,34.996937849000062],[-91.193506830999979,34.904142897000042],[-91.365347089999943,34.84657874100003],[-91.454818529999955,34.840123967000068],[-91.550630449999971,34.819863719000068],[-91.588167687999942,34.820561076000047],[-91.666614657999958,34.821865199000058],[-91.706539977999967,34.807944903000077],[-91.812666895999939,34.799083085000063],[-91.888604641999962,34.804468647000078],[-92.024442481999984,34.803358353000078],[-92.227801843999941,34.782485546000032],[-92.262699760999965,34.778427281000063]]},"properties":{"objectid":281,"length":124.679,"type":"Multi-Lane Divided","admn_class":"Interstate","toll_rd":"N","rte_num1":" 40","rte_num2":" ","route":"Interstate  40","st_length(shape)":2.1821803306061773}},{"type":"Feature","id":282,"geometry":{"type":"LineString","coordinates":[[-95.172290250999936,35.483624667000072],[-95.049581067999952,35.492179942000064],[-94.983583832999955,35.489394724000078],[-94.948472072999948,35.481536280000057],[-94.912078838999946,35.459067556000036],[-94.799159528999951,35.448236914000063],[-94.777712612999949,35.44774444400008],[-94.746781840999972,35.461827492000054],[-94.722291094999946,35.456189111000072],[-94.68728678299999,35.430982046000054],[-94.633109341999955,35.397618421000061],[-94.578328823999982,35.38920693700004],[-94.518886436999992,35.398731350000048],[-94.46260270099998,35.457933560000072],[-94.439210135999986,35.464910299000053],[-94.338545152999984,35.477890426000044],[-94.303326471999981,35.484325712000043],[-94.229845806999947,35.503192298000045],[-94.085721836999937,35.531259374000058],[-93.85927434599995,35.530609419000029],[-93.610708389999957,35.492748257000073],[-93.559544230999961,35.478141664000077],[-93.532603777999952,35.461341870000069],[-93.51630698699995,35.45190857700004],[-93.416412047999984,35.442546389000029],[-93.378522970999938,35.420619645000045],[-93.327015399999937,35.370998732000032],[-93.271281017999968,35.350536229000056],[-93.177909850999981,35.334392183000034],[-93.147414663999939,35.311248749000072],[-93.129210145999991,35.30817753000008],[-93.065289709999945,35.290156832000037],[-93.005938968999942,35.260611822000044],[-92.860846914999968,35.253946365000047],[-92.756825765999963,35.182338137000045],[-92.719379647999972,35.176093519000062],[-92.561484966999956,35.16535873600003],[-92.482304822999936,35.127853628000025],[-92.424785436999969,35.110657751000076],[-92.414409340999953,35.089112868000029],[-92.406199583999978,35.018035032000057],[-92.411693120999985,34.938881750000064],[-92.400530653999965,34.91008518700005],[-92.344360687999938,34.876932245000035],[-92.348083967999969,34.846800484000028],[-92.334152083999982,34.818519040000069],[-92.262699760999965,34.778427281000063]]},"properties":{"objectid":282,"length":194.11500000000001,"type":"Multi-Lane Divided","admn_class":"Interstate","toll_rd":"N","rte_num1":" 40","rte_num2":" ","route":"Interstate  40","st_length(shape)":3.3213194413085807}},{"type":"Feature","id":283,"geometry":{"type":"LineString","coordinates":[[-79.846488256999976,34.198793820000049],[-79.92591121199996,34.207506053000031],[-80.021455565999986,34.205254915000069],[-80.184707366999987,34.17920564700006],[-80.215797730999952,34.178698430000054],[-80.281930856999963,34.192644535000056],[-80.420902593999983,34.215401894000024],[-80.480916456999978,34.218346177000058],[-80.597526917999971,34.209623936000071],[-80.666308317999949,34.197430706000034],[-80.68953286499999,34.185933255000066],[-80.78330854099994,34.122617476000073],[-80.878838673999951,34.081485474000033],[-80.904824735999966,34.074013105000063],[-80.935343097999976,34.075588481000068]]},"properties":{"objectid":283,"length":65.114999999999995,"type":"Multi-Lane Divided","admn_class":"Interstate","toll_rd":"N","rte_num1":" 20","rte_num2":" ","route":"Interstate  20","st_length(shape)":1.127839103142722}},{"type":"Feature","id":284,"geometry":{"type":"LineString","coordinates":[[-117.52882302799998,34.077205466000066],[-117.36468636099994,34.080109193000055],[-117.28368223599995,34.07169876200004]]},"properties":{"objectid":284,"length":13.993,"type":"Multi-Lane Divided","admn_class":"Interstate","toll_rd":"N","rte_num1":" 10","rte_num2":" ","route":"Interstate  10","st_length(shape)":0.2456019201138322}},{"type":"Feature","id":285,"geometry":{"type":"LineString","coordinates":[[-118.20043715299994,34.040836988000024],[-118.15477390499996,34.064482898000051],[-118.06104352499995,34.063105037000071],[-117.97414977999995,34.076139415000057],[-117.89601409299996,34.081769895000036],[-117.80883013399995,34.07332838800005],[-117.80055190599995,34.077024807000043]]},"properties":{"objectid":285,"length":23.439,"type":"Multi-Lane Divided","admn_class":"Interstate","toll_rd":"N","rte_num1":" 10","rte_num2":" ","route":"Interstate  10","st_length(shape)":0.40802477630880496}},{"type":"Feature","id":286,"geometry":{"type":"LineString","coordinates":[[-118.46405950899998,34.292787026000042],[-118.41536717799994,34.245673231000069],[-118.39921470499996,34.243594325000061],[-118.31325796899995,34.189607552000041],[-118.29737306199996,34.16933676900004],[-118.28991860099995,34.155330093000032],[-118.25818670999996,34.115682347000075],[-118.21340779899998,34.090704398000071],[-118.20043715299994,34.040836988000024]]},"properties":{"objectid":286,"length":24.02,"type":"Multi-Lane Divided","admn_class":"Interstate","toll_rd":"N","rte_num1":"  5","rte_num2":" ","route":"Interstate   5","st_length(shape)":0.38074792607793534}},{"type":"Feature","id":287,"geometry":{"type":"LineString","coordinates":[[-118.41092283799998,34.031191959000068],[-118.26523560699997,34.037423410000031],[-118.21973247699998,34.034272132000069],[-118.20043715299994,34.040836988000024]]},"properties":{"objectid":287,"length":12.099,"type":"Multi-Lane Divided","admn_class":"Interstate","toll_rd":"N","rte_num1":" 10","rte_num2":" ","route":"Interstate  10","st_length(shape)":0.21181408972480067}},{"type":"Feature","id":288,"geometry":{"type":"LineString","coordinates":[[-95.957818105999991,35.426796318000072],[-95.959809578999966,35.389159533000054],[-95.953141488999961,35.365763281000056],[-95.951890563999939,35.357534563000058],[-95.952676407999945,35.342576657000052],[-95.955278332999967,35.325395001000061],[-95.954431390999957,35.309464271000024],[-95.949518282999975,35.29566617100005],[-95.93763159599996,35.275268452000034],[-95.931809921999957,35.268249049000076],[-95.920762802999946,35.253329593000046],[-95.915353012999958,35.238600804000043],[-95.911690829999941,35.212118585000042],[-95.905319801999951,35.173276698000052],[-95.899254262999989,35.160340814000051],[-95.890358209999988,35.14776730400007],[-95.883247159999939,35.133424063000064],[-95.877387562999957,35.116860233000068],[-95.874068265999938,35.09493296200003],[-95.870474554999987,35.057087075000027],[-95.866377313999976,35.02877034100004],[-95.86184554099998,35.019065268000077],[-95.857992164999985,35.007110109000052],[-95.841252414999985,34.984252677000029],[-95.826839648999965,34.960110083000075],[-95.822361073999957,34.949493810000035],[-95.819324089999952,34.933022153000024],[-95.81719514699995,34.920677759000057],[-95.815325869999981,34.913792140000055],[-95.810747746999937,34.904988260000039],[-95.80177532099998,34.894665888000077],[-95.79596154699999,34.888096819000054],[-95.792856091999965,34.883442850000051],[-95.790574404999973,34.873810989000049],[-95.792260388999978,34.863415932000066],[-95.789528894999989,34.851960617000032],[-95.778633466999963,34.846113134000063],[-95.765601722999975,34.838365298000042],[-95.758704516999956,34.831296912000028],[-95.755484766999984,34.818453202000057],[-95.753523315999985,34.782923238000024],[-95.755308319999983,34.760710492000044],[-95.75884040699998,34.737204159000044],[-95.763699789999976,34.720103089000077],[-95.764928066999971,34.707872990000055],[-95.764111673999992,34.702383667000049],[-95.75951037599998,34.694487300000048],[-95.747188103999974,34.684493066000073],[-95.730502077999972,34.672518419000028],[-95.725473621999981,34.662333518000025],[-95.725618465999958,34.649607789000072],[-95.73061531899998,34.640242441000055],[-95.736284248999937,34.628630695000027],[-95.738283095999975,34.622786372000064],[-95.732652088999941,34.613493709000068],[-95.726708218999988,34.599627664000025],[-95.727028455999971,34.583731696000029],[-95.729179520999992,34.575167467000028],[-95.733070292999969,34.565306489000079],[-95.735832335999987,34.555861608000043],[-95.74552160799999,34.54212091900007],[-95.751182110999991,34.530497585000035],[-95.752845445999981,34.520556021000061],[-95.751983228999961,34.515978424000025],[-95.741240546999961,34.508307488000071],[-95.730452040999978,34.501547751000032],[-95.71613829599994,34.487834450000037],[-95.708920324999951,34.477111255000068],[-95.706639163999967,34.467929201000061],[-95.703617455999961,34.451903663000053],[-95.703921890999936,34.436450655000044],[-95.705836991999945,34.421966257000065],[-95.708636430999945,34.401599614000077],[-95.712626223999962,34.379920948000063],[-95.717088998999941,34.359619090000024],[-95.724550306999959,34.32532899000006],[-95.726587076999976,34.308571332000042],[-95.727006333999952,34.290851910000072],[-95.725663235999946,34.284881705000032],[-95.717255437999938,34.275936668000043],[-95.703162908999957,34.269047362000038],[-95.685164332999989,34.26246354500006],[-95.666189245999988,34.25357170500007],[-95.651272949999964,34.24163972100007],[-95.650921636999954,34.237989126000059],[-95.641193388999966,34.21305226100003],[-95.638904327999967,34.204324753000037],[-95.631968671999971,34.199060333000034],[-95.619967162999956,34.194970992000037],[-95.608018851999987,34.189974139000071],[-95.599900741999988,34.186029642000051],[-95.589577316999964,34.171984517000055],[-95.580574341999977,34.154353055000058],[-95.572890237999957,34.133132096000054],[-95.571448117999978,34.119426169000064],[-95.570509528999992,34.106647243000054],[-95.568784568999945,34.097938170000077],[-95.557797494999988,34.08614734300005],[-95.547657889999982,34.078933587000051],[-95.53894407699994,34.066311093000024],[-95.534739913999942,34.052494558000035],[-95.531199400999981,34.036885117000054],[-95.531061930999954,34.029602889000046],[-95.531183599999963,34.017773613000031],[-95.529619284999967,34.006340947000069],[-95.521363704999942,33.995549807000032],[-95.509636609999973,33.987359539000067],[-95.512574045999941,33.965181029000064],[-95.513542656999959,33.948377021000056],[-95.509956319999958,33.933675621000077],[-95.503318778999983,33.923860466000065],[-95.493918668999981,33.913938391000045],[-95.485259105999944,33.910409992000041],[-95.48152055099996,33.907987674000026],[-95.480048408999949,33.904748962000042],[-95.485625165999977,33.894498749000036]]},"properties":{"objectid":288,"length":117.729,"type":"Multi-Lane Divided","admn_class":"Interstate","toll_rd":"Y","rte_num1":" ","rte_num2":" ","route":" ","st_length(shape)":1.7598917331747232}},{"type":"Feature","id":289,"geometry":{"type":"LineString","coordinates":[[-118.20043715299994,34.040836988000024],[-118.18417091099997,34.028275591000067],[-118.16070197399995,34.015786881000054],[-118.10453938099994,33.963148473000047],[-118.08262633099997,33.940168845000073],[-117.99050450899995,33.879614582000045],[-117.94807575799996,33.847690443000033],[-117.93582248399997,33.840515136000079],[-117.86938966299999,33.78328859800007],[-117.82760928699997,33.750856715000054],[-117.77865781699995,33.71572915400003],[-117.73446776399999,33.653715918000046]]},"properties":{"objectid":289,"length":38.101999999999997,"type":"Multi-Lane Divided","admn_class":"Interstate","toll_rd":"N","rte_num1":"  5","rte_num2":" ","route":"Interstate   5","st_length(shape)":0.61037422801488572}},{"type":"Feature","id":290,"geometry":{"type":"LineString","coordinates":[[-101.83466226299998,35.190650601000073],[-101.89444121499997,35.13240120200004],[-101.91116568999996,35.103531954000061],[-101.92345003899999,35.053865218000055],[-101.92253515199997,34.992171165000059],[-101.90146851799994,34.893432871000073],[-101.82772713299994,34.716527813000027],[-101.77787394299997,34.585646797000038],[-101.77117425099999,34.543399759000067],[-101.77789553799994,34.513863176000029],[-101.74867287099994,34.380714693000073],[-101.72277634899996,34.317934574000049],[-101.70791324999999,34.274524571000029],[-101.71187249399998,34.252655764000053],[-101.74479421299998,34.214799869000046],[-101.75474999799997,34.188288681000074],[-101.76897736299998,34.123620323000068],[-101.82352033699999,34.08859968400003],[-101.84755969699995,34.049584510000045],[-101.84324123999994,33.627277942000035],[-101.83764078099995,33.600075717000038]]},"properties":{"objectid":290,"length":116.399,"type":"Multi-Lane Divided","admn_class":"Interstate","toll_rd":"N","rte_num1":" 27","rte_num2":" ","route":"Interstate  27","st_length(shape)":1.7132202424346854}},{"type":"Feature","id":291,"geometry":{"type":"LineString","coordinates":[[-117.28368223599995,34.07169876200004],[-117.27529708699996,34.053541648000078],[-117.28080589799998,34.043528452000032],[-117.35101361699998,33.999698665000039],[-117.29321033599996,33.951222810000047],[-117.27769938999995,33.948987473000045],[-117.27762249099999,33.927621669000075],[-117.21636191699997,33.794086585000059],[-117.17927290499995,33.763230078000049],[-117.18034843699996,33.75277023600006],[-117.17805937599996,33.716852090000032],[-117.16199117499997,33.685499953000033],[-117.17489229699999,33.534488258000067]]},"properties":{"objectid":291,"length":43.244999999999997,"type":"Multi-Lane Divided","admn_class":"Interstate","toll_rd":"N","rte_num1":"215","rte_num2":" ","route":"Interstate 215","st_length(shape)":0.6551314304593342}},{"type":"Feature","id":292,"geometry":{"type":"LineString","coordinates":[[-117.52882302799998,34.077205466000066],[-117.53816888799997,33.987463300000059],[-117.54583508399998,33.893478521000077],[-117.53355073499995,33.876259469000047],[-117.52611944899996,33.84128675900007],[-117.47259617599997,33.767405798000027],[-117.43601912199995,33.74663148500008],[-117.39845870899995,33.744495695000069],[-117.36087459499998,33.736889542000029],[-117.33145441299996,33.701051456000073],[-117.30428536999995,33.667933276000042],[-117.17489229699999,33.534488258000067]]},"properties":{"objectid":292,"length":47.161000000000001,"type":"Multi-Lane Divided","admn_class":"Interstate","toll_rd":"N","rte_num1":" 15","rte_num2":" ","route":"Interstate  15","st_length(shape)":0.72577344584575532}},{"type":"Feature","id":295,"geometry":{"type":"LineString","coordinates":[[-97.47418494499999,35.473441872000024],[-97.493112628999938,35.395757045000039],[-97.494309829999963,35.324954149000064],[-97.484810171999982,35.270714031000068],[-97.473662452999974,35.215986183000041],[-97.474195478999945,35.165591014000029],[-97.451847896999936,35.143763816000046],[-97.415287170999989,35.127071470000033],[-97.413516386999959,35.096150178000073],[-97.371553243999983,35.041174779000073],[-97.371689660999948,35.004386516000068],[-97.368630028999974,34.96253292800003],[-97.26721607199994,34.78440749300006],[-97.259029489999989,34.746959795000066],[-97.25530568299996,34.710068825000064],[-97.160248005999961,34.511488788000065],[-97.127203563999956,34.454773681000063],[-97.109243437999964,34.427968591000024],[-97.125203663999969,34.403364077000049],[-97.143452951999961,34.376993520000042],[-97.145388066999942,34.172923106000042],[-97.145966915999963,34.021063942000069],[-97.13436939099995,33.944375114000024],[-97.126510419999988,33.84184612100006],[-97.114608458999953,33.819713961000048],[-97.122474276999981,33.756227530000046],[-97.140457577999939,33.733019311000078],[-97.142059815999971,33.727984008000078],[-97.149811338999939,33.70368129600007],[-97.143867468999986,33.669868918000077],[-97.149002318999976,33.649975257000051],[-97.162980025999957,33.538390618000051],[-97.157387468999957,33.495022752000068],[-97.180520894999972,33.356785768000066],[-97.167238438999959,33.237198369000055],[-97.154153497999971,33.219574807000072]]},"properties":{"objectid":295,"length":163.62200000000001,"type":"Multi-Lane Divided","admn_class":"Interstate","toll_rd":"N","rte_num1":" 35","rte_num2":" ","route":"Interstate  35","st_length(shape)":2.4013226146201396}},{"type":"Feature","id":296,"geometry":{"type":"LineString","coordinates":[[-97.154153497999971,33.219574807000072],[-97.229930598999943,33.108977741000047],[-97.269527780999965,33.025692982000066],[-97.302235130999975,32.949511898000026],[-97.307316257999958,32.912746810000044]]},"properties":{"objectid":296,"length":23.212,"type":"Multi-Lane Divided","admn_class":"Interstate","toll_rd":"N","rte_num1":" 35","rte_num2":" ","route":"Interstate  35","st_length(shape)":0.34630548078537365}},{"type":"Feature","id":319,"geometry":{"type":"LineString","coordinates":[[-90.427581368999938,30.081959870000048],[-90.444404864999967,30.123008653000056],[-90.446580157999961,30.17424813100007],[-90.410485039999969,30.253715856000042],[-90.41234009599998,30.325530026000024],[-90.456020298999988,30.440885875000049],[-90.473072384999966,30.448969222000073],[-90.484173753999983,30.490945006000061]]},"properties":{"objectid":319,"length":29.895,"type":"Multi-Lane Divided","admn_class":"Interstate","toll_rd":"N","rte_num1":" 55","rte_num2":" ","route":"Interstate  55","st_length(shape)":0.44040607050544939}},{"type":"Feature","id":297,"geometry":{"type":"LineString","coordinates":[[-92.262699760999965,34.778427281000063],[-92.255848377999939,34.75905242400006],[-92.264652783999964,34.739307820000079],[-92.27060402799998,34.733711575000029],[-92.26494299899997,34.71612646300008],[-92.286611130999972,34.71197602500007],[-92.313178149999942,34.689076456000066],[-92.358230946999981,34.682534249000071],[-92.392953997999939,34.668954204000045],[-92.595742936999955,34.581044445000032],[-92.630114148999951,34.561040175000073],[-92.666629578999959,34.552780908000045],[-92.757864955999992,34.452542030000075],[-92.835839997999983,34.398506800000064],[-92.857767795999962,34.390148513000042],[-92.899746212999958,34.35665163200008],[-93.065649448999977,34.197531307000077],[-93.075094856999954,34.185416030000056],[-93.085378251999941,34.119157022000024],[-93.114338619999955,34.061404306000043],[-93.153797805999943,34.015591473000029],[-93.393721053999968,33.84488942400003],[-93.432165804999954,33.817196309000053],[-93.520759754999972,33.743629264000049],[-93.615374472999974,33.69293440000007],[-93.695003896999935,33.653729086000055],[-93.773405570999955,33.633546790000025],[-93.785056292999968,33.603903285000058],[-93.797141547999956,33.583029425000063],[-93.846001370999943,33.558848908000073],[-93.882302957999968,33.556987531000061],[-93.920886232999976,33.549091691000058],[-93.956302427999958,33.511609230000033],[-93.997875809999982,33.487898008000059],[-94.034711475999984,33.476896187000079],[-94.077864972999976,33.460443491000035],[-94.168910208999989,33.481511179000051],[-94.230756479999968,33.487823743000035],[-94.406390070999976,33.483750204000046],[-94.432528877999971,33.472717833000047],[-94.464512007999986,33.44919991200004],[-94.482395761999953,33.437759871000026],[-94.656135846999973,33.32978474500004],[-94.698800561999974,33.308979356000066],[-94.735689425999965,33.300201284000025],[-94.78663236899996,33.286578577000057],[-94.88681541599999,33.225479174000043],[-94.980278229999954,33.189968172000079],[-94.996216333999939,33.181099507000056],[-95.020097154999974,33.168015092000076],[-95.046686295999962,33.155495306000034],[-95.221549316999983,33.158835144000079],[-95.433256957999959,33.151536061000058],[-95.542688951999992,33.147194429000024],[-95.59119061499996,33.123562739000079],[-95.627065570999946,33.119472872000074],[-95.927719527999955,33.127388727000039],[-96.029194056999984,33.137791685000025],[-96.059491202999936,33.135197661000063],[-96.082570904999955,33.123235129000079],[-96.102491955999938,33.108430494000061],[-96.234355803999961,32.998971112000049],[-96.333442777999949,32.963476964000051],[-96.392191493999974,32.922985436000033],[-96.440342371999975,32.910374529000023],[-96.623875489999989,32.824845478000043]]},"properties":{"objectid":297,"length":306.303,"type":"Multi-Lane Divided","admn_class":"Interstate","toll_rd":"N","rte_num1":" 30","rte_num2":" ","route":"Interstate  30","st_length(shape)":5.0822446407440598}},{"type":"Feature","id":298,"geometry":{"type":"LineString","coordinates":[[-96.792781999999988,32.780524802000059],[-96.756282371999987,32.792250317000025],[-96.746225985999956,32.797884484000065],[-96.672904385999971,32.801687297000058],[-96.623875489999989,32.824845478000043]]},"properties":{"objectid":298,"length":10.473000000000001,"type":"Multi-Lane Divided","admn_class":"Interstate","toll_rd":"N","rte_num1":" 20","rte_num2":" 30","route":"Interstate  20","st_length(shape)":0.17750708687257297}},{"type":"Feature","id":299,"geometry":{"type":"LineString","coordinates":[[-97.154153497999971,33.219574807000072],[-97.129043872999944,33.200734029000046],[-97.040860226999939,33.13839160200007],[-97.00857898199996,33.064238861000035],[-96.984980474999986,33.036750634000043],[-96.928398623999954,32.985146676000056],[-96.897704868999938,32.944693071000074],[-96.882864944999938,32.890994932000069],[-96.879408704999946,32.867668731000037],[-96.872740614999941,32.84288566400005],[-96.813900777999947,32.798430151000048],[-96.792781999999988,32.780524802000059]]},"properties":{"objectid":299,"length":38.134999999999998,"type":"Multi-Lane Divided","admn_class":"Interstate","toll_rd":"N","rte_num1":" 35","rte_num2":" ","route":"Interstate  35","st_length(shape)":0.59023953950261066}},{"type":"Feature","id":300,"geometry":{"type":"LineString","coordinates":[[-117.17489229699999,33.534488258000067],[-117.16330267199999,33.521316937000051],[-117.12634480999998,33.483156080000072],[-117.13179252299994,33.448580506000042],[-117.16415751399995,33.405322721000061],[-117.16244888199998,33.374844389000032],[-117.14261210499996,33.344842724000046],[-117.14088767099997,33.304351196000027],[-117.15561329999997,33.250187976000063],[-117.12150175399995,33.192439473000036],[-117.09185350899998,33.159702628000048],[-117.07592330499995,33.123761834000049],[-117.06655426999998,33.059593319000044],[-117.11127102899997,32.935749087000033],[-117.11551258699996,32.847422177000055],[-117.11655756999994,32.816459276000046],[-117.10232019799997,32.775494239000068]]},"properties":{"objectid":300,"length":56.265000000000001,"type":"Multi-Lane Divided","admn_class":"Interstate","toll_rd":"N","rte_num1":" 15","rte_num2":" ","route":"Interstate  15","st_length(shape)":0.83269320470819064}},{"type":"Feature","id":301,"geometry":{"type":"LineString","coordinates":[[-117.20101003499997,32.75896885800006],[-117.15138701599994,32.764511379000055],[-117.12031139999999,32.771835744000043],[-117.10232019799997,32.775494239000068]]},"properties":{"objectid":301,"length":5.8380000000000001,"type":"Multi-Lane Divided","admn_class":"Interstate","toll_rd":"N","rte_num1":"  8","rte_num2":" ","route":"Interstate   8","st_length(shape)":0.10021810683564736}},{"type":"Feature","id":302,"geometry":{"type":"LineString","coordinates":[[-96.792781999999988,32.780524802000059],[-96.814282639999988,32.775207185000056],[-97.049823698999944,32.766526027000054],[-97.207810552999945,32.758210403000078],[-97.299685876999945,32.751774590000025],[-97.318264355999986,32.750843901000053]]},"properties":{"objectid":302,"length":30.52,"type":"Multi-Lane Divided","admn_class":"Interstate","toll_rd":"N","rte_num1":" 20","rte_num2":" 30","route":"Interstate  20","st_length(shape)":0.52675723385681827}},{"type":"Feature","id":303,"geometry":{"type":"LineString","coordinates":[[-97.307316257999958,32.912746810000044],[-97.308994867999957,32.847196747000055],[-97.311588364999977,32.803073059000042],[-97.320873653999968,32.770492645000047],[-97.318264355999986,32.750843901000053]]},"properties":{"objectid":303,"length":11.300000000000001,"type":"Multi-Lane Divided","admn_class":"Interstate","toll_rd":"N","rte_num1":" 35","rte_num2":" ","route":"Interstate  35","st_length(shape)":0.16347035623602818}},{"type":"Feature","id":304,"geometry":{"type":"LineString","coordinates":[[-97.432868595999992,32.749389668000049],[-97.39179874499996,32.737522996000052],[-97.349347345999945,32.751118315000042],[-97.343884357999968,32.751446452000039],[-97.333523536999962,32.751206275000072],[-97.318264355999986,32.750843901000053]]},"properties":{"objectid":304,"length":6.9489999999999998,"type":"Multi-Lane Divided","admn_class":"Interstate","toll_rd":"N","rte_num1":" 20","rte_num2":" 30","route":"Interstate  20","st_length(shape)":0.11842504396206859}},{"type":"Feature","id":305,"geometry":{"type":"LineString","coordinates":[[-96.792781999999988,32.780524802000059],[-96.810277044999964,32.752770063000071],[-96.816059743999972,32.731061374000035],[-96.811924052999984,32.698141236000026],[-96.813937647999978,32.64807157000007]]},"properties":{"objectid":305,"length":9.4819999999999993,"type":"Multi-Lane Divided","admn_class":"Interstate","toll_rd":"N","rte_num1":" 35","rte_num2":" ","route":"Interstate  35","st_length(shape)":0.13856328740135831}},{"type":"Feature","id":306,"geometry":{"type":"LineString","coordinates":[[-88.798555939999972,32.348608494000075],[-88.793161949999956,32.344931038000027]]},"properties":{"objectid":306,"length":0.40400000000000003,"type":"Multi-Lane Divided","admn_class":"Interstate","toll_rd":"N","rte_num1":" 20","rte_num2":" 59","route":"Interstate  20","st_length(shape)":0.0065283084142858947}},{"type":"Feature","id":307,"geometry":{"type":"LineString","coordinates":[[-87.030122133999953,33.348996849000059],[-87.10148122999999,33.278221343000041],[-87.143871004999937,33.256340948000059],[-87.243635320999942,33.203730456000073],[-87.279547672999968,33.194873379000057],[-87.377153024999984,33.195815655000047],[-87.402078828999947,33.186714186000074],[-87.420939094999937,33.178410149000058],[-87.478924088999975,33.184002707000047],[-87.488751357999945,33.185993653000025],[-87.548590353999941,33.183388568000055],[-87.59390228999996,33.169133814000077],[-87.618416210999953,33.152696393000042],[-87.718401216999951,33.045960604000072],[-87.799786149999989,32.979815891000044],[-87.863012915999946,32.935673241000075],[-87.921043732999976,32.876844992000031],[-88.05379929299994,32.785710743000038],[-88.091055270999959,32.746104080000066],[-88.164918850999982,32.699173052000049],[-88.250768138999945,32.577165967000042],[-88.385187561999942,32.459661161000042],[-88.409350696999979,32.449052788000074],[-88.434925402999966,32.437815529000034],[-88.473828913999967,32.408973143000026],[-88.538513599999987,32.403164110000034],[-88.619067918999974,32.385136565000039],[-88.667218796999975,32.348134986000048],[-88.683584585999938,32.343282977000058],[-88.741623302999983,32.344141506000028],[-88.766084026999977,32.339289496000049],[-88.793161949999956,32.344931038000027]]},"properties":{"objectid":307,"length":130.709,"type":"Multi-Lane Divided","admn_class":"Interstate","toll_rd":"N","rte_num1":" 20","rte_num2":" 59","route":"Interstate  20","st_length(shape)":2.1281189727042511}},{"type":"Feature","id":308,"geometry":{"type":"LineString","coordinates":[[-90.021415159999947,35.076850640000032],[-90.020705687999964,35.055061366000075],[-90.00154783399995,35.044250738000073],[-89.990592361999973,35.000336678000053],[-89.973402805999967,34.931338802000027],[-89.970305251999946,34.877327801000035],[-89.95487805199997,34.823355248000041],[-89.94016822399999,34.623069739000073],[-89.886716056999944,34.432010528000035],[-89.905607397999972,34.316084258000046],[-89.914968532999978,34.195175354000071],[-89.910802819999958,34.142472162000047],[-89.891637064999941,34.083451665000041],[-89.871075013999985,33.958971699000074],[-89.837993176999987,33.862240152000027],[-89.83614602099999,33.819508546000066],[-89.837145180999983,33.795407562000037],[-89.829011269999967,33.700396761000036],[-89.785164101999953,33.633664245000034],[-89.773657169999979,33.495881281000038],[-89.775053465999974,33.423097974000029],[-89.793333828999948,33.312042148000046],[-89.81562768699996,33.255562478000058],[-89.890677934999985,33.118807117000074],[-89.906966824999984,33.090990753000028],[-89.943039294999949,33.077655100000072],[-89.956108434999976,33.065314393000051],[-89.973496032999947,32.951901560000067],[-90.007577029999936,32.895757929000069],[-90.01490824199999,32.763226744000065],[-90.03888808399995,32.680232200000034],[-90.067780506999952,32.606763122000075],[-90.136477106999962,32.484775526000078],[-90.136584028999948,32.430100875000051],[-90.132044354999948,32.405523750000043],[-90.142443625999988,32.348506840000027],[-90.167171388999975,32.321022828000025],[-90.166851151999936,32.282747149000045],[-90.214452149999943,32.270605010000054]]},"properties":{"objectid":308,"length":204.75299999999999,"type":"Multi-Lane Divided","admn_class":"Interstate","toll_rd":"N","rte_num1":" 55","rte_num2":" ","route":"Interstate  55","st_length(shape)":3.0032444491713433}},{"type":"Feature","id":309,"geometry":{"type":"LineString","coordinates":[[-96.623875489999989,32.824845478000043],[-96.617519735999963,32.79458836200007],[-96.514182249999976,32.785543251000036],[-96.474728857999992,32.775800782000033],[-96.441379454999947,32.747455079000076],[-96.328864654999961,32.743857681000065],[-96.308386349999978,32.726360529000033],[-96.274114158999964,32.712910054000076],[-96.225375477999989,32.694520136000051],[-96.03837189799998,32.651349784000047],[-95.980035591999979,32.629648997000061],[-95.931969513999945,32.599148016000072],[-95.853980776999947,32.578919369000062],[-95.646892340999955,32.502863115000025],[-95.557542042999955,32.494822957000054],[-95.443532979999986,32.470632433000048],[-95.38750048299994,32.47015629200007],[-95.232770774999949,32.446885395000038],[-95.183307873999979,32.446149061000028],[-95.120599385999981,32.439813849000075],[-95.017133910999974,32.44217928300003],[-94.919970464999949,32.430076647000078],[-94.836792626999966,32.429505172000063],[-94.755651558999944,32.43126858100004],[-94.712132001999976,32.439263969000024],[-94.567327528999954,32.473077400000079],[-94.402671530999953,32.49192660500006],[-94.353833829999985,32.497260023000024],[-94.208275114999935,32.499495887000023],[-94.03730233999994,32.455472799000063],[-94.01147586899998,32.456018466000046],[-93.962455926999951,32.465493369000058],[-93.941848579999942,32.446001057000046],[-93.927260947999969,32.428251613000043],[-93.864317022999955,32.440351615000054],[-93.77087053799994,32.482219951000047],[-93.73772760199995,32.503528344000074],[-93.705156668999962,32.515231210000024],[-93.661943127999962,32.531870359000038],[-93.628922387999978,32.545843326000067],[-93.576705871999991,32.546819838000033],[-93.491766203999987,32.568082407000077],[-93.397433799999988,32.598714011000027],[-93.352205609999942,32.587038006000057],[-93.331887950999942,32.583623902000056],[-93.294304888999989,32.594915411000045],[-93.154629473999989,32.565768590000062],[-92.939337075999958,32.572500938000076],[-92.807443731999967,32.555925520000073],[-92.638531427999965,32.551136188000044],[-92.61678692299995,32.551731365000023],[-92.507744164999963,32.546473792000029],[-92.412450523999951,32.529836750000072],[-92.332369712999991,32.526829789000033],[-92.29665592899994,32.516789205000066],[-92.164411798999936,32.515002620000075],[-92.115185915999973,32.506068644000038],[-92.106388882999966,32.503081697000027],[-92.070461256999977,32.502077797000027],[-91.784053626999992,32.469472628000062],[-91.754451204999953,32.460496515000045],[-91.60063058999998,32.459805478000078],[-91.485568642999965,32.443654584000058],[-91.241032508999979,32.416231143000061],[-91.197818967999979,32.401849980000065],[-91.169696060999968,32.381304783000076],[-91.04173351899999,32.332536080000068],[-90.967078300999958,32.314390027000059],[-90.913328017999959,32.311426256000061],[-90.889806409999949,32.330857997000066],[-90.874860091999949,32.345170162000045],[-90.823177654999938,32.369484462000059],[-90.799945734999937,32.376133063000054],[-90.693070894999948,32.379585090000035],[-90.597236327999951,32.357315461000042],[-90.51824000299996,32.375369867000074],[-90.451496425999949,32.376407477000043],[-90.369882375999964,32.35837940600004],[-90.351319698999987,32.347584053000048],[-90.259680339999989,32.296285057000034],[-90.247129476999987,32.287255747000074],[-90.214452149999943,32.270605010000054]]},"properties":{"objectid":309,"length":391.04599999999999,"type":"Multi-Lane Divided","admn_class":"Interstate","toll_rd":"N","rte_num1":" 20","rte_num2":" ","route":"Interstate  20","st_length(shape)":6.6454253796365848}},{"type":"Feature","id":310,"geometry":{"type":"LineString","coordinates":[[-88.798555939999972,32.348608494000075],[-88.821140011999944,32.371988419000047],[-88.968849791999958,32.358652239000037],[-89.057826128999977,32.361311048000061],[-89.128941886999939,32.355188625000039],[-89.265687240999966,32.35054255700004],[-89.277093572999945,32.344641876000026],[-89.315661572999943,32.325118489000033],[-89.478911793999941,32.340305511000054],[-89.509834665999961,32.345771659000036],[-89.666561640999987,32.316944548000038],[-89.744055274999937,32.297207845000059],[-89.816719546999991,32.298852219000025],[-89.935368357999948,32.281137010000066],[-89.986914378999984,32.289132398000049],[-90.027022991999957,32.288041591000024],[-90.160190435999937,32.263185838000027],[-90.185078317999967,32.258482359000027],[-90.214452149999943,32.270605010000054]]},"properties":{"objectid":310,"length":84.847999999999999,"type":"Multi-Lane Divided","admn_class":"Interstate","toll_rd":"N","rte_num1":" 20","rte_num2":" ","route":"Interstate  20","st_length(shape)":1.4462926151249544}},{"type":"Feature","id":311,"geometry":{"type":"LineString","coordinates":[[-96.813937647999978,32.64807157000007],[-96.817727819999959,32.553386273000058],[-96.822655674999965,32.498059562000037],[-96.86789123899996,32.412712224000074],[-96.869255931999987,32.348372004000055],[-96.895699174999947,32.21467522100005],[-96.966242930999954,32.126753347000033],[-97.078849377999973,32.066803743000037]]},"properties":{"objectid":311,"length":45.847999999999999,"type":"Multi-Lane Divided","admn_class":"Interstate","toll_rd":"N","rte_num1":" 35","rte_num2":" ","route":"Interstate  35","st_length(shape)":0.68783655363667495}},{"type":"Feature","id":312,"geometry":{"type":"LineString","coordinates":[[-97.318264355999986,32.750843901000053],[-97.312770818999979,32.671443594000039],[-97.308490283999959,32.556522277000056],[-97.306636280999953,32.547050535000039],[-97.304278747999945,32.527905321000048],[-97.26565702399995,32.467406363000066],[-97.218093421999981,32.418209975000025],[-97.180867993999982,32.362940147000074],[-97.163776931999962,32.280560795000042],[-97.078849377999973,32.066803743000037]]},"properties":{"objectid":312,"length":50.421999999999997,"type":"Multi-Lane Divided","admn_class":"Interstate","toll_rd":"N","rte_num1":" 35","rte_num2":" ","route":"Interstate  35","st_length(shape)":0.74451853203556473}},{"type":"Feature","id":313,"geometry":{"type":"LineString","coordinates":[[-104.05128809799999,31.099169614000061],[-104.02041104999995,31.133768890000056],[-103.97078065599999,31.157955727000058],[-103.85145344899996,31.259492934000036],[-103.74258660999999,31.338116877000061],[-103.53660846999998,31.409611864000055],[-103.50770761999996,31.399104618000024],[-103.48254479799999,31.40035238300004],[-103.46418016199999,31.410054823000053],[-103.40676716999997,31.422805306000043],[-103.37199882199997,31.438475844000038],[-103.33787937499994,31.470078166000064],[-103.14867890699998,31.520321118000027],[-103.08455147599994,31.529422586000067],[-102.88716495299997,31.583989262000046],[-102.82673130599994,31.608355179000057],[-102.75343340699999,31.635775987000045],[-102.51201220999997,31.777453937000075],[-102.42765297099999,31.820788094000079],[-102.40664848799997,31.821692447000032],[-102.39068720899996,31.810630054000057],[-102.35102155399994,31.818309418000069],[-102.33020826499995,31.82559112000007],[-102.31142437199998,31.847427798000069],[-102.11085075499994,31.951731261000077],[-102.06516485799995,31.960316559000034],[-102.04265768499994,31.967116325000063],[-102.02523163799998,31.982933287000037],[-102.00548703399994,32.035733393000044],[-101.83941472499998,32.124286786000027],[-101.82212614799994,32.149192049000078],[-101.80503613899998,32.15949177300007],[-101.79150086499999,32.159255282000061],[-101.77335744499999,32.146774472000061],[-101.72916686499997,32.155231780000065],[-101.57619477199995,32.222181826000053],[-101.54386822999999,32.23129119500004],[-101.51317447499997,32.241278055000066],[-101.50164647499997,32.26239946700008],[-101.48129879299995,32.275884178000069],[-101.46507100099996,32.277463241000078],[-101.42308520899996,32.263868448000039],[-101.38354122399994,32.264833373000045],[-101.25403016799999,32.295617721000042],[-101.22931030499996,32.307309527000029],[-101.20745993299994,32.328999254000053],[-101.16054575999999,32.34138947100007],[-101.00231609399998,32.361103526000079],[-100.93083532899999,32.394313879000038],[-100.85390632299999,32.409499848000053],[-100.80278851399999,32.401676694000059],[-100.73059774999996,32.414139596000041],[-100.65694959199999,32.402772241000037],[-100.51254541599997,32.434796454000036],[-100.45613316399994,32.447796595000057],[-100.39531028199997,32.451214913000058],[-100.36119136199994,32.475017782000066],[-100.28904642099997,32.489716022000039],[-100.18585641299995,32.488656291000041],[-100.12234048599998,32.50016585700007],[-99.942655477999949,32.467465354000069],[-99.833560048999971,32.469098667000026],[-99.757432161999986,32.488096403000043],[-99.730232569999941,32.494863514000031],[-99.704642589999992,32.489862446000075],[-99.685195047999969,32.475161573000037],[-99.648350953999966,32.451362391000032],[-99.56228835099995,32.430111409000062],[-99.384685408999985,32.405588008000052],[-99.214399983999954,32.381011409000052],[-98.980523312999992,32.37897569200004],[-98.969674235999946,32.37842265200004],[-98.824741773999961,32.379289609000068],[-98.782077059999949,32.400712823000049],[-98.67918463999996,32.450135167000042],[-98.630957916999989,32.474167153000053],[-98.533794470999965,32.501751240000033],[-98.513087575999975,32.500019432000045],[-98.496936155999947,32.520622566000043],[-98.398421710999969,32.507115734000024],[-98.355039623999971,32.518350359000067],[-98.217966658999956,32.569432879000033],[-98.163926161999939,32.576773045000039],[-98.100440783999943,32.614450913000042],[-98.006705136999983,32.683001090000062],[-97.849410900999942,32.736164096000039],[-97.783947216999991,32.736728197000048],[-97.761576986999955,32.737201179000067],[-97.685112535999963,32.759810007000056],[-97.55129618999996,32.729679300000043],[-97.484780676999947,32.729137846000071],[-97.45032519199998,32.749324883000043],[-97.432868595999992,32.749389668000049]]},"properties":{"objectid":313,"length":427.45100000000002,"type":"Multi-Lane Divided","admn_class":"Interstate","toll_rd":"N","rte_num1":" 20","rte_num2":" ","route":"Interstate  20","st_length(shape)":7.1435802557795212}},{"type":"Feature","id":314,"geometry":{"type":"LineString","coordinates":[[-90.214452149999943,32.270605010000054],[-90.228246562999971,32.237700672000074],[-90.339683197999989,32.066445056000077],[-90.363563491999969,32.024778448000063],[-90.413254982999945,31.928172784000026],[-90.420152189999953,31.870198851000055],[-90.43464817499995,31.772016230000077],[-90.471423796999943,31.649898538000059],[-90.477787450999983,31.598283519000063],[-90.482533592999971,31.546222381000064],[-90.491430173999959,31.483619234000059],[-90.491423852999958,31.307874509000044],[-90.490997221999976,31.229342212000063],[-90.491270054999973,31.120193586000028],[-90.511891623999986,31.002825722000068],[-90.517704870999978,30.969667513000047],[-90.530894099999955,30.832467612000073],[-90.532311990999972,30.733734585000036],[-90.529946029999962,30.67296015900007],[-90.501341714999967,30.593676254000059],[-90.496045692999985,30.507760075000078],[-90.484173753999983,30.490945006000061]]},"properties":{"objectid":314,"length":126.80800000000001,"type":"Multi-Lane Divided","admn_class":"Interstate","toll_rd":"N","rte_num1":" 55","rte_num2":" ","route":"Interstate  55","st_length(shape)":1.8539416588094}},{"type":"Feature","id":317,"geometry":{"type":"LineString","coordinates":[[-88.793161949999956,32.344931038000027],[-88.824725821999948,32.269020154000032],[-88.871845937999979,32.204572485000028],[-88.882908856999961,32.104351515000076],[-88.900471847999938,32.070710316000032],[-88.937292239999977,31.986097206000068],[-89.008514918999936,31.908457149000071],[-89.079790268999943,31.79564107300007],[-89.094011313999943,31.75373060000004],[-89.094164058999979,31.724535849000063],[-89.093188073999954,31.704005927000026],[-89.103480422999951,31.691269138000052],[-89.129329015999986,31.686796356000059],[-89.166454896999937,31.685998924000046],[-89.163883520999946,31.658162019000031],[-89.159672511999986,31.637162802000034],[-89.186017260999961,31.638153008000074],[-89.211324399999967,31.629095256000028],[-89.297104162999972,31.514297188000057],[-89.315391899999952,31.501550919000067],[-89.31940539499999,31.387455476000071],[-89.341432212999962,31.361926593000078],[-89.357004256999971,31.346883888000036],[-89.356493352999962,31.330448574000059],[-89.354975387999957,31.284338153000078],[-89.337877478999985,31.26559534200004],[-89.326677088999986,31.245946599000035],[-89.340158112999973,31.195738936000055],[-89.388483329999985,31.052851671000042],[-89.419505222999987,30.996694872000035],[-89.485682591999989,30.882050075000052],[-89.495272315999955,30.838183946000072],[-89.516031880999947,30.802538107000032],[-89.530908674999978,30.741752094000049],[-89.570741820999956,30.67911207800006],[-89.631654242999957,30.550590702000079],[-89.67392919599996,30.47096601800007],[-89.681077640999945,30.457555573000036],[-89.706109839999954,30.410539745000051],[-89.71980470699998,30.379410405000044],[-89.731805161999944,30.316260538000051]]},"properties":{"objectid":317,"length":158.744,"type":"Multi-Lane Divided","admn_class":"Interstate","toll_rd":"N","rte_num1":" 59","rte_num2":" ","route":"Interstate  59","st_length(shape)":2.3754167374755291}},{"type":"Feature","id":318,"geometry":{"type":"LineString","coordinates":[[-90.079696688999945,30.429331539000032],[-89.989315627999986,30.377630141000054],[-89.925661177999984,30.355937780000033],[-89.760919853999951,30.32214067700005],[-89.731805161999944,30.316260538000051]]},"properties":{"objectid":318,"length":22.423999999999999,"type":"Multi-Lane Divided","admn_class":"Interstate","toll_rd":"N","rte_num1":" 12","rte_num2":" ","route":"Interstate  12","st_length(shape)":0.36924789260521584}},{"type":"Feature","id":320,"geometry":{"type":"LineString","coordinates":[[-90.079696688999945,30.429331539000032],[-90.081664986999954,30.408282813000028],[-90.084221087999936,30.395919458000037],[-90.085716404999971,30.381733175000079],[-90.147359366999979,30.007530608000025]]},"properties":{"objectid":320,"length":29.382000000000001,"type":"Multi-Lane Divided","admn_class":"Interstate","toll_rd":"Y","rte_num1":" ","rte_num2":" ","route":" ","st_length(shape)":0.42727610408472871}},{"type":"Feature","id":321,"geometry":{"type":"LineString","coordinates":[[-95.381579260999956,29.770663305000028],[-95.377176530999975,29.811746323000079],[-95.410075074999952,29.864027098000065],[-95.435800944999983,30.018201132000058],[-95.455562403999977,30.186267021000049],[-95.455417559999944,30.265507209000077],[-95.470379678999961,30.31100875900006],[-95.499830935999967,30.440433962000043],[-95.496199829999966,30.525895067000079],[-95.509467537999967,30.651845068000057],[-95.518523709999954,30.670977114000038],[-95.578942081999969,30.724203851000027],[-95.602219825999953,30.746639393000066],[-95.795766139999955,30.917010144000074],[-95.878074913999967,30.966744825000035],[-95.917810092999957,31.015310746000068],[-95.981794787999945,31.157987856000034],[-95.99319479899998,31.263057149000076],[-95.990898889999983,31.300510641000074],[-96.012423230999957,31.363400315000035],[-96.071775551999963,31.454546152000034],[-96.084020924999948,31.467765403000044],[-96.146417602999975,31.579117238000038],[-96.174801227999978,31.705633973000033],[-96.196454612999958,31.74929416100008],[-96.316744636999942,31.852812307000079],[-96.33599413799999,31.879904977000024],[-96.363522393999972,31.904079700000068],[-96.403608885999972,31.924986743000034],[-96.407454361999953,31.935602490000065],[-96.406401477999964,31.983486855000024],[-96.429665000999989,32.031214261000059],[-96.417373803999965,32.052267201000063],[-96.421196631999976,32.099834490000035],[-96.453592171999958,32.138262386000065],[-96.467524581999953,32.21532780900003],[-96.492458287999966,32.264432550000038],[-96.526578260999941,32.290101009000068],[-96.59696189899995,32.319164084000079],[-96.611374664999971,32.337844217000054],[-96.649782546999973,32.424422991000029],[-96.64793012399997,32.553053922000061],[-96.688399003999962,32.639922912000031],[-96.717109713999946,32.670378596000035],[-96.766435670999954,32.650375380000071],[-96.813937647999978,32.64807157000007]]},"properties":{"objectid":321,"length":232.44300000000001,"type":"Multi-Lane Divided","admn_class":"Interstate","toll_rd":"N","rte_num1":" 45","rte_num2":" ","route":"Interstate  45","st_length(shape)":3.4964167554931382}},{"type":"Feature","id":322,"geometry":{"type":"LineString","coordinates":[[-98.392611097999975,29.435955213000057],[-98.397677476999945,29.444740132000049],[-98.403406977999964,29.473704186000077],[-98.38611102699997,29.527994869000054],[-98.377390365999986,29.545282392000047],[-98.335603142999958,29.563899847000073],[-98.285530316999939,29.601618271000063],[-98.150547845999938,29.679140347000043],[-98.097560759999965,29.699764022000068],[-98.024034796999956,29.787333530000069],[-97.944954726999981,29.859164027000077],[-97.914848774999939,29.884243103000074],[-97.890449148999949,29.912170075000063],[-97.863372805999973,30.001858518000063],[-97.784096274999968,30.166469219000078],[-97.749885707999965,30.219782336000037],[-97.731819713999982,30.261515836000058],[-97.712249975999953,30.299550811000074],[-97.700836797999955,30.329054212000074],[-97.694039137999937,30.344926478000048],[-97.669976076999944,30.390632916000072],[-97.668053601999986,30.421244505000061],[-97.663651925999943,30.445396580000079],[-97.672296740999968,30.47714479900003],[-97.685450153999966,30.499377559000038],[-97.687068192999959,30.536003070000049],[-97.683010454999987,30.604519538000034],[-97.703229092999948,30.622317965000036],[-97.699613260999968,30.63733380900004],[-97.690671383999984,30.653151297000079],[-97.674504162999938,30.661043451000069],[-97.65344700899999,30.709520886000064],[-97.594930042999977,30.854552368000043],[-97.550564596999948,30.912542102000032],[-97.525471825999944,30.966369284000052],[-97.493038362999982,30.997629774000075],[-97.464649470999973,31.052275456000075],[-97.357109402999981,31.107338815000048],[-97.26712073799996,31.290233039000043],[-97.214713026999959,31.34966436600007],[-97.192671460999975,31.412568787000055],[-97.14280510399999,31.501683648000039],[-97.129162907999955,31.522791893000033],[-97.118443400999979,31.567256886000052],[-97.111691564999944,31.590822211000045],[-97.098279012999967,31.695478040000069],[-97.106871156999944,31.786522750000074],[-97.087179749999962,31.883190565000064],[-97.094390346999944,31.922153068000057],[-97.119675364999978,31.969330068000033],[-97.091141100999948,32.011473344000024],[-97.084312365999949,32.05052328000005],[-97.078849377999973,32.066803743000037]]},"properties":{"objectid":322,"length":210.99600000000001,"type":"Multi-Lane Divided","admn_class":"Interstate","toll_rd":"N","rte_num1":" 35","rte_num2":" ","route":"Interstate  35","st_length(shape)":3.1735431253146404}},{"type":"Feature","id":323,"geometry":{"type":"LineString","coordinates":[[-81.482696893999957,28.497235629000045],[-81.481315872999971,28.493504975000064],[-81.479385497999942,28.490672353000036],[-81.475853410999946,28.488702475000025],[-81.473800840999957,28.488162602000045],[-81.470695385999989,28.488046200000042],[-81.46867389099998,28.487052307000056],[-81.465644807999979,28.485559098000067],[-81.462112194999975,28.483585006000055],[-81.458022854999967,28.482511054000042],[-81.455474653999943,28.48149451200004],[-81.451942040999938,28.479522527000029],[-81.448340956999971,28.478925770000046],[-81.445891776999986,28.476074187000052],[-81.445525716999953,28.472839690000058],[-81.440490412999964,28.469890666000026],[-81.438552136999988,28.467056465000041],[-81.436134032999973,28.463747175000037],[-81.431197749999967,28.458498556000052],[-81.428687472999968,28.45702430800003],[-81.426185094999937,28.455090246000054],[-81.424361641999951,28.449959609000075],[-81.423438326999985,28.447625251000034],[-81.419883065999954,28.446110973000032],[-81.417372787999966,28.444634617000077],[-81.415411863999964,28.442260230000045],[-81.412917386999936,28.44032616800007],[-81.410452932999988,28.437930185000027],[-81.408492008999986,28.435557904000063],[-81.40599700599995,28.433621735000031],[-81.405585121999934,28.43130633800007],[-81.40264031199996,28.427972293000039],[-81.400672013999952,28.42605929900003]]},"properties":{"objectid":323,"length":7.4050000000000002,"type":"Multi-Lane Divided","admn_class":"Interstate","toll_rd":"Y","rte_num1":" ","rte_num2":" ","route":" ","st_length(shape)":0.11487061857131992}},{"type":"Feature","id":324,"geometry":{"type":"LineString","coordinates":[[-81.400672013999952,28.42605929900003],[-81.398649991999946,28.425062246000039]]},"properties":{"objectid":324,"length":0.14100000000000001,"type":"Multi-Lane Divided","admn_class":"Interstate","toll_rd":"Y","rte_num1":"528","rte_num2":" ","route":"Florida State Hwy 528","st_length(shape)":0.0022544816817381776}},{"type":"Feature","id":325,"geometry":{"type":"LineString","coordinates":[[-80.806341893999956,28.424612966000041],[-80.81592477099997,28.429173181000067],[-80.825560845999973,28.432816402000071],[-80.838348198999938,28.435673252000072],[-80.852562395999939,28.440893956000025],[-80.872368624999979,28.448193039000046],[-80.97439198099994,28.448420576000046],[-81.269565567999962,28.449007325000025],[-81.295460510999987,28.449108453000065],[-81.32957205699995,28.450443651000057],[-81.332807080999942,28.447810124000057],[-81.338040952999961,28.446635044000061],[-81.341169055999956,28.446297426000058],[-81.345350042999939,28.445540551000079],[-81.350591287999976,28.444363364000026],[-81.356252316999985,28.445042287000035],[-81.360388007999973,28.445204513000078],[-81.363081051999984,28.443007625000064],[-81.368330197999967,28.441371151000055],[-81.371526772999971,28.439654618000077],[-81.374181894999936,28.438378411000031],[-81.376318211999944,28.437081663000072],[-81.379438940999989,28.436740357000076],[-81.382604966999963,28.43548153200004],[-81.386877600999981,28.432887508000078],[-81.389471624999942,28.432527241000059],[-81.391653764999944,28.430310865000024],[-81.394354709999959,28.428115557000069],[-81.396979282999951,28.42729547700003],[-81.398649991999946,28.425062246000039]]},"properties":{"objectid":325,"length":37.024999999999999,"type":"Multi-Lane Divided","admn_class":"Interstate","toll_rd":"Y","rte_num1":"528","rte_num2":" ","route":"Florida State Hwy 528","st_length(shape)":0.60398215582426884}},{"type":"Feature","id":326,"geometry":{"type":"LineString","coordinates":[[-81.400672013999952,28.42605929900003],[-81.403807490999952,28.425258707000069],[-81.40553929899994,28.421644455000035],[-81.407744613999967,28.418970372000047],[-81.410369186999958,28.418150292000064],[-81.413581035999982,28.415973945000076],[-81.416274080999983,28.413776530000064],[-81.422186874999966,28.40940329600005],[-81.424811447999957,28.408583215000078],[-81.427451294999969,28.407303321000029],[-81.430625221999946,28.40604449500006],[-81.433318792999955,28.403847607000046],[-81.435943365999947,28.403027527000063],[-81.438544763999971,28.402666734000036],[-81.442237494999972,28.401427396000031],[-81.445335048999937,28.401545378000037],[-81.447959621999985,28.400723191000054],[-81.450027466999984,28.400801670000078],[-81.456802477999986,28.399678208000068],[-81.459411776999957,28.399315834000049],[-81.462013174999981,28.398955568000076],[-81.468803459999947,28.397832105000077],[-81.472442993999948,28.39751134200003],[-81.475532647999955,28.39762616400003],[-81.481727755999941,28.397858441000039],[-81.485413113999982,28.396616996000034],[-81.487991862999934,28.396714437000071],[-81.490631710999935,28.395892250000031],[-81.495857680999961,28.394711903000029],[-81.498978410999939,28.394366384000023]]},"properties":{"objectid":326,"length":6.6970000000000001,"type":"Multi-Lane Divided","admn_class":"Interstate","toll_rd":"Y","rte_num1":"528","rte_num2":" ","route":"Florida State Hwy 528","st_length(shape)":0.10762130236661441}},{"type":"Feature","id":327,"geometry":{"type":"LineString","coordinates":[[-82.328733187999944,27.998507799000038],[-82.328694738999957,27.986075972000037],[-82.332051958999955,27.937381008000045],[-82.342244760999961,27.898550708000073],[-82.342527074999964,27.849291116000074],[-82.374601324999958,27.717598973000065],[-82.390020624999977,27.674750438000046],[-82.48358245899999,27.567342573000076],[-82.485710874999938,27.536066809000033]]},"properties":{"objectid":327,"length":34.143000000000001,"type":"Multi-Lane Divided","admn_class":"Interstate","toll_rd":"N","rte_num1":" 75","rte_num2":" ","route":"Interstate  75","st_length(shape)":0.50552091387252718}},{"type":"Feature","id":328,"geometry":{"type":"LineString","coordinates":[[-80.386538228999939,27.360121935000052],[-80.38945248999994,27.362571115000037],[-80.390848785999935,27.364947610000058],[-80.392756512999938,27.36734675200006],[-80.39363347699998,27.369698492000055],[-80.395502754999939,27.372557449000055],[-80.396364970999969,27.37536900200007],[-80.396746832999952,27.377693879000049],[-80.397540050999964,27.381422427000075],[-80.397379932999968,27.384186050000039],[-80.398684581999987,27.387939879000044],[-80.399027993999937,27.390726150000035],[-80.399912858999983,27.393075783000029],[-80.400775074999956,27.395885229000044],[-80.402461058999961,27.401967623000075],[-80.408084165999981,27.410545020000029],[-80.40988497099994,27.414786578000076],[-80.410769835999986,27.41713621100007],[-80.41325693899995,27.418179614000053],[-80.415706118999935,27.420144225000058],[-80.417689691999954,27.421160766000071],[-80.420131497999989,27.423125377000076],[-80.424594798999976,27.425648296000077],[-80.427547508999965,27.427636082000049],[-80.434559010999976,27.430279616000064],[-80.436603680999951,27.430378637000047],[-80.43958693999997,27.431906083000058],[-80.442539650999947,27.43389386900003],[-80.445522382999968,27.435421314000052],[-80.448444544999973,27.437868387000037],[-80.451878136999937,27.440338635000046],[-80.454830846999982,27.442325895000067],[-80.456738046999988,27.444723458000055],[-80.458508303999963,27.449422723000055],[-80.460820013999978,27.453687456000068],[-80.466114982999954,27.459475948000033],[-80.469929909999962,27.464272654000069],[-80.471806560999937,27.467127924000067],[-80.475621487999945,27.471924629000057],[-80.479955219999965,27.47674661700006],[-80.485196464999945,27.483454210000048],[-80.490598354999975,27.487400287000071],[-80.495542537999938,27.490402507000056],[-80.500516743999981,27.492944914000077],[-80.509099933999948,27.495197633000032],[-80.515119649999974,27.497328156000037],[-80.525740136999957,27.499674102000029],[-80.534804209999947,27.502407176000077],[-80.54395150199997,27.503761335000036],[-80.556662481999979,27.505279827000038],[-80.567366714999935,27.506243171000051],[-80.575545395999939,27.506624506000037],[-80.585227293999935,27.507538339000064],[-80.595397447999972,27.50893463500006],[-80.60744477999998,27.513184094000053],[-80.617431640999939,27.517799613000079],[-80.627769812999986,27.525194557000077],[-80.633697881999979,27.529159595000067],[-80.638061635999975,27.533512288000054],[-80.641884463999986,27.538299513000027],[-80.645180058999983,27.543525484000043],[-80.648491455999988,27.548289534000048],[-80.64940686999995,27.550176192000038],[-80.650223262999987,27.553903159000072],[-80.651092853999955,27.556710499000076],[-80.652550246999965,27.558162099000072],[-80.655464507999966,27.561061085000063],[-80.65998153299995,27.562653316000024],[-80.667015683999978,27.565281575000029],[-80.743356885999958,27.565982094000049],[-80.754587824999987,27.566949125000065],[-80.761713620999956,27.567731282000068],[-80.767313552999951,27.568442861000051],[-80.769793281999966,27.569936071000029],[-80.774760112999957,27.572926704000054],[-80.784655853999936,27.579363570000055],[-80.858021170999962,27.654080940000028],[-80.865879614999983,27.660416679000036],[-80.87019017099999,27.666138806000049],[-80.872471858999972,27.671311052000078],[-80.87572953199998,27.67744506300005],[-80.879040927999938,27.682659446000059],[-80.880917579999959,27.685968736000063],[-80.884060956999974,27.694406556000047],[-80.887265432999982,27.701459667000051],[-80.890652674999956,27.705293029000075],[-80.894986406999976,27.710551655000074],[-80.898839255999974,27.71532940000003],[-80.900723807999952,27.718638163000037],[-80.90362279499999,27.721991169000034],[-80.906537581999942,27.724882782000066],[-80.90943656799999,27.728235788000063],[-80.910909236999942,27.729681594000056],[-80.913899869999966,27.731193765000057],[-80.935468453999988,27.750562302000048],[-80.947248746999946,27.760749310000051],[-80.95691536999999,27.772223587000042],[-80.966704188999984,27.781401428000038],[-80.973448651999945,27.789984092000054],[-80.98015466399994,27.799024463000023],[-80.987876164999989,27.808572577000064],[-80.993010488999971,27.818465684000046],[-80.996085394999966,27.828272938000055],[-80.999678578999976,27.83810126000003],[-81.003371309999977,27.846092961000068],[-81.006041705999962,27.854038311000068],[-81.011710635999975,27.863492673000053],[-81.01843192299998,27.87253146300003],[-81.027747760999944,27.881215255000029],[-81.035621479999975,27.887997640000037],[-81.041473175999954,27.894232251000062],[-81.046264614999984,27.900882960000047],[-81.051559583999961,27.908016130000078],[-81.054420646999972,27.912280864000024],[-81.056824003999964,27.915607535000049],[-81.058693280999989,27.919370318000063],[-81.063927152999952,27.927418903000046],[-81.070320828999968,27.933213188000025],[-81.076240996999957,27.938067305000061],[-81.083115555999939,27.944342473000063],[-81.089493957999935,27.950594466000041],[-81.10085393899999,27.959818130000031],[-81.109208539999941,27.967531203000078],[-81.116029373999936,27.975183179000055],[-81.120416302999956,27.979968297000028],[-81.125314662999983,27.984776590000024],[-81.132715399999938,27.991068613000039],[-81.137575309999988,27.996794427000054],[-81.142038611999965,28.000200630000052],[-81.145494851999956,28.003107517000046],[-81.149996075999979,28.005592513000067],[-81.155496986999935,28.009042960000045],[-81.162035507999974,28.012073623000049],[-81.167063436999968,28.014579687000037],[-81.176623138999958,28.019113566000044],[-81.184100248999982,28.024022460000026],[-81.191065926999954,28.028909233000036],[-81.199557997999989,28.034317970000075],[-81.207080403999953,28.038306183000032],[-81.212009312999953,28.042649396000058],[-81.219425323999985,28.048933517000023],[-81.227848395999956,28.055719589000034],[-81.238232392999976,28.064422869000055],[-81.247219565999956,28.070308801000067],[-81.255177557999957,28.076150490000032],[-81.26009066499995,28.080951410000068],[-81.264516043999947,28.085271447000025],[-81.266904125999986,28.089050032000046],[-81.269910032999974,28.09101042900005],[-81.272359212999959,28.093410099000039],[-81.276768790999938,28.098189423000065],[-81.279668303999983,28.101986969000052],[-81.282575190999978,28.105786095000042],[-81.291242126999975,28.128685137000048],[-81.296262155999955,28.141773239000031],[-81.304471385999989,28.184443220000048],[-81.309255450999956,28.213167098000042],[-81.312986104999936,28.221139310000069],[-81.31665566099997,28.230487277000066],[-81.319944409999948,28.237057926000034],[-81.324338712999975,28.242293378000056],[-81.325185654999984,28.246006650000027],[-81.326085793999937,28.248802929000078],[-81.326970658999983,28.251598681000075],[-81.329953917999944,28.264600930000029],[-81.330846683999937,28.267396682000026],[-81.331647802999953,28.272029582000073],[-81.332998274999966,28.276223737000066],[-81.333913688999985,28.278560202000051],[-81.335302084999967,28.281834729000025],[-81.33673682999995,28.284190683000077],[-81.342619075999949,28.290864039000041],[-81.34510617799998,28.292801789000066],[-81.348043613999948,28.296135833000051],[-81.351537777999965,28.298571319000075],[-81.354566859999977,28.300070323000057],[-81.357595942999978,28.301567746000046],[-81.362615971999958,28.304524143000037],[-81.365110974999936,28.306459785000072],[-81.368566688999977,28.30981489900006],[-81.36897119799994,28.312131875000034],[-81.371954457999948,28.314546820000032],[-81.373396576999937,28.316904353000041],[-81.37374736299995,28.320136744000024],[-81.375677737999979,28.322973052000066],[-81.376600525999947,28.325309517000051],[-81.378485076999937,28.329062819000058],[-81.379919822999966,28.331418246000055],[-81.380789412999945,28.334672232000059],[-81.381140198999958,28.338366543000063],[-81.382589691999954,28.340262682000059],[-81.38349035899995,28.343058434000056],[-81.385649323999985,28.351881803000026],[-81.386564737999947,28.354218268000068],[-81.386969247999957,28.356531558000029],[-81.387884660999987,28.35886802300007],[-81.38777773999999,28.361164458000076],[-81.388190150999947,28.363479855000037],[-81.389082388999952,28.366274027000031],[-81.38894544599998,28.369029749000049],[-81.389219859999969,28.374099815000079],[-81.389532722999945,28.378253414000028],[-81.389944605999972,28.380568810000057],[-81.390341214999978,28.382882627000072],[-81.390661978999958,28.387036752000029],[-81.391043313999944,28.389809856000056],[-81.390913743999988,28.392565578000074],[-81.391226606999965,28.396718124000074],[-81.391577392999977,28.399951041000065],[-81.391989275999947,28.402268018000029],[-81.39237061099999,28.405041122000057],[-81.39270664899999,28.408733853000058],[-81.393072708999966,28.411968351000041],[-81.393996023999989,28.414303236000023],[-81.394850339999948,28.418016508000051],[-81.396216086999971,28.421749269000031],[-81.397696128999939,28.423183488000063],[-81.398649991999946,28.425062246000039]]},"properties":{"objectid":328,"length":103.488,"type":"Multi-Lane Divided","admn_class":"Interstate","toll_rd":"Y","rte_num1":" ","rte_num2":" ","route":" ","st_length(shape)":1.5847280818784031}},{"type":"Feature","id":329,"geometry":{"type":"LineString","coordinates":[[-80.386538228999939,27.360121935000052],[-80.412166131999982,27.341981676000046],[-80.41846026199994,27.321976352000036],[-80.421122756999978,27.233936497000059],[-80.405611810999972,27.176855330000024],[-80.380990441999984,27.101767160000065],[-80.348511154999983,27.047980008000025],[-80.322875351999983,26.99127859500004],[-80.284445347999963,26.944550348000064],[-80.215878316999977,26.908758612000042],[-80.153117158999976,26.903256121000027]]},"properties":{"objectid":329,"length":40.061,"type":"Multi-Lane Divided","admn_class":"Interstate","toll_rd":"N","rte_num1":" 95","rte_num2":" ","route":"Interstate  95","st_length(shape)":0.60453326405377228}},{"type":"Feature","id":330,"geometry":{"type":"LineString","coordinates":[[-80.222220375999939,26.097466437000037],[-80.219923413999936,26.185361448000037],[-80.204046407999954,26.205856608000033],[-80.196439728999962,26.214729486000067],[-80.188413265999941,26.222192901000028],[-80.18082186099997,26.230600172000038],[-80.177380894999942,26.237368863000029],[-80.176175266999962,26.248884749000069],[-80.175747581999985,26.272480096000038],[-80.17506128499997,26.283559343000036],[-80.175335697999969,26.30394442100004],[-80.175693857999988,26.355816472000072],[-80.176724093999951,26.42159881200007],[-80.176762016999987,26.445668721000061],[-80.178516471999956,26.458254345000057],[-80.177654254999936,26.464226131000032],[-80.175983545999941,26.483114312000055],[-80.175274073999958,26.494647579000059],[-80.17212279599994,26.512993254000037],[-80.17115365799998,26.528676960000041],[-80.172573128999943,26.546794571000078],[-80.17093244199998,26.581873148000057],[-80.172939188999976,26.598628699000074],[-80.174777916999972,26.618151560000058],[-80.176319056999944,26.634420435000038],[-80.174815839999951,26.650531299000079],[-80.174136916999942,26.661597379000057],[-80.174312309999948,26.667157281000073],[-80.173060857999985,26.670792601000073],[-80.171855755999957,26.673968108000054],[-80.168063476999976,26.677936833000047],[-80.162715310999943,26.682287419000033],[-80.144984301999955,26.698026429000038],[-80.14172610199995,26.701558515000045],[-80.140566296999964,26.703813341000057],[-80.139307470999938,26.70791005500007],[-80.137804780999943,26.715693707000071],[-80.134454934999951,26.769624123000028],[-80.133821834999935,26.788086726000074],[-80.133066538999969,26.800068219000025],[-80.133257206999986,26.813483932000054],[-80.132883245999949,26.819476785000063],[-80.134355913999968,26.836655808000046],[-80.134493383999938,26.842674997000074],[-80.136507505999987,26.851097542000048],[-80.139314844999944,26.863262329000065],[-80.141840396999953,26.871711737000055],[-80.142992301999982,26.877778856000077],[-80.146166228999959,26.883950789000039],[-80.148836624999944,26.890095861000077],[-80.151392725999983,26.898083874000065],[-80.153117158999976,26.903256121000027]]},"properties":{"objectid":330,"length":57.048000000000002,"type":"Multi-Lane Divided","admn_class":"Interstate","toll_rd":"Y","rte_num1":" ","rte_num2":" ","route":" ","st_length(shape)":0.84005370668037394}},{"type":"Feature","id":331,"geometry":{"type":"LineString","coordinates":[[-102.56616594799999,48.999958294000066],[-102.56553495499998,48.894089989000065],[-102.24741755599996,48.891304244000025]]},"properties":{"objectid":331,"length":21.898,"type":"Paved Undivided","admn_class":"US Highway","toll_rd":"N","rte_num1":" 52","rte_num2":" ","route":"U.S. Hwy  52","st_length(shape)":0.42399978150676271}},{"type":"Feature","id":332,"geometry":{"type":"LineString","coordinates":[[-122.32418937799997,47.592582596000057],[-122.32627987199999,47.601715141000057],[-122.32405980799996,47.615627009000036],[-122.32452541599997,47.63772546000007],[-122.32367899999997,47.652042365000057],[-122.32145314399997,47.764586661000067],[-122.30911770399996,47.795023384000046],[-122.26849923999998,47.834379335000051],[-122.24954837999996,47.858614102000047],[-122.20816092599995,47.92289164500005],[-122.20760472499995,47.949662499000056],[-122.20376082999996,47.977486763000059],[-122.17523446699994,48.001157429000045],[-122.17513649999995,48.033544542000072],[-122.20506179199998,48.060949549000043],[-122.19103510099995,48.156094133000067],[-122.20253413299997,48.181057860000067],[-122.33194037399994,48.335971915000073],[-122.32819602599994,48.405885732000058],[-122.34609610699999,48.441249257000038],[-122.34273256699998,48.466339394000045],[-122.34818818099995,48.491093493000051],[-122.37490162399996,48.656085002000054],[-122.38990956699996,48.67216426300007],[-122.46550495399998,48.693296736000036],[-122.46075196499999,48.766131661000031],[-122.48608227899996,48.782271493000053],[-122.52556569399997,48.787665483000069],[-122.58038466099998,48.843365102000064],[-122.59046211499998,48.888345213000036],[-122.60819365099997,48.895047539000075],[-122.61825635699995,48.915948788000037],[-122.66757494099994,48.930647028000067],[-122.74428167699995,48.997953653000081]]},"properties":{"objectid":332,"length":108.98699999999999,"type":"Multi-Lane Divided","admn_class":"Interstate","toll_rd":"N","rte_num1":"  5","rte_num2":" ","route":"Interstate   5","st_length(shape)":1.7502173933592802}},{"type":"Feature","id":394,"geometry":{"type":"LineString","coordinates":[[-71.129943198999968,42.202003367000032],[-71.080686239999977,42.194542059000071],[-71.032405791999963,42.207985160000078],[-71.000193545999934,42.207699159000072],[-71.032292023999958,42.239799744000038],[-71.047544357999982,42.296508004000032],[-71.059165058999952,42.352220791000036]]},"properties":{"objectid":394,"length":17.536000000000001,"type":"Multi-Lane Divided","admn_class":"Interstate","toll_rd":"N","rte_num1":" 93","rte_num2":" ","route":"Interstate  93","st_length(shape)":0.29318043505912994}},{"type":"Feature","id":333,"geometry":{"type":"LineString","coordinates":[[-93.406864459999952,48.60251906600007],[-93.372588580999945,48.500705339000035],[-93.190429636999966,48.397738127000025],[-93.000352204999956,48.39772759300007],[-92.960751335999987,48.358126723000055],[-92.976594632999991,48.278927617000079],[-92.865721046999965,48.175962512000069],[-92.834046565999984,48.04924352200004],[-92.849889863999977,47.914607623000052],[-92.69148901899996,47.851248128000066],[-92.651890255999945,47.653251680000039],[-92.556850485999973,47.629489895000063],[-92.517254883999954,47.597813307000081],[-92.541014562999976,47.534452759000033],[-92.534564001999968,47.398806112000045]]},"properties":{"objectid":333,"length":106.255,"type":"Paved Undivided","admn_class":"US Highway","toll_rd":"N","rte_num1":" 53","rte_num2":" ","route":"U.S. Hwy  53","st_length(shape)":1.785678768248687}},{"type":"Feature","id":334,"geometry":{"type":"LineString","coordinates":[[-120.53734353299996,46.972950603000072],[-120.70805927599997,47.184296925000069],[-120.66533504299997,47.269753817000037],[-120.62973028699997,47.348084912000047],[-120.56563393099998,47.355207549000056],[-120.64397081999999,47.476265510000076],[-120.59412974499998,47.561719242000038],[-120.32351221499999,47.504753950000065],[-120.20244951399997,47.647183508000069],[-120.14548211499999,47.789608326000064],[-119.98168622699995,47.839458882000031],[-119.93896041399995,47.924917881000056],[-119.87487301199997,48.095828505000043],[-119.78229295699998,48.110074305000069],[-119.66834867799997,48.110075358000074],[-119.66122551499996,48.273866506000047],[-119.55440071299995,48.330836538000028],[-119.51879279699995,48.423412380000059],[-119.54016702699994,48.544471921000081],[-119.44047012899995,48.686894632000076],[-119.38350272999998,48.82932629700008],[-119.41958731499994,48.999766573000045]]},"properties":{"objectid":334,"length":183.202,"type":"Paved Undivided","admn_class":"US Highway","toll_rd":"N","rte_num1":" 97","rte_num2":" ","route":"U.S. Hwy  97","st_length(shape)":3.043255375404998}},{"type":"Feature","id":373,"geometry":{"type":"LineString","coordinates":[[-71.478463085999977,43.049472300000048],[-71.495882285999983,43.122599019000063],[-71.553493844999934,43.161904934000063],[-71.566533489999983,43.183991270000035]]},"properties":{"objectid":373,"length":10.795999999999999,"type":"Multi-Lane Divided","admn_class":"Interstate","toll_rd":"Y","rte_num1":" 93","rte_num2":" ","route":"Interstate  93","st_length(shape)":0.17056385326335077}},{"type":"Feature","id":335,"geometry":{"type":"LineString","coordinates":[[-122.32418937799997,47.592582596000057],[-122.31417934199999,47.593429538000066],[-122.16998005399995,47.562959106000051],[-122.11489509999996,47.562699967000071],[-122.06295299699997,47.542501870000081],[-121.99442388899996,47.524272071000041],[-121.95465816099994,47.52201408500008],[-121.90631608899997,47.503932816000031],[-121.87610268899999,47.503623640000058],[-121.82760155199998,47.509929357000033],[-121.75876590099995,47.476860160000058],[-121.59954602899995,47.425176670000042],[-121.53959853199996,47.391716131000067],[-121.45296497999999,47.397760602000062],[-121.43856801499999,47.412489391000065],[-121.41371910999999,47.411448094000036],[-121.38246915299999,47.394953262000058],[-121.34924247199996,47.338488867000081],[-121.29559963799994,47.31624557300006],[-121.26423485999999,47.276279696000074],[-121.17930151299998,47.254503063000072],[-121.14488395099994,47.227949739000053],[-121.03273573799999,47.185296085000061],[-120.96892169599994,47.189447577000067],[-120.89799660399996,47.163886039000033],[-120.84410147799997,47.154830920000052],[-120.79823176099995,47.111515724000071],[-120.59419189599998,47.012687363000055],[-120.56097258899996,46.989201044000026],[-120.53734353299996,46.972950603000072]]},"properties":{"objectid":335,"length":100.79300000000001,"type":"Multi-Lane Divided","admn_class":"Interstate","toll_rd":"N","rte_num1":" 90","rte_num2":" ","route":"Interstate  90","st_length(shape)":1.9684725987028502}},{"type":"Feature","id":336,"geometry":{"type":"LineString","coordinates":[[-120.53734353299996,46.972950603000072],[-120.53265164099997,46.969723480000027]]},"properties":{"objectid":336,"length":0.315,"type":"Multi-Lane Divided","admn_class":"Interstate","toll_rd":"N","rte_num1":" 90","rte_num2":" ","route":"Interstate  90","st_length(shape)":0.0056945740311978568}},{"type":"Feature","id":337,"geometry":{"type":"LineString","coordinates":[[-115.04497743799999,48.999878761000048],[-115.06063217499997,48.902674759000035],[-115.00717052699997,48.868655387000047],[-114.89052635699994,48.771457178000048],[-114.88080495599996,48.722857021000038],[-114.82248339799997,48.722858074000044],[-114.72527202199996,48.645095821000041],[-114.57946733599999,48.543037176000041],[-114.56974593499996,48.494433331000039],[-114.45310439799999,48.397234070000081],[-114.33645390799995,48.387514776000046],[-114.32187154299999,48.197968789000072],[-114.23924674599999,48.086180842000033],[-114.22466438099997,48.01813893700006],[-114.19064237399999,47.964677289000065],[-114.18092149999995,47.906352570000081],[-114.21494297999999,47.896632222000051],[-114.23438367499995,47.872331090000046],[-114.29756514399998,47.852890395000031],[-114.34616530099998,47.823729879000041],[-114.32186469599998,47.784849016000067],[-114.25382384299996,47.789709453000057],[-114.18578088399994,47.697364308000033],[-114.11773792499997,47.67792466700007],[-114.09343363199997,47.323138566000068],[-114.13717440599999,47.298834274000058],[-114.16633492199998,47.274534195000058],[-114.12259362099996,47.225934037000059],[-114.07885337399995,47.172473970000055],[-114.02053286899996,47.13845407000008],[-114.02539435999995,47.070409531000053],[-114.06913565999997,47.060689183000079],[-114.11287696099998,47.026668230000041],[-114.12259783499997,46.997508241000048],[-114.11750090699996,46.941470477000053]]},"properties":{"objectid":337,"length":176.45599999999999,"type":"Paved Undivided","admn_class":"US Highway","toll_rd":"N","rte_num1":" 93","rte_num2":" ","route":"U.S. Hwy  93","st_length(shape)":2.9535177062063465}},{"type":"Feature","id":338,"geometry":{"type":"LineString","coordinates":[[-120.53265164099997,46.969723480000027],[-120.49028451499998,46.960697856000081],[-120.36669942199995,46.962404382000045],[-120.28770994499996,46.938593612000034],[-120.20633975999999,46.932708733000027],[-119.98334903599999,46.939108730000044],[-119.96570914599999,46.945914290000076],[-119.96068911799995,46.96715105100003],[-119.97987804699994,47.008990418000053],[-119.85466806799997,47.082382597000048],[-119.82007511299997,47.098714150000035],[-119.22588404299995,47.098115813000049],[-119.14151374399995,47.084295591000057],[-118.69730887299994,47.081299164000029],[-118.65230821999995,47.092412121000052],[-118.57818497399995,47.11119285400008],[-118.38898766699998,47.110013560000027],[-118.36309219699996,47.113947523000036],[-118.14728257399997,47.228461696000068],[-118.05814348499996,47.286610496000037],[-118.02363374999999,47.300652987000035],[-117.97632770699994,47.308348153000054],[-117.93042638799994,47.322456483000053],[-117.87213379799999,47.360524640000051],[-117.79217307699997,47.43777704200005],[-117.72119320799999,47.496097547000034],[-117.59790096299997,47.566134613000031],[-117.57128232699995,47.589244864000079],[-117.52910639499999,47.600914548000048],[-117.46693514699996,47.63242101000003],[-117.45018854999995,47.638917921000029],[-117.41802265299998,47.647299383000075],[-117.33139594899995,47.646614139000064],[-117.28247608099997,47.668804763000026],[-117.23544655899997,47.666135420000046],[-117.14946612199998,47.663498207000032],[-117.04000357899997,47.691642181000077],[-116.98557384699996,47.714192018000062],[-116.89012693399997,47.713694281000073],[-116.78128853699997,47.696999301000062],[-116.73843894899994,47.657811896000055],[-116.69221791999996,47.633333790000052],[-116.64325064899998,47.625396867000063],[-116.61369352399998,47.629456185000038],[-116.53117933399994,47.62138600600008],[-116.48181387399995,47.583493242000031],[-116.43761486599999,47.574117886000067],[-116.39337846299998,47.570716423000079],[-116.33063889999994,47.540990752000027],[-116.22808251799995,47.539539679000029],[-116.15823453999997,47.550172807000081],[-116.06656568399995,47.536706004000052],[-116.03008765099997,47.510244853000074],[-115.91147834299994,47.47027634300008],[-115.82862126899994,47.459943438000039],[-115.72679806099995,47.462264628000071],[-115.68956525799996,47.449042217000056],[-115.68675001799994,47.447631173000048],[-115.65047160599994,47.429354497000077],[-115.47431288999996,47.406370655000046],[-115.38913567799995,47.387476680000077],[-115.31207604999997,47.366789800000049],[-115.20004160499997,47.306997153000054],[-115.14219355499995,47.297498549000068],[-115.10268696499998,47.300635079000074],[-115.06594241899995,47.278066808000062],[-115.04152699199994,47.246010993000027],[-115.02101076399998,47.240205119000052],[-114.98561721699997,47.240613316000065],[-114.96454426199995,47.231571892000034],[-114.92106262699997,47.192783202000044],[-114.82070260699999,47.142068849000054],[-114.78098954899997,47.074824902000046],[-114.74203283999998,47.026884179000035],[-114.71787760499996,47.013631219000047],[-114.66904095699999,47.021539173000065],[-114.59217357599999,46.994953720000069],[-114.53158771099999,47.014546106000068],[-114.43077893799995,46.989738810000063],[-114.39981076899994,47.03278907300006],[-114.31782381199997,47.036264802000062],[-114.20994191199998,47.00656336000003],[-114.12688521699994,46.943774286000064],[-114.11750090699996,46.941470477000053]]},"properties":{"objectid":338,"length":350.81599999999997,"type":"Multi-Lane Divided","admn_class":"Interstate","toll_rd":"N","rte_num1":" 90","rte_num2":" ","route":"Interstate  90","st_length(shape)":6.964493939519369}},{"type":"Feature","id":339,"geometry":{"type":"LineString","coordinates":[[-103.79695208499999,48.999940386000048],[-103.78652963899998,48.91027564500007],[-103.62483372499997,48.90428753100008],[-103.61884403199997,48.179654190000065],[-103.72664376599994,48.131745070000079],[-103.66675947199997,48.065869503000044],[-103.63082341899997,47.808353243000056],[-103.27748417799995,47.81434293600006],[-103.28347387099996,47.676598949000038],[-103.25352751099996,47.568801849000067],[-103.24155391799997,47.377165896000065],[-103.16968444399998,47.341231949000075],[-103.19962869699998,47.275360069000044],[-103.21160334399997,47.161574855000026],[-103.18764614999998,47.131629549000081],[-103.17379537899996,46.903088930000081]]},"properties":{"objectid":339,"length":173.77199999999999,"type":"Paved Undivided","admn_class":"US Highway","toll_rd":"N","rte_num1":" 85","rte_num2":" ","route":"U.S. Hwy  85","st_length(shape)":2.7733245331979051}},{"type":"Feature","id":340,"geometry":{"type":"LineString","coordinates":[[-96.856852547999949,46.844921170000077],[-96.858492180999974,46.872615865000057],[-96.867013746999987,46.922760849000042],[-96.929384616999982,47.005164430000036],[-97.068707666999956,47.345716845000027],[-97.092214526999953,47.376856720000035],[-97.087324593999938,47.435607016000063],[-97.103629285999943,47.49082154000007],[-97.084172788999979,47.572848000000079],[-97.089303952999956,47.771478074000072],[-97.089293418999944,47.866564193000045],[-97.102865562999966,47.897711968000067],[-97.102376253999978,47.927699938000046],[-97.109317703999977,47.995934092000027],[-97.115450660999954,48.040120458000047],[-97.154948295999986,48.057314228000052],[-97.154230396999992,48.096087117000081],[-97.195145395999987,48.164634660000047],[-97.198112327999979,48.213772057000028],[-97.203794951999953,48.405018248000033],[-97.205923367999958,48.572162929000058],[-97.199078831999941,48.707951259000026],[-97.247686889999954,48.779321416000073],[-97.248761895999962,48.795122051000078],[-97.268349540999964,48.954558925000072],[-97.255575882999949,48.999927218000039]]},"properties":{"objectid":340,"length":151.88900000000001,"type":"Multi-Lane Divided","admn_class":"Interstate","toll_rd":"N","rte_num1":" 29","rte_num2":" ","route":"Interstate  29","st_length(shape)":2.2760128228775685}},{"type":"Feature","id":341,"geometry":{"type":"LineString","coordinates":[[-102.24741755599996,48.891304244000025],[-102.24741650199996,48.808464551000043],[-102.07972720799995,48.802472751000039],[-102.07374436199996,48.700667451000072],[-101.98390738799998,48.604846577000046],[-101.99588519499997,48.55693745700006],[-101.51081062099996,48.311390049000067],[-101.40900374099999,48.245511849000081],[-101.28922778099997,48.209581062000041],[-101.28323387399996,47.646640475000027],[-101.04966479999996,47.323247594000065],[-100.79214379899997,47.161552734000054],[-100.76419997199997,46.840294590000042]]},"properties":{"objectid":341,"length":174.17400000000001,"type":"Paved Divided","admn_class":"US Highway","toll_rd":"N","rte_num1":" 52","rte_num2":" ","route":"U.S. Hwy  52","st_length(shape)":2.9117832585013237}},{"type":"Feature","id":342,"geometry":{"type":"LineString","coordinates":[[-96.856852547999949,46.844921170000077],[-96.906559312999946,46.846581872000058],[-96.949986696999986,46.869528845000048],[-97.212410797999951,46.87310412100004],[-97.610635343999945,46.875216736000027],[-97.677601189999962,46.911891757000035],[-97.787848523999969,46.914166071000068],[-97.98473678299996,46.914659594000057],[-98.021562968999945,46.904768594000075],[-98.089767626999958,46.908184278000078],[-98.114280494999946,46.901883302000044],[-98.192669526999964,46.902922491000027],[-98.296443124999939,46.902676520000057],[-98.34140322199994,46.890286830000036],[-98.672398040999951,46.891577785000038],[-98.712934865999955,46.883493911000073],[-99.054503821999958,46.884275541000079],[-99.115004887999987,46.874948643000039],[-99.339042174999975,46.873089900000025],[-99.424826150999991,46.871842135000065],[-99.490194500999962,46.887326219000045],[-99.750238946999957,46.883216864000076],[-99.855317193999952,46.88137392200008],[-99.906159535999961,46.864982324000039],[-99.928055731999962,46.865176678000068],[-100.20438064099994,46.863909952000029],[-100.23651651499995,46.859282845000052],[-100.29492181999996,46.836079367000082],[-100.67342967699994,46.844856912000068],[-100.76419997199997,46.840294590000042]]},"properties":{"objectid":342,"length":188.72399999999999,"type":"Multi-Lane Divided","admn_class":"Interstate","toll_rd":"N","rte_num1":" 94","rte_num2":" ","route":"Interstate  94","st_length(shape)":3.9373343008315471}},{"type":"Feature","id":343,"geometry":{"type":"LineString","coordinates":[[-100.76419997199997,46.840294590000042],[-100.77256194699999,46.839874806000068],[-100.84260164599999,46.832326065000075],[-100.97655546099998,46.862885510000069],[-101.04730463299995,46.869016360000046],[-101.40878463199999,46.859789536000051],[-101.76910008499999,46.861073643000054],[-101.89639371099997,46.864915959000029],[-101.98366194299996,46.854292838000049],[-102.10102137899997,46.857344569000077],[-102.24584744699996,46.850546910000048],[-102.29981262499996,46.867751214000066],[-102.36995239899994,46.87594148200003],[-102.50278538499998,46.871951163000062],[-102.69032304399997,46.884880199000065],[-102.77698556499996,46.900365337000039],[-102.87601407399995,46.89387053300004],[-103.09905009399995,46.89413546600008],[-103.17379537899996,46.903088930000081]]},"properties":{"objectid":343,"length":115.70699999999999,"type":"Multi-Lane Divided","admn_class":"Interstate","toll_rd":"N","rte_num1":" 94","rte_num2":" ","route":"Interstate  94","st_length(shape)":2.4205171585653775}},{"type":"Feature","id":344,"geometry":{"type":"LineString","coordinates":[[-89.675853776999986,48.018100487000027],[-89.863956064999968,47.874978311000064],[-90.362931971999956,47.740339779000067],[-90.513425389999952,47.708660031000079],[-91.044104746999949,47.455234692000033],[-91.495566036999946,47.12261287900003],[-91.891571572999965,46.892941951000068],[-92.106581656999936,46.796608594000077]]},"properties":{"objectid":344,"length":144.167,"type":"Paved Undivided","admn_class":"State Highway","toll_rd":"N","rte_num1":" 61","rte_num2":" ","route":"Minnesota State Hwy  61","st_length(shape)":2.74921397754997}},{"type":"Feature","id":345,"geometry":{"type":"LineString","coordinates":[[-92.534564001999968,47.398806112000045],[-92.53309976099996,47.368136586000048],[-92.461818616999949,47.320617754000068],[-92.461822303999952,46.948384538000028],[-92.106581656999936,46.796608594000077]]},"properties":{"objectid":345,"length":52.244,"type":"Paved Divided","admn_class":"US Highway","toll_rd":"N","rte_num1":" 53","rte_num2":" ","route":"U.S. Hwy  53","st_length(shape)":0.87491126785843598}},{"type":"Feature","id":346,"geometry":{"type":"LineString","coordinates":[[-114.11750090699996,46.941470477000053],[-114.05522800499995,46.926185487000055],[-113.97403268599999,46.885857238000028],[-113.89595756999995,46.879979732000038],[-113.85098009199999,46.862428856000065],[-113.75037462699999,46.802695727000071],[-113.69642419599995,46.780754235000074],[-113.70004108199998,46.748252301000036],[-113.68416302199995,46.734557434000067],[-113.58683787799998,46.733090033000053],[-113.48360625999999,46.70569714100003],[-113.40477479399999,46.705945746000054],[-113.35003114599999,46.725615031000075],[-113.27531956999997,46.722689709000065],[-113.20392676399996,46.696864292000043],[-113.14753400099994,46.664534590000073],[-113.01729872499999,46.606657571000028],[-112.93788050999996,46.59651849200003],[-112.90224889199999,46.584444825000048],[-112.83873085899995,46.54306211100004],[-112.78354425099997,46.527604889000031],[-112.74158795499994,46.501988574000052],[-112.71898070699996,46.473751899000035],[-112.71294518999997,46.434567127000037],[-112.72974498499997,46.276869433000059],[-112.73867896099995,46.25055892000006],[-112.77018120899999,46.210737361000042],[-112.78292168499996,46.155210501000056],[-112.78922266099994,46.107740127000056],[-112.78269888899996,46.086458070000049],[-112.77248238499999,46.061395322000067],[-112.71316798699996,46.014631259000055],[-112.62721862499995,46.005480280000029]]},"properties":{"objectid":346,"length":116.949,"type":"Multi-Lane Divided","admn_class":"Interstate","toll_rd":"N","rte_num1":" 90","rte_num2":" ","route":"Interstate  90","st_length(shape)":2.1387025640264503}},{"type":"Feature","id":347,"geometry":{"type":"LineString","coordinates":[[-112.47243203199997,45.967879311000047],[-112.45554059099999,46.013594703000081],[-112.42306815199998,46.05649906900004],[-112.39742497499998,46.123466496000049],[-112.37850361099999,46.149868129000026],[-112.33789726099997,46.175991662000058],[-112.33669268599999,46.211716506000073],[-112.34697766099998,46.224446448000037],[-112.33965329699998,46.244370659000026],[-112.34854250299998,46.258431585000039],[-112.33593054299996,46.278642324000032],[-112.28801457599997,46.285707023000043],[-112.24939232499997,46.282529409000063],[-112.21323452799999,46.272553610000045],[-112.20536765699995,46.253929835000065],[-112.18596488499998,46.258290428000066],[-112.15896280699997,46.240364538000051],[-112.13478387099997,46.23812920000006],[-112.10857553899996,46.245445665000034],[-112.11171154199997,46.265278755000054],[-112.07231134799997,46.325780874000031],[-112.04579752599994,46.345468594000067],[-112.04467616999995,46.378001077000079],[-111.99682972799997,46.417552436000051],[-111.97200241799999,46.474922765000031],[-111.93545591199995,46.512128179000058],[-111.93263277199998,46.531763228000045],[-111.99490040699999,46.582263212000043],[-112.01869853499994,46.608844451000039],[-112.02077480799994,46.703973761000043],[-112.02172129699994,46.743967553000061],[-112.03572955299995,46.769282593000071],[-112.03093073999997,46.78885970400006],[-112.00463813499999,46.803066001000047],[-112.01195565299997,46.837792213000057],[-112.03622623599995,46.859345523000059],[-112.11160198799996,46.873078839000073],[-112.11701915199995,46.898546097000064],[-112.13934408599994,46.911287099000049],[-112.14753856799996,46.926282928000035],[-112.14028267499998,46.94348775900005],[-112.10187426599998,46.967864210000073],[-112.08274643399994,47.009930060000045],[-112.05214327199997,47.018486389000032],[-112.00467026399997,47.047116513000049],[-111.93397218299998,47.108450299000026],[-111.89230557499997,47.112429558000031],[-111.86942391399998,47.123534087000053],[-111.82927579799997,47.150882737000074],[-111.77371575499996,47.231588220000049],[-111.73288818899999,47.249113814000054],[-111.71862764099996,47.278346488000068],[-111.53072076199999,47.424832731000038],[-111.37134235199994,47.463103143000069],[-111.37188485799999,47.485675101000027],[-111.37673002099996,47.510761025000079],[-111.39774819899998,47.530349724000075],[-111.54453940399998,47.566771927000048],[-111.57746217599998,47.596023036000076],[-111.59347717899999,47.636798458000044],[-111.65020598099994,47.692111476000036],[-111.67034877399999,47.717315381000049],[-111.67075697099995,47.810910397000043],[-111.71429496299999,47.847622815000079],[-111.71888361999999,47.907285892000061],[-111.73089460899996,47.934035150000057],[-111.82537923099994,48.019703778000064],[-111.89875929599998,48.127170634000038],[-111.91346332999996,48.164175900000032],[-111.91361607399995,48.17941664600005],[-111.92670312299998,48.220057232000045],[-111.93177898199997,48.302446592000081],[-111.93158199399994,48.382816564000052],[-111.89326575899997,48.411454588000026],[-111.88792707399995,48.50461612600003],[-111.86384821099995,48.524537176000081],[-111.86857328499997,48.73051689700003],[-111.86665713099995,48.840127971000072],[-111.92553752399999,48.901055667000037],[-111.95970542699996,48.98100480100004]]},"properties":{"objectid":347,"length":262.315,"type":"Multi-Lane Divided","admn_class":"Interstate","toll_rd":"N","rte_num1":" 15","rte_num2":" ","route":"Interstate  15","st_length(shape)":4.3447163431803562}},{"type":"Feature","id":348,"geometry":{"type":"LineString","coordinates":[[-112.47243203199997,45.967879311000047],[-112.50132656199997,45.967009720000078],[-112.52558187099999,45.976512012000057],[-112.55426203099995,45.978831096000079],[-112.57277256499998,46.006006986000045],[-112.62721862499995,46.005480280000029]]},"properties":{"objectid":348,"length":8.8279999999999994,"type":"Multi-Lane Divided","admn_class":"Interstate","toll_rd":"N","rte_num1":" 15","rte_num2":" 90","route":"Interstate  15","st_length(shape)":0.17106133282145519}},{"type":"Feature","id":349,"geometry":{"type":"LineString","coordinates":[[-103.17379537899996,46.903088930000081],[-103.17990621499996,46.903821578000077],[-103.25820676099994,46.907480073000045],[-103.37513903899998,46.898885822000068],[-103.57866062599999,46.942801461000045],[-103.66562389599994,46.954058209000038],[-103.90018370299998,46.93836449500003],[-103.98653652099995,46.938860125000076],[-104.04677317999995,46.946065981000061],[-104.08618812199995,46.95076946000006],[-104.14406724799994,46.988359895000031],[-104.19197373499998,47.003908238000065],[-104.29972079799995,47.009683562000077],[-104.39774066599995,47.053972110000075],[-104.57656661899995,47.110734093000076],[-104.62048331199998,47.105954242000053],[-104.68197932399994,47.128171201000043],[-104.73722597599999,47.123749510000039],[-104.75105093899998,47.109436818000063],[-104.87047927299994,46.975577283000064],[-104.93968835799996,46.934728648000032],[-105.11381451899996,46.861832099000026],[-105.14771327599999,46.827594670000053],[-105.23466917199994,46.796558030000028],[-105.29286115999997,46.789142018000064],[-105.38213666599995,46.747900462000075],[-105.57388375499994,46.567425395000043],[-105.69047999499998,46.502765464000049],[-105.75066977699998,46.458003409000071],[-105.78069198299994,46.421862993000047],[-105.82312758099994,46.383261810000079],[-105.87452823099994,46.360567656000057],[-105.96094161999997,46.320864079000046],[-106.25427858499995,46.256313176000049],[-106.29225140899996,46.251555974000041],[-106.40646904699997,46.264250100000027],[-106.49307362999997,46.258569055000066],[-106.58465399899995,46.262821148000057],[-106.67051171399999,46.25520920200006],[-106.74693876899994,46.242688362000081],[-106.82831000799996,46.238734912000041],[-106.90865153799996,46.241625471000077],[-107.03441350399999,46.259507118000045],[-107.20486273399996,46.261104088000081],[-107.22090775999999,46.25293646800003],[-107.24401063699997,46.214354774000071],[-107.29505312799995,46.170054639000057],[-107.34237971199997,46.157450579000056],[-107.50302326799999,46.139665319000073],[-107.62594839999997,46.105748127000027],[-107.77247256499999,46.038996649000069],[-107.93461196499999,45.986293457000045],[-108.11240610099998,45.947121853000056],[-108.28257406999995,45.894221146000064],[-108.35430870799996,45.860333449000052],[-108.40124658299999,45.82812857600004]]},"properties":{"objectid":349,"length":288.29300000000001,"type":"Multi-Lane Divided","admn_class":"Interstate","toll_rd":"N","rte_num1":" 94","rte_num2":" ","route":"Interstate  94","st_length(shape)":5.6518612916790465}},{"type":"Feature","id":350,"geometry":{"type":"LineString","coordinates":[[-108.40124658299999,45.82812857600004],[-108.42456224899996,45.815005712000072],[-108.43357312499995,45.793189049000034],[-108.44052352899996,45.770063523000033],[-108.45670602499996,45.758085190000031],[-108.54314206199996,45.751553517000048],[-108.70843010599998,45.678138163000028],[-108.75422345099997,45.661429488000067],[-108.81611554499995,45.669309527000053],[-108.90323103199995,45.649230992000071],[-109.05323039999996,45.605706694000048],[-109.11902854099998,45.605065167000078],[-109.23705215199999,45.655034759000046],[-109.31601213399995,45.655160641000066],[-109.36749758299999,45.694805754000072],[-109.47709074899996,45.677594076000048],[-109.56164276099997,45.67368381600005],[-109.61473044799999,45.683860817000038],[-109.66246259499997,45.70753042900003],[-109.76280786799998,45.71199689000008],[-109.80150649099994,45.758451777000062],[-109.87430665299996,45.805271144000073],[-109.90362728799994,45.825997000000029],[-109.95495841199994,45.829250459000036],[-109.99845426799999,45.810832626000035],[-110.02278489599996,45.790495478000025],[-110.06644192299996,45.760133021000058],[-110.22481695999994,45.719482427000059],[-110.27817800699995,45.675770095000075],[-110.39321888599994,45.69696471900005],[-110.45462219799998,45.689922669000055],[-110.50143050299994,45.667515569000045],[-110.54198207599995,45.634850356000072],[-110.57462990799996,45.62822387500006],[-110.67419091699998,45.644888833000039],[-110.75320462199994,45.645086348000063],[-110.87393602599997,45.631661155000074],[-110.96143284799996,45.668899224000029],[-111.04722103799998,45.682799505000048],[-111.09045828099994,45.696127258000047],[-111.13382562099997,45.728700824000043],[-111.17511774099995,45.747621135000031],[-111.32439341599996,45.832200009000076],[-111.51248990899995,45.884365962000061],[-111.52808512799999,45.894554550000066],[-111.54620589999996,45.904053155000042],[-111.59389169699995,45.90786808200005],[-111.65602080799999,45.907490434000067],[-111.76462271399998,45.900726484000074],[-111.86274054999996,45.868278273000044],[-111.92037528399999,45.876406917000054],[-111.97702613299998,45.880351413000028],[-112.03894140199998,45.883997795000028],[-112.26608783199998,45.902197572000034],[-112.34768923999997,45.896315326000035],[-112.42938334899998,45.907793816000037],[-112.45447822599999,45.923754569000039],[-112.47243203199997,45.967879311000047]]},"properties":{"objectid":350,"length":224.27099999999999,"type":"Multi-Lane Divided","admn_class":"Interstate","toll_rd":"N","rte_num1":" 90","rte_num2":" ","route":"Interstate  90","st_length(shape)":4.3780973504681242}},{"type":"Feature","id":351,"geometry":{"type":"LineString","coordinates":[[-122.67299842599999,45.548671877000061],[-122.68403869699995,45.571102152000037],[-122.68942531299996,45.596069040000032],[-122.67473866099999,45.615005151000048],[-122.67175592799998,45.617862527000057],[-122.66026584999997,45.628898058000061],[-122.65599321699995,45.640071059000036],[-122.66196763599999,45.679671402000054],[-122.64113222499998,45.711233694000043],[-122.70527545699997,45.865265518000058],[-122.75034352899996,45.901864167000042],[-122.76014814899997,45.946835325000052],[-122.81047379299997,45.99008204900008],[-122.83508778899994,46.023875992000058],[-122.86112178099995,46.103019267000036],[-122.88719264399998,46.145010852000041],[-122.87805535899997,46.264245886000026],[-122.88541817299995,46.287793303000058],[-122.90180028999998,46.345832547000043],[-122.88636729599995,46.402040963000047],[-122.87539233599995,46.545783598000071],[-122.87977294499996,46.580038935000061],[-122.96164244699997,46.643571189000056],[-122.97164563499996,46.66610838500003],[-122.97093036899997,46.709331934000033],[-122.97136700799996,46.750674619000051],[-122.98629963199994,46.776225096000076],[-122.99252634299995,46.80077219900005],[-122.96054479299994,46.858250503000079],[-122.93721648599995,46.945708348000039],[-122.87838560299997,47.031945818000054],[-122.76094084099998,47.053010872000073],[-122.70061306199995,47.072084454000048],[-122.61966950799996,47.076792673000057],[-122.49391807499995,47.135692554000059],[-122.46512414599999,47.158462553000049],[-122.45880789499995,47.226811002000034],[-122.44086304399997,47.227978181000026],[-122.38224547699997,47.230279357000029],[-122.35215427299994,47.230073415000049],[-122.33206572999995,47.237749092000058],[-122.30929256999997,47.286489353000036],[-122.27703660699996,47.458516066000072],[-122.27592262499996,47.469609008000077],[-122.26309787599996,47.501877612000044],[-122.31478926699998,47.551483250000047],[-122.32418937799997,47.592582596000057]]},"properties":{"objectid":351,"length":167.20599999999999,"type":"Multi-Lane Divided","admn_class":"Interstate","toll_rd":"N","rte_num1":"  5","rte_num2":" ","route":"Interstate   5","st_length(shape)":2.6908740341676496}},{"type":"Feature","id":352,"geometry":{"type":"LineString","coordinates":[[-96.856852547999949,46.844921170000077],[-96.796311452999987,46.844973314000072],[-96.779068698999936,46.844522454000071],[-96.770286940999938,46.84520875100003],[-96.731062664999968,46.845444715000042],[-96.620233848999987,46.829917968000075],[-96.592294235999987,46.78539240300006],[-96.455119617999969,46.690420578000044],[-96.392091419999986,46.664205399000025],[-96.383027346999938,46.653627048000033],[-96.313468002999969,46.558278629000029],[-96.228573105999942,46.434716711000078],[-96.140039200999979,46.335721384000067],[-96.123536994999938,46.289231735000044],[-96.111764603999973,46.270513153000081],[-96.027800394999986,46.214429566000035],[-95.914431277999938,46.125273095000068],[-95.855545617999951,46.059667728000079],[-95.80183273199998,46.019968365000068],[-95.735722254999985,46.001002231000029],[-95.612901936999947,45.950171477000026],[-95.494598117999942,45.881628674000069],[-95.449949304999961,45.873053911000056],[-95.416477704999977,45.857562452000082],[-95.390315722999958,45.843116504000079],[-95.361147306999953,45.831543207000038],[-95.14091704599997,45.819803471000057],[-95.043508155999973,45.757845539000073],[-94.953019646999962,45.714335989000062],[-94.878141104999941,45.684809940000036],[-94.80299605099998,45.659381131000032],[-94.704832918999955,45.655856419000031],[-94.630946162999976,45.628459313000064],[-94.481311802999983,45.598338086000069],[-94.393723860999955,45.603831097000068],[-94.326780661999976,45.561377591000053],[-94.239008899999988,45.545268307000072],[-94.212282288999972,45.535674369000049],[-94.178650044999983,45.520361990000026],[-94.111728967999966,45.437549159000071],[-94.019157339999936,45.376178504000052],[-93.867142270999977,45.325843379000048],[-93.808636891999981,45.29388711100006],[-93.730615499999942,45.280805856000029],[-93.673659161999979,45.251493649000054],[-93.580186340999944,45.217325745000039],[-93.521993824999981,45.165137144000028],[-93.505895075999945,45.134077856000033],[-93.433992945999989,45.088213406000079]]},"properties":{"objectid":352,"length":217.863,"type":"Multi-Lane Divided","admn_class":"Interstate","toll_rd":"N","rte_num1":" 94","rte_num2":" ","route":"Interstate  94","st_length(shape)":4.0266714330415851}},{"type":"Feature","id":353,"geometry":{"type":"LineString","coordinates":[[-93.433992945999989,45.088213406000079],[-93.369972961999963,45.076815502000045],[-93.316252701999986,45.075614087000076],[-93.291265799999962,45.068095894000066]]},"properties":{"objectid":353,"length":7.181,"type":"Multi-Lane Divided","admn_class":"Interstate","toll_rd":"N","rte_num1":" 94","rte_num2":" ","route":"Interstate  94","st_length(shape)":0.14485384088794268}},{"type":"Feature","id":354,"geometry":{"type":"LineString","coordinates":[[-93.06854790899996,45.036278150000044],[-93.059011907999945,45.124710927000081],[-93.03849620799997,45.152672662000043],[-93.035047867999936,45.209897620000049],[-93.011014828999976,45.28274676500007],[-92.991817997999988,45.511418007000032],[-92.985989476999976,45.761386579000032],[-92.981043186999955,45.867249617000027],[-92.951331209999978,45.974699619000035],[-92.92029298999995,46.008001092000029],[-92.917866457999992,46.050198092000073],[-92.895122266999977,46.105734960000063],[-92.891734497999948,46.142011792000062],[-92.864168318999987,46.167897780000033],[-92.858560486999977,46.173989655000071],[-92.823097941999947,46.240382973000067],[-92.825303783999971,46.310916722000059],[-92.811654740999984,46.353881658000034],[-92.732254433999969,46.453441087000044],[-92.549021537999977,46.600740563000045],[-92.536218383999937,46.623964056000034],[-92.470764180999936,46.668065096000078],[-92.45067563899994,46.692356747000076],[-92.426261791999991,46.694256047000067],[-92.297944249999944,46.696933290000061],[-92.202660615999946,46.730501803000038],[-92.194313915999942,46.737093521000077],[-92.124824096999987,46.771935607000046],[-92.104766103999964,46.784248925000043],[-92.106581656999936,46.796608594000077]]},"properties":{"objectid":354,"length":141.477,"type":"Multi-Lane Divided","admn_class":"Interstate","toll_rd":"N","rte_num1":" 35","rte_num2":" ","route":"Interstate  35","st_length(shape)":2.2535568740232619}},{"type":"Feature","id":355,"geometry":{"type":"LineString","coordinates":[[-93.085966581999969,45.035808856000074],[-93.06854790899996,45.036278150000044]]},"properties":{"objectid":355,"length":0.85200000000000009,"type":"Multi-Lane Divided","admn_class":"Interstate","toll_rd":"N","rte_num1":" 35","rte_num2":"694","route":"Interstate  35","st_length(shape)":0.017424993714184378}},{"type":"Feature","id":356,"geometry":{"type":"LineString","coordinates":[[-93.085966581999969,45.035808856000074],[-93.19052391799994,45.069530640000039],[-93.248470988999941,45.065639341000065],[-93.291265799999962,45.068095894000066]]},"properties":{"objectid":356,"length":10.563000000000001,"type":"Multi-Lane Divided","admn_class":"Interstate","toll_rd":"N","rte_num1":"694","rte_num2":" ","route":"Interstate 694","st_length(shape)":0.2108036387030888}},{"type":"Feature","id":357,"geometry":{"type":"LineString","coordinates":[[-93.085966581999969,45.035808856000074],[-93.083661719999952,44.980590645000063],[-93.093968816999961,44.956104113000038]]},"properties":{"objectid":357,"length":5.5860000000000003,"type":"Multi-Lane Divided","admn_class":"Interstate","toll_rd":"N","rte_num1":" 35","rte_num2":" ","route":"Interstate  35","st_length(shape)":0.081833689052439013}},{"type":"Feature","id":358,"geometry":{"type":"LineString","coordinates":[[-69.596216150999965,44.609139060000075],[-69.465349355999933,44.691322478000075],[-69.425739005999958,44.763510609000036],[-69.396014914999967,44.793554936000078],[-69.317874486999983,44.824648988000035],[-69.284328095999967,44.82530210200008],[-69.156976005999979,44.786490237000066],[-68.933757217999982,44.757669446000079],[-68.844559664999963,44.770708564000074],[-68.826706459999969,44.802011718000074],[-68.808753706999937,44.825994193000042],[-68.782058172999939,44.829526806000047],[-68.780066699999963,44.829790159000027]]},"properties":{"objectid":358,"length":50.590000000000003,"type":"Multi-Lane Divided","admn_class":"Interstate","toll_rd":"N","rte_num1":" 95","rte_num2":" ","route":"Interstate  95","st_length(shape)":0.94007279435466684}},{"type":"Feature","id":359,"geometry":{"type":"LineString","coordinates":[[-70.373801288999971,45.818422450000071],[-70.216445427999986,45.604482104000056],[-70.098126334999961,45.550702326000078],[-70.001323155999955,45.36427074900007],[-69.947542323999983,45.339173765000055],[-69.976221430999942,45.181427615000075],[-69.900932585999954,45.11330986300004],[-69.82922059699996,44.96273059300006],[-69.721663674999945,44.772716892000062],[-69.64636745599995,44.733278248000033],[-69.639195308999945,44.697428047000074],[-69.649951685999952,44.657988876000047],[-69.596216150999965,44.609139060000075]]},"properties":{"objectid":359,"length":96.581999999999994,"type":"Paved Undivided","admn_class":"US Highway","toll_rd":"N","rte_num1":"201","rte_num2":" ","route":"U.S. Hwy 201","st_length(shape)":1.5470092866606722}},{"type":"Feature","id":360,"geometry":{"type":"LineString","coordinates":[[-72.054235268999946,44.425556432000064],[-72.029249419999985,44.49268608400007],[-72.028547848999949,44.538740148000045],[-72.051719197999944,44.579682009000067],[-72.115922474999934,44.623026700000025],[-72.137431014999947,44.680810493000081],[-72.186001150999971,44.713417768000056],[-72.225301271999967,44.782851230000063],[-72.221394697999983,44.808813591000046],[-72.174853957999971,44.864324649000025],[-72.146784775999947,44.948392093000052],[-72.133982148999962,44.968304189000037],[-72.110360992999972,44.982586332000039],[-72.088204604999987,45.006656767000038]]},"properties":{"objectid":360,"length":45.273000000000003,"type":"Multi-Lane Divided","admn_class":"Interstate","toll_rd":"N","rte_num1":" 91","rte_num2":" ","route":"Interstate  91","st_length(shape)":0.71345405477860879}},{"type":"Feature","id":361,"geometry":{"type":"LineString","coordinates":[[-69.824884231999988,44.221063600000036],[-69.812493487999973,44.266751077000038],[-69.814546585999949,44.326583753000079],[-69.807070002999978,44.344146217000059],[-69.737267847999988,44.406729348000056],[-69.703568711999935,44.453566096000031],[-69.662477792999937,44.56499167000004],[-69.603433594999956,44.604607287000078],[-69.596216150999965,44.609139060000075]]},"properties":{"objectid":361,"length":30.263999999999999,"type":"Multi-Lane Divided","admn_class":"Interstate","toll_rd":"N","rte_num1":" 95","rte_num2":" ","route":"Interstate  95","st_length(shape)":0.47612912122849155}},{"type":"Feature","id":362,"geometry":{"type":"LineString","coordinates":[[-93.093968816999961,44.956104113000038],[-93.06569316599996,44.95823305600004],[-93.045962782999936,44.950988750000079],[-92.968582390999984,44.951641338000059],[-92.847719310999992,44.94740399300008],[-92.75515452999997,44.955938201000038],[-92.732784299999992,44.957990771000027],[-92.704966881999951,44.956373259000031],[-92.689455935999945,44.955831279000051],[-92.577216075999957,44.956163104000041],[-92.520367185999987,44.940099117000045],[-92.375564292999968,44.931407952000029],[-92.17495854799995,44.930079074000048],[-91.953034928999955,44.907380179000029],[-91.925888533999967,44.905133254000077],[-91.805737032999957,44.897208972000044],[-91.747279057999947,44.88267453800006],[-91.580684257999962,44.828306956000063],[-91.525651447999962,44.77483582800005],[-91.469329262999963,44.761984217000077],[-91.434660461999954,44.763857181000049],[-91.41219173799999,44.765097045000061],[-91.382893751999973,44.752275983000061],[-91.330074684999943,44.700988049000046],[-91.291180653999959,44.639460961000054],[-91.244969104999939,44.614528309000036],[-91.207546688999969,44.580798625000057],[-91.157161526999971,44.537654608000025],[-91.066802587999973,44.427920812000025],[-91.016788752999958,44.395205562000058],[-90.847592554999949,44.312224712000045],[-90.827549308999949,44.299659102000078],[-90.549457303999986,44.152661428000044],[-90.525958343999946,44.115926362000039],[-90.51942719699997,44.063573956000027],[-90.503520168999955,44.020410978000029],[-90.441278868999973,43.980322906000026]]},"properties":{"objectid":362,"length":160.88900000000001,"type":"Multi-Lane Divided","admn_class":"Interstate","toll_rd":"N","rte_num1":" 94","rte_num2":" ","route":"Interstate  94","st_length(shape)":3.0140124450448424}},{"type":"Feature","id":363,"geometry":{"type":"LineString","coordinates":[[-70.298962777999975,43.720901552000043],[-70.288510309999936,43.726528345000077],[-70.276097443999959,43.733470849000071],[-70.262417851999942,43.740379116000042],[-70.252041756999972,43.744632789000036],[-70.242351957999972,43.748008970000058],[-70.228886208999938,43.750816310000062],[-70.217365581999957,43.752766173000055],[-70.209797352999942,43.752087250000045],[-70.203503223999974,43.751449936000029],[-70.16895029799997,43.802406047000034],[-70.122708727999964,43.834785259000057],[-70.111608411999953,43.851325388000078],[-70.101568353999937,43.871539286000029],[-70.052260304999947,43.911559413000077],[-69.987921663999941,43.925124710000034],[-69.953871215999982,43.952807291000056],[-69.873027735999983,44.069777492000071],[-69.830644808999978,44.137771994000047],[-69.820650047999948,44.175776946000042],[-69.824884231999988,44.221063600000036]]},"properties":{"objectid":363,"length":44.911000000000001,"type":"Multi-Lane Divided","admn_class":"Interstate","toll_rd":"Y","rte_num1":" 95","rte_num2":" ","route":"Interstate  95","st_length(shape)":0.74299929766966843}},{"type":"Feature","id":364,"geometry":{"type":"LineString","coordinates":[[-70.298962777999975,43.720901552000043],[-70.300931601999935,43.731429865000052],[-70.299329363999959,43.749156661000029],[-70.298910106999983,43.768744307000077],[-70.301954990999945,43.794340608000027],[-70.306525212999986,43.815439371000025],[-70.311759610999957,43.836087802000065],[-70.315223751999952,43.853958915000078],[-70.317001382999933,43.868134136000037],[-70.320259581999949,43.87825425300008],[-70.321312465999938,43.88238941700007],[-70.321572131999972,43.901084824000066],[-70.321305618999986,43.917941502000076],[-70.315728862999947,43.938754265000057],[-70.312494364999964,43.951426269000081],[-70.306680590999974,43.964934155000037],[-70.298456613999974,43.987501373000043],[-70.289217674999975,44.005475720000049],[-70.280161502999988,44.019815274000052],[-70.271402918999968,44.028680252000072],[-70.264040104999935,44.035314106000044],[-70.256876384999941,44.038301052000065],[-70.251009413999952,44.04087611500006],[-70.236154742999986,44.044557259000044],[-70.219942224999954,44.05002393400008],[-70.208848756999942,44.054719512000077],[-70.197137462999933,44.059404029000063],[-70.18354951799995,44.063119936000078],[-70.156518471999959,44.068262160000074],[-70.143647372999965,44.07062759400003],[-70.130700427999955,44.074354561000064],[-70.109093920999953,44.084661658000073],[-70.089440436999951,44.094122340000069],[-70.072349900999939,44.103189573000066],[-70.049988097999972,44.115301163000026],[-70.030204517999948,44.126562124000031],[-70.011916780999968,44.134222000000079],[-69.999633484999947,44.13704830100005],[-69.979300550999938,44.135972768000045],[-69.962721445999932,44.135930632000054],[-69.947530736999965,44.134095591000062],[-69.937955759999966,44.134263610000062],[-69.919652221999968,44.141911371000049],[-69.901867487999937,44.151390488000061],[-69.875209349999977,44.17018491500005],[-69.857882322999956,44.182410800000071],[-69.848268896999969,44.193522177000034],[-69.839403391999952,44.20281484000003],[-69.833940403999975,44.208582263000039],[-69.830537360999983,44.212118563000047],[-69.824884231999988,44.221063600000036]]},"properties":{"objectid":364,"length":48.930999999999997,"type":"Multi-Lane Divided","admn_class":"Interstate","toll_rd":"Y","rte_num1":"495","rte_num2":" ","route":"Interstate (ME) 495","st_length(shape)":0.82433506148529745}},{"type":"Feature","id":365,"geometry":{"type":"LineString","coordinates":[[-72.362039250999942,43.628687030000037],[-72.357827714999985,43.646390651000047],[-72.35092313499996,43.670434751000073],[-72.334046967999939,43.713937454000074],[-72.241851933999953,43.778321917000028],[-72.211884505999933,43.882220871000072],[-72.16935041399995,43.929930897000077],[-72.129517266999983,44.015935562000038],[-72.096040927999979,44.144419542000037],[-72.085024357999941,44.196225755000057],[-72.093425835999938,44.260616540000058],[-72.059345364999956,44.313918069000067],[-72.018779570999982,44.347059951000062],[-72.014545386999941,44.360677918000079],[-72.016605857999934,44.377576733000069],[-72.033917609999946,44.397897026000066],[-72.054235268999946,44.425556432000064]]},"properties":{"objectid":365,"length":60.262,"type":"Multi-Lane Divided","admn_class":"Interstate","toll_rd":"N","rte_num1":" 91","rte_num2":" ","route":"Interstate  91","st_length(shape)":0.92778160462827131}},{"type":"Feature","id":366,"geometry":{"type":"LineString","coordinates":[[-72.362039250999942,43.628687030000037],[-72.376992942999948,43.637979166000036],[-72.390115807999962,43.644967493000081],[-72.415408198999955,43.672589502000051],[-72.409762443999966,43.724888712000052],[-72.433712790999948,43.784831996000037],[-72.45056683599995,43.796416880000038],[-72.473386871999935,43.796226213000068],[-72.504942317999962,43.773356666000041],[-72.517607474999977,43.773959744000081],[-72.544921887999976,43.80067318600004],[-72.593515198999967,43.811216774000059],[-72.613964007999982,43.865632812000058],[-72.618629036999948,44.011451193000028],[-72.600763190999942,44.138386659000048],[-72.571497333999957,44.19732657000003],[-72.588901785999951,44.249926001000063],[-72.635291360999986,44.29097478400007],[-72.679971250999984,44.324703415000045],[-72.737011334999977,44.348509971000055],[-72.766256123999938,44.356985714000075],[-72.865471086999946,44.385678515000052],[-72.911325001999955,44.396545500000059],[-72.960978043999944,44.411078881000037],[-72.98758298499996,44.428602896000029],[-73.004200012999945,44.429644192000069],[-73.108403401999965,44.43493810800004],[-73.186865120999983,44.45413230500003],[-73.178297730999986,44.475055675000078],[-73.169791438999937,44.490050977000067],[-73.174026150999964,44.510142680000058],[-73.18161018099994,44.518397206000031],[-73.183907142999942,44.540754796000044],[-73.160288094999942,44.585306169000035],[-73.158106480999948,44.605817656000056],[-73.132656603999976,44.639867578000064],[-73.128302330999986,44.679524805000028],[-73.090790901999981,44.699807702000044],[-73.062357765999934,44.712389113000029],[-73.066837394999936,44.75987002100004],[-73.059602043999973,44.817768109000042],[-73.094111251999948,44.930733769000028],[-73.07078557899996,44.985812929000076],[-73.072631153999964,45.007804458000066]]},"properties":{"objectid":366,"length":128.02799999999999,"type":"Multi-Lane Divided","admn_class":"Interstate","toll_rd":"N","rte_num1":" 89","rte_num2":" ","route":"Interstate  89","st_length(shape)":2.0966009698303849}},{"type":"Feature","id":367,"geometry":{"type":"LineString","coordinates":[[-84.339500971999939,46.518286418000059],[-84.375231610999947,46.477759073000072],[-84.409396880999964,46.368898028000046],[-84.415461893999975,46.332878755000081],[-84.438015416999974,46.305271494000067],[-84.477819594999971,46.275554777000025],[-84.546586247999983,46.245505709000042],[-84.561044309999943,46.228144973000042],[-84.562424804999978,46.19196558200008],[-84.571007468999937,46.147340470000074],[-84.633510013999967,46.110619098000029],[-84.688557571999979,46.058024934000059],[-84.75646885499998,45.961885404000043],[-84.758917507999968,45.909280179000064],[-84.731854332999944,45.857480286000055],[-84.730999489999988,45.848240821000047],[-84.733219553999959,45.774620578000054],[-84.726199097999938,45.726745694000044],[-84.70293557499997,45.696155700000077],[-84.64416315699998,45.660641011000052],[-84.636876187999974,45.644348433000062],[-84.620371348999981,45.56684479200004],[-84.620399790999954,45.468440956000052],[-84.611884018999945,45.442504930000041],[-84.583722135999949,45.409908715000029],[-84.584102943999937,45.387043382000059],[-84.599230448999947,45.331319008000037],[-84.579475836999961,45.28210997900004],[-84.580809981999948,45.255166892000034],[-84.668916201999934,45.16643231300003],[-84.673287329999937,45.123604846000035],[-84.697198699999944,45.097031507000054],[-84.698731412999962,45.030335860000037],[-84.697235569999975,45.006058956000061],[-84.659307515999956,44.985493745000042],[-84.648190872999976,44.969556168000054],[-84.67119420299997,44.910051102000068],[-84.670469455999978,44.866156004000061],[-84.697821792999946,44.844290357000034],[-84.708762516999968,44.817267212000047],[-84.709700578999957,44.75882609100006],[-84.685018111999966,44.689872459000071],[-84.687489939999978,44.65525053500005],[-84.709012701999939,44.62359606900003],[-84.708890505999989,44.571068270000069],[-84.65689415199995,44.508462490000056],[-84.597709850999991,44.457899301000054],[-84.578603612999984,44.368170829000064],[-84.556485147999979,44.346812926000041],[-84.499330768999982,44.323681080000028],[-84.416051276999951,44.31687183300005],[-84.27371599899999,44.279858140000044],[-84.208007924999947,44.228875168000059],[-84.155805628999985,44.145539318000033],[-84.108455869999943,44.075162527000032],[-84.02298054299996,43.988614828000038],[-84.018241774999979,43.960584622000056],[-84.026813377999986,43.830462588000046],[-84.012739283999963,43.681656208000049],[-83.992855629999951,43.653011864000064],[-83.953126770999972,43.619419649000065],[-83.948288981999951,43.593220797000072],[-83.949194388999956,43.527608583000074],[-83.936314861999961,43.499250767000035]]},"properties":{"objectid":367,"length":239.23599999999999,"type":"Multi-Lane Divided","admn_class":"Interstate","toll_rd":"N","rte_num1":" 75","rte_num2":" ","route":"Interstate  75","st_length(shape)":3.7786952577242037}},{"type":"Feature","id":368,"geometry":{"type":"LineString","coordinates":[[-83.936314861999961,43.499250767000035],[-83.897296528999959,43.481637739000064],[-83.886605989999964,43.434686696000028]]},"properties":{"objectid":368,"length":5.6029999999999998,"type":"Multi-Lane Divided","admn_class":"Interstate","toll_rd":"N","rte_num1":" 75","rte_num2":" ","route":"Interstate  75","st_length(shape)":0.090962208239054876}},{"type":"Feature","id":369,"geometry":{"type":"LineString","coordinates":[[-83.936314861999961,43.499250767000035],[-83.950795572999937,43.484358172000043],[-83.951733108999974,43.441549667000061],[-83.941517130999955,43.435187066000026],[-83.886605989999964,43.434686696000028]]},"properties":{"objectid":369,"length":7.6559999999999997,"type":"Multi-Lane Divided","admn_class":"Interstate","toll_rd":"N","rte_num1":"675","rte_num2":" ","route":"Interstate 675","st_length(shape)":0.13053961535640338}},{"type":"Feature","id":370,"geometry":{"type":"LineString","coordinates":[[-71.566533489999983,43.183991270000035],[-71.562863406999952,43.198937062000027],[-71.54354596099995,43.229519682000046],[-71.544263333999936,43.26229866400007],[-71.605636622999953,43.360372256000062],[-71.566108438999947,43.42701470600008],[-71.564674219999972,43.449749943000029],[-71.576431863999971,43.474094792000074],[-71.598068919999946,43.486782070000061],[-71.620049914999981,43.526332376000028],[-71.649553842999978,43.697163468000042],[-71.680888598999957,43.781062365000025],[-71.682803698999976,43.799319027000081],[-71.672267484999963,43.810976597000035],[-71.658160734999967,43.833959912000068],[-71.673900797999977,43.856099972000038],[-71.689983746999985,43.868226310000068],[-71.716336922999972,43.915149964000079],[-71.714773134999973,43.98073110200005],[-71.702529341999934,44.061177973000042],[-71.697685758999967,44.110314317000075],[-71.690088033999984,44.184024099000055],[-71.756467131999955,44.239862242000072],[-71.75493389199994,44.28633556300008],[-71.800680886999942,44.313087455000073],[-71.808203818999971,44.317314266000039],[-71.829520638999952,44.309913528000038],[-71.837630847999947,44.315971167000043],[-71.879501817999937,44.325309126000036],[-71.901741951999952,44.329311034000057],[-71.911203159999957,44.337599796000063],[-71.916047795999987,44.341845568000053],[-71.920236683999974,44.372003664000033],[-71.924509844999989,44.399430792000032],[-71.945567524999944,44.422101245000079],[-72.010105786999986,44.424904897000033],[-72.032063606999941,44.417935005000061],[-72.054235268999946,44.425556432000064]]},"properties":{"objectid":370,"length":102.232,"type":"Multi-Lane Divided","admn_class":"Interstate","toll_rd":"N","rte_num1":" 93","rte_num2":" ","route":"Interstate  93","st_length(shape)":1.605500394440728}},{"type":"Feature","id":371,"geometry":{"type":"LineString","coordinates":[[-76.161863462999975,43.104998106000039],[-76.119518457999959,43.136175904000027],[-76.114002272999983,43.160834142000056],[-76.115757254999949,43.177184130000057],[-76.135235872999942,43.258319931000074],[-76.130665650999958,43.293430638000075],[-76.109501575999957,43.362495932000058],[-76.107639671999948,43.404400611000028],[-76.116902312999969,43.459328607000032],[-76.124013888999968,43.505650763000062],[-76.109708043999944,43.553681026000049],[-76.076130049999961,43.675326790000042],[-76.07775546299996,43.708091024000055],[-76.076900619999947,43.742258928000069],[-76.043133538999939,43.841616628000054],[-75.957386958999962,43.970466142000078],[-75.936726940999961,44.003576948000045],[-75.928747354999985,44.013720240000055],[-75.915351657999963,44.034867987000041],[-75.912960414999986,44.085483319000048],[-75.878769862999945,44.13792631900003],[-75.877132335999988,44.170762185000058],[-75.89536213599996,44.207422985000051],[-75.978850729999976,44.292814565000072],[-75.991052912999976,44.391779343000053]]},"properties":{"objectid":371,"length":94.102000000000004,"type":"Multi-Lane Divided","admn_class":"Interstate","toll_rd":"N","rte_num1":" 81","rte_num2":" ","route":"Interstate  81","st_length(shape)":1.4161002171888106}},{"type":"Feature","id":372,"geometry":{"type":"LineString","coordinates":[[-90.441278868999973,43.980322906000026],[-90.296509685999979,43.936631116000058],[-90.170974201999968,43.89269177400007],[-90.128233641999941,43.870132456000078],[-90.050870103999955,43.796248861000038],[-89.92631903299997,43.740709887000037],[-89.849414255999989,43.687206630000048],[-89.809985091999977,43.645421513000031],[-89.808032068999978,43.633135057000061],[-89.80986289699996,43.618109206000042],[-89.809084952999967,43.586241951000034],[-89.781847437999943,43.570831079000072],[-89.574630486999979,43.536526232000028],[-89.516531724999936,43.514237641000079],[-89.498228712999946,43.492391483000063],[-89.463589934999959,43.399102482000046],[-89.454792901999951,43.33584938100006],[-89.339930048999975,43.192455952000046],[-89.323015432999966,43.172421660000055],[-89.301760237999986,43.137823438000055],[-89.285562994999964,43.099593582000068]]},"properties":{"objectid":372,"length":91.111000000000004,"type":"Multi-Lane Divided","admn_class":"Interstate","toll_rd":"N","rte_num1":" 90","rte_num2":" 94","route":"Interstate  90","st_length(shape)":1.573995431110665}},{"type":"Feature","id":374,"geometry":{"type":"LineString","coordinates":[[-88.079869101999975,44.585555827000064],[-88.037663147999979,44.550891767000053],[-87.957758783999964,44.513504640000065],[-87.953211209999949,44.487915713000064],[-87.963976013999968,44.46523736100005],[-87.950577682999949,44.437294588000043],[-87.894078524999941,44.391022994000025],[-87.815841182999975,44.269670078000047],[-87.720163572999979,44.145357078000075],[-87.706766295999955,44.146089725000081],[-87.70791029999998,44.126959260000035],[-87.706575101999988,44.105070438000041],[-87.706155317999958,44.072710187000041],[-87.70798614499995,44.027166501000067],[-87.748438170999975,43.938405586000044],[-87.761584209999967,43.871160585000041],[-87.765856843999984,43.802896936000025],[-87.763919094999949,43.754599108000036],[-87.765345939999975,43.648518014000047],[-87.796810264999976,43.578813299000046],[-87.831021358999976,43.498236859000031],[-87.838764453999943,43.438698611000063],[-87.868283129999952,43.416761332000078],[-87.929533169999956,43.412046266000061],[-87.927473224999972,43.39199670000005],[-87.922711808999964,43.352347900000041],[-87.927174582999953,43.32236888400007],[-87.925647663999939,43.224986856000044],[-87.91354660899998,43.176610548000042],[-87.91538428399997,43.096572927000068],[-87.932412667999984,43.037645658000031]]},"properties":{"objectid":374,"length":118.654,"type":"Multi-Lane Divided","admn_class":"Interstate","toll_rd":"N","rte_num1":" 43","rte_num2":" ","route":"Interstate  43","st_length(shape)":1.8218638634718065}},{"type":"Feature","id":375,"geometry":{"type":"LineString","coordinates":[[-87.932412667999984,43.037645658000031],[-87.904869663999989,43.035951773000079],[-87.891799996999964,43.033213432000025]]},"properties":{"objectid":375,"length":2.077,"type":"Multi-Lane Divided","admn_class":"Interstate","toll_rd":"N","rte_num1":"794","rte_num2":" ","route":"Interstate 794","st_length(shape)":0.040948494502605307}},{"type":"Feature","id":376,"geometry":{"type":"LineString","coordinates":[[-89.285562994999964,43.099593582000068],[-89.224679014999936,43.108123576000025],[-88.976824110999985,43.11193270900003],[-88.87728100999999,43.086029339000049],[-88.770611585999973,43.087281845000064],[-88.614435017999938,43.088162496000052],[-88.570161218999942,43.068293063000056],[-88.534500631999947,43.061663949000035],[-88.467337796999971,43.065689558000031],[-88.371059743999979,43.047616717000039],[-88.236207368999942,43.050929167000049],[-88.175025799999958,43.037136334000081],[-88.100118289999955,43.021809734000044],[-88.041691389999983,43.027990095000064],[-87.932412667999984,43.037645658000031]]},"properties":{"objectid":376,"length":69.474000000000004,"type":"Multi-Lane Divided","admn_class":"Interstate","toll_rd":"N","rte_num1":" 94","rte_num2":" ","route":"Interstate  94","st_length(shape)":1.3676461412691436}},{"type":"Feature","id":377,"geometry":{"type":"LineString","coordinates":[[-83.886605989999964,43.434686696000028],[-83.884133634999955,43.41862323600003],[-83.851301455999987,43.32697123500003],[-83.769234966999989,43.252302322000048],[-83.760018148999961,43.219549676000042],[-83.760588044999963,43.107009594000033],[-83.759961791999956,43.061878318000026],[-83.741062022999984,43.002270545000044],[-83.734607248999964,42.996975576000068]]},"properties":{"objectid":377,"length":32.304000000000002,"type":"Multi-Lane Divided","admn_class":"Interstate","toll_rd":"N","rte_num1":" 75","rte_num2":" ","route":"Interstate  75","st_length(shape)":0.48714280062885373}},{"type":"Feature","id":378,"geometry":{"type":"LineString","coordinates":[[-86.205545922999988,43.17032379300008],[-86.091449953999984,43.075932397000031],[-86.068004190999943,43.067544088000034],[-85.994706291999989,43.065634254000031],[-85.940313955999954,43.049609770000075],[-85.854174453999974,43.041332595000029],[-85.776282103999961,43.020021043000042],[-85.69129503299996,43.025766872000077],[-85.676241266999966,43.025782673000037],[-85.629959665999991,43.023513626000067],[-85.604299633999972,42.989071309000053]]},"properties":{"objectid":378,"length":35.353000000000002,"type":"Multi-Lane Divided","admn_class":"Interstate","toll_rd":"N","rte_num1":" 96","rte_num2":" ","route":"Interstate  96","st_length(shape)":0.65982102649080765}},{"type":"Feature","id":379,"geometry":{"type":"LineString","coordinates":[[-76.161863462999975,43.104998106000039],[-76.218963591999966,43.124068001000069],[-76.256905865999954,43.11340959100005],[-76.315479189999962,43.100557453000079],[-76.483019952999939,43.082475658000078],[-76.562179554999943,43.068211950000034],[-76.644780123999965,43.046547505000035],[-76.693702624999958,43.014614412000071],[-76.720063701999948,42.999511662000032],[-76.772854327999937,42.987483819000033],[-76.840004520999969,42.974670131000039],[-76.985552174999953,42.964606371000059],[-77.091492111999969,42.979887674000054],[-77.224296655999979,42.978956459000074],[-77.360817106999946,43.002820952000036],[-77.43835129699994,43.011274573000037],[-77.546015140999941,43.044351670000026],[-77.641012246999935,43.049481781000054]]},"properties":{"objectid":379,"length":77.855000000000004,"type":"Multi-Lane Divided","admn_class":"Interstate","toll_rd":"Y","rte_num1":" 90","rte_num2":" ","route":"Interstate  90","st_length(shape)":1.5153182731104686}},{"type":"Feature","id":380,"geometry":{"type":"LineString","coordinates":[[-77.641012246999935,43.049481781000054],[-77.658094881999943,43.052190626000026],[-77.784281899999939,43.053609044000041],[-77.878949815999988,43.029904142000078],[-77.960121432999983,43.03429791800005],[-78.012178357999971,43.034080389000053],[-78.085834415999955,43.017237932000057],[-78.124264419999975,43.020125330000042],[-78.211188712999956,43.02600757600004],[-78.294304926999985,43.021028630000046],[-78.404094025999939,43.001447831000064],[-78.45014598299997,42.986231313000076],[-78.555037776999939,42.969869738000057],[-78.705082440999945,42.954541558000074],[-78.737340510999957,42.958840528000053],[-78.757604972999957,42.952641205000077]]},"properties":{"objectid":380,"length":57.488,"type":"Multi-Lane Divided","admn_class":"Interstate","toll_rd":"Y","rte_num1":" 90","rte_num2":" ","route":"Interstate  90","st_length(shape)":1.1296562010488689}},{"type":"Feature","id":381,"geometry":{"type":"LineString","coordinates":[[-78.757604972999957,42.952641205000077],[-78.763235453999982,42.979752311000027],[-78.784637072999942,42.999008659000026],[-78.815018491999979,43.002895744000057],[-78.884837501999982,42.99666587300004],[-78.909313499999939,42.988009997000063],[-78.927456919999941,42.995170030000054],[-78.970763687999977,43.022574510000027],[-78.983177606999959,43.075915016000067],[-78.982315916999937,43.086802016000036],[-78.99477565899997,43.120031857000072],[-79.067532104999941,43.150968424000041]]},"properties":{"objectid":381,"length":25.170999999999999,"type":"Multi-Lane Divided","admn_class":"Interstate","toll_rd":"N","rte_num1":"190","rte_num2":" ","route":"Interstate 190","st_length(shape)":0.43415699750143333}},{"type":"Feature","id":382,"geometry":{"type":"LineString","coordinates":[[-70.906305680999935,42.857504522000056],[-70.896761252999966,42.875018002000047],[-70.894029758999977,42.884897941000077],[-70.875086273999955,42.953206887000078],[-70.830889372999934,43.029038239000045],[-70.782243391999941,43.07730551800006],[-70.769685682999977,43.088485893000041],[-70.764268517999938,43.092491487000075],[-70.688821134999955,43.14065974600004],[-70.659470477999946,43.16312425700005],[-70.616342262999979,43.260794393000026],[-70.593568575999939,43.339421497000046],[-70.499419991999957,43.480838727000048],[-70.336881349999942,43.639947991000042],[-70.326863940999942,43.661542384000029],[-70.32536072399995,43.666047295000055],[-70.323217032999935,43.670548519000079],[-70.318410319999941,43.677247158000057],[-70.313420839999935,43.687588491000042],[-70.311772778999966,43.69482858300006],[-70.308820067999989,43.702488459000051],[-70.305310630999941,43.70877521400007],[-70.302487489999976,43.714161303000026],[-70.302907273999949,43.718273292000049],[-70.301495703999933,43.72096633700005],[-70.298962777999975,43.720901552000043]]},"properties":{"objectid":382,"length":68.631,"type":"Multi-Lane Divided","admn_class":"Interstate","toll_rd":"Y","rte_num1":" 95","rte_num2":" ","route":"Interstate  95","st_length(shape)":1.0852666523532435}},{"type":"Feature","id":383,"geometry":{"type":"LineString","coordinates":[[-73.934031970999968,42.748600814000042],[-74.010816131999945,42.78089522700003],[-74.022061817999941,42.81908031200004],[-74.062094059999936,42.860892291000027],[-74.092124165999962,42.879057832000058],[-74.215441166999938,42.918016648000048],[-74.302441304999945,42.922387776000051],[-74.366980620999982,42.938142060000075],[-74.38825161699998,42.93625750800004],[-74.43746222599998,42.899727858000062],[-74.488023833999989,42.884541889000047],[-74.529330701999982,42.888020778000055],[-74.578862074999961,42.90281751100008],[-74.613981734999982,42.911747274000049],[-74.656967213999962,42.957919847000028],[-74.788334905999989,43.002669261000051],[-75.003957020999962,43.00983192700005],[-75.018621024999959,43.026544289000071],[-75.028921274999959,43.045110126000054],[-75.07773580199995,43.079743637000036],[-75.154185505999976,43.112748049000061],[-75.206486821999988,43.125012383000069],[-75.265174439999953,43.142201413000066],[-75.317087047999962,43.131680473000074],[-75.398503582999979,43.122651163000057],[-75.496057843999949,43.134766440000078],[-75.571774373999972,43.123871013000041],[-75.582372212999985,43.121014163000041],[-75.666039359999957,43.102687450000076],[-75.747333698999967,43.091620317000036],[-75.850525814999969,43.102488355000048],[-76.057489420999957,43.09849382200008],[-76.161863462999975,43.104998106000039]]},"properties":{"objectid":383,"length":125.854,"type":"Multi-Lane Divided","admn_class":"Interstate","toll_rd":"Y","rte_num1":" 90","rte_num2":" ","route":"Interstate  90","st_length(shape)":2.3865397967052773}},{"type":"Feature","id":384,"geometry":{"type":"LineString","coordinates":[[-73.846788493999952,42.683073399000079],[-73.816781035999952,42.712125941000068],[-73.79426596199994,42.730276208000078],[-73.776091992999966,42.754792762000079],[-73.780288254999959,42.811169724000081],[-73.831208548999939,42.937187143000074],[-73.821061043999975,42.989009158000044],[-73.790245092999953,43.028074894000042],[-73.758048119999955,43.096235309000065],[-73.690915834999942,43.238014913000029],[-73.67817430499997,43.274379705000058],[-73.684308315999942,43.307605332000037],[-73.720014725999988,43.347727114000065],[-73.725500361999934,43.392327997000052],[-73.745543081999983,43.425587861000054],[-73.749128891999987,43.477474660000041],[-73.72370060999998,43.52703026100005],[-73.712715642999967,43.588003781000054],[-73.724581261999958,43.623987238000041],[-73.739696124999966,43.637674204000064],[-73.786435432999951,43.654599881000081],[-73.821746813999937,43.696084248000034],[-73.832429451999985,43.727966778000052],[-73.800403131999985,43.855877702000043],[-73.751155653999945,43.966468448000057],[-73.666759019999972,44.076980714000058],[-73.623316887999977,44.106024828000045],[-73.573245115999953,44.172399185000074],[-73.509309404999954,44.201345332000074],[-73.502198881999959,44.21453245400005],[-73.498804265999979,44.242779663000078],[-73.521495786999935,44.281146988000046],[-73.529332635999936,44.348636380000073],[-73.488606723999965,44.41140280500008],[-73.483755240999983,44.460169402000076],[-73.502669756999978,44.499456881000071],[-73.500861577999956,44.571507015000066],[-73.483046821999949,44.637113962000058],[-73.489867655999944,44.669072864000043],[-73.477446890999943,44.697308485000065],[-73.440344710999966,44.757380812000065],[-73.464622667999947,44.856954461000043],[-73.455612319999943,44.937249114000053],[-73.462998308999943,44.980186662000051],[-73.456360767999968,45.00389841100008]]},"properties":{"objectid":384,"length":173.71299999999999,"type":"Multi-Lane Divided","admn_class":"Interstate","toll_rd":"N","rte_num1":" 87","rte_num2":" ","route":"Interstate  87","st_length(shape)":2.6506310532676491}},{"type":"Feature","id":385,"geometry":{"type":"LineString","coordinates":[[-73.846788493999952,42.683073399000079],[-73.899104030999979,42.733125157000075],[-73.934031970999968,42.748600814000042]]},"properties":{"objectid":385,"length":6.4370000000000003,"type":"Multi-Lane Divided","admn_class":"Interstate","toll_rd":"Y","rte_num1":" 90","rte_num2":" ","route":"Interstate  90","st_length(shape)":0.11060514542009603}},{"type":"Feature","id":386,"geometry":{"type":"LineString","coordinates":[[-84.487898628999972,42.681542267000054],[-84.504814298999975,42.732716434000054],[-84.504982317999975,42.747745971000029],[-84.452032626999937,42.753898943000081],[-84.383243852999954,42.788111617000027],[-84.221892404999949,42.844952080000041],[-83.998772637999934,42.934582059000036],[-83.969872314999975,42.966594157000031],[-83.926917911999965,42.970240539000031],[-83.799251904999949,42.974301964000063],[-83.734607248999964,42.996975576000068]]},"properties":{"objectid":386,"length":48.442,"type":"Multi-Lane Divided","admn_class":"Interstate","toll_rd":"N","rte_num1":" 69","rte_num2":" ","route":"Interstate  69","st_length(shape)":0.89305394591313869}},{"type":"Feature","id":387,"geometry":{"type":"LineString","coordinates":[[-85.604299633999972,42.989071309000053],[-85.586163061999969,42.966233364000061],[-85.578151872999968,42.952790790000051],[-85.541276176999986,42.918459607000045],[-85.496878601999981,42.895729111000037],[-85.426394889999983,42.880821769000079],[-85.076915345999964,42.883089762000054],[-84.978286078999986,42.878821868000045],[-84.871065194999971,42.853225568000028],[-84.812872678999952,42.825195362000045],[-84.702936101999967,42.804340463000074],[-84.682739584999979,42.789028611000049],[-84.669524019999983,42.727547347000041],[-84.487898628999972,42.681542267000054]]},"properties":{"objectid":387,"length":65.430000000000007,"type":"Multi-Lane Divided","admn_class":"Interstate","toll_rd":"N","rte_num1":" 96","rte_num2":" ","route":"Interstate  96","st_length(shape)":1.2276385982160301}},{"type":"Feature","id":388,"geometry":{"type":"LineString","coordinates":[[-71.203100993999954,42.664089358000069],[-71.161267946999942,42.680461994000041],[-71.149054175999936,42.734766898000032],[-71.121038717999966,42.777811367000027],[-71.081670651999957,42.792856706000066],[-71.022991986999955,42.806085964000033],[-71.003071463999959,42.832922129000053],[-70.943332014999953,42.840632042000038],[-70.906305680999935,42.857504522000056]]},"properties":{"objectid":388,"length":22.273,"type":"Multi-Lane Divided","admn_class":"Interstate","toll_rd":"N","rte_num1":"495","rte_num2":" ","route":"Interstate (MA) 495","st_length(shape)":0.38858536986041908}},{"type":"Feature","id":389,"geometry":{"type":"LineString","coordinates":[[-71.203100993999954,42.664089358000069],[-71.213187927999968,42.70795759400005],[-71.215957344999936,42.716658240000072],[-71.230271089999974,42.742654837000032],[-71.237496433999979,42.755769801000042],[-71.268976033999934,42.780991614000072],[-71.28097754199996,42.809433704000071],[-71.345180819999939,42.862605664000057],[-71.419958760999975,42.970539707000057],[-71.430868934999978,42.997139382000057],[-71.445769956999982,43.017902107000054],[-71.478463085999977,43.049472300000048]]},"properties":{"objectid":389,"length":30.663,"type":"Multi-Lane Divided","admn_class":"Interstate","toll_rd":"N","rte_num1":" 93","rte_num2":" ","route":"Interstate  93","st_length(shape)":0.48442598834697548}},{"type":"Feature","id":390,"geometry":{"type":"LineString","coordinates":[[-71.131281029999968,42.500663217000067],[-71.088319253999941,42.516074616000026],[-70.999449837999975,42.513149295000062],[-70.976767270999972,42.519443424000031],[-70.970175553999979,42.542022229000054],[-70.967368740999973,42.577876117000073],[-70.978088774999947,42.617685562000077],[-70.974877451999987,42.64853469500008],[-70.927545074999955,42.74565547800006],[-70.906305680999935,42.857504522000056]]},"properties":{"objectid":390,"length":32.235999999999997,"type":"Multi-Lane Divided","admn_class":"Interstate","toll_rd":"N","rte_num1":" 95","rte_num2":" ","route":"Interstate  95","st_length(shape)":0.51171638944651576}},{"type":"Feature","id":391,"geometry":{"type":"LineString","coordinates":[[-71.059165058999952,42.352220791000036],[-71.096443683999951,42.396241772000053],[-71.100212787999965,42.43996885100006],[-71.131281029999968,42.500663217000067]]},"properties":{"objectid":391,"length":11.144,"type":"Multi-Lane Divided","admn_class":"Interstate","toll_rd":"N","rte_num1":" 93","rte_num2":" ","route":"Interstate  93","st_length(shape)":0.16975795748046005}},{"type":"Feature","id":392,"geometry":{"type":"LineString","coordinates":[[-83.734607248999964,42.996975576000068],[-83.718209330999969,42.952969343000063],[-83.639347842999939,42.899346523000077],[-83.594515208999951,42.866818780000074],[-83.562156538999943,42.806142322000028],[-83.53512391199996,42.778482389000033],[-83.48672916999999,42.744814329000064],[-83.456279278999943,42.74249155800004],[-83.398775693999937,42.749388765000049],[-83.324478108999983,42.705795996000063],[-83.276747541999953,42.701249475000054],[-83.248921697999947,42.683969325000078],[-83.241908615999989,42.644003449000024],[-83.23193544999998,42.616194986000039],[-83.21726354499998,42.605917911000063],[-83.17148547499994,42.601428274000057],[-83.159018358999958,42.587611739000067],[-83.153966200999946,42.56094728000005],[-83.120311834999939,42.553837284000053],[-83.116678094999941,42.478048069000067],[-83.08171065199997,42.431692730000066],[-83.079322042999991,42.390131989000054],[-83.106994089999944,42.346415971000056]]},"properties":{"objectid":392,"length":63.820999999999998,"type":"Multi-Lane Divided","admn_class":"Interstate","toll_rd":"N","rte_num1":" 75","rte_num2":" ","route":"Interstate  75","st_length(shape)":1.0608953826673233}},{"type":"Feature","id":393,"geometry":{"type":"LineString","coordinates":[[-83.106994089999944,42.346415971000056],[-83.155999283999961,42.32742666200005],[-83.213458098999979,42.276500574000067],[-83.269620164999935,42.266921910000065],[-83.359100558999955,42.23841924900006],[-83.420847282999944,42.228135327000075],[-83.514218449999987,42.225194204000047],[-83.573340073999987,42.230656666000073],[-83.593443890999936,42.235211087000039],[-83.639190357999951,42.23001197800005],[-83.654731853999976,42.22980603700006],[-83.682983802999956,42.23335339700003],[-83.761919028999955,42.239598016000059],[-83.792879823999954,42.286025514000073],[-83.909207970999944,42.299292169000068],[-84.02323230899998,42.302793706000045],[-84.153082035999944,42.302755256000069],[-84.327838135999968,42.283005912000078],[-84.363292780999984,42.282140008000056],[-84.437818428999947,42.281888243000026],[-84.473410544999979,42.279179924000061],[-84.705714998999952,42.268423020000057],[-84.757727680999949,42.270339175000061],[-84.81118090199999,42.287749420000068],[-84.881098404999989,42.282081017000053],[-84.988813865999987,42.295874904000073]]},"properties":{"objectid":393,"length":101.124,"type":"Multi-Lane Divided","admn_class":"Interstate","toll_rd":"N","rte_num1":" 94","rte_num2":" ","route":"Interstate  94","st_length(shape)":1.9433879513022105}},{"type":"Feature","id":395,"geometry":{"type":"LineString","coordinates":[[-72.639320656999985,42.150315663000072],[-72.644577176999974,42.198525005000079],[-72.637458753999965,42.277499207000062],[-72.617881115999978,42.295466181000052],[-72.60649058499996,42.30670028000003],[-72.611838751999983,42.318575379000038],[-72.641372701999956,42.331155736000028],[-72.647247572999959,42.348024002000045],[-72.647308143999965,42.376652546000059],[-72.637145363999934,42.42016631000007],[-72.629553959999953,42.458713242000044],[-72.637565147999965,42.557420987000057],[-72.628181365999978,42.590955265000048],[-72.588942868999936,42.621896045000028],[-72.573904904999949,42.625825267000039],[-72.550185254999974,42.657383872000025],[-72.547873544999959,42.678718600000025],[-72.56664269099997,42.728736121000054],[-72.571517875999973,42.74171730200004],[-72.565063627999962,42.782110863000071],[-72.580872162999981,42.833658463000063],[-72.587326410999935,42.854192599000044],[-72.585633052999981,42.875543127000071],[-72.577888903999963,42.887280757000042],[-72.57137303199994,42.899945387000059],[-72.547385815999974,42.969712253000068],[-72.496984852999958,43.012348526000039],[-72.49479533899995,43.055075918000057],[-72.476530249999939,43.087157015000059],[-72.476164189999963,43.132188217000078],[-72.468687606999936,43.186237668000047],[-72.430914931999951,43.299989700000026],[-72.440528884999935,43.375187425000036],[-72.414177288999952,43.452697386000068],[-72.428376738999987,43.521143275000043],[-72.409898860999988,43.582834168000034],[-72.386056488999941,43.602575085000069],[-72.362039250999942,43.628687030000037]]},"properties":{"objectid":395,"length":109.012,"type":"Multi-Lane Divided","admn_class":"Interstate","toll_rd":"N","rte_num1":" 91","rte_num2":" ","route":"Interstate  91","st_length(shape)":1.636971950402303}},{"type":"Feature","id":396,"geometry":{"type":"LineString","coordinates":[[-72.639320656999985,42.150315663000072],[-72.726527264999959,42.153473788000042],[-72.84386352599995,42.169109037000055],[-72.872269272999972,42.173450143000025],[-72.974841982999976,42.228811090000079],[-73.065755541999977,42.241307175000031],[-73.100874148999935,42.256550555000047],[-73.124235638999949,42.272152094000035],[-73.161162424999986,42.294208408000031],[-73.233666052999979,42.299197362000029],[-73.298128468999948,42.302741562000051],[-73.330951166999967,42.307910122000067],[-73.408681290999937,42.33833947100004],[-73.426160535999941,42.345171366000045],[-73.491004286999953,42.388596117000077],[-73.540558833999967,42.407413719000033],[-73.551644928999963,42.422446944000058],[-73.548371454999938,42.447878912000078],[-73.58869391099995,42.460279663000051],[-73.633320075999961,42.485406670000032],[-73.68971073299997,42.489587130000075],[-73.673421315999974,42.551857399000028],[-73.672612822999952,42.592304157000058],[-73.699835062999966,42.633273407000047],[-73.735259158999952,42.657897410000032],[-73.781388014999948,42.659342689000027],[-73.797562609999943,42.670733219000056],[-73.846788493999952,42.683073399000079]]},"properties":{"objectid":396,"length":80.724999999999994,"type":"Multi-Lane Divided","admn_class":"Interstate","toll_rd":"Y","rte_num1":" 90","rte_num2":" ","route":"Interstate  90","st_length(shape)":1.4639404584369671}},{"type":"Feature","id":397,"geometry":{"type":"LineString","coordinates":[[-87.932412667999984,43.037645658000031],[-87.931290785999977,43.031717589000039],[-87.916969666999989,43.000617744000067],[-87.930252648999954,42.967125076000059],[-87.935766727999976,42.862142690000042],[-87.952032969999948,42.833692699000039],[-87.952465920999941,42.730487416000074],[-87.952717686999961,42.691394818000049],[-87.953059517999975,42.564575753000042],[-87.951593696999964,42.490601565000077],[-87.964456895999945,42.471207746000061],[-87.975085282999942,42.46861003600003],[-87.975306499999988,42.458611588000053],[-87.958405050999943,42.37980119000008],[-87.924215025999956,42.326682428000026],[-87.910647095999991,42.214291930000059],[-87.884392412999944,42.170809242000075],[-87.882461510999974,42.147162804000061]]},"properties":{"objectid":397,"length":63.543999999999997,"type":"Multi-Lane Divided","admn_class":"Interstate","toll_rd":"N","rte_num1":" 94","rte_num2":" ","route":"Interstate  94","st_length(shape)":0.93302247921159931}},{"type":"Feature","id":398,"geometry":{"type":"LineString","coordinates":[[-86.372115441999938,42.146172598000078],[-86.318358838999984,42.171188996000069],[-86.188009267999973,42.190662874000054],[-86.088474067999982,42.199002200000052],[-85.995385741999939,42.189256571000044],[-85.892560213999957,42.200055611000039],[-85.83497235599998,42.222996790000025],[-85.637037005999957,42.236788570000044],[-85.568340405999948,42.245631953000043],[-85.514582748999942,42.263542569000037],[-85.361425255999961,42.283309821000046],[-85.271470299999976,42.272205818000032],[-85.231414356999949,42.267711968000071],[-85.180631532999939,42.276031806000049],[-85.097117129999958,42.291412130000026],[-84.988813865999987,42.295874904000073]]},"properties":{"objectid":398,"length":72.438000000000002,"type":"Multi-Lane Divided","admn_class":"Interstate","toll_rd":"N","rte_num1":" 94","rte_num2":" ","route":"Interstate  94","st_length(shape)":1.404438097930377}},{"type":"Feature","id":399,"geometry":{"type":"LineString","coordinates":[[-86.372115441999938,42.146172598000078],[-86.384018982999976,42.18508875100008],[-86.357492520999983,42.237169378000033],[-86.277250011999968,42.363836224000067],[-86.257391111999937,42.390160432000073],[-86.247901988999956,42.433566747000043],[-86.210069795999971,42.510842852000053],[-86.222768661999964,42.597533288000079],[-86.217062862999967,42.626051223000047],[-86.170532130999959,42.660357124000029],[-86.160608474999947,42.723755595000057],[-86.138162398999953,42.735909321000065],[-86.095620406999956,42.737535261000062],[-86.073289152999962,42.746961180000028],[-86.037812385999985,42.781949691000079],[-85.86072982799999,42.845847479000042],[-85.810580630999937,42.871280501000058],[-85.781489112999964,42.900027553000029],[-85.776233119999972,42.916259032000028],[-85.724733449999974,42.942084450000038],[-85.708650500999966,42.972567523000066],[-85.679833923999979,42.983565658000032],[-85.604299633999972,42.989071309000053]]},"properties":{"objectid":399,"length":78.513999999999996,"type":"Multi-Lane Divided","admn_class":"Interstate","toll_rd":"N","rte_num1":"196","rte_num2":" ","route":"Interstate 196","st_length(shape)":1.2944824126830692}},{"type":"Feature","id":400,"geometry":{"type":"LineString","coordinates":[[-80.130387188999975,42.026548856000034],[-80.084663369999987,42.043375512000068],[-79.970257170999957,42.111487470000043],[-79.85995663999995,42.164420832000076],[-79.837128702999962,42.182113392000076],[-79.793425851999984,42.227878822000037],[-79.763166101999957,42.256035437000037],[-79.761617060999981,42.257481243000029],[-79.575155460999952,42.340275640000073],[-79.471013695999943,42.391132730000038],[-79.381839843999956,42.420349603000034],[-79.33445216299998,42.451427853000041],[-79.225913460999948,42.506355849000045],[-79.175871710999957,42.520196086000055],[-79.132672916999979,42.534196441000063],[-79.068280025999968,42.574045389000048],[-78.997043125999937,42.623678942000026],[-78.892922428999952,42.721845762000044],[-78.821669199999974,42.757272491000037],[-78.806005508999988,42.774690638000038],[-78.806791880999981,42.78603903100003],[-78.801283068999965,42.805818398000042],[-78.773878061999937,42.834592312000041],[-78.776540557999965,42.854977916000053],[-78.772672433999958,42.871506984000064],[-78.765470790999984,42.912286094000081],[-78.757604972999957,42.952641205000077]]},"properties":{"objectid":400,"length":99.117999999999995,"type":"Multi-Lane Divided","admn_class":"Interstate","toll_rd":"N","rte_num1":" 90","rte_num2":" ","route":"Interstate  90","st_length(shape)":1.7295770129468824}},{"type":"Feature","id":401,"geometry":{"type":"LineString","coordinates":[[-80.122660947999975,42.083953420000057],[-80.112390193999943,42.057814613000062],[-80.130387188999975,42.026548856000034]]},"properties":{"objectid":401,"length":4.25,"type":"Multi-Lane Divided","admn_class":"Interstate","toll_rd":"N","rte_num1":" 79","rte_num2":" ","route":"Interstate  79","st_length(shape)":0.064159727254279}},{"type":"Feature","id":402,"geometry":{"type":"LineString","coordinates":[[-71.283197078999933,42.021286016000033],[-71.254433698999947,42.045665627000062],[-71.232673919999968,42.064285189000032],[-71.209892859999968,42.123771292000072],[-71.151755647999948,42.168399565000072],[-71.129943198999968,42.202003367000032]]},"properties":{"objectid":402,"length":15.121,"type":"Multi-Lane Divided","admn_class":"Interstate","toll_rd":"N","rte_num1":" 95","rte_num2":" ","route":"Interstate  95","st_length(shape)":0.24339695842988476}},{"type":"Feature","id":403,"geometry":{"type":"LineString","coordinates":[[-87.882461510999974,42.147162804000061],[-87.789798235999967,42.140063870000063],[-87.755578188999948,42.09781788600003],[-87.749634318999938,42.063669997000034],[-87.775765224999986,42.031772193000052],[-87.75137191999994,41.994198612000048],[-87.758527738999987,41.95478156300004],[-87.687502046999953,41.908838107000065],[-87.661788817999991,41.878046385000061]]},"properties":{"objectid":403,"length":26.158000000000001,"type":"Multi-Lane Divided","admn_class":"Interstate","toll_rd":"Y","rte_num1":" 94","rte_num2":" ","route":"Interstate  94","st_length(shape)":0.43276212983570261}},{"type":"Feature","id":404,"geometry":{"type":"LineString","coordinates":[[-87.661788817999991,41.878046385000061],[-87.654417575999958,41.830252613000027]]},"properties":{"objectid":404,"length":3.3439999999999999,"type":"Multi-Lane Divided","admn_class":"Interstate","toll_rd":"N","rte_num1":" 90","rte_num2":" 94","route":"Interstate  90","st_length(shape)":0.048358865274224005}},{"type":"Feature","id":405,"geometry":{"type":"LineString","coordinates":[[-70.730085866999957,41.783573877000038],[-70.852915137999958,41.860225309000043],[-70.926571195999941,41.881991408000033],[-70.953366278999965,41.90398293700008],[-71.023878958999944,41.928792867000027],[-71.055236889999946,41.946324782000033],[-71.12149326499997,41.956448585000032],[-71.216963878999934,41.993068829000038],[-71.283197078999933,42.021286016000033]]},"properties":{"objectid":405,"length":33.261000000000003,"type":"Multi-Lane Divided","admn_class":"Interstate","toll_rd":"N","rte_num1":"495","rte_num2":" ","route":"Interstate (MA) 495","st_length(shape)":0.60820114346615617}},{"type":"Feature","id":406,"geometry":{"type":"LineString","coordinates":[[-87.654417575999958,41.830252613000027],[-87.652737385999956,41.77710277500006]]},"properties":{"objectid":406,"length":3.6960000000000002,"type":"Multi-Lane Divided","admn_class":"Interstate","toll_rd":"N","rte_num1":" 90","rte_num2":" 94","route":"Interstate  90","st_length(shape)":0.053176388725282429}},{"type":"Feature","id":407,"geometry":{"type":"LineString","coordinates":[[-70.59069961199998,41.76178987000003],[-70.617678514999966,41.777040624000051],[-70.668659379999951,41.767007413000044],[-70.708959714999935,41.774403410000048],[-70.730085866999957,41.783573877000038]]},"properties":{"objectid":407,"length":7.8360000000000003,"type":"Multi-Lane Divided","admn_class":"Interstate","toll_rd":"N","rte_num1":"495","rte_num2":" ","route":"Interstate (MA) 495","st_length(shape)":0.14695389482415344}},{"type":"Feature","id":408,"geometry":{"type":"LineString","coordinates":[[-84.988813865999987,42.295874904000073],[-84.995901213999957,42.148318396000036],[-85.012890094999989,42.105262866000032],[-85.010455135999962,42.085617283000033],[-84.971243501999936,42.032380538000041],[-84.966052293999951,41.939955334000047],[-84.989230489999954,41.906214588000068],[-84.991235656999947,41.762451939000073],[-84.991273579999984,41.759590875000072],[-85.003298263999966,41.735466716000076]]},"properties":{"objectid":408,"length":39.991999999999997,"type":"Multi-Lane Divided","admn_class":"Interstate","toll_rd":"N","rte_num1":" 69","rte_num2":" ","route":"Interstate  69","st_length(shape)":0.58702611503810387}},{"type":"Feature","id":409,"geometry":{"type":"LineString","coordinates":[[-70.730085866999957,41.783573877000038],[-70.812537377999945,41.690697813000043],[-70.862945714999967,41.663773688000049],[-70.907158943999946,41.650582353000061],[-70.964686229999984,41.643052046000037],[-71.087202638999941,41.653152148000061],[-71.111434245999988,41.661876496000048],[-71.140014858999962,41.684764477000044],[-71.175126618999968,41.71227166500006],[-71.204309782999985,41.737955925000051],[-71.241260270999987,41.768732373000034],[-71.343896184999949,41.805158263000067],[-71.366434434999974,41.81313837600004],[-71.379443003999938,41.811131629000045],[-71.387210327999981,41.810666548000029],[-71.399844935999965,41.809273939000036],[-71.434423142999947,41.807240329000081]]},"properties":{"objectid":409,"length":44.701999999999998,"type":"Multi-Lane Divided","admn_class":"Interstate","toll_rd":"N","rte_num1":"195","rte_num2":" ","route":"Interstate (MA) 195","st_length(shape)":0.80348012091464383}},{"type":"Feature","id":410,"geometry":{"type":"LineString","coordinates":[[-87.713099400999965,41.606773107000038],[-87.679277542999955,41.632175053000026],[-87.649417035999988,41.716205101000071],[-87.652737385999956,41.77710277500006]]},"properties":{"objectid":410,"length":12.756,"type":"Multi-Lane Divided","admn_class":"Interstate","toll_rd":"N","rte_num1":" 57","rte_num2":" ","route":"Interstate  57","st_length(shape)":0.19246469441101266}},{"type":"Feature","id":411,"geometry":{"type":"LineString","coordinates":[[-87.252012043999969,41.582281834000071],[-87.228093825999963,41.600477925000064],[-87.111132578999957,41.608348483000043],[-87.038881243999981,41.61924391000008],[-86.967567970999937,41.654640617000041],[-86.902273886999978,41.65833808900004],[-86.871595406999973,41.673154838000073],[-86.836933979999969,41.679255139000077],[-86.818966479999972,41.698866487000032],[-86.804608491999943,41.736258354000029],[-86.766117389999977,41.757399781000061],[-86.756808925999962,41.762504082000078],[-86.702936447999946,41.801193225000077],[-86.616096427999935,41.873825895000039],[-86.607986744999948,41.903278732000047],[-86.563735066999982,41.967884939000044],[-86.547408253999947,42.015735595000081],[-86.525519432999943,42.035255296000059],[-86.468779043999973,42.058955984000079],[-86.417409995999947,42.088637411000036],[-86.382727500999977,42.130521548000047],[-86.372115441999938,42.146172598000078]]},"properties":{"objectid":411,"length":64.674000000000007,"type":"Multi-Lane Divided","admn_class":"Interstate","toll_rd":"N","rte_num1":" 94","rte_num2":" ","route":"Interstate  94","st_length(shape)":1.1181955825369723}},{"type":"Feature","id":412,"geometry":{"type":"LineString","coordinates":[[-87.652737385999956,41.77710277500006],[-87.642948566999962,41.774688358000049],[-87.633190296999942,41.771369587000038],[-87.555442790999962,41.71118612500004],[-87.545203638999965,41.703316620000066],[-87.541037398999947,41.698261829000046],[-87.535658683999941,41.692727209000054],[-87.531790032999936,41.688069553000048],[-87.530302089999964,41.686284022000052],[-87.522611664999943,41.67572516000007],[-87.520307328999991,41.670246897000027],[-87.516270659999975,41.660649272000057],[-87.514057969999953,41.651978648000068],[-87.508694529999957,41.645997382000076],[-87.491359602999978,41.628922648000071],[-87.48360017899995,41.621087379000073],[-87.475825480999958,41.613698229000079],[-87.469790490999969,41.609967575000042],[-87.45879604299995,41.607980316000067],[-87.372361058999957,41.602498893000075],[-87.345977860999938,41.601598754000065],[-87.329956009999989,41.603147794000051],[-87.315818184999955,41.603811443000041],[-87.309142720999944,41.600984615000073],[-87.30494645999994,41.597726942000065],[-87.302596299999948,41.594507192000037],[-87.298468509999964,41.588987847000055],[-87.252012043999969,41.582281834000071]]},"properties":{"objectid":412,"length":27.082999999999998,"type":"Multi-Lane Divided","admn_class":"Interstate","toll_rd":"Y","rte_num1":" 90","rte_num2":" 94","route":"Interstate  90","st_length(shape)":0.478657936008833}},{"type":"Feature","id":413,"geometry":{"type":"LineString","coordinates":[[-87.700288346999969,41.579353352000055],[-87.597105184999975,41.581043550000061]]},"properties":{"objectid":413,"length":5.3079999999999998,"type":"Multi-Lane Divided","admn_class":"Interstate","toll_rd":"Y","rte_num1":" 80","rte_num2":"294","route":"Interstate  80","st_length(shape)":0.10319700426658446}},{"type":"Feature","id":414,"geometry":{"type":"LineString","coordinates":[[-87.700288346999969,41.579353352000055],[-87.703646092999975,41.592113317000042],[-87.713099400999965,41.606773107000038]]},"properties":{"objectid":414,"length":2.0329999999999999,"type":"Multi-Lane Divided","admn_class":"Interstate","toll_rd":"Y","rte_num1":"294","rte_num2":" ","route":"Interstate 294","st_length(shape)":0.030637826214606749}},{"type":"Feature","id":415,"geometry":{"type":"LineString","coordinates":[[-80.130387188999975,42.026548856000034],[-80.242412679999973,41.999231809000037],[-80.349831078999955,41.953325749000044],[-80.470235925999987,41.937853253000071],[-80.513771283999972,41.931402692000063],[-80.52148488399996,41.927961726000035],[-80.556772563999971,41.912210075000075],[-80.626104897999937,41.890587766000067],[-80.702165892999972,41.84055813100008],[-80.75751999299996,41.823700925000026],[-80.846909793999941,41.785515840000073],[-80.902149072999975,41.769566675000078],[-81.032205268999974,41.760181312000043],[-81.256233601999952,41.652459004000036],[-81.357917232999966,41.633996927000055],[-81.412151030999951,41.603282104000073],[-81.440763772999958,41.576511777000064]]},"properties":{"objectid":415,"length":75.658000000000001,"type":"Multi-Lane Divided","admn_class":"Interstate","toll_rd":"N","rte_num1":" 90","rte_num2":" ","route":"Interstate  90","st_length(shape)":1.4046820732883571}},{"type":"Feature","id":416,"geometry":{"type":"LineString","coordinates":[[-85.003298263999966,41.735466716000076],[-85.042606284999977,41.745930245000068],[-85.220645339999976,41.753357317000052],[-85.252789640999936,41.751690821000068],[-85.299910282999974,41.736878286000035],[-85.43553533499994,41.747116912000081],[-85.557861601999946,41.738660131000074],[-85.692632337999953,41.751351623000062],[-85.771401124999954,41.73047723600007],[-85.802156504999971,41.731365788000062],[-85.844447785999989,41.73438697000006],[-85.918326113999967,41.721927754000035],[-86.118625843999951,41.728712773000041],[-86.19152607999996,41.710612016000027],[-86.256636869999966,41.713632672000074],[-86.323061263999989,41.72801383500007],[-86.384419805999983,41.732232218000036],[-86.418349638999985,41.744408066000062],[-86.470384441999954,41.751095117000034],[-86.518901379999988,41.739505493000081],[-86.562611604999972,41.73914996700006],[-86.606909105999989,41.724710339000069],[-86.67288158599996,41.675755709000043],[-86.687896375999969,41.669274073000054],[-86.780863559999943,41.666278699000031],[-86.83819912599995,41.613429083000028],[-86.898518477999971,41.593775072000028],[-86.990707190999956,41.574723612000071],[-87.109583538999971,41.581527592000043],[-87.15718400999998,41.57195998900005],[-87.252012043999969,41.582281834000071]]},"properties":{"objectid":416,"length":121.17100000000001,"type":"Multi-Lane Divided","admn_class":"Interstate","toll_rd":"Y","rte_num1":" 80","rte_num2":" 90","route":"Interstate  80","st_length(shape)":2.3129846392487643}},{"type":"Feature","id":417,"geometry":{"type":"LineString","coordinates":[[-87.252012043999969,41.582281834000071],[-87.297247606999974,41.568990951000046]]},"properties":{"objectid":417,"length":2.5030000000000001,"type":"Multi-Lane Divided","admn_class":"Interstate","toll_rd":"Y","rte_num1":" 80","rte_num2":" ","route":"Interstate  80","st_length(shape)":0.047147680015528423}},{"type":"Feature","id":418,"geometry":{"type":"LineString","coordinates":[[-87.597105184999975,41.581043550000061],[-87.538135778999958,41.581974765000041],[-87.531459788999939,41.581814647000044],[-87.485369381999988,41.580704878000063],[-87.346908022999969,41.571195740000064],[-87.297247606999974,41.568990951000046]]},"properties":{"objectid":418,"length":15.459,"type":"Multi-Lane Divided","admn_class":"Interstate","toll_rd":"N","rte_num1":" 80","rte_num2":" ","route":"Interstate  80","st_length(shape)":0.30025527428425719}},{"type":"Feature","id":419,"geometry":{"type":"LineString","coordinates":[[-87.756419336999954,41.568775002000052],[-87.700288346999969,41.579353352000055]]},"properties":{"objectid":419,"length":2.9790000000000001,"type":"Multi-Lane Divided","admn_class":"Interstate","toll_rd":"N","rte_num1":" 80","rte_num2":" ","route":"Interstate  80","st_length(shape)":0.057119081987568751}},{"type":"Feature","id":420,"geometry":{"type":"LineString","coordinates":[[-83.57290870199995,41.567906991000029],[-83.533753951999984,41.598862519000079],[-83.534044165999944,41.616589315000056],[-83.553316841999958,41.640243653000027],[-83.576541388999942,41.65961851000003],[-83.583644536999941,41.684753416000035],[-83.543238861999953,41.687568130000045],[-83.509340630999986,41.687338486000044],[-83.493196584999964,41.693098536000036],[-83.491739717999963,41.724878358000069],[-83.42887269199997,41.828865271000041],[-83.364105313999971,41.914160992000063],[-83.363213074999976,41.959102127000051],[-83.339630368999963,41.988528629000029],[-83.252423761999978,42.084919925000065],[-83.248212224999975,42.145709098000054],[-83.251576292999971,42.17045476900006],[-83.176178945999936,42.249191954000025],[-83.146080367999957,42.293247171000075],[-83.098021136999989,42.322299712000074],[-83.106994089999944,42.346415971000056]]},"properties":{"objectid":420,"length":65.872,"type":"Multi-Lane Divided","admn_class":"Interstate","toll_rd":"N","rte_num1":" 75","rte_num2":" ","route":"Interstate  75","st_length(shape)":1.0493018045638056}},{"type":"Feature","id":421,"geometry":{"type":"LineString","coordinates":[[-85.003298263999966,41.735466716000076],[-84.984414822999952,41.731625454000039],[-84.969948859999988,41.716129782000053],[-84.906470328999944,41.678497737000043],[-84.860730708999938,41.66145776500008],[-84.82753404999994,41.63739470400003],[-84.81250345899997,41.629483062000077],[-84.794619704999945,41.631691538000041],[-84.790766854999958,41.632286715000077],[-84.766725914999938,41.636002095000038],[-84.645628450999936,41.620499576000043],[-84.541163815999937,41.616711511000062],[-84.410074750999968,41.617467333000036],[-84.281214176999981,41.590207697000039],[-84.053450974999976,41.596124705000079],[-83.94994072999998,41.608194685000058],[-83.809143958999982,41.602907616000039],[-83.778846812999973,41.594385524000074],[-83.681721816999982,41.595461056000033],[-83.653798004999942,41.592710074000081],[-83.620891560999951,41.589277008000067],[-83.57290870199995,41.567906991000029]]},"properties":{"objectid":421,"length":77.228999999999999,"type":"Multi-Lane Divided","admn_class":"Interstate","toll_rd":"Y","rte_num1":" 80","rte_num2":" 90","route":"Interstate  80","st_length(shape)":1.4719496439960245}},{"type":"Feature","id":422,"geometry":{"type":"LineString","coordinates":[[-88.198571109999989,41.490940063000039],[-88.15231268499997,41.505439735000039],[-88.108716754999989,41.508155955000063],[-88.086613563999947,41.50927783700007],[-88.067600553999966,41.509518015000026],[-88.027140627999984,41.508606814000075],[-88.016596512999968,41.51438582600008],[-87.945290613999987,41.549409099000059],[-87.859213262999958,41.556509614000049],[-87.794117219999976,41.558386792000078],[-87.756419336999954,41.568775002000052]]},"properties":{"objectid":422,"length":23.998000000000001,"type":"Multi-Lane Divided","admn_class":"Interstate","toll_rd":"N","rte_num1":" 80","rte_num2":" ","route":"Interstate  80","st_length(shape)":0.45583705989761519}},{"type":"Feature","id":423,"geometry":{"type":"LineString","coordinates":[[-81.440763772999958,41.576511777000064],[-81.469871618999946,41.580612705000078],[-81.484002069999974,41.591533414000025],[-81.519022709999945,41.591354334000073],[-81.669293330999949,41.503873313000042],[-81.658748688999935,41.491495211000029],[-81.663585950999959,41.479978798000047]]},"properties":{"objectid":423,"length":16.07,"type":"Multi-Lane Divided","admn_class":"Interstate","toll_rd":"N","rte_num1":" 90","rte_num2":" ","route":"Interstate  90","st_length(shape)":0.28490653846907887}},{"type":"Feature","id":424,"geometry":{"type":"LineString","coordinates":[[-81.663585950999959,41.479978798000047],[-81.682293472999959,41.464380418000076],[-81.78923204299997,41.467658633000042]]},"properties":{"objectid":424,"length":6.9640000000000004,"type":"Multi-Lane Divided","admn_class":"Interstate","toll_rd":"N","rte_num1":" 90","rte_num2":" ","route":"Interstate  90","st_length(shape)":0.13134616220108572}},{"type":"Feature","id":425,"geometry":{"type":"LineString","coordinates":[[-81.78923204299997,41.467658633000042],[-81.838344684999981,41.468274878000045],[-82.034435511999959,41.464667999000028],[-82.056852092999975,41.450695560000042],[-82.084036936999951,41.416101551000054],[-82.130868943999985,41.410329914000044],[-82.131227629999955,41.397139631000073]]},"properties":{"objectid":425,"length":20.292000000000002,"type":"Multi-Lane Divided","admn_class":"Interstate","toll_rd":"N","rte_num1":" 90","rte_num2":" ","route":"Interstate  90","st_length(shape)":0.37603388868373522}},{"type":"Feature","id":426,"geometry":{"type":"LineString","coordinates":[[-82.131227629999955,41.397139631000073],[-82.050526360999982,41.381405362000066],[-81.972992170999987,41.376413248000063],[-81.92739686799996,41.362548256000025],[-81.884190172999979,41.367218026000046],[-81.854334932999961,41.340070578000052],[-81.818551623999952,41.335832707000066],[-81.801781324999979,41.321860267000034]]},"properties":{"objectid":426,"length":18.719000000000001,"type":"Multi-Lane Divided","admn_class":"Interstate","toll_rd":"Y","rte_num1":" 80","rte_num2":" ","route":"Interstate  80","st_length(shape)":0.3492447150653098}},{"type":"Feature","id":427,"geometry":{"type":"LineString","coordinates":[[-83.57290870199995,41.567906991000029],[-83.451536297999951,41.514467465000052],[-83.398251095999967,41.501920817000041],[-83.278664222999964,41.444616326000073],[-83.056832250999946,41.378958815000033],[-82.96201896499997,41.358039132000044],[-82.758268787999953,41.329753474000029],[-82.609182726999961,41.318071149000048],[-82.483565603999978,41.32575262000006],[-82.429439780999985,41.322391713000059],[-82.351783394999984,41.333082778000062],[-82.255998337999984,41.374846827000056],[-82.187131610999984,41.380565267000065],[-82.131227629999955,41.397139631000073]]},"properties":{"objectid":427,"length":79.128,"type":"Multi-Lane Divided","admn_class":"Interstate","toll_rd":"Y","rte_num1":" 80","rte_num2":" 90","route":"Interstate  80","st_length(shape)":1.494029678809518}},{"type":"Feature","id":428,"geometry":{"type":"LineString","coordinates":[[-72.91051861699998,41.295373834000031],[-72.747504358999947,41.303136418000065],[-72.455426219999936,41.366287338000063],[-72.200710450999964,41.374365418000025],[-72.150614450999967,41.370932352000068],[-72.118722967999986,41.37318717800008],[-72.08906682199995,41.367411854000068],[-72.054710883999974,41.363608514000077],[-71.923443792999933,41.373352037000075],[-71.866053976999979,41.408725569000069],[-71.800599773999977,41.447616967000044],[-71.694289562999984,41.510628310000072],[-71.672659353999961,41.533848642000066],[-71.626042241999983,41.642426320000027],[-71.555864545999952,41.663365492000025],[-71.498558474999982,41.66726047800006],[-71.469603374999963,41.703023772000051],[-71.443456139999967,41.745198651000067],[-71.425122052999939,41.775262466000072],[-71.434423142999947,41.807240329000081]]},"properties":{"objectid":428,"length":94.310000000000002,"type":"Multi-Lane Divided","admn_class":"Interstate","toll_rd":"N","rte_num1":" 95","rte_num2":" ","route":"Interstate  95","st_length(shape)":1.7073188661851673}},{"type":"Feature","id":429,"geometry":{"type":"LineString","coordinates":[[-81.801781324999979,41.321860267000034],[-81.773871207999946,41.134289426000066],[-81.824114158999976,41.067197169000053],[-81.869519848999971,41.032041166000056]]},"properties":{"objectid":429,"length":21.864999999999998,"type":"Multi-Lane Divided","admn_class":"Interstate","toll_rd":"N","rte_num1":" 71","rte_num2":" ","route":"Interstate  71","st_length(shape)":0.33088047053454422}},{"type":"Feature","id":430,"geometry":{"type":"LineString","coordinates":[[-73.688492462999989,41.000005893000036],[-73.56453288199998,41.058431212000073],[-73.386922565999953,41.113686818000076],[-73.071161118999953,41.236039948000041],[-72.913280658999952,41.295240051000064],[-72.91051861699998,41.295373834000031]]},"properties":{"objectid":430,"length":45.268000000000001,"type":"Multi-Lane Divided","admn_class":"Interstate","toll_rd":"N","rte_num1":" 95","rte_num2":" ","route":"Interstate  95","st_length(shape)":0.83306304121182861}},{"type":"Feature","id":431,"geometry":{"type":"LineString","coordinates":[[-73.821027860999948,40.831048292000048],[-73.835523845999944,40.866448160000061],[-73.740961797999944,40.968821775000038],[-73.688492462999989,41.000005893000036]]},"properties":{"objectid":431,"length":14.707000000000001,"type":"Multi-Lane Divided","admn_class":"Interstate","toll_rd":"N","rte_num1":" 95","rte_num2":" ","route":"Interstate  95","st_length(shape)":0.23865365971031197}},{"type":"Feature","id":432,"geometry":{"type":"LineString","coordinates":[[-73.73928424199994,40.762411736000047],[-73.776234202999945,40.782442341000035],[-73.790799186999948,40.81572116600006],[-73.821027860999948,40.831048292000048]]},"properties":{"objectid":432,"length":6.71,"type":"Multi-Lane Divided","admn_class":"Interstate","toll_rd":"N","rte_num1":"295","rte_num2":" ","route":"Interstate (NY) 295","st_length(shape)":0.11224898722150592}},{"type":"Feature","id":433,"geometry":{"type":"LineString","coordinates":[[-73.722949527999958,40.751494187000048],[-73.73928424199994,40.762411736000047]]},"properties":{"objectid":433,"length":1.1400000000000001,"type":"Multi-Lane Divided","admn_class":"Interstate","toll_rd":"N","rte_num1":"295","rte_num2":" ","route":"Interstate (NY) 295","st_length(shape)":0.019647283721400195}},{"type":"Feature","id":434,"geometry":{"type":"LineString","coordinates":[[-73.847327312999937,40.743537249000042],[-73.787877551999941,40.746172883000042],[-73.73928424199994,40.762411736000047]]},"properties":{"objectid":434,"length":5.8680000000000003,"type":"Multi-Lane Divided","admn_class":"Interstate","toll_rd":"N","rte_num1":"278","rte_num2":" ","route":"Interstate 278","st_length(shape)":0.11074300878486036}},{"type":"Feature","id":435,"geometry":{"type":"LineString","coordinates":[[-73.905548797999984,40.753573093000057],[-73.847327312999937,40.743537249000042]]},"properties":{"objectid":435,"length":3.109,"type":"Multi-Lane Divided","admn_class":"Interstate","toll_rd":"N","rte_num1":"278","rte_num2":" ","route":"Interstate 278","st_length(shape)":0.059080110700620407}},{"type":"Feature","id":436,"geometry":{"type":"LineString","coordinates":[[-73.905548797999984,40.753573093000057],[-73.957750566999948,40.706882243000052],[-73.979578816999947,40.696910657000046],[-73.992015383999956,40.711688429000048],[-73.997768059999942,40.718226949000041]]},"properties":{"objectid":436,"length":7.327,"type":"Multi-Lane Divided","admn_class":"Interstate","toll_rd":"N","rte_num1":" 78","rte_num2":" ","route":"Interstate  78","st_length(shape)":0.12205761117110321}},{"type":"Feature","id":437,"geometry":{"type":"LineString","coordinates":[[-73.809919117999982,40.669102193000072],[-73.823133628999983,40.714477334000037],[-73.847327312999937,40.743537249000042]]},"properties":{"objectid":437,"length":5.6139999999999999,"type":"Multi-Lane Divided","admn_class":"Interstate","toll_rd":"N","rte_num1":"278","rte_num2":" ","route":"Interstate 278","st_length(shape)":0.085073070553291399}},{"type":"Feature","id":438,"geometry":{"type":"LineString","coordinates":[[-74.166703011999971,40.697535856000059],[-74.13834361499994,40.682654849000073],[-74.116606484999977,40.666709898000079],[-74.104269464999959,40.656917918000033],[-74.092733563999957,40.661834713000076],[-74.081876586999954,40.672176573000058],[-74.028012008999951,40.717871950000074],[-74.006213780999985,40.71812740200005],[-73.997768059999942,40.718226949000041]]},"properties":{"objectid":438,"length":11.747999999999999,"type":"Multi-Lane Divided","admn_class":"Interstate","toll_rd":"Y","rte_num1":" 78","rte_num2":" ","route":"Interstate  78","st_length(shape)":0.20315187654783412}},{"type":"Feature","id":439,"geometry":{"type":"LineString","coordinates":[[-89.022232433999989,40.542516459000069],[-89.002249758999938,40.544705974000067],[-88.954419644999973,40.550404926000056],[-88.800985630999946,40.650341475000062],[-88.762387081999975,40.692303038000034],[-88.748614789999976,40.733501932000024],[-88.669702211999947,40.842788028000029],[-88.646554564999974,40.898432343000025],[-88.543104363999987,40.995694809000042],[-88.533071679999978,41.01739665000008],[-88.447920803999978,41.092496935000042],[-88.425040722999938,41.113630461000071],[-88.337280547999967,41.184560819000069],[-88.262375670999972,41.244664748000048],[-88.234192193999945,41.282967816000053],[-88.200155966999944,41.305318032000059],[-88.200508858999967,41.452377856000055],[-88.198571109999989,41.490940063000039]]},"properties":{"objectid":439,"length":83.040000000000006,"type":"Multi-Lane Divided","admn_class":"Interstate","toll_rd":"N","rte_num1":" 55","rte_num2":" ","route":"Interstate  55","st_length(shape)":1.3403081202200795}},{"type":"Feature","id":440,"geometry":{"type":"LineString","coordinates":[[-74.311694991999957,40.534711739000045],[-74.29808387199995,40.541177574000073],[-74.26948060999996,40.555814190000035],[-74.166703011999971,40.697535856000059]]},"properties":{"objectid":440,"length":13.872,"type":"Multi-Lane Divided","admn_class":"Interstate","toll_rd":"Y","rte_num1":" 95","rte_num2":" ","route":"Interstate  95","st_length(shape)":0.22226591461259648}},{"type":"Feature","id":441,"geometry":{"type":"LineString","coordinates":[[-89.010797133999972,40.446325312000056],[-89.023416466999947,40.456350622000059],[-89.033524996999972,40.479971251000052],[-89.032128173999979,40.509443049000026],[-89.022232433999989,40.542516459000069]]},"properties":{"objectid":441,"length":7.0990000000000002,"type":"Multi-Lane Divided","admn_class":"Interstate","toll_rd":"N","rte_num1":" 55","rte_num2":" 74","route":"Interstate  55","st_length(shape)":0.10583662184897683}},{"type":"Feature","id":442,"geometry":{"type":"LineString","coordinates":[[-74.108570540999949,40.174147681000079],[-74.107364912999969,40.186823899000046],[-74.10335194399994,40.208036958000037],[-74.097378051999954,40.219678726000041],[-74.090031038999939,40.234460712000043],[-74.085872699999982,40.245710086000031],[-74.084720794999953,40.257031617000052],[-74.087276896999981,40.266632929000025],[-74.094189377999953,40.285896652000076],[-74.102246389999948,40.306545082000071],[-74.109326889999977,40.322639091000042],[-74.118589003999944,40.331065324000065],[-74.135549969999943,40.342413717000056],[-74.14420953299998,40.350825202000067],[-74.152235995999945,40.359663318000059],[-74.164450819999956,40.369970415000068],[-74.177314544999945,40.378911766000044],[-74.193145727999934,40.389291548000074],[-74.200676034999958,40.396268288000044],[-74.210449579999988,40.40736122900006],[-74.215645527999982,40.412919024000075],[-74.238358643999959,40.418042287000048],[-74.24675906799996,40.419190505000074],[-74.259744461999958,40.425514656000075],[-74.273027970999976,40.439109975000065],[-74.28696722799998,40.451679272000035],[-74.297274851999987,40.464926965000075],[-74.302966430999959,40.472434097000075],[-74.309741967999969,40.482783331000064],[-74.307407083999976,40.504900216000067],[-74.306735533999984,40.509779088000073],[-74.307567201999973,40.518732025000077],[-74.308582162999983,40.522878777000074],[-74.310085379999975,40.529737534000049],[-74.311694991999957,40.534711739000045]]},"properties":{"objectid":442,"length":30.053000000000001,"type":"Multi-Lane Divided","admn_class":"Interstate","toll_rd":"Y","rte_num1":" ","rte_num2":" ","route":" ","st_length(shape)":0.47284864415618383}},{"type":"Feature","id":443,"geometry":{"type":"LineString","coordinates":[[-88.284139663999952,40.157987307000042],[-88.209787827999946,40.243865037000035],[-88.191704978999951,40.31033999400006],[-88.072246094999969,40.555329094000058],[-88.032091657999956,40.71272709200008],[-88.019228459999965,40.747963681000044],[-88.00852475399995,40.795471452000072],[-88.012278582999954,40.819106828000031],[-87.991259877999937,40.865134557000033],[-87.971102863999988,40.898013086000049],[-87.936151748999976,40.911654228000032],[-87.918267994999951,40.922774032000063],[-87.916857478999987,40.958601584000064],[-87.895342090999975,40.99508488400005],[-87.889476172999935,41.039026333000038],[-87.874339187999965,41.061521392000031],[-87.840098071999989,41.092394227000057],[-87.835101217999977,41.123186476000058],[-87.836368470999957,41.147253225000043],[-87.859059464999973,41.16842467400005],[-87.873426407999943,41.180860714000062],[-87.874349721999977,41.193578542000068],[-87.863158285999987,41.255159353000067],[-87.780913769999984,41.395239805000074],[-87.779885114999956,41.437442072000067],[-87.760507097999948,41.478034728000068],[-87.757905699999981,41.508869114000049],[-87.756419336999954,41.568775002000052]]},"properties":{"objectid":443,"length":105.694,"type":"Multi-Lane Divided","admn_class":"Interstate","toll_rd":"N","rte_num1":" 57","rte_num2":" ","route":"Interstate  57","st_length(shape)":1.5923031225893132}},{"type":"Feature","id":444,"geometry":{"type":"LineString","coordinates":[[-88.284139663999952,40.157987307000042],[-88.39472514199997,40.205259640000065],[-88.561678101999973,40.237445025000056],[-88.625859257999934,40.260128118000068],[-88.65888842399994,40.269424468000068],[-88.693115318999958,40.280075504000081],[-88.742181083999981,40.313484952000067],[-88.871846464999976,40.378591002000064],[-88.927207411999973,40.398809114000073],[-89.001160531999972,40.441751403000069],[-89.010797133999972,40.446325312000056]]},"properties":{"objectid":444,"length":43.533000000000001,"type":"Multi-Lane Divided","admn_class":"Interstate","toll_rd":"N","rte_num1":" 74","rte_num2":" ","route":"Interstate  74","st_length(shape)":0.78809662618811782}},{"type":"Feature","id":445,"geometry":{"type":"LineString","coordinates":[[-88.29681272199997,40.120015537000029],[-88.290342672999941,40.14716509200008],[-88.284139663999952,40.157987307000042]]},"properties":{"objectid":445,"length":2.7410000000000001,"type":"Multi-Lane Divided","admn_class":"Interstate","toll_rd":"N","rte_num1":" 57","rte_num2":" ","route":"Interstate  57","st_length(shape)":0.040383731609257373}},{"type":"Feature","id":446,"geometry":{"type":"LineString","coordinates":[[-81.869519848999971,41.032041166000056],[-81.889143836999949,41.024098976000062],[-81.939142396999955,41.004656174000047],[-82.030105466999942,40.997366572000033],[-82.054757911999957,40.963785945000041],[-82.179329524999957,40.885234160000039],[-82.263065669999946,40.854419263000068],[-82.38832199999996,40.80060893600006],[-82.422335051999937,40.773860730000081],[-82.453334296999969,40.73041543800008],[-82.508122188999948,40.697834498000077],[-82.539747158999944,40.672962944000062],[-82.601241063999964,40.582842076000077],[-82.663301176999937,40.55262235500004],[-82.727336434999984,40.484134330000074],[-82.816046785999959,40.431838808000066],[-82.829505161999975,40.369045521000032],[-82.931254630999945,40.308388551000064],[-82.940448272999959,40.262574138000048],[-82.954005668999969,40.17932677500005],[-82.97750515599995,40.155596065000054],[-82.983395301999963,40.114466169000025],[-82.991528158999984,40.079138460000024],[-82.978542238999978,39.980246894000061],[-83.002911315999938,39.968737856000075]]},"properties":{"objectid":446,"length":103.117,"type":"Multi-Lane Divided","admn_class":"Interstate","toll_rd":"N","rte_num1":" 71","rte_num2":" ","route":"Interstate  71","st_length(shape)":1.7076746250263084}},{"type":"Feature","id":447,"geometry":{"type":"LineString","coordinates":[[-81.544491020999942,39.996898158000079],[-81.633719649999989,40.002162578000025],[-81.683846726999946,39.975547629000062],[-81.803281381999966,39.963797359000068],[-81.839193733999934,39.971640002000072],[-81.869116918999964,39.979676999000048],[-82.012737357999981,39.941920125000024],[-82.04994751199996,39.941485067000031],[-82.406773541999939,39.933956340000066],[-82.544872528999974,39.933474405000027],[-82.739997904999939,39.940470632000029],[-82.787310267999942,39.922140759000058],[-82.843831547999969,39.931101597000065],[-82.904442167999946,39.930323653000073],[-82.92889551799999,39.943800990000057],[-82.951998394999976,39.947341503000075],[-82.976512315999969,39.945819325000059],[-83.002911315999938,39.968737856000075]]},"properties":{"objectid":447,"length":79.468000000000004,"type":"Multi-Lane Divided","admn_class":"Interstate","toll_rd":"N","rte_num1":" 70","rte_num2":" ","route":"Interstate  70","st_length(shape)":1.4892577498041464}},{"type":"Feature","id":448,"geometry":{"type":"LineString","coordinates":[[-84.182955183999979,39.862377081000034],[-84.077299140999969,39.86296593700007],[-84.011935531999939,39.86410730800003],[-83.963350121999952,39.884794715000055],[-83.930267757999957,39.891039333000037],[-83.856306210999946,39.890265077000038],[-83.829426855999941,39.885264009000025],[-83.722764805999986,39.895144475000052],[-83.691224634999969,39.919421379000028],[-83.665597258999981,39.928862572000071],[-83.433994374999941,39.940474846000029],[-83.371202668999956,39.951603077000073],[-83.334565569999938,39.951950175000036],[-83.255179483999939,39.973782640000024],[-83.129228429999955,39.969949805000056],[-83.036489835999987,39.959994546000075],[-83.002911315999938,39.968737856000075]]},"properties":{"objectid":448,"length":64.036000000000001,"type":"Multi-Lane Divided","admn_class":"Interstate","toll_rd":"N","rte_num1":" 70","rte_num2":" ","route":"Interstate  70","st_length(shape)":1.2016568214135264}},{"type":"Feature","id":449,"geometry":{"type":"LineString","coordinates":[[-83.57290870199995,41.567906991000029],[-83.588938452999969,41.547132678000025],[-83.598833666999951,41.540750589000027],[-83.608889525999984,41.53618089400004],[-83.62119441599998,41.345938603000036],[-83.640328568999962,41.263166855000065],[-83.659059264999939,41.232248723000055],[-83.651192919999971,41.177153762000046],[-83.666551121999987,41.135943807000046],[-83.667817321999962,41.05949779000008],[-83.670007362999968,41.021656117000077],[-83.695756934999963,40.988125000000025],[-83.778027258999941,40.932262102000038],[-83.884507068999937,40.876040518000025],[-83.962620108999943,40.81752987200008],[-84.001607892999971,40.804628751000052],[-84.052413365999939,40.768369827000072],[-84.055312878999985,40.72729997600004],[-84.06064577099994,40.706105352000066],[-84.100242952999963,40.69405064700004],[-84.119217513999956,40.669415056000048],[-84.125061836999976,40.640918716000044],[-84.158135773999959,40.605086950000043],[-84.162567998999975,40.555296965000025],[-84.166152228999977,40.438265667000053],[-84.152776546999974,40.385779477000028],[-84.152303037999957,40.335345858000039],[-84.174474173999954,40.307353575000036],[-84.184925588999988,40.257705800000053],[-84.222333256999946,40.180256936000035],[-84.213315007999938,40.148466054000039],[-84.211834965999969,40.12627279700007],[-84.233411450999938,40.086481787000025],[-84.232931095999959,40.023780673000033],[-84.192187801999978,39.961416651000036],[-84.180674022999938,39.876586538000026],[-84.182955183999979,39.862377081000034]]},"properties":{"objectid":449,"length":132.93299999999999,"type":"Multi-Lane Divided","admn_class":"Interstate","toll_rd":"N","rte_num1":" 75","rte_num2":" ","route":"Interstate  75","st_length(shape)":2.0332526455216611}},{"type":"Feature","id":450,"geometry":{"type":"LineString","coordinates":[[-86.15270473399994,39.805473413000072],[-86.005362594999951,39.96522789100004],[-85.926610135999965,39.990687775000026],[-85.791162056999951,39.99675226100004],[-85.774819442999956,40.010790539000027],[-85.758827614999973,40.029372177000027],[-85.715919034999956,40.045333457000027],[-85.596326894999947,40.055295562000026],[-85.57278211199997,40.079068935000066],[-85.565243904999988,40.106969572000025],[-85.565877530999956,40.117425200000071],[-85.566753441999936,40.276744619000056],[-85.549541764999958,40.479090599000074],[-85.550152742999956,40.566261391000069],[-85.549016638999944,40.59709577600006],[-85.516324036999947,40.650098664000041],[-85.44200538399997,40.73172693500004],[-85.406032459999949,40.765083185000037],[-85.391513826999983,40.806385313000078],[-85.366977783999971,40.831921043000079],[-85.354747685999939,40.853321609000034],[-85.351375717999986,40.889542610000035],[-85.26016509599998,41.00007805100006],[-85.254558317999965,41.044378186000074],[-85.227023740999982,41.095701410000061],[-85.183252945999982,41.123735830000044],[-85.168299252999986,41.128680013000064],[-85.140153698999939,41.139532777000056],[-85.132363726999984,41.146990925000068],[-85.118692034999981,41.169703514000048],[-85.114701715999956,41.224967548000052],[-85.102082381999935,41.249122256000078],[-85.094391429999973,41.364189470000042],[-85.064123778999942,41.425411595000071],[-85.062933424999983,41.445339493000063],[-85.06053691599999,41.586159439000028],[-85.050572176999935,41.640759297000045],[-85.01281266899997,41.681271367000079],[-85.007998055999963,41.710179065000034],[-85.003298263999966,41.735466716000076]]},"properties":{"objectid":450,"length":162.57400000000001,"type":"Multi-Lane Divided","admn_class":"Interstate","toll_rd":"N","rte_num1":" 69","rte_num2":" ","route":"Interstate  69","st_length(shape)":2.5371165816988581}},{"type":"Feature","id":451,"geometry":{"type":"LineString","coordinates":[[-86.15270473399994,39.805473413000072],[-86.162348708999957,39.823383503000059],[-86.184421350999969,39.832172108000066],[-86.26798895099995,39.852951162000068],[-86.311440036999954,39.87311555000008],[-86.337168013999985,39.901435971000069],[-86.336168853999936,39.938155235000067],[-86.435996901999943,40.031352063000043],[-86.473221802999944,40.046771362000072],[-86.499765646999947,40.058745482000063],[-86.513025980999942,40.101247971000078],[-86.562640572999953,40.194503263000058],[-86.658772202999955,40.274736292000057],[-86.751432844999954,40.325784576000046],[-86.812645488999976,40.414205239000069],[-86.841836026999943,40.446118317000071],[-86.842286886999943,40.466538684000056],[-86.851778116999981,40.487610585000027],[-86.878199764999977,40.509030112000062],[-87.044724513999938,40.678874685000039],[-87.125652265999975,40.77887865200006],[-87.153195269999969,40.808884530000057],[-87.266994703999956,41.014222724000035],[-87.27346580699998,41.060170920000076],[-87.264159448999976,41.142610317000049],[-87.294075787999986,41.200769123000043],[-87.304652030999989,41.292642340000043],[-87.331867423999938,41.362104244000079],[-87.329197554999951,41.389295408000066],[-87.32280493199994,41.477258891000076],[-87.300688046999937,41.557245421000061],[-87.297247606999974,41.568990951000046]]},"properties":{"objectid":451,"length":145.41800000000001,"type":"Multi-Lane Divided","admn_class":"Interstate","toll_rd":"N","rte_num1":" 65","rte_num2":" ","route":"Interstate  65","st_length(shape)":2.2831883300759008}},{"type":"Feature","id":452,"geometry":{"type":"LineString","coordinates":[[-88.284139663999952,40.157987307000042],[-88.238139850999971,40.139394081000034],[-88.199067792999983,40.137639625000077],[-88.151220824999939,40.123075695000068],[-87.905587563999973,40.134270291000064],[-87.769060792999937,40.133378579000066],[-87.707954542999971,40.123453343000051],[-87.668036596999968,40.108366394000029],[-87.638593766999975,40.10748152900004],[-87.614255238999988,40.118460176000042],[-87.535425353999983,40.122610614000052],[-87.454033046999939,40.12684532600008],[-87.340412691999973,40.124496746000034],[-87.306934245999969,40.137523750000071],[-87.246828208999943,40.13555597900006],[-87.117532049999966,40.134088578000046],[-87.034126674999982,40.110258847000068],[-86.916221571999984,40.094287033000057],[-86.83754653799997,40.075416234000045],[-86.805617131999952,40.057052651000049],[-86.787825551999958,40.034901003000073],[-86.505973922999942,39.894235908000041],[-86.435605559999942,39.885281917000043],[-86.348634389999972,39.845021612000039],[-86.300720002999981,39.831109217000062],[-86.15270473399994,39.805473413000072]]},"properties":{"objectid":452,"length":119.393,"type":"Multi-Lane Divided","admn_class":"Interstate","toll_rd":"N","rte_num1":" 74","rte_num2":" ","route":"Interstate  74","st_length(shape)":2.2151144107688019}},{"type":"Feature","id":453,"geometry":{"type":"LineString","coordinates":[[-86.15270473399994,39.805473413000072],[-86.047110315999987,39.796260810000035],[-85.996030428999973,39.799376799000072],[-85.895900578999942,39.824668664000058],[-85.772332339999934,39.827415959000064],[-85.656561973999942,39.828454622000038],[-85.52590691499995,39.849799357000052],[-85.418519590999949,39.851799257000039],[-84.928306479999947,39.865308723000055],[-84.88441348899994,39.866880412000057],[-84.85474206899994,39.863444186000038],[-84.818676971999935,39.839591280000036],[-84.811001294999983,39.835036332000072],[-84.807301189999976,39.83389601500005],[-84.789920965999954,39.828536788000065],[-84.62905092699998,39.835519321000049],[-84.472819580999953,39.834765606000076],[-84.411873976999971,39.850418762000061],[-84.371200734999945,39.85219692000004],[-84.331549827999936,39.852094739000052],[-84.182955183999979,39.862377081000034]]},"properties":{"objectid":453,"length":105.39,"type":"Multi-Lane Divided","admn_class":"Interstate","toll_rd":"N","rte_num1":" 70","rte_num2":" ","route":"Interstate  70","st_length(shape)":1.9875179232608287}},{"type":"Feature","id":454,"geometry":{"type":"LineString","coordinates":[[-89.615019833999952,39.787956773000076],[-89.524647200999937,39.822460188000036],[-89.496501646999945,39.824729761000071],[-89.290483475999963,39.829084035000051],[-89.22942304999998,39.821255086000065],[-89.034755380999968,39.829749790000051],[-89.03288662999995,39.840167496000049],[-89.015820322999957,39.884532415000081],[-88.995991445999948,39.891257389000032],[-88.966617087999964,39.89204270700003],[-88.899460572999942,39.894003105000024],[-88.871223371999974,39.901575548000039],[-88.789632496999957,39.968240646000027],[-88.786473844999989,39.984090790000039],[-88.782620995999935,40.009008694000045],[-88.750659986999949,40.022424407000074],[-88.592426634999981,40.04540982900005],[-88.498382337999942,40.11225769400005],[-88.29681272199997,40.120015537000029]]},"properties":{"objectid":454,"length":79.953000000000003,"type":"Multi-Lane Divided","admn_class":"Interstate","toll_rd":"N","rte_num1":" 72","rte_num2":" ","route":"Interstate  72","st_length(shape)":1.4507066941068885}},{"type":"Feature","id":455,"geometry":{"type":"LineString","coordinates":[[-89.615019833999952,39.787956773000076],[-89.60905384299997,39.802468033000025],[-89.601310219999959,39.830127965000031],[-89.587624834999986,39.89904788900003],[-89.594240780999939,39.920356807000076],[-89.573901526999975,39.961170153000069],[-89.530116509999971,39.991565266000066],[-89.473062203999973,40.067281269000034],[-89.422538518999943,40.113055652000071],[-89.397230325999942,40.151575196000067],[-89.397207677999972,40.164724395000064],[-89.318979816999956,40.170078882000041],[-89.265235854999958,40.227118440000027],[-89.227201933999936,40.250623720000078],[-89.207807061999972,40.27869184900004],[-89.161242093999988,40.313492326000073],[-89.010797133999972,40.446325312000056]]},"properties":{"objectid":455,"length":59.036000000000001,"type":"Multi-Lane Divided","admn_class":"Interstate","toll_rd":"N","rte_num1":" 55","rte_num2":" ","route":"Interstate  55","st_length(shape)":0.9525493653131174}},{"type":"Feature","id":456,"geometry":{"type":"LineString","coordinates":[[-75.574300452999978,39.688986201000034],[-75.539592148999986,39.69026030200007],[-75.519151767999972,39.682749483000066],[-75.50702806299995,39.678290395000033],[-75.497055950999936,39.671904620000078]]},"properties":{"objectid":456,"length":4.4359999999999999,"type":"Multi-Lane Divided","admn_class":"Interstate","toll_rd":"Y","rte_num1":"295","rte_num2":" ","route":"Interstate (NJ) 295","st_length(shape)":0.081267539104293351}},{"type":"Feature","id":457,"geometry":{"type":"LineString","coordinates":[[-75.497055950999936,39.671904620000078],[-75.485817637999958,39.667647260000081],[-75.472053246999963,39.668326183000033],[-75.461341112999946,39.666342611000061],[-75.451178332999973,39.666632826000068],[-75.442160083999966,39.668745968000053],[-75.418598972999973,39.676978372000065],[-75.396846567999944,39.685225525000078],[-75.381136526999967,39.69085969200006],[-75.358117395999955,39.70089237600007],[-75.338806269999964,39.70691630500005],[-75.320021849999989,39.714743674000033],[-75.296888423999974,39.727946597000027],[-75.278599632999942,39.739417187000072],[-75.269863171999987,39.750594401000058],[-75.252864282999951,39.757571140000039],[-75.235132219999969,39.769499964000033],[-75.212005640999962,39.781321339000044],[-75.190137886999935,39.791342962000044],[-75.17676273099994,39.797900444000049],[-75.162113474999956,39.80623924300005],[-75.138941071999966,39.819403717000057],[-75.118211002999942,39.830351815000029],[-75.090682219999962,39.847502921000057]]},"properties":{"objectid":457,"length":25.541,"type":"Multi-Lane Divided","admn_class":"Interstate","toll_rd":"Y","rte_num1":" ","rte_num2":" ","route":" ","st_length(shape)":0.45318824859423762}},{"type":"Feature","id":458,"geometry":{"type":"LineString","coordinates":[[-74.558055632999981,39.404844458000071],[-74.552943956999968,39.413336002000051],[-74.545260905999953,39.426314022000042],[-74.541849961999958,39.437113589000035],[-74.537913365999941,39.445635682000045],[-74.531534963999945,39.455912230000024],[-74.526918917999978,39.466684935000046],[-74.523347855999987,39.481112448000033],[-74.519273789999943,39.493266175000031],[-74.516496472999961,39.502723169000035],[-74.510873365999942,39.508937239000034],[-74.502770530999953,39.516906291000055],[-74.494736166999985,39.523970990000066],[-74.487312781999947,39.530143451000072],[-74.481063948999974,39.536796266000067],[-74.469932030999985,39.546046792000027],[-74.464148806999958,39.555885122000063],[-74.45723632499994,39.564334529000064],[-74.45133827899997,39.576442432000078],[-74.445608250999953,39.584915015000036],[-74.44051184999995,39.592502732000071],[-74.432981016999975,39.600936865000051],[-74.421246547999942,39.610172117000047],[-74.402812912999934,39.621967684000026],[-74.383265823999977,39.631908721000059],[-74.370303077999949,39.641563757000029],[-74.351930541999934,39.651531656000031],[-74.334137907999946,39.661980437000068],[-74.319984807999958,39.671139317000041],[-74.305144883999958,39.68210321600003],[-74.294410101999972,39.694989062000047],[-74.28809279799998,39.702530956000032],[-74.278380350999953,39.717301355000075],[-74.270124770999985,39.72797872600006],[-74.261144444999957,39.741345982000041],[-74.25332444999998,39.755662360000031],[-74.244237728999963,39.771302349000052],[-74.237424267999984,39.789719656000045],[-74.232129825999948,39.814072405000047],[-74.232007629999941,39.829941511000072],[-74.232114551999985,39.840828511000041],[-74.228246426999988,39.860233917000073],[-74.223951144999944,39.875542081000049],[-74.220327411999961,39.889507674000072],[-74.218572429999938,39.901706697000066],[-74.220838842999967,39.918090921000044],[-74.22249480499994,39.934455657000058],[-74.225607633999971,39.945422716000053],[-74.225753003999955,39.955402202000073],[-74.225241572999948,39.966731635000031],[-74.222357860999978,39.977092456000037],[-74.217215636999981,39.98467174600006],[-74.207327269999951,39.99076414700005],[-74.197950861999971,39.99868684900008],[-74.189558337999983,40.011168713000075],[-74.183614467999973,40.022803108000062],[-74.178861478999977,40.034922072000029],[-74.172963958999958,40.045202307000068],[-74.163968357999977,40.057676270000059],[-74.151959475999945,40.070065960000079],[-74.144924798999966,40.078954113000066],[-74.134762018999936,40.090477900000053],[-74.127025769999989,40.101612978000048],[-74.119640307999987,40.117752284000062],[-74.116199341999959,40.127182417000029],[-74.112522410999986,40.141147483000054],[-74.108882876999985,40.15465484200007],[-74.108730659999935,40.157828769000048],[-74.109646072999965,40.16419927000004],[-74.108570540999949,40.174147681000079]]},"properties":{"objectid":458,"length":61.055,"type":"Multi-Lane Divided","admn_class":"Interstate","toll_rd":"Y","rte_num1":" ","rte_num2":" ","route":" ","st_length(shape)":0.94224890963463548}},{"type":"Feature","id":459,"geometry":{"type":"LineString","coordinates":[[-74.558055632999981,39.404844458000071],[-74.579632644999947,39.416231301000039],[-74.592145583999979,39.431036462000066],[-74.604032797999935,39.446730175000027],[-74.625449163999974,39.462645105000036],[-74.649208316999989,39.479967391000059],[-74.671822937999934,39.496363202000055],[-74.707293383999968,39.519827399000064],[-74.738689237999949,39.541388083000072],[-74.761372330999961,39.55685636700008],[-74.786480902999983,39.57191329300008],[-74.817365851999966,39.592077681000035],[-74.841246145999946,39.608461378000072],[-74.862204279999958,39.623415070000078],[-74.876219908999985,39.632325872000024],[-74.884955844999979,39.638406685000064],[-74.904464484999949,39.644250481000029],[-74.916870502999984,39.648137567000049],[-74.925041282999985,39.653744872000061],[-74.928863583999942,39.663800731000038],[-74.932090707999976,39.673848689000067],[-74.936637754999936,39.680287662000069],[-74.94525149499998,39.690442542000028],[-74.955718709999985,39.698815577000062],[-74.970397988999935,39.706368532000056],[-74.995201597999937,39.715481588000046],[-75.013467212999956,39.723557035000056],[-75.028780644999983,39.730663870000058],[-75.035769498999969,39.736240627000029],[-75.040430840999989,39.739960220000057],[-75.040094802999988,39.749477786000057],[-75.046092396999939,39.766830621000054],[-75.05033500899998,39.783233279000058],[-75.051815050999949,39.792338962000031],[-75.052860560999989,39.796886009000048],[-75.053943993999951,39.800090484000066],[-75.056270977999986,39.802394294000067],[-75.069104680999942,39.812171525000053],[-75.076688711999964,39.818210202000046],[-75.081290009999975,39.82419515600003],[-75.085104936999983,39.835154841000076],[-75.086096722999969,39.841525342000068],[-75.087805881999941,39.843825465000066],[-75.090682219999962,39.847502921000057]]},"properties":{"objectid":459,"length":43.423000000000002,"type":"Multi-Lane Divided","admn_class":"Interstate","toll_rd":"Y","rte_num1":" ","rte_num2":" ","route":" ","st_length(shape)":0.72189774549402075}},{"type":"Feature","id":460,"geometry":{"type":"LineString","coordinates":[[-74.489426449999939,39.365690234000056],[-74.510393010999962,39.374292386000036],[-74.513375742999983,39.376115840000068],[-74.518556416999957,39.380320003000065],[-74.526071975999969,39.385946269000044],[-74.538302074999933,39.392584337000073],[-74.548709245999987,39.400091469000074],[-74.558055632999981,39.404844458000071]]},"properties":{"objectid":460,"length":4.5789999999999997,"type":"Multi-Lane Divided","admn_class":"Interstate","toll_rd":"Y","rte_num1":" ","rte_num2":" ","route":" ","st_length(shape)":0.079451850400832469}},{"type":"Feature","id":461,"geometry":{"type":"LineString","coordinates":[[-75.574300452999978,39.688986201000034],[-75.596823427999936,39.696584980000068],[-75.607688305999943,39.692667345000075],[-75.679455071999939,39.668340404000048],[-75.725439610999956,39.645421347000024],[-75.786447366999937,39.639714495000078],[-75.814059368999949,39.637124158000063],[-75.876844754999979,39.634328405000076],[-75.895835116999933,39.640012083000045],[-75.971904012999971,39.630991200000039],[-76.065192486999933,39.595372750000024],[-76.130045191999955,39.57569503700006],[-76.194203171999959,39.52651129000003],[-76.218526425999983,39.500014324000063],[-76.314110808999942,39.451997229000028],[-76.392482460999986,39.431408843000042],[-76.447857628999941,39.391540934000034],[-76.501364046999981,39.353451182000072]]},"properties":{"objectid":461,"length":56.857999999999997,"type":"Multi-Lane Divided","admn_class":"Interstate","toll_rd":"N","rte_num1":" 95","rte_num2":" ","route":"Interstate  95","st_length(shape)":1.0171066282206198}},{"type":"Feature","id":462,"geometry":{"type":"LineString","coordinates":[[-76.667033952999986,39.226837533000037],[-76.681339796999964,39.22240109300003],[-76.692669755999987,39.218399713000053],[-76.700398630999985,39.217083476000028],[-76.70573152299994,39.218029439000077],[-76.715841104999981,39.21764020300003],[-76.726514789999953,39.219062835000045]]},"properties":{"objectid":462,"length":3.3100000000000001,"type":"Multi-Lane Divided","admn_class":"Interstate","toll_rd":"Y","rte_num1":"895","rte_num2":" ","route":"Interstate 895","st_length(shape)":0.06113517842302988}},{"type":"Feature","id":463,"geometry":{"type":"LineString","coordinates":[[-76.667033952999986,39.226837533000037],[-76.660021923999977,39.217270456000051],[-76.653506578999952,39.215412766000043],[-76.639345577999961,39.208062066000025],[-76.629884896999954,39.204373549000024],[-76.620408939999948,39.202038664000042],[-76.615090795999947,39.200188875000038],[-76.606171567999979,39.201032130000044],[-76.570808042999943,39.204148645000032],[-76.55029181499998,39.206060059000038],[-76.533613162999984,39.210469637000074],[-76.505940589999966,39.231137555000032],[-76.501812799999982,39.234238796000056],[-76.495777809999936,39.240990632000035],[-76.487339462999955,39.249528000000055],[-76.478969587999984,39.253994988000045],[-76.473575598999957,39.257130465000046],[-76.46157461699994,39.265183790000037],[-76.459758536999971,39.267438089000052],[-76.464458328999967,39.271557978000033],[-76.477451622999979,39.276650166000024],[-76.497563867999986,39.283615844000053],[-76.506414097999937,39.289120442000069],[-76.508145904999935,39.292759449000073],[-76.505102074999968,39.297726281000052],[-76.496068550999951,39.305809628000077],[-76.487691301999973,39.309818909000057],[-76.481129606999957,39.31158547900003],[-76.475758265999957,39.312901189000058],[-76.471585178999987,39.314224800000034],[-76.481549390999987,39.323372619000054],[-76.49276505499995,39.330265612000062],[-76.493902211999966,39.333900932000063],[-76.498479807999956,39.346630874000027],[-76.501364046999981,39.353451182000072]]},"properties":{"objectid":463,"length":22.504000000000001,"type":"Multi-Lane Divided","admn_class":"Interstate","toll_rd":"N","rte_num1":"695","rte_num2":" ","route":"Interstate 695","st_length(shape)":0.38760143319209595}},{"type":"Feature","id":464,"geometry":{"type":"LineString","coordinates":[[-84.182955183999979,39.862377081000034],[-84.18901176899999,39.759797524000078],[-84.194176641999945,39.718618118000052],[-84.227471794999985,39.677297556000042],[-84.22887493799999,39.621774910000056],[-84.248924503999945,39.580247879000069],[-84.292848044999971,39.551053654000043],[-84.306565558999978,39.531670896000037],[-84.320229876999974,39.505475205000039],[-84.326821593999966,39.448762205000037],[-84.357347329999982,39.417996291000065],[-84.365235796999968,39.350300957000059],[-84.381532586999981,39.333493262000047],[-84.412989538999966,39.319481846000031],[-84.420679963999987,39.287693597000043],[-84.478244645999951,39.167676932000063],[-84.518726693999952,39.137212821000048]]},"properties":{"objectid":464,"length":55.875999999999998,"type":"Multi-Lane Divided","admn_class":"Interstate","toll_rd":"N","rte_num1":" 75","rte_num2":" ","route":"Interstate  75","st_length(shape)":0.8479248182258643}},{"type":"Feature","id":465,"geometry":{"type":"LineString","coordinates":[[-86.15270473399994,39.805473413000072],[-86.010198276999972,39.717210762000036],[-85.990926127999955,39.682650462000026],[-85.967587812999966,39.670653694000066],[-85.958768131999989,39.64318864300003],[-85.891704843999946,39.621311936000041],[-85.78109197699996,39.542314558000044],[-85.588261455999941,39.430282220000038],[-85.519205115999966,39.365028692000067],[-85.483749943999953,39.349819548000028],[-85.381016588999955,39.321114633000036],[-85.241157879999946,39.314301699000055],[-85.142393249999941,39.287470274000043],[-84.988398821999965,39.287665682000068],[-84.947847249999938,39.272865261000049],[-84.934975623999946,39.264713442000073],[-84.893165224999962,39.263050633000034],[-84.849829487999955,39.279679248000036],[-84.81612139799995,39.272332762000076],[-84.81197095999994,39.268827011000042],[-84.782901563999985,39.244279907000077],[-84.740404340999987,39.22448632000004],[-84.721918035999977,39.218288051000059],[-84.675606413999958,39.213699394000059],[-84.656257365999977,39.186634639000033],[-84.635329780999939,39.179657373000055],[-84.577466982999965,39.166150540000046],[-84.531262281999943,39.14377767700006],[-84.518726693999952,39.137212821000048]]},"properties":{"objectid":465,"length":104.578,"type":"Multi-Lane Divided","admn_class":"Interstate","toll_rd":"N","rte_num1":" 74","rte_num2":" ","route":"Interstate  74","st_length(shape)":1.8461802866676482}},{"type":"Feature","id":646,"geometry":{"type":"LineString","coordinates":[[-157.84010334199996,21.334314440000071],[-157.75788884799996,21.383807890000071],[-157.75521845099996,21.381700542000033]]},"properties":{"objectid":646,"length":6.5419999999999998,"type":"Paved Divided","admn_class":"State Highway","toll_rd":"N","rte_num1":" 61","rte_num2":" ","route":"Hawaii State Hwy  61","st_length(shape)":0.09936437573596571}},{"type":"Feature","id":466,"geometry":{"type":"LineString","coordinates":[[-83.002911315999938,39.968737856000075],[-83.043302769999968,39.877039505000027],[-83.057494318999943,39.850977070000056],[-83.080261158999974,39.834982081000078],[-83.127939054999956,39.823312397000052],[-83.185672809999971,39.817528646000028],[-83.299056673999985,39.765548620000061],[-83.440134179999973,39.688079215000073],[-83.615239484999961,39.620136329000047],[-83.764496724999958,39.540512172000035],[-83.842105180999965,39.518875116000061],[-83.934858521999956,39.500045926000041],[-83.977798176999954,39.459202032000064],[-84.002892000999964,39.446083381000051],[-84.106959499999959,39.428343944000062],[-84.181088539999962,39.397127698000077],[-84.211636924999937,39.391848003000064],[-84.265334009999947,39.366224314000078],[-84.286818321999988,39.315518915000041],[-84.354424115999961,39.267731990000073],[-84.378724193999972,39.203676191000056],[-84.390733076999936,39.173471745000029],[-84.41903874999997,39.164625202000025],[-84.437776819999954,39.149038936000068],[-84.470912380999948,39.147180720000051],[-84.479831082999965,39.147134897000058],[-84.500393133999978,39.12597872200007],[-84.515095060999954,39.124239541000065]]},"properties":{"objectid":466,"length":105.55800000000001,"type":"Multi-Lane Divided","admn_class":"Interstate","toll_rd":"N","rte_num1":" 71","rte_num2":" ","route":"Interstate  71","st_length(shape)":1.8260877197202079}},{"type":"Feature","id":467,"geometry":{"type":"LineString","coordinates":[[-84.518726693999952,39.137212821000048],[-84.515095060999954,39.124239541000065]]},"properties":{"objectid":467,"length":0.92400000000000004,"type":"Multi-Lane Divided","admn_class":"Interstate","toll_rd":"N","rte_num1":" 75","rte_num2":" ","route":"Interstate  75","st_length(shape)":0.013471998819963169}},{"type":"Feature","id":468,"geometry":{"type":"LineString","coordinates":[[-86.15270473399994,39.805473413000072],[-86.163225146999935,39.759484661000045],[-86.200602792999973,39.753671414000053],[-86.25729051199994,39.717955523000057],[-86.384034783999937,39.664928407000048],[-86.470219055999962,39.618515657000046],[-86.642771420999964,39.558632944000067],[-86.687504507999961,39.54377458600004],[-86.79853873899998,39.526272166000069],[-86.88662231099994,39.520877123000048],[-86.944928067999967,39.508478479000075],[-87.024595414999965,39.463825978000045],[-87.148323244999972,39.453066441000033],[-87.186981838999941,39.455602527000053],[-87.218438263999985,39.44076313000005],[-87.265016925999987,39.43752336600005],[-87.296473349999985,39.421761181000079],[-87.35190961699999,39.420459692000065],[-87.417966369999988,39.422484347000079],[-87.476332171999957,39.444299957000055],[-87.539169701999981,39.43295472300008],[-87.570923714999935,39.42720573400004],[-87.693890455999963,39.416806990000055],[-87.749800230999938,39.395387463000077],[-87.807799971999941,39.384855463000065],[-87.868096148999939,39.350748657000054],[-87.990146422999942,39.318739718000074],[-88.036518616999956,39.290282354000055],[-88.151931876999981,39.253959699000063],[-88.405242921999957,39.16306510000004],[-88.586041385999977,39.084297893000041]]},"properties":{"objectid":468,"length":143.87799999999999,"type":"Multi-Lane Divided","admn_class":"Interstate","toll_rd":"N","rte_num1":" 70","rte_num2":" ","route":"Interstate  70","st_length(shape)":2.6076389297930782}},{"type":"Feature","id":469,"geometry":{"type":"LineString","coordinates":[[-88.586041385999977,39.084297893000041],[-88.493052079999984,39.20686855200006],[-88.476175386999955,39.22486238700003],[-88.474611597999967,39.251595318000057],[-88.423853001999987,39.348623927000062],[-88.395654776999947,39.40323010600008],[-88.381181440999967,39.415337482000041],[-88.334182993999946,39.449360542000079],[-88.328994945999966,39.475151197000059],[-88.322625497999979,39.573920567000073],[-88.302720248999947,39.622241044000077],[-88.295800920999966,39.715109207000069],[-88.265809789999935,39.790078342000072],[-88.260607521999987,39.883881408000036],[-88.283520257999953,39.911309063000033],[-88.297070806999955,39.925495872000056],[-88.29681272199997,40.120015537000029]]},"properties":{"objectid":469,"length":76.926000000000002,"type":"Multi-Lane Divided","admn_class":"Interstate","toll_rd":"N","rte_num1":" 57","rte_num2":" ","route":"Interstate  57","st_length(shape)":1.14838909458242}},{"type":"Feature","id":470,"geometry":{"type":"LineString","coordinates":[[-76.726514789999953,39.219062835000045],[-76.840637620999985,39.14266316800007],[-76.953104490999976,39.017203530000074]]},"properties":{"objectid":470,"length":18.664999999999999,"type":"Multi-Lane Divided","admn_class":"Interstate","toll_rd":"N","rte_num1":" 95","rte_num2":" ","route":"Interstate  95","st_length(shape)":0.30582521125751105}},{"type":"Feature","id":471,"geometry":{"type":"LineString","coordinates":[[-74.906613968999977,38.967382470000075],[-74.893902988999969,38.977457290000075],[-74.88582280199995,38.98817258400004],[-74.873561626999958,38.999696897000035],[-74.854334774999984,39.023775760000035],[-74.84002892999996,39.042063497000072],[-74.826257164999959,39.062174688000027],[-74.815025699999978,39.07734590900003],[-74.792006568999966,39.106318918000056],[-74.778265351999949,39.12461034200004],[-74.766507707999949,39.137504089000061],[-74.750462682999967,39.153930449000029],[-74.731998499999975,39.171199538000053],[-74.716517575999944,39.187633799000025],[-74.701067726999952,39.203159493000044],[-74.697969645999933,39.206718441000078],[-74.676347336999982,39.227993651000077],[-74.654068226999982,39.250618806000034],[-74.638503556999979,39.268395113000054],[-74.630797856999948,39.282730979000064],[-74.624877161999962,39.303162934000056],[-74.624091317999955,39.305901802000051],[-74.618132173999982,39.317353430000026],[-74.606077467999967,39.336122049000039],[-74.597821887999942,39.349088481000081],[-74.587140302999956,39.362897643000053],[-74.579617369999937,39.372239816000047],[-74.570217785999944,39.383817853000039],[-74.565769232999969,39.39096629800008],[-74.562549482999941,39.396787973000073],[-74.558055632999981,39.404844458000071]]},"properties":{"objectid":471,"length":35.898000000000003,"type":"Multi-Lane Divided","admn_class":"Interstate","toll_rd":"Y","rte_num1":" ","rte_num2":" ","route":" ","st_length(shape)":0.56388684517128729}},{"type":"Feature","id":472,"geometry":{"type":"LineString","coordinates":[[-84.515095060999954,39.124239541000065],[-84.52652403999997,39.107229591000078],[-84.534947111999941,39.088156537000032],[-84.535786153999936,39.08625302300004],[-84.552288359999977,39.049582742000041],[-84.603772755999955,39.03741795500008],[-84.657606257999987,38.995056096000042],[-84.656568647999961,38.975044452000077],[-84.638173463999976,38.869040257000051]]},"properties":{"objectid":472,"length":21.402999999999999,"type":"Multi-Lane Divided","admn_class":"Interstate","toll_rd":"N","rte_num1":" 71","rte_num2":" 75","route":"Interstate  71","st_length(shape)":0.33266701914054531}},{"type":"Feature","id":473,"geometry":{"type":"LineString","coordinates":[[-121.94266139299998,38.841464598000073],[-122.13317230299998,39.118758645000071],[-122.12578736699999,39.157190755000045],[-122.13176178599997,39.166021497000031],[-122.16326456099995,39.207844010000031],[-122.16624097299996,39.266276177000066],[-122.19762207899998,39.297196942000028],[-122.20976105699998,39.738867306000031],[-122.20198267199999,39.921258527000077],[-122.19926065899995,40.008099601000026],[-122.22069387999994,40.07941076700007],[-122.21550741299995,40.140472247000048],[-122.20977106499998,40.177493840000068],[-122.23558331399994,40.225470905000066],[-122.26778133999994,40.269541397000069],[-122.27777662799997,40.298643448000064],[-122.28223308199995,40.350690365000048],[-122.27355929799995,40.429623485000036],[-122.27875577299994,40.458927791000065],[-122.31225002099995,40.48614107700007],[-122.34505849799996,40.53609012700008],[-122.35050621099998,40.57628933400008],[-122.34979673899994,40.607206939000037],[-122.35014805199995,40.619910019000031],[-122.30386697799997,40.723157965000041],[-122.30878903999997,40.805185479000045],[-122.32881701099996,40.845239842000069],[-122.40653396799996,40.906930734000071],[-122.43358186899997,40.933949666000046],[-122.44007509199997,40.970937024000079],[-122.39077968399999,41.043924693000065],[-122.36180983499997,41.064234452000051],[-122.33235910499997,41.102729240000031],[-122.32505001399994,41.135299646000078],[-122.31199562199998,41.148571568000079],[-122.24603736299997,41.231283272000042],[-122.25467427699999,41.248651908000056],[-122.28975601499997,41.275838332000035],[-122.34180661899995,41.324577013000066],[-122.39046260699996,41.407995029000062],[-122.42502501299998,41.418813030000081],[-122.43194539499996,41.428971070000046],[-122.45922978599998,41.496001702000058],[-122.53553464599997,41.630500657000027],[-122.61837012599995,41.666013240000041],[-122.63534583999996,41.693463543000064],[-122.63086779099996,41.737320192000027],[-122.59326892799999,41.775799179000046],[-122.586219503,41.818855236000047],[-122.55933277499997,41.86868630400005],[-122.60176995299997,41.974652050000032],[-122.60014506699997,42.000652860000059],[-122.58909742199995,42.029010677000031],[-122.57494484799997,42.038940653000054],[-122.57643279099995,42.078345588000047],[-122.63489129299995,42.12594763900006],[-122.65907022899995,42.185722378000037],[-122.67592427399995,42.209113363000029],[-122.75833206899995,42.251449940000043],[-122.85136930499999,42.318708108000067],[-122.86771297199999,42.357121784000071],[-122.91372753299999,42.378704063000043],[-122.93471726899998,42.405971073000046],[-123.04144147,42.417424808000078],[-123.08563310399995,42.417179890000057],[-123.10978096399998,42.408764718000043],[-123.12948869899998,42.413295965000032],[-123.14826574499995,42.435172672000078],[-123.16569969299997,42.442092527000057],[-123.21066874399997,42.422640771000033],[-123.28039715999995,42.443871738000041],[-123.32979896299997,42.466519015000074],[-123.36118796899996,42.489124156000059],[-123.35500076099999,42.529968050000036],[-123.38192593999997,42.564632111000037],[-123.37782922499997,42.594444161000069],[-123.39508040599998,42.632320070000048],[-123.37477907499999,42.689808381000034],[-123.35010503499996,42.706956328000047],[-123.35132646499994,42.747441535000064],[-123.31993851199996,42.759904965000032],[-123.28255349199998,42.761709984000049],[-123.25541499799999,42.779876052000077],[-123.26720319099996,42.820311223000033],[-123.24236903299999,42.85065313900003],[-123.24484086099994,42.871496450000052],[-123.22490506299999,42.893857726000078],[-123.26555565599995,42.921075226000028],[-123.31123470599999,42.946678374000044],[-123.32222915399996,42.977142486000048],[-123.31090709499995,43.01095960400005],[-123.33626058499999,43.027049399000077],[-123.35982432899999,43.147604883000042],[-123.38053965099999,43.173952266000072],[-123.36361028699997,43.202127843000028],[-123.36485541899998,43.255418838000026],[-123.33025140299998,43.384784523000064],[-123.33362442399999,43.396007561000033],[-123.31748880499998,43.426430063000055],[-123.32683571899997,43.445591604000072],[-123.31747511099996,43.474320221000028],[-123.32545680399994,43.492184487000031],[-123.28642530299999,43.556089649000057],[-123.20190541999995,43.62213428900003],[-123.19047064599999,43.663734005000038],[-123.21323116499997,43.690947818000041],[-123.20049806299994,43.704322447000038],[-123.17989018899999,43.71487393600006],[-123.16335796099997,43.742565470000045],[-123.08325292199999,43.748104831000035],[-123.04497513599995,43.774503304000064],[-123.02445943599997,43.800992896000025],[-123.00359294899999,43.845293558000037],[-122.99849286099999,43.987018911000064],[-123.02796676699995,44.013053957000068],[-123.03700081699998,44.035919291000027],[-123.041273451,44.055354719000036],[-123.03022633299997,44.096030594000069],[-123.03060081999996,44.136191878000034],[-123.05673277999995,44.171530648000044],[-123.05599591899994,44.378004418000046],[-123.05688394499998,44.624249184000064],[-123.03514734099997,44.647171928000034],[-123.04660739599996,44.724819360000026],[-123.00295984899998,44.834685885000056],[-123.00655355999999,44.853274371000055],[-122.97777543199999,44.877879412000027],[-122.96746833499998,44.914469634000056],[-122.97505236499995,44.956205767000029],[-122.98415541399999,45.022127157000057],[-122.77814461799994,45.24298314400005],[-122.76288596399996,45.269262581000078],[-122.74869652099994,45.360955665000063],[-122.74759833999997,45.408608806000075],[-122.73208001999996,45.424840286000062],[-122.67684232199997,45.45601808300006],[-122.67885696999997,45.471959348000041],[-122.67811694899996,45.493966151000052],[-122.68215361899996,45.510739083000033],[-122.68499203399995,45.521145201000081],[-122.67299842599999,45.548671877000061]]},"properties":{"objectid":473,"length":536.36199999999997,"type":"Multi-Lane Divided","admn_class":"Interstate","toll_rd":"N","rte_num1":"  5","rte_num2":" ","route":"Interstate   5","st_length(shape)":8.3299475066518447}},{"type":"Feature","id":474,"geometry":{"type":"LineString","coordinates":[[-77.17205854499997,38.790900356000066],[-77.15318300499996,38.787222899000028],[-77.106489520999958,38.797961368000074],[-77.086431526999945,38.796084190000045],[-77.074620685999946,38.796500288000061],[-77.051030078999986,38.791880555000034],[-77.043758911999987,38.791739398000061],[-77.040615533999983,38.791682514000058],[-77.022106053999948,38.791320140000039],[-76.995463189999953,38.801638825000055],[-76.922737819999952,38.814013768000052],[-76.887870451999959,38.81701967500004],[-76.873000505999983,38.828726755000048],[-76.855414339999982,38.880758398000069],[-76.874305681999942,38.952923354000063],[-76.88293469599995,38.981971681000061],[-76.901078114999962,39.006537746000049],[-76.928262432999986,39.01391899500004],[-76.953104490999976,39.017203530000074]]},"properties":{"objectid":474,"length":32.591000000000001,"type":"Multi-Lane Divided","admn_class":"Interstate","toll_rd":"N","rte_num1":" 95","rte_num2":" ","route":"Interstate  95","st_length(shape)":0.55192827924523646}},{"type":"Feature","id":475,"geometry":{"type":"LineString","coordinates":[[-88.586041385999977,39.084297893000041],[-88.93121300599995,38.98528202500006],[-88.989266997999948,38.980093977000024],[-89.104704486999935,38.976890028000071],[-89.233867389999943,38.940975043000037],[-89.263524061999988,38.917015216000038],[-89.385438972999964,38.864159279000035],[-89.43803840399994,38.858303895000063],[-89.508354096999938,38.848347584000066],[-89.647076702999982,38.784806902000071],[-89.727935983999942,38.780606953000074],[-89.778025137999975,38.758294661000036],[-89.901916246999974,38.751608136000073]]},"properties":{"objectid":475,"length":75.400000000000006,"type":"Multi-Lane Divided","admn_class":"Interstate","toll_rd":"N","rte_num1":" 70","rte_num2":" ","route":"Interstate  70","st_length(shape)":1.3743262761085453}},{"type":"Feature","id":476,"geometry":{"type":"LineString","coordinates":[[-89.901916246999974,38.751608136000073],[-89.836454143999958,38.887322727000026],[-89.749841659999959,38.972740643000066],[-89.745843439999987,39.01580460100007],[-89.763758268999936,39.056561588000079],[-89.762110207999967,39.091012333000037],[-89.693573198999957,39.177713303000075],[-89.667030408999949,39.25072730800008],[-89.645103664999965,39.275229641000067],[-89.645188463999943,39.31874498500008],[-89.647527562999983,39.590270028000077],[-89.647246301999985,39.742135513000051],[-89.615019833999952,39.787956773000076]]},"properties":{"objectid":476,"length":76.540000000000006,"type":"Multi-Lane Divided","admn_class":"Interstate","toll_rd":"N","rte_num1":" 55","rte_num2":" ","route":"Interstate  55","st_length(shape)":1.1386078804952866}},{"type":"Feature","id":477,"geometry":{"type":"LineString","coordinates":[[-89.901916246999974,38.751608136000073],[-89.92414953399998,38.719355333000067],[-90.017034024999987,38.67594480300005],[-90.062911115999952,38.663055270000029],[-90.113534347999973,38.656467766000048],[-90.128732431999936,38.64188856100003],[-90.138628171999983,38.628243732000044]]},"properties":{"objectid":477,"length":16.117999999999999,"type":"Multi-Lane Divided","admn_class":"Interstate","toll_rd":"N","rte_num1":" 55","rte_num2":" 70","route":"Interstate  55","st_length(shape)":0.27832074671339241}},{"type":"Feature","id":478,"geometry":{"type":"LineString","coordinates":[[-112.61633794499994,38.57668349000005],[-112.61576594299999,38.615680229000077],[-112.59533451599998,38.661231289000057],[-112.60166762099999,38.712728853000044],[-112.55765243399998,38.756978951000065],[-112.41272892599994,38.891444723000063],[-112.37302482199999,38.910838015000024],[-112.35514159499996,38.940573166000036],[-112.34215620099997,38.976842625000074],[-112.30718296399999,39.041325056000062],[-112.26873031199995,39.067093062000026],[-112.25384509199995,39.104190501000062],[-112.24347689699999,39.135562653000079],[-112.10650400599997,39.255506632000049],[-112.08411902799998,39.287301202000037],[-112.07869448999998,39.358349015000044],[-112.06879927599999,39.381106900000077],[-111.93930876199994,39.502563051000038],[-111.90665513599998,39.550715509000042],[-111.86047518999999,39.628725314000064],[-111.84597973199999,39.655821145000061],[-111.84953604599997,39.698190378000049],[-111.83169232199998,39.763283787000034],[-111.82730539299996,39.857540872000072],[-111.78458748099996,39.966560982000033],[-111.72787448099996,40.04320556700003],[-111.64602709999997,40.107869185000027],[-111.65084118699997,40.196629573000052],[-111.68665609899995,40.225849080000046],[-111.70457882899996,40.277014819000044],[-111.79254283899996,40.370140541000069],[-111.84141056299995,40.388039043000049],[-111.85474726899997,40.412654618000033],[-111.88116101599996,40.423717011000065],[-111.91315994699994,40.449988548000078],[-111.90498863999994,40.521871716000078],[-111.91690640299998,40.55005466700004],[-111.91560227999997,40.65310351800008],[-111.91791504399998,40.722694464000028],[-111.91777019999995,40.758571000000074],[-111.91292556399998,40.783816515000069]]},"properties":{"objectid":478,"length":175.65100000000001,"type":"Multi-Lane Divided","admn_class":"Interstate","toll_rd":"N","rte_num1":" 15","rte_num2":" ","route":"Interstate  15","st_length(shape)":2.710946649174248}},{"type":"Feature","id":479,"geometry":{"type":"LineString","coordinates":[[-112.61633794499994,38.57668349000005],[-112.56718738099994,38.59035149500005],[-112.53370050699999,38.598217313000077],[-112.48980698899999,38.583462715000053],[-112.35094585999997,38.570593723000059],[-112.29354024199995,38.57431331600003],[-112.25074595799998,38.607161296000072],[-112.23209268699998,38.64002402400007],[-112.16201559199999,38.682679258000064],[-112.14126445399995,38.737227499000028],[-112.11298985599996,38.753809238000031],[-112.02021597299995,38.840423301000044],[-111.95650937899995,38.880507160000036],[-111.90203382299995,38.889170410000077],[-111.88604989599997,38.897589268000047],[-111.87261469499998,38.92018334800008],[-111.83627413199997,38.923208744000078],[-111.66596342499997,38.88694560600004],[-111.62779150699998,38.890738412000076],[-111.59545653799995,38.871631648000061],[-111.57067505099997,38.870544528000039],[-111.53949145999997,38.79699170400005],[-111.50910213999998,38.784297051000067],[-111.46512329599994,38.748287785000059],[-111.39270868199998,38.744569772000034],[-111.33988750699996,38.762590470000077],[-111.24678864699996,38.810965724000027],[-111.18170103199998,38.811098980000054],[-111.10639059199997,38.835233673000062],[-111.03714516399998,38.842355257000065],[-110.96665671199997,38.835759325000026],[-110.92492321199995,38.84643195600006],[-110.88904193599996,38.843757346000075],[-110.85003992999998,38.870891627000049],[-110.79812890299996,38.861487829000055],[-110.74408893199995,38.870120003000068],[-110.68189240199996,38.86332655800004],[-110.52182295499995,38.90502318800003],[-110.50914252299998,38.927526148000027],[-110.49292947899994,38.929856819000065],[-110.43648351799999,38.911427925000055],[-110.37460511799998,38.920399824000071],[-110.25338967199997,38.955200301000048],[-110.18175405599999,38.972632669000063],[-110.09314957199996,38.955908720000025],[-110.02352754999998,38.914740902000062],[-109.96709106999998,38.897456539000075],[-109.91495829999997,38.903117568000027],[-109.82539521299998,38.927500339000062],[-109.71710985699997,38.94845057200007],[-109.69084147999996,38.93235708900005],[-109.65945352699998,38.925953406000076],[-109.49577825499995,38.913868678000028],[-109.41152488499995,38.919644002000041],[-109.28517195399996,39.020063013000026],[-109.18817020699998,39.09311652100007],[-109.12892691499997,39.167595820000031],[-109.05195945999998,39.178394860000026],[-108.95744323499997,39.202083960000039],[-108.92210235899995,39.21768181300007],[-108.87514920899997,39.218723110000042],[-108.86530719199999,39.209811782000031],[-108.84209739399995,39.186447132000069],[-108.68993115999996,39.11684828500006],[-108.64909727299994,39.112892201000079],[-108.42890493499999,39.098533686000053],[-108.31474260099998,39.123515848000068],[-108.24504578699998,39.192759695000063],[-108.24755606399998,39.232146196000031],[-108.19666579199998,39.287137923000046],[-108.17437193399996,39.355580652000071],[-108.11188466299996,39.396176468000078],[-108.04889386099995,39.451763899000071],[-107.98271385899994,39.486127210000063],[-107.93959090999999,39.498360996000031],[-107.82859354799996,39.46587222800008],[-107.71855004999998,39.470950722000055],[-107.59313412899996,39.506206272000043],[-107.50775834899997,39.557140261000029],[-107.44516678999997,39.573753601000078],[-107.32715529299998,39.556157429000052],[-107.28411767099999,39.563607676000061],[-107.08643513999999,39.658427809000045],[-107.03468317699998,39.662548226000069],[-106.97472935899998,39.653377758000033],[-106.83905848399996,39.655609936000076],[-106.78011119999996,39.675881772000025],[-106.72585685999996,39.711755674000074],[-106.71454217599995,39.712682676000043],[-106.68954052499998,39.698217240000076],[-106.66815470699999,39.675496750000036],[-106.51634189299995,39.635366015000045],[-106.49295722799997,39.625863197000058],[-106.46666567699998,39.600125739000077],[-106.44053476999994,39.593896395000058],[-106.36571943299998,39.636777059000053],[-106.31143507199994,39.638875453000026],[-106.28401426299996,39.622224189000065],[-106.27598779999994,39.600289545000066],[-106.24003752599998,39.589856565000048],[-106.20023334799998,39.511026153000046],[-106.17270509199994,39.500711155000033],[-106.15504255399998,39.504548730000067],[-106.11342282299995,39.581884352000031],[-106.06425751099994,39.626413077000052],[-105.95959325399997,39.674146804000031],[-105.88478371099995,39.683595899000068],[-105.84446072799994,39.699522415000047],[-105.71383990399994,39.696726663000049],[-105.66819877799998,39.755880943000079],[-105.63175971999999,39.767977785000028],[-105.60365946199994,39.768901100000051],[-105.57092050999995,39.761801638000065],[-105.50979161199996,39.728835676000074],[-105.44946435999998,39.742091796000068],[-105.42595749899999,39.739200184000026],[-105.39253224999999,39.718917287000068],[-105.32821467799994,39.702300260000072],[-105.28556523799995,39.710402568000063],[-105.19922084699999,39.695285071000058],[-105.18863090899998,39.698775021000074],[-105.15680737099996,39.720121862000042],[-105.13719918299995,39.734755317000065],[-105.13314776599998,39.761186973000065],[-105.13015713299995,39.773069446000079],[-105.08537084899996,39.775717194000038],[-105.07571212599998,39.774179741000069],[-105.01644513099995,39.774492077000048],[-104.99248003699995,39.774255586000038]]},"properties":{"objectid":479,"length":486.262,"type":"Multi-Lane Divided","admn_class":"Interstate","toll_rd":"N","rte_num1":" 70","rte_num2":" ","route":"Interstate  70","st_length(shape)":8.6108722579978743}},{"type":"Feature","id":501,"geometry":{"type":"LineString","coordinates":[[-77.471248786999979,37.591168242000037],[-77.458461434999947,37.607483467000066],[-77.450900051999952,37.621986826000068],[-77.45318911399994,37.67955308900008],[-77.451303508999956,37.884874428000046],[-77.46411298299995,37.930657238000038],[-77.491533263999941,37.982333882000034],[-77.511401643999989,38.074338248000061],[-77.513164526999958,38.130992257000059],[-77.493267704999937,38.205777045000048],[-77.50381234699995,38.242031229000077],[-77.511434299999962,38.252002288000028],[-77.52023133299997,38.291884419000041],[-77.497357571999942,38.339475409000045],[-77.439219833999971,38.404723669000077],[-77.41624705299995,38.466802744000063],[-77.354982791999987,38.538806001000069],[-77.29350574099999,38.641146960000071],[-77.248606215999985,38.677774051000029],[-77.224893939999959,38.713528391000068],[-77.19767907399995,38.734767785000031],[-77.17205854499997,38.790900356000066]]},"properties":{"objectid":501,"length":89.778000000000006,"type":"Multi-Lane Divided","admn_class":"Interstate","toll_rd":"N","rte_num1":" 95","rte_num2":" ","route":"Interstate  95","st_length(shape)":1.3427955870728931}},{"type":"Feature","id":502,"geometry":{"type":"LineString","coordinates":[[-121.83317936199995,37.325002952000034],[-121.82690050699995,37.344316185000025],[-121.84554008299995,37.363545671000054],[-121.87406065199997,37.435935529000062],[-121.91910712899994,37.502657512000042],[-121.91800052099995,37.538559856000063],[-121.85977850999996,37.581293569000024],[-121.85430077399997,37.60420788600004],[-121.90130659399995,37.664051096000037],[-121.91082837399995,37.693621389000043]]},"properties":{"objectid":502,"length":29.076000000000001,"type":"Multi-Lane Divided","admn_class":"Interstate","toll_rd":"N","rte_num1":"680","rte_num2":" ","route":"Interstate 680","st_length(shape)":0.44426288124631219}},{"type":"Feature","id":503,"geometry":{"type":"LineString","coordinates":[[-122.39593349599994,37.732123551000029],[-122.46252485499997,37.694654258000071],[-122.46740794099998,37.674002141000074],[-122.45536113599996,37.652751160000037],[-122.33079320999997,37.51571559100006],[-122.32441480799997,37.507822911000062],[-122.30712570399999,37.493594492000057],[-122.25191644799997,37.476927428000067],[-122.23838960099999,37.441646069000058],[-122.08723200799994,37.328231129000073],[-122.03551796799997,37.326304968000045],[-122.02055637599994,37.327830833000064],[-121.99938387299994,37.323256924000077],[-121.96988731999994,37.298141505000046],[-121.92105751899999,37.295596992000071],[-121.88663258299999,37.300620707000064],[-121.87110636199998,37.311232767000035],[-121.83317936199995,37.325002952000034]]},"properties":{"objectid":503,"length":53.658999999999999,"type":"Multi-Lane Divided","admn_class":"Interstate","toll_rd":"N","rte_num1":"280","rte_num2":" ","route":"Interstate 280","st_length(shape)":0.89425204115854273}},{"type":"Feature","id":504,"geometry":{"type":"LineString","coordinates":[[-77.471248786999979,37.591168242000037],[-77.420916295999973,37.401217745000054],[-77.407076058999962,37.351795401000061],[-77.394975529999954,37.309627896000052],[-77.40030104799996,37.225312374000055],[-77.39972851899995,37.21896504800003]]},"properties":{"objectid":504,"length":26.361999999999998,"type":"Multi-Lane Divided","admn_class":"Interstate","toll_rd":"N","rte_num1":" 95","rte_num2":" ","route":"Interstate  95","st_length(shape)":0.38255553593811303}},{"type":"Feature","id":480,"geometry":{"type":"LineString","coordinates":[[-111.91292556399998,40.783816515000069],[-111.93837807399996,40.784835163000025],[-111.98993146799995,40.77779311300003],[-112.11934508299998,40.778287689000081],[-112.17614709699996,40.738218052000036],[-112.22144428499996,40.714952422000067],[-112.24608777499998,40.70043694900005],[-112.27136489299994,40.685486944000047],[-112.37229006799998,40.654693641000051],[-112.53111122399997,40.704431483000064],[-112.64561117599999,40.737472764000074],[-112.77775049199994,40.751467325000078],[-112.89485184199998,40.816143584000031],[-112.91635248199998,40.812294421000047],[-112.95876543099996,40.771881372000053],[-112.99047467399998,40.758811705000028],[-113.12975980199997,40.721366640000042],[-113.69442060899996,40.740947439000024],[-114.02199184299997,40.744967254000073],[-114.03814378999999,40.740156854000077],[-114.05025221999995,40.736548396000046],[-114.08299117199999,40.737307378000025],[-114.10147010299994,40.745444449000047],[-114.23694240999998,40.882336227000053],[-114.25717684999995,40.893665660000067],[-114.29888137999995,40.90045647200003],[-114.34175256399999,40.924961439000072],[-114.47618620799994,41.027989749000028],[-114.50029614599998,41.069764331000044],[-114.51026825799994,41.080853059000049],[-114.52668724499995,41.082081336000044],[-114.57379313899997,41.077537976000031],[-114.59055553699994,41.068775705000064],[-114.64773993899996,41.072113437000041],[-114.75277025599996,41.10486977100004],[-114.82482512999997,41.102035042000068],[-114.92289714199995,41.085058802000049],[-114.94281081899999,41.092188286000066],[-114.97522163299999,41.10994931700003],[-115.00811332999996,41.111375635000059],[-115.13746637399998,41.086099045000026],[-115.27329736699994,41.091187019000074],[-115.32726939299994,41.051972224000053],[-115.40174184399996,41.018898814000067],[-115.44439865799995,40.96225533900008],[-115.46402211999998,40.955682583000055],[-115.50740420799997,40.947126254000068],[-115.56146787999995,40.951378873000067],[-115.63397940799996,40.945823712000049],[-115.68191538999997,40.919559549000041],[-115.72348824399995,40.873707740000043],[-115.74882540599998,40.850369425000054],[-115.78064894399995,40.83661346100007],[-115.83404844099999,40.803090245000078],[-115.91344980099996,40.772037803000046],[-115.96195883899998,40.733432933000074],[-115.98137635899997,40.733139032000054],[-116.00602090299998,40.749205652000057],[-116.03707281699997,40.74128242300003],[-116.06621015799999,40.739233540000043],[-116.09853669999995,40.725400677000039],[-116.12169224799999,40.716493035000042],[-116.22296610199999,40.660450531000038],[-116.31526858399997,40.638759224000069],[-116.42351022299999,40.661519743000042],[-116.44106583999996,40.663411669000027],[-116.49902081099998,40.693591886000036],[-116.53600922199996,40.692825003000053],[-116.60341644799996,40.669918060000043],[-116.71677766399995,40.659789516000046],[-116.78722134599997,40.604599221000058],[-116.88529283199995,40.611976256000048],[-116.93551945599995,40.640135505000046],[-116.95004651599999,40.653749785000059],[-117.24219576199999,40.871254873000055],[-117.32622896899994,40.909625885000025],[-117.43031226999994,40.927462236000054],[-117.52483586799997,40.962495517000036],[-117.58059342499996,41.009438659000068],[-117.68624103999997,40.978517367000052],[-117.71711808899994,40.962465494000071],[-117.74797248899995,40.94505156200006],[-117.88663346999999,40.892897723000033],[-117.93119853799999,40.860824000000036],[-117.98681809799996,40.79735179000005],[-118.04519970099994,40.680302583000071],[-118.07712225899996,40.66687844300003],[-118.17668221399998,40.641053026000066],[-118.24361751199996,40.58870378000006],[-118.25879242099995,40.55680544900008],[-118.26525404199998,40.477819133000025],[-118.29483170899999,40.342368947000068],[-118.30525310099995,40.318676160000052],[-118.35981977699998,40.270488939000074],[-118.37658164799996,40.264866360000042],[-118.40367431899995,40.232819498000026],[-118.43411630899999,40.218872867000073],[-118.47124903699995,40.179901937000068],[-118.51017467099996,40.14180112400004],[-118.65988276999997,40.060109122000028],[-118.68422761899996,39.970903668000062],[-118.69293300499999,39.958544527000072],[-118.74469286799996,39.939699535000045],[-118.98137266399999,39.820558782000035],[-119.03745730499998,39.749377185000071],[-119.12127614299999,39.689948492000042],[-119.18756938699994,39.628498304000061],[-119.27470752299996,39.62604175000007],[-119.36551574199996,39.608032113000036],[-119.44312525099997,39.606994504000056],[-119.46934885699994,39.58789037300005],[-119.51570682999994,39.581523559000061],[-119.57882720099997,39.560287325000047],[-119.62070659799997,39.529941196000038],[-119.66066351999996,39.529551961000038],[-119.70474770599998,39.543570751000061],[-119.78885043899999,39.542627948000074],[-119.90308282499996,39.533677644000079],[-119.97109470899994,39.518929367000055],[-119.99065022599996,39.501229433000049],[-119.99603631499997,39.486920428000076],[-120.01320058899995,39.441272981000054],[-120.03759863499999,39.412108778000061],[-120.03281351699997,39.369143842000028],[-120.10720854299996,39.354613094000058],[-120.15638807599998,39.335687517000054],[-120.20118858099994,39.325929246000044],[-120.30843738099998,39.315872861000059],[-120.37631074099994,39.329471340000055],[-120.44030017599999,39.310938685000053],[-120.46949861499996,39.311945746000049],[-120.51365127199995,39.302087928000049],[-120.57111798799997,39.321320574000026],[-120.58785036399996,39.322655773000065],[-120.60691657099994,39.311215205000053],[-120.64401137699997,39.291538546000027],[-120.67775001599995,39.288280347000068],[-120.70212646699997,39.276217741000039],[-120.79535963699999,39.194024842000033],[-120.86541461099995,39.148316297000065],[-120.88314614699999,39.146858376000068],[-120.91600729399994,39.128589601000044],[-120.96375260899998,39.024551597000027],[-121.03390028299998,38.95333576400003],[-121.05959665799998,38.90441273600004],[-121.11182107499997,38.875471330000039],[-121.15157100199997,38.825602866000054],[-121.28611841399999,38.710771089000048],[-121.36742644799995,38.638961133000066],[-121.39989045999999,38.62964213500004],[-121.47398895099997,38.568447925000044]]},"properties":{"objectid":480,"length":635.178,"type":"Multi-Lane Divided","admn_class":"Interstate","toll_rd":"N","rte_num1":" 80","rte_num2":" ","route":"Interstate  80","st_length(shape)":11.206042764760575}},{"type":"Feature","id":510,"geometry":{"type":"LineString","coordinates":[[-76.378022817999977,36.790775181000072],[-76.362877404999949,36.76659782400003],[-76.344573866999951,36.761436112000069],[-76.258419616999959,36.760577582000053],[-76.228381609999985,36.773902701000054],[-76.214884784999981,36.790538163000065],[-76.207171711999933,36.804053950000025],[-76.206370592999974,36.84754875200008]]},"properties":{"objectid":510,"length":15.01,"type":"Multi-Lane Divided","admn_class":"Interstate","toll_rd":"N","rte_num1":" 64","rte_num2":" ","route":"Interstate  64","st_length(shape)":0.24705226121141985}},{"type":"Feature","id":481,"geometry":{"type":"LineString","coordinates":[[-81.544491020999942,39.996898158000079],[-81.513698244999944,39.962031843000034],[-81.516147951999983,39.930644417000053],[-81.545882049999989,39.808533045000047],[-81.574981994999973,39.782634942000072],[-81.538840525999944,39.725719687000037],[-81.520811927999944,39.692272843000069],[-81.465885511999943,39.672699418000036],[-81.456554399999959,39.655297073000042],[-81.459759401999975,39.57216769200005],[-81.442271730999948,39.459752439000056],[-81.425791646999983,39.419892957000059],[-81.439265822999971,39.407918837000068],[-81.441142473999946,39.406251815000076],[-81.470546854999952,39.312315493000028],[-81.495816070999979,39.263418800000068],[-81.507954522999967,39.24624504500008],[-81.542006024999978,39.206580971000051],[-81.560355386999959,39.173317420000046],[-81.560729347999938,39.105711100000065],[-81.576522607999948,39.059371035000026],[-81.689586761999976,38.963059272000066],[-81.732434769999941,38.905343951000077],[-81.742490628999974,38.864623306000055],[-81.738713624999946,38.830272636000075],[-81.727406840999947,38.778035578000072],[-81.697803891999968,38.756361652000066],[-81.66806347399995,38.742396586000041],[-81.654779963999943,38.726966752000067],[-81.639673527999946,38.616782097000055],[-81.654467100999966,38.555496767000079],[-81.654367553999975,38.512399101000028],[-81.629767779999952,38.410251969000058],[-81.610129043999962,38.39548209700007]]},"properties":{"objectid":481,"length":122.711,"type":"Multi-Lane Divided","admn_class":"Interstate","toll_rd":"N","rte_num1":" 77","rte_num2":" ","route":"Interstate  77","st_length(shape)":1.8553242201010802}},{"type":"Feature","id":482,"geometry":{"type":"LineString","coordinates":[[-121.93038230999997,38.380407263000052],[-121.92075518999997,38.473372866000034],[-121.93625138799996,38.528577909000035],[-121.94120399899998,38.671790678000036],[-121.94807855699997,38.729605019000076],[-121.94266139299998,38.841464598000073]]},"properties":{"objectid":482,"length":32.246000000000002,"type":"Multi-Lane Divided","admn_class":"Interstate","toll_rd":"N","rte_num1":"505","rte_num2":" ","route":"Interstate 505","st_length(shape)":0.46431214457590125}},{"type":"Feature","id":483,"geometry":{"type":"LineString","coordinates":[[-81.610129043999962,38.39548209700007],[-81.610204888999988,38.375974510000049],[-81.622472910999988,38.364221607000047]]},"properties":{"objectid":483,"length":2.4100000000000001,"type":"Multi-Lane Divided","admn_class":"Interstate","toll_rd":"N","rte_num1":" 77","rte_num2":" ","route":"Interstate  77","st_length(shape)":0.036496998484069454}},{"type":"Feature","id":484,"geometry":{"type":"LineString","coordinates":[[-81.622472910999988,38.364221607000047],[-81.666045138999948,38.35549304500006],[-81.688491214999942,38.347473956000044],[-81.711471895999978,38.358936645000028],[-81.73847344699999,38.378878764000035],[-81.785060536999936,38.391779358000065],[-81.854651482999941,38.445140932000072],[-81.915719282999987,38.462927772000057],[-81.979235735999964,38.462450051000076],[-82.063284217999978,38.432591650000063],[-82.129632239999978,38.440094041000066],[-82.219410749999952,38.436682044000065],[-82.335214297999983,38.408589160000076],[-82.386042945999975,38.394779472000039],[-82.453146262999951,38.392626827000072],[-82.57827986999996,38.365736411000057],[-82.592524616999981,38.36234548200008],[-82.595492600999989,38.36203630600005],[-82.615589044999979,38.359942126000078]]},"properties":{"objectid":484,"length":57.555999999999997,"type":"Multi-Lane Divided","admn_class":"Interstate","toll_rd":"N","rte_num1":" 64","rte_num2":" ","route":"Interstate  64","st_length(shape)":1.0412828563799699}},{"type":"Feature","id":485,"geometry":{"type":"LineString","coordinates":[[-88.95327511399995,38.334983665000038],[-88.964837876999979,38.518592102000071],[-88.98349009399999,38.626090034000072],[-88.984915884999964,38.674139784000033],[-88.972410846999935,38.692217892000031],[-88.689741770999944,38.928191377000076],[-88.653768321999962,38.969648883000048],[-88.614414476999968,38.99384888700007],[-88.586041385999977,39.084297893000041]]},"properties":{"objectid":485,"length":60.091000000000001,"type":"Multi-Lane Divided","admn_class":"Interstate","toll_rd":"N","rte_num1":" 57","rte_num2":" ","route":"Interstate  57","st_length(shape)":0.92723104268577283}},{"type":"Feature","id":486,"geometry":{"type":"LineString","coordinates":[[-90.138628171999983,38.628243732000044],[-90.064918389999946,38.617722266000044],[-89.96932663299998,38.590019143000063],[-89.92978212099996,38.573394742000062],[-89.880333967999945,38.574012567000068],[-89.764310256999977,38.554370144000075],[-89.725971372999936,38.527251665000051],[-89.670068445999959,38.518279239000037],[-89.607093444999975,38.489795540000046],[-89.52769998499997,38.433639794000044],[-89.41082090499998,38.409137987000065],[-89.376197400999956,38.394150059000026],[-89.168363676999945,38.386058811000055],[-89.137844787999938,38.384158985000056],[-89.079851366999947,38.361766633000059],[-89.03819318699999,38.358898196000041],[-88.95327511399995,38.334983665000038]]},"properties":{"objectid":486,"length":68.570999999999998,"type":"Multi-Lane Divided","admn_class":"Interstate","toll_rd":"N","rte_num1":" 64","rte_num2":" ","route":"Interstate  64","st_length(shape)":1.2418089672049581}},{"type":"Feature","id":487,"geometry":{"type":"LineString","coordinates":[[-85.740921211999989,38.250174094000045],[-85.750221775999989,38.271326055000031],[-85.751427403999969,38.274080197000046],[-85.772889594999981,38.301945018000026],[-85.770608959999947,38.33544084600004],[-85.765680577999944,38.385636920000024],[-85.792323968999938,38.450850418000073],[-85.784367557999985,38.54904199300006],[-85.798903572999961,38.692353256000047],[-85.84315630399999,38.764418664000061],[-85.833100971999954,38.788611295000067],[-85.818216804999963,38.861192347000042],[-85.817050678999976,38.895630978000042],[-85.836102138999991,38.917057879000026],[-85.84837121399994,38.931935198000076],[-85.851835354999935,38.95743985200005],[-85.858268007999982,38.994369272000029],[-85.888040554999975,39.02743846900006],[-85.93313496199994,39.074102984000035],[-85.947289641999987,39.099909440000033],[-85.95733970699996,39.125139680000075],[-85.962891180999975,39.194692704000033],[-85.96653861599998,39.30275105000004],[-85.948713325999961,39.349873799000079],[-85.955761170999949,39.387723373000028],[-86.009074287999965,39.442749863000074],[-86.118325094999989,39.695681680000064],[-86.142427131999966,39.71765003400003],[-86.13986313099997,39.759766975000048],[-86.140466207999964,39.772484803000054],[-86.140603677999991,39.78246745000007],[-86.15270473399994,39.805473413000072]]},"properties":{"objectid":487,"length":114.342,"type":"Multi-Lane Divided","admn_class":"Interstate","toll_rd":"N","rte_num1":" 65","rte_num2":" ","route":"Interstate  65","st_length(shape)":1.697207901229175}},{"type":"Feature","id":488,"geometry":{"type":"LineString","coordinates":[[-85.726913482999976,38.248835209000049],[-85.716232424999987,38.262567471000068],[-85.660331604999953,38.288502970000025],[-85.632102303999943,38.300770465000028],[-85.574866284999985,38.328441458000043],[-85.512800377999952,38.357291218000057],[-85.401302645999976,38.386293722000062],[-85.322360045999972,38.420388940000066],[-85.294413058999965,38.467076104000057],[-85.235024922999969,38.528080173000035],[-85.212738964999971,38.546367383000074],[-85.204735150999966,38.591929504000063],[-85.153731109999967,38.637319919000049],[-85.12105378199999,38.651575726000033],[-85.044590383999946,38.65661155600003],[-84.963953372999981,38.681853384000078],[-84.939333056999942,38.698195472000066],[-84.875367850999965,38.720733194000047],[-84.834649312999943,38.748633831000063],[-84.638173463999976,38.869040257000051]]},"properties":{"objectid":488,"length":75.766000000000005,"type":"Multi-Lane Divided","admn_class":"Interstate","toll_rd":"N","rte_num1":" 71","rte_num2":" ","route":"Interstate  71","st_length(shape)":1.2998742143826922}},{"type":"Feature","id":489,"geometry":{"type":"LineString","coordinates":[[-85.740921211999989,38.250174094000045],[-85.726913482999976,38.248835209000049]]},"properties":{"objectid":489,"length":0.76000000000000001,"type":"Multi-Lane Divided","admn_class":"Interstate","toll_rd":"N","rte_num1":" 64","rte_num2":" ","route":"Interstate  64","st_length(shape)":0.014071570089391803}},{"type":"Feature","id":490,"geometry":{"type":"LineString","coordinates":[[-87.546146440999962,38.161554336000052],[-87.474923234999949,38.175360337000029],[-87.444869952999966,38.182112700000062],[-87.262267523999981,38.19751251100007],[-87.075431962999971,38.196687691000079],[-86.985866768999983,38.188109767000071],[-86.879860993999955,38.204938530000049],[-86.792395246999945,38.210287750000077],[-86.693263503999958,38.230274639000072],[-86.538824536999982,38.239341345000071],[-86.487499732999936,38.233559700000058],[-86.349846338999953,38.228751407000061],[-86.289168300999961,38.235344178000048],[-86.226247023999974,38.253186322000033],[-86.155375656999979,38.239480922000041],[-86.04161045799998,38.239959170000077],[-85.982741125999951,38.269580027000075],[-85.930745298999966,38.277602803000036],[-85.881970275999947,38.30338977100007],[-85.851535659999968,38.302035611000065],[-85.831469764999952,38.304160867000064],[-85.822436241999981,38.297088794000047],[-85.811732007999979,38.288151131000063],[-85.810953537999978,38.284874497000033],[-85.805444726999951,38.261655218000044],[-85.740921211999989,38.250174094000045]]},"properties":{"objectid":490,"length":101.64,"type":"Multi-Lane Divided","admn_class":"Interstate","toll_rd":"N","rte_num1":" 64","rte_num2":" ","route":"Interstate  64","st_length(shape)":1.858496704871152}},{"type":"Feature","id":491,"geometry":{"type":"LineString","coordinates":[[-88.95327511399995,38.334983665000038],[-88.869906608999941,38.273394953000036],[-88.819436119999978,38.278564040000049],[-88.639589939999951,38.267012338000029],[-88.451938512999959,38.271898584000041],[-88.348251293999965,38.266893302000028],[-88.259785860999955,38.263764673000026],[-88.204393837999987,38.246873232000041],[-88.133620964999977,38.23930868900004],[-88.017618847999984,38.237965590000044],[-87.982186851999984,38.218602321000049],[-87.946365619999938,38.199005721000049],[-87.92885582699995,38.19606407200007],[-87.768040037999981,38.185740120000048],[-87.736322893999954,38.165342401000032],[-87.546146440999962,38.161554336000052]]},"properties":{"objectid":491,"length":79.296999999999997,"type":"Multi-Lane Divided","admn_class":"Interstate","toll_rd":"N","rte_num1":" 64","rte_num2":" ","route":"Interstate  64","st_length(shape)":1.4477770349459551}},{"type":"Feature","id":492,"geometry":{"type":"LineString","coordinates":[[-121.93038230999997,38.380407263000052],[-121.95848151499996,38.352502939000033],[-122.01118681399998,38.324042415000065],[-122.02781068899998,38.275253697000039],[-122.04767064099997,38.256737896000061],[-122.14265826699994,38.205142892000026],[-122.19546943399996,38.163880794000079],[-122.21416168099995,38.129950434000079],[-122.21675517799997,38.092166698000028]]},"properties":{"objectid":492,"length":26.614000000000001,"type":"Multi-Lane Divided","admn_class":"Interstate","toll_rd":"N","rte_num1":" 80","rte_num2":" ","route":"Interstate  80","st_length(shape)":0.42992101317729026}},{"type":"Feature","id":493,"geometry":{"type":"LineString","coordinates":[[-84.442228006999983,38.051937996000049],[-84.477058505999935,38.141906646000052],[-84.544360390999941,38.212694267000074],[-84.570537646999981,38.268212173000052],[-84.564579029999948,38.321979836000025],[-84.578358168999955,38.344310564000068],[-84.594426368999962,38.419852227000035],[-84.586605847999977,38.474924540000075],[-84.622838436999984,38.531750782000074],[-84.622357554999951,38.556698709000045],[-84.594295745999943,38.632774452000035],[-84.635243401999958,38.753823985000054],[-84.61731382399995,38.81934771300007],[-84.638173463999976,38.869040257000051]]},"properties":{"objectid":493,"length":60.116,"type":"Multi-Lane Divided","admn_class":"Interstate","toll_rd":"N","rte_num1":" 75","rte_num2":" ","route":"Interstate  75","st_length(shape)":0.89177034532854937}},{"type":"Feature","id":494,"geometry":{"type":"LineString","coordinates":[[-82.615589044999979,38.359942126000078],[-82.672681272999966,38.371477500000026],[-82.707373247999953,38.366411648000053],[-82.783348916999955,38.359227913000041],[-82.837099725999963,38.369878422000056],[-82.956457482999951,38.34449122400008],[-83.023819411999966,38.320797910000067],[-83.109713995999982,38.327118374000065],[-83.200285723999968,38.326801824000029],[-83.257912557999987,38.319290479000074],[-83.347759012999973,38.284763889000033],[-83.404912338999964,38.275810424000042],[-83.456694322999965,38.204347040000073],[-83.47457807699999,38.193871924000064],[-83.55938185499997,38.189384921000055],[-83.611843288999978,38.156952511000043],[-83.676191936999942,38.151847683000028],[-83.730942432999939,38.134456399000044],[-83.785768774999951,38.115230073000077],[-83.897450853999942,38.09541173000008],[-83.955619140999943,38.085348497000041],[-84.04644895399997,38.060827729000039],[-84.078737572999955,38.035929313000054],[-84.125201413999946,38.016646103000028]]},"properties":{"objectid":494,"length":88.962999999999994,"type":"Multi-Lane Divided","admn_class":"Interstate","toll_rd":"N","rte_num1":" 64","rte_num2":" ","route":"Interstate  64","st_length(shape)":1.6000617371126644}},{"type":"Feature","id":495,"geometry":{"type":"LineString","coordinates":[[-84.125201413999946,38.016646103000028],[-84.161510374999978,38.008242519000078],[-84.176479867999944,38.003447393000044],[-84.213017945999979,37.999586643000043],[-84.29605884099999,38.033101958000032],[-84.390262728999971,38.058408044000032],[-84.442228006999983,38.051937996000049]]},"properties":{"objectid":495,"length":18.201000000000001,"type":"Multi-Lane Divided","admn_class":"Interstate","toll_rd":"N","rte_num1":" 64","rte_num2":" ","route":"Interstate  64","st_length(shape)":0.32918843193497255}},{"type":"Feature","id":496,"geometry":{"type":"LineString","coordinates":[[-122.21675517799997,38.092166698000028],[-122.21680837499997,38.058083594000038],[-122.22218656299998,38.036557672000072],[-122.25770967999995,38.009615113000052],[-122.27057340499999,37.993178218000025],[-122.31727373599995,37.967551896000032],[-122.31484773199998,37.917721881000034],[-122.28876212199998,37.87164148200003],[-122.27859986799996,37.81942338500005]]},"properties":{"objectid":496,"length":21.673000000000002,"type":"Multi-Lane Divided","admn_class":"Interstate","toll_rd":"N","rte_num1":" 80","rte_num2":" ","route":"Interstate  80","st_length(shape)":0.3310352938936672}},{"type":"Feature","id":497,"geometry":{"type":"LineString","coordinates":[[-121.33034639099998,37.754647053000042],[-121.30018724099995,37.777038878000042],[-121.27826839799997,37.821364821000031],[-121.27954355099996,37.863512311000079],[-121.28548794799997,37.905499683000073],[-121.29777177099999,37.925942172000077],[-121.32747426599997,37.964363221000042],[-121.38073734599999,38.074081743000079],[-121.38047820699995,38.109027590000039],[-121.44646701599999,38.251391310000031],[-121.46125374199994,38.359744084000056],[-121.45814881399997,38.405229306000081],[-121.47388940399998,38.460918391000064],[-121.48694379599999,38.472239923000075],[-121.51053440299995,38.482722413000033],[-121.51492923199999,38.496626382000045],[-121.47398895099997,38.568447925000044]]},"properties":{"objectid":497,"length":60.976999999999997,"type":"Multi-Lane Divided","admn_class":"Interstate","toll_rd":"N","rte_num1":"  5","rte_num2":" ","route":"Interstate   5","st_length(shape)":0.9109882311649502}},{"type":"Feature","id":498,"geometry":{"type":"LineString","coordinates":[[-121.33034639099998,37.754647053000042],[-121.42748613399999,37.751611123000032],[-121.48881201999995,37.734849778000068],[-121.53761074599998,37.732591792000051]]},"properties":{"objectid":498,"length":11.449,"type":"Multi-Lane Divided","admn_class":"Interstate","toll_rd":"N","rte_num1":"205","rte_num2":" ","route":"Interstate 205","st_length(shape)":0.20961331816156581}},{"type":"Feature","id":499,"geometry":{"type":"LineString","coordinates":[[-122.39593349599994,37.732123551000029],[-122.37430381299998,37.779382190000035],[-122.31277988599999,37.814041510000038],[-122.27859986799996,37.81942338500005]]},"properties":{"objectid":499,"length":9.5,"type":"Multi-Lane Divided","admn_class":"Interstate","toll_rd":"N","rte_num1":" 80","rte_num2":" ","route":"Interstate  80","st_length(shape)":0.15718929869458248}},{"type":"Feature","id":500,"geometry":{"type":"LineString","coordinates":[[-121.53761074599998,37.732591792000051],[-121.59178081199997,37.732377950000057],[-121.64752256799994,37.710752481000043],[-121.70896380199997,37.706125374000067],[-121.73787202599999,37.693659312000079],[-121.91082837399995,37.693621389000043]]},"properties":{"objectid":500,"length":20.846,"type":"Multi-Lane Divided","admn_class":"Interstate","toll_rd":"N","rte_num1":"580","rte_num2":" ","route":"Interstate 580","st_length(shape)":0.38001327932506157}},{"type":"Feature","id":647,"geometry":{"type":"LineString","coordinates":[[-157.86323571499997,21.320386770000027],[-157.84010334199996,21.334314440000071]]},"properties":{"objectid":647,"length":1.778,"type":"Paved Undivided","admn_class":"State Highway","toll_rd":"N","rte_num1":" 61","rte_num2":" ","route":"Hawaii State Hwy  61","st_length(shape)":0.027001604993778225}},{"type":"Feature","id":505,"geometry":{"type":"LineString","coordinates":[[-77.471248786999979,37.591168242000037],[-77.420183648999966,37.548539343000073],[-77.392319881999981,37.550328561000072],[-77.382462063999981,37.540803094000069],[-77.36855335499996,37.528096854000069],[-77.295430322999948,37.527993093000077],[-77.244403106999982,37.516564113000072],[-77.183488050999983,37.514611090000074],[-76.949822062999942,37.49156615000004],[-76.911040746999959,37.481865817000028],[-76.829113833999941,37.434296422000045],[-76.682669727999951,37.310543836000079],[-76.652921408999987,37.28041892300007],[-76.633000358999936,37.253075541000044],[-76.625050267999939,37.240780657000073],[-76.564768838999953,37.206780246000051],[-76.506906040999979,37.126076870000077],[-76.46404223199994,37.094884325000066],[-76.391567572999975,37.040738486000066],[-76.361719706999963,37.032300666000026],[-76.333909663999975,37.041108234000035],[-76.32133562599995,37.034184692000053],[-76.318024229999935,37.017438621000053],[-76.312607064999952,37.002809380000031],[-76.295653999999956,36.970346948000042],[-76.277319385999988,36.960985287000028],[-76.265028188999963,36.952455820000068],[-76.269689531999973,36.913962085000037]]},"properties":{"objectid":505,"length":88.784999999999997,"type":"Multi-Lane Divided","admn_class":"Interstate","toll_rd":"N","rte_num1":" 64","rte_num2":" ","route":"Interstate  64","st_length(shape)":1.4955500731197533}},{"type":"Feature","id":506,"geometry":{"type":"LineString","coordinates":[[-76.269689531999973,36.913962085000037],[-76.298469239999974,36.931071055000075],[-76.306236036999962,36.941324956000074]]},"properties":{"objectid":506,"length":2.8090000000000002,"type":"Multi-Lane Divided","admn_class":"Interstate","toll_rd":"N","rte_num1":"564","rte_num2":" ","route":"Interstate 564","st_length(shape)":0.046344509653534073}},{"type":"Feature","id":507,"geometry":{"type":"LineString","coordinates":[[-76.206370592999974,36.84754875200008],[-76.20800337999998,36.852557193000052],[-76.213496916999986,36.868033377000074],[-76.240063407999969,36.896883664000029],[-76.269689531999973,36.913962085000037]]},"properties":{"objectid":507,"length":5.9740000000000002,"type":"Multi-Lane Divided","admn_class":"Interstate","toll_rd":"N","rte_num1":" 64","rte_num2":" ","route":"Interstate  64","st_length(shape)":0.095105185318220278}},{"type":"Feature","id":508,"geometry":{"type":"LineString","coordinates":[[-76.378022817999977,36.790775181000072],[-76.329955685999948,36.814349460000074],[-76.30377105599996,36.834498573000076],[-76.281705787999954,36.846183005000057],[-76.206370592999974,36.84754875200008]]},"properties":{"objectid":508,"length":10.713000000000001,"type":"Multi-Lane Divided","admn_class":"Interstate","toll_rd":"N","rte_num1":"264","rte_num2":" ","route":"Interstate 264","st_length(shape)":0.18689215475941681}},{"type":"Feature","id":509,"geometry":{"type":"LineString","coordinates":[[-76.420084981999935,36.782997323000075],[-76.378022817999977,36.790775181000072]]},"properties":{"objectid":509,"length":2.3730000000000002,"type":"Multi-Lane Divided","admn_class":"Interstate","toll_rd":"N","rte_num1":"264","rte_num2":" ","route":"Interstate 264","st_length(shape)":0.042775234837824798}},{"type":"Feature","id":511,"geometry":{"type":"LineString","coordinates":[[-86.718511125999953,36.140564254000026],[-86.734960660999946,36.142764830000033]]},"properties":{"objectid":511,"length":0.92400000000000004,"type":"Multi-Lane Divided","admn_class":"Interstate","toll_rd":"N","rte_num1":" 24","rte_num2":" 40","route":"Interstate  24","st_length(shape)":0.016596075935232431}},{"type":"Feature","id":512,"geometry":{"type":"LineString","coordinates":[[-86.734960660999946,36.142764830000033],[-86.748731898999949,36.124473932000058],[-86.786894862999986,36.124893716000031]]},"properties":{"objectid":512,"length":3.5990000000000002,"type":"Multi-Lane Divided","admn_class":"Interstate","toll_rd":"N","rte_num1":" 40","rte_num2":" 65","route":"Interstate  40","st_length(shape)":0.061060773250611211}},{"type":"Feature","id":513,"geometry":{"type":"LineString","coordinates":[[-83.935827659999973,35.975908783000079],[-83.92455089799995,35.982199226000034],[-83.902882765999948,35.990271512000049],[-83.856555868999976,36.015804081000056],[-83.848170719999985,36.013587705000077],[-83.806199675999949,36.003865251000036],[-83.712507218999974,36.007524800000056],[-83.553611796999974,36.000123009000049],[-83.497999610999955,36.004152305000048],[-83.449048667999989,36.023966961000042],[-83.370808165999961,36.068150167000056]]},"properties":{"objectid":513,"length":33.642000000000003,"type":"Multi-Lane Divided","admn_class":"Interstate","toll_rd":"N","rte_num1":" 40","rte_num2":" ","route":"Interstate  40","st_length(shape)":0.59194083833815292}},{"type":"Feature","id":514,"geometry":{"type":"LineString","coordinates":[[-84.263233508999974,35.868543055000032],[-84.232203188999961,35.873533062000035],[-84.161353942999938,35.911273081000047],[-84.085842301999946,35.93239238600006],[-83.982917752999981,35.962651609000034],[-83.935827659999973,35.975908783000079]]},"properties":{"objectid":514,"length":19.806000000000001,"type":"Multi-Lane Divided","admn_class":"Interstate","toll_rd":"N","rte_num1":" 40","rte_num2":" 75","route":"Interstate  40","st_length(shape)":0.34631347672356222}},{"type":"Feature","id":515,"geometry":{"type":"LineString","coordinates":[[-86.718511125999953,36.140564254000026],[-86.658177025999976,36.141315336000048],[-86.54585499999996,36.172209766000037],[-86.395309438999959,36.169352390000029],[-86.311659672999951,36.165331521000041],[-86.25756703199994,36.177034387000049],[-86.198026676999973,36.183561320000024],[-86.057484304999946,36.164156441000046],[-86.015659684999946,36.16794081900008],[-85.964137365999989,36.183230023000078],[-85.924951539999938,36.180240443000059],[-85.858605098999988,36.13738032100008],[-85.781851485999937,36.144999114000029],[-85.759199468999952,36.118869260000054],[-85.699764981999976,36.110637909000047],[-85.681461443999979,36.111866186000043],[-85.617975538999985,36.137970231000054],[-85.509359938999978,36.142563101000064],[-85.47691120099995,36.141472821000036],[-85.459195466999972,36.142236017000073],[-85.434826388999966,36.139588796000055],[-85.396731896999938,36.148275221000063],[-85.338739002999944,36.134462900000074],[-85.298874253999941,36.133521150000036],[-85.26544110399999,36.119624556000076],[-85.229123715999947,36.096534846000054],[-85.115120445999935,36.018831057000057],[-85.04874872299996,36.004103322000049],[-85.001169320999963,35.990965710000069],[-84.929311960999939,35.955528446000073],[-84.906071086999987,35.935101232000079],[-84.901073179999969,35.914014056000042],[-84.877756459999944,35.886308300000053],[-84.838738125999953,35.892053602000033],[-84.798033281999949,35.916346307000026],[-84.738650938999967,35.893085418000055],[-84.678452729999947,35.89156745300005],[-84.650978197999962,35.912255387000073],[-84.623839703999977,35.918412572000079],[-84.56904338399994,35.903887092000048],[-84.526865871999973,35.88804484800005],[-84.514627872999938,35.88389862300005],[-84.432584557999974,35.861808073000077],[-84.263233508999974,35.868543055000032]]},"properties":{"objectid":515,"length":148.81999999999999,"type":"Multi-Lane Divided","admn_class":"Interstate","toll_rd":"N","rte_num1":" 40","rte_num2":" ","route":"Interstate  40","st_length(shape)":2.6086519151055896}},{"type":"Feature","id":516,"geometry":{"type":"LineString","coordinates":[[-82.607171239999957,35.551540690000024],[-82.54711787399998,35.548307773000033],[-82.489689607999935,35.55588864300006],[-82.471783204999952,35.561710318000053],[-82.374201028999948,35.588224666000031],[-82.332810940999934,35.60357549400004],[-82.311234982999963,35.619883872000059],[-82.200383517999967,35.622453667000059],[-82.08870723299998,35.636276523000049],[-82.035345131999975,35.65173111200005],[-81.995563602999937,35.646055861000036],[-81.98199830599998,35.646738472000038],[-81.898187367999981,35.691227167000079],[-81.809759330999952,35.688523588000066],[-81.749057590999939,35.708952383000053],[-81.69874774799996,35.713771210000061],[-81.664796319999937,35.715614152000057],[-81.612892139999985,35.726315225000064],[-81.562262059999966,35.716553794000049],[-81.503353751999953,35.717317517000026],[-81.452006298999947,35.698896524000077],[-81.329901247999942,35.713034349000054],[-81.25389450299997,35.707510790000072],[-81.201456770999982,35.723029637000025],[-81.100219785999968,35.735355069000036],[-80.956341260999977,35.785157695000066],[-80.866997809999987,35.807169766000072],[-80.848350859999982,35.813201069000058]]},"properties":{"objectid":516,"length":102.541,"type":"Multi-Lane Divided","admn_class":"Interstate","toll_rd":"N","rte_num1":" 40","rte_num2":" ","route":"Interstate  40","st_length(shape)":1.8115725617358764}},{"type":"Feature","id":517,"geometry":{"type":"LineString","coordinates":[[-83.370808165999961,36.068150167000056],[-83.315057456999966,36.039324109000063],[-83.271582141999943,35.992057570000043],[-83.239765450999982,35.96995595900006],[-83.187668496999947,35.932519322000076],[-83.186017801999981,35.84145933800005],[-83.127955382999971,35.830645550000042],[-83.110147474999962,35.813738835000038],[-83.101318838999987,35.789672087000042],[-83.083404009999981,35.776618748000033],[-83.057798754999965,35.760483129000079],[-83.025784549999969,35.754040469000074],[-83.009357135999949,35.725858045000052],[-83.020129313999973,35.69743860300008],[-83.016107918999978,35.681650083000079],[-82.980515276999938,35.669840296000075],[-82.98097245699995,35.652575420000062],[-83.004806927999937,35.625185688000045],[-83.003509125999983,35.606608263000055],[-82.958142412999962,35.560532078000051],[-82.920573572999956,35.539670332000071],[-82.776145694999968,35.548599568000043],[-82.726781813999935,35.559739386000047],[-82.632189217999951,35.555522583000027],[-82.616365407999979,35.555878109000048],[-82.607171239999957,35.551540690000024]]},"properties":{"objectid":517,"length":68.614000000000004,"type":"Multi-Lane Divided","admn_class":"Interstate","toll_rd":"N","rte_num1":" 40","rte_num2":" ","route":"Interstate  40","st_length(shape)":1.1279201192044421}},{"type":"Feature","id":518,"geometry":{"type":"LineString","coordinates":[[-77.39972851899995,37.21896504800003],[-77.352423529999953,37.177208900000039],[-77.357084872999962,37.152733955000031],[-77.364645727999971,37.123727237000026],[-77.368147265999937,37.102876025000057],[-77.35779329199994,37.082917579000025],[-77.36360706499994,37.059800480000035],[-77.379826956999977,37.019471704000068],[-77.388012484999933,36.937413641000035],[-77.404911826999978,36.869908448000047],[-77.456908179999971,36.805603517000065],[-77.46678811999999,36.75892688700003],[-77.537591014999975,36.716186854000057],[-77.553078785999958,36.703938321000066],[-77.569352401999936,36.663349878000076],[-77.585395320999964,36.553979509000044],[-77.585791929999971,36.551290152000036],[-77.619208224999966,36.47302436800004],[-77.642515463999985,36.423132202000033],[-77.675717389999988,36.348017697000046],[-77.742771196999968,36.264914124000029],[-77.768704061999983,36.217765040000074],[-77.781949121999958,36.155395224000074],[-77.838462500999981,36.052529140000047],[-77.870583627999963,35.982773861000055],[-77.979383574999986,35.826301285000056],[-77.998824269999943,35.77761896100003],[-78.017722984999978,35.727105283000071],[-78.040017369999987,35.69752287600005],[-78.118809331999955,35.62663518100004],[-78.14628386399994,35.590758119000043],[-78.162176671999987,35.565134956000065],[-78.191421460999948,35.547885355000062],[-78.292957613999988,35.507632951000062],[-78.305554299999983,35.500095271000077]]},"properties":{"objectid":518,"length":136.93700000000001,"type":"Multi-Lane Divided","admn_class":"Interstate","toll_rd":"N","rte_num1":" 95","rte_num2":" ","route":"Interstate  95","st_length(shape)":2.0847914322924805}},{"type":"Feature","id":519,"geometry":{"type":"LineString","coordinates":[[-80.866881934999981,35.249397738000027],[-80.86050458699998,35.33342620500008],[-80.880693202999964,35.422237683000048],[-80.878999844999953,35.471267106000028],[-80.846200321999959,35.56908366600004],[-80.850686798999959,35.616702571000076],[-80.85241807899996,35.670238485000027],[-80.850617272999955,35.76236715400006],[-80.84647420899995,35.797336176000044],[-80.848350859999982,35.813201069000058]]},"properties":{"objectid":519,"length":39.600000000000001,"type":"Multi-Lane Divided","admn_class":"Interstate","toll_rd":"N","rte_num1":" 77","rte_num2":" ","route":"Interstate  77","st_length(shape)":0.57230426978144544}},{"type":"Feature","id":520,"geometry":{"type":"LineString","coordinates":[[-104.99248003699995,39.774255586000038],[-105.00906704299996,39.758367519000046],[-105.01099741799999,39.736540322000053],[-105.00121649899995,39.720026529000052],[-104.98446937499995,39.707792743000027],[-104.93769951899998,39.680506772000058],[-104.92350849599995,39.671370540000055],[-104.91159863499996,39.647196871000062],[-104.90046724299998,39.626635874000044],[-104.86847673999995,39.555831925000064],[-104.85975713199997,39.39413969800006],[-104.86244280299996,39.375920433000033],[-104.89178713899997,39.264909903000046],[-104.87377328899998,39.222765573000061],[-104.84147729599994,39.179644732000042],[-104.85634724199997,39.115748524000026],[-104.84760393299996,39.067459122000059],[-104.79138076799995,38.977802808000035],[-104.80290034099994,38.931690807000052],[-104.83038119399998,38.898304007000036],[-104.85056822999996,38.874171948000026],[-104.85464914399995,38.847304707000035],[-104.84597377999995,38.825770885000054],[-104.82889114399995,38.813987959000031],[-104.81402857199998,38.798970009000072],[-104.79455048099999,38.786336454000036],[-104.76798398899996,38.760282973000074],[-104.71486048599996,38.680504492000068],[-104.66874163799997,38.555628443000046],[-104.61590782299999,38.448597173000053],[-104.61500873699998,38.302602873000069],[-104.60930188399999,38.278712044000031],[-104.60939353099997,38.266920691000053],[-104.61053806099994,38.252379409000071],[-104.63345817199996,38.198741842000061],[-104.63667054799998,38.164193130000058],[-104.65746171599994,38.130101599000056],[-104.71836992399994,38.050516945000027],[-104.73607881199996,38.014224838000075],[-104.79463686099996,37.950985432000039],[-104.82531639499996,37.906163332000062],[-104.82574513299994,37.81226967300006],[-104.83506887199997,37.760314403000052],[-104.79270227199999,37.658966810000038],[-104.76391624399997,37.626179927000067],[-104.74755045499995,37.597589307000078],[-104.66268715999996,37.488703506000036],[-104.55305291099995,37.306458710000072],[-104.50377382999994,37.261430141000062],[-104.49310909999997,37.197287435000078],[-104.50545454699994,37.159339894000027],[-104.50851417899997,37.149284562000048],[-104.51360320599997,37.117859739000039],[-104.49942903799996,37.038378846000057],[-104.46286831199996,37.01796322000007],[-104.47567883999994,36.99527749300006],[-104.46563035499997,36.993152763000069],[-104.46402074299999,36.962681805000045],[-104.43248794599998,36.922002242000076],[-104.41488597999995,36.917703273000029],[-104.40835535999997,36.902021148000074],[-104.41490915499998,36.889105279000034],[-104.43174055099996,36.80213516200007],[-104.43502139899999,36.767307823000067],[-104.46747013599997,36.715878731000032],[-104.47667115199994,36.658575294000059],[-104.54144643199999,36.59290356300005],[-104.54787065699998,36.53275855000004],[-104.57664141099997,36.501589707000051],[-104.59023672999996,36.455329175000031],[-104.60528154199994,36.374160191000044],[-104.68216367099996,36.160847151000041],[-104.71686354699995,36.021326060000035],[-104.87327239199999,35.86746383600007],[-104.93748356999998,35.846063797000056],[-104.97488439099999,35.81554701400006],[-104.99955843099997,35.778236260000028],[-105.04355834299997,35.739750425000068],[-105.17804518499997,35.670590324000045],[-105.19978126199999,35.598634471000025],[-105.21052394399999,35.575811274000046],[-105.23558669199997,35.526651755000046],[-105.25917729899999,35.449278737000043],[-105.27339096999998,35.424292888000025],[-105.30053631099997,35.400165042000026],[-105.44275149999999,35.401357503000042],[-105.54095150199998,35.426982772000031],[-105.61129563699996,35.458082617000059],[-105.65191515499998,35.485127358000057],[-105.68921642899994,35.550203912000029],[-105.73965478799994,35.574307530000056],[-105.76250537299995,35.595818177000069],[-105.77614704199999,35.59437605800008],[-105.83169760399994,35.551377412000079],[-105.85046622299996,35.548699642000031],[-105.87730660099999,35.556221521000055],[-105.91220451899994,35.588465897000049],[-105.94951316699996,35.603506495000033],[-105.98728689499995,35.607198700000026],[-106.05929383899996,35.589033685000061],[-106.15432570799999,35.529159926000034],[-106.23416002099998,35.510166931000072],[-106.43361017499996,35.394351268000037],[-106.50743214499994,35.328282400000035],[-106.55571048599995,35.246654129000035],[-106.61504437199994,35.113456663000079]]},"properties":{"objectid":520,"length":438.47800000000001,"type":"Multi-Lane Divided","admn_class":"Interstate","toll_rd":"N","rte_num1":" 25","rte_num2":" ","route":"Interstate  25","st_length(shape)":6.7792190485796056}},{"type":"Feature","id":521,"geometry":{"type":"LineString","coordinates":[[-85.212204358999941,35.01656183700004],[-85.199661397999989,35.016649270000073],[-85.169066662999967,35.034066890000076],[-85.120435956999984,35.092755035000039],[-85.082700150999983,35.109028651000074],[-85.064526181999952,35.112893088000078],[-85.021220993999975,35.143975025000032],[-84.945161051999946,35.162388645000078],[-84.900725553999962,35.188843475000056],[-84.789264164999963,35.280746714000031],[-84.72140660599996,35.382576243000074],[-84.64374337299995,35.465324816000077],[-84.598582600999976,35.500268030000029],[-84.497664272999941,35.606473953000034],[-84.391199210999957,35.742354457000033],[-84.287587311999971,35.820545975000073],[-84.272534071999985,35.840779362000035],[-84.263233508999974,35.868543055000032]]},"properties":{"objectid":521,"length":81.697000000000003,"type":"Multi-Lane Divided","admn_class":"Interstate","toll_rd":"N","rte_num1":" 75","rte_num2":" ","route":"Interstate  75","st_length(shape)":1.3077696185824259}},{"type":"Feature","id":522,"geometry":{"type":"LineString","coordinates":[[-85.454680547999942,34.970600474000037],[-85.426962151999987,34.975982349000049],[-85.415571094999962,34.989696177000042],[-85.407834845999957,35.014765772000032],[-85.39027185599997,35.027930246000039],[-85.363232908999976,35.035471613000027],[-85.334072392999985,35.024084770000059],[-85.303554030999976,35.031225315000029],[-85.290194675999942,35.028928879000034],[-85.270632311999975,35.026861034000035],[-85.212204358999941,35.01656183700004]]},"properties":{"objectid":522,"length":16.350000000000001,"type":"Multi-Lane Divided","admn_class":"Interstate","toll_rd":"N","rte_num1":" 24","rte_num2":" ","route":"Interstate  24","st_length(shape)":0.27752267863137642}},{"type":"Feature","id":523,"geometry":{"type":"LineString","coordinates":[[-85.454680547999942,34.970600474000037],[-85.499641697999948,34.978508428000055],[-85.513405562999935,34.990154937000057],[-85.521775964999961,35.013706567000042],[-85.616086773999939,35.052369901000077],[-85.686920744999952,35.051570363000053],[-85.723970253999937,35.064590519000035],[-85.737154741999973,35.104534274000059],[-85.752078411999946,35.133644226000058],[-85.793332082999939,35.164478612000039],[-85.795186085999944,35.184067311000035],[-85.793949908999934,35.221283259000074],[-85.824445622999974,35.231323843000041],[-85.848326443999952,35.238426992000029],[-85.862769757999956,35.242962452000029],[-85.875351168999941,35.275150470000028],[-85.904077679999943,35.31236589100007],[-85.998008207999987,35.391493365000031],[-86.054918722999957,35.467656014000056],[-86.07236057099999,35.494502713000031],[-86.081989271999987,35.506587441000079],[-86.127293833999943,35.54375703900007],[-86.181471800999986,35.558915619000061],[-86.216895896999972,35.577606812000056],[-86.330238677999944,35.737312306000035],[-86.401191684999958,35.80321684200004],[-86.428306476999978,35.820713994000073],[-86.50897245699997,35.921683939000047],[-86.620342199999982,35.997472628000025],[-86.705556279999939,36.077532370000029],[-86.716695571999935,36.096959897000033],[-86.726598686999978,36.122147475000077],[-86.718511125999953,36.140564254000026]]},"properties":{"objectid":523,"length":114.63200000000001,"type":"Multi-Lane Divided","admn_class":"Interstate","toll_rd":"N","rte_num1":" 24","rte_num2":" ","route":"Interstate  24","st_length(shape)":1.8333013146625754}},{"type":"Feature","id":524,"geometry":{"type":"LineString","coordinates":[[-80.866881934999981,35.249397738000027],[-80.89718645499994,35.241001528000027],[-81.039912547999961,35.262071849000051],[-81.110287758999959,35.260518068000067],[-81.183340739999949,35.286590510000053],[-81.26912787599997,35.26209186400007],[-81.298608628999943,35.240431106000074],[-81.319086406999986,35.219777408000027],[-81.413816999999938,35.167368644000078],[-81.418890752999971,35.165842252000061],[-81.462472461999937,35.152699900000073],[-81.587478605999934,35.105673538000076],[-81.754599584999937,35.064243421000072],[-81.904444100999967,35.012863312000036],[-81.94216410599995,34.99453238500007],[-81.966570578999949,34.983225601000072],[-82.008784433999949,34.966615421000029]]},"properties":{"objectid":524,"length":70.302999999999997,"type":"Multi-Lane Divided","admn_class":"Interstate","toll_rd":"N","rte_num1":" 85","rte_num2":" ","route":"Interstate  85","st_length(shape)":1.21599013303308}},{"type":"Feature","id":525,"geometry":{"type":"LineString","coordinates":[[-82.008784433999949,34.966615421000029],[-82.036602904999938,35.021087816000033],[-82.111748485999954,35.140100054000072],[-82.168116493999946,35.184482882000054],[-82.175097446999985,35.192562542000076],[-82.215275585999962,35.23900162700005],[-82.240384683999935,35.250331060000065],[-82.307105085999979,35.240417411000067],[-82.34277304699998,35.246529300000077],[-82.400810710999963,35.283502437000038],[-82.439225439999973,35.339472256000079],[-82.509822393999968,35.411546091000048],[-82.56863220799994,35.498812216000033],[-82.607171239999957,35.551540690000024]]},"properties":{"objectid":525,"length":56.023000000000003,"type":"Multi-Lane Divided","admn_class":"Interstate","toll_rd":"N","rte_num1":" 26","rte_num2":" ","route":"Interstate  26","st_length(shape)":0.88506355529647651}},{"type":"Feature","id":608,"geometry":{"type":"LineString","coordinates":[[-99.505599578999977,27.496683469000061],[-99.498755569999958,27.532550524000044],[-99.485632178999992,27.585916311000062],[-99.498830887999986,27.606705899000076],[-99.500730714999975,27.63158272000004],[-99.459216850999951,27.714262295000026],[-99.449206815999958,27.755185195000024],[-99.436816071999942,27.76616752800004],[-99.422403832999976,27.772534343000075],[-99.406693791999942,27.817558698000028],[-99.352027041999975,28.049611387000027],[-99.281781927999987,28.257478293000077],[-99.27628839099998,28.296515588000034],[-99.285291891999975,28.330592898000077],[-99.259114635999993,28.428764985000043],[-99.203024200999948,28.617183822000072],[-99.199011232999965,28.658030350000047],[-99.185850445999961,28.677679093000052],[-99.133352668999976,28.838889911000024],[-99.126356967999982,28.911818063000055],[-99.088285123999981,28.968410974000051],[-99.065168025999981,29.022329803000048]]},"properties":{"objectid":608,"length":110.014,"type":"Multi-Lane Divided","admn_class":"Interstate","toll_rd":"N","rte_num1":" 35","rte_num2":" ","route":"Interstate  35","st_length(shape)":1.6207427153562866}},{"type":"Feature","id":526,"geometry":{"type":"LineString","coordinates":[[-111.65158015499998,35.177231729000027],[-111.61867371099999,35.185681136000028],[-111.57568928599994,35.212967634000051],[-111.50558848899999,35.20404261200008],[-111.40981291199995,35.20145122200006],[-111.34390732299994,35.181408502000068],[-111.30447657899998,35.161282564000032],[-111.26415412299997,35.16750348100004],[-111.16124590199996,35.129007112000068],[-110.93673036599995,35.100238992000072],[-110.71621410399996,35.042012240000076],[-110.68749602099996,35.038796704000049],[-110.60900954799996,35.018553310000073],[-110.55175614799998,34.991141983000034],[-110.51285263599999,34.981640218000052],[-110.41581296599998,34.984245830000077],[-110.38646178299996,34.975075362000041],[-110.33482516899994,34.973835498000028],[-110.28341767199998,34.953084360000048],[-110.24427766999997,34.925794702000076],[-110.19921749899999,34.91310794900005],[-110.15546197699996,34.911272908000058],[-110.12978825099998,34.918787940000072],[-110.11933630999994,34.932966849000024],[-110.08459903699998,34.975072729000033],[-109.93853205199997,35.004445507000071],[-109.86188641399997,35.026360664000038],[-109.79817244599997,35.055916209000031],[-109.59537086599994,35.11738641200003],[-109.54671698399994,35.153050159000031],[-109.43282853699998,35.206284270000026],[-109.32433249799999,35.233869410000068],[-109.26093665999997,35.29069301800007],[-109.23223385199998,35.297540188000028],[-109.20742971599998,35.291219197000032],[-109.17308115199995,35.295796793000079],[-109.10100415599999,35.32218683900004],[-109.06102511199998,35.35307389500008],[-109.04710112899994,35.358132373000046],[-109.00971610899995,35.371697143000063],[-108.97135510399994,35.418903639000064],[-108.89508289999998,35.477435879000041],[-108.84082171299997,35.493290237000053],[-108.78647625399998,35.530478796000068],[-108.74800780099997,35.539050399000075],[-108.64454285199997,35.550978696000072],[-108.53618744399995,35.51843989200006],[-108.45618300599995,35.488991268000063],[-108.30601561899999,35.417872876000047],[-108.24800745099998,35.404403967000064],[-108.02458219499999,35.362285445000055],[-107.98600682099999,35.335675237000032],[-107.96390362999995,35.302389565000055],[-107.96352229499996,35.288775284000053],[-107.96115686199994,35.255592320000062],[-107.94305189099998,35.221383333000063],[-107.87163117099999,35.139934142000072],[-107.84216569199998,35.11784411900004],[-107.81304362599997,35.110756771000069],[-107.77416328899994,35.081300774000056],[-107.75913269799997,35.072961974000066],[-107.70864798899999,35.06919761100005],[-107.63148249299996,35.081431397000074],[-107.55569801799999,35.077766054000051],[-107.50635678599997,35.043984225000031],[-107.48180494199994,35.035947228000055],[-107.38034621399999,35.027311367000038],[-107.35130842099994,35.043889945000046],[-107.29001150399995,34.997153798000056],[-107.15853004399997,34.979271624000035],[-107.13721322399999,34.978936113000032],[-106.97520655399995,35.036197940000079],[-106.76008164799998,35.075435910000067],[-106.76569738099994,35.095069905000059],[-106.75590908799995,35.122130447000075],[-106.64282386599996,35.124461645000054],[-106.61504437199994,35.113456663000079]]},"properties":{"objectid":526,"length":323.512,"type":"Multi-Lane Divided","admn_class":"Interstate","toll_rd":"N","rte_num1":" 40","rte_num2":" ","route":"Interstate  40","st_length(shape)":5.5480588101402315}},{"type":"Feature","id":527,"geometry":{"type":"LineString","coordinates":[[-117.00928085499999,34.886133261000055],[-116.95939079599998,34.909284595000031],[-116.85510208099998,34.915587678000065],[-116.69014269999997,34.948421437000036],[-116.39689000799996,35.081227562000038],[-116.26121281199994,35.109963553000057],[-116.21655662499995,35.135556167000061],[-116.15124673899999,35.194123170000069],[-116.11673753099996,35.210209805000034],[-116.10173801499997,35.241863744000057],[-116.06919025699995,35.280620832000068],[-115.83755524499998,35.397995016000039],[-115.59343046799995,35.480621920000033],[-115.56341563599995,35.484780259000047],[-115.47560542499997,35.470522344000074],[-115.45635592399998,35.473017348000042],[-115.43442075199999,35.49487193300007],[-115.41466087399999,35.568769223000061],[-115.39189456099996,35.610779770000079],[-115.35544970999996,35.752783750000049],[-115.31559338799997,35.811669410000036],[-115.21253452899998,35.900008433000039],[-115.18751128399998,35.949091053000075],[-115.18585848299995,36.04207983200007],[-115.17715572999998,36.119981662000043],[-115.15599323499998,36.170467952000024],[-115.13561553099998,36.187843962000045],[-115.05311977699995,36.269550712000068],[-114.96975917199995,36.291753449000055],[-114.92652192799994,36.306890962000068],[-114.90203118199997,36.325063877000048],[-114.90034625199996,36.365411615000028],[-114.87792335099999,36.39042063900007],[-114.69865075299998,36.55087089400007],[-114.65660280999998,36.576368701000035],[-114.62332872499996,36.613363959000026],[-114.56752376499998,36.65443328300006],[-114.51838057399999,36.665679496000052],[-114.49380502899999,36.696922078000057],[-114.43066885699994,36.730063960000052],[-114.26663015799994,36.77090469400008],[-114.23014474999997,36.762810286000047],[-114.18013302199995,36.763462874000027],[-114.09470509899995,36.802713485000027],[-114.04344929299998,36.815703092000035],[-113.99961687299998,36.828376150000054],[-113.97427180999995,36.863387309000075],[-113.93379766299995,36.88895780100006],[-113.84607330499995,36.910843989000057],[-113.81850817899999,36.942357298000047],[-113.77858338599998,36.961576250000064],[-113.73271472199997,36.974832897000056],[-113.64290513699996,36.977138287000059],[-113.61812364999997,36.994849808000026],[-113.61617062599998,36.997691910000071],[-113.59016823599995,37.035389267000028],[-113.58003600499995,37.080467345000045],[-113.56866022199995,37.089218555000059],[-113.55804763599997,37.106609840000033],[-113.51324555099995,37.126194852000026],[-113.45589418399999,37.166264489000071],[-113.35645063099997,37.24996271200007],[-113.32857264199998,37.287232384000049],[-113.25572665699997,37.388893366000048],[-113.22336271899997,37.466826799000046],[-113.21944192399997,37.521143290000055],[-113.17571010399996,37.569676556000047],[-113.09059557099994,37.640918723000027],[-113.07451262199999,37.669887519000042],[-113.07091943799998,37.693816797000068],[-113.03171096399996,37.730201603000069],[-112.92107492199995,37.803675422000026],[-112.77797539499994,37.89998349800004],[-112.68217822299999,38.060423746000026],[-112.66051746499994,38.080527563000032],[-112.61267207599997,38.136904525000034],[-112.64179519599998,38.179227935000029],[-112.66135018599999,38.205327766000039],[-112.65838272799999,38.265564952000034],[-112.64689370399998,38.39991116200008],[-112.61555104799999,38.442357294000033],[-112.61633794499994,38.57668349000005]]},"properties":{"objectid":527,"length":392.26499999999999,"type":"Multi-Lane Divided","admn_class":"Interstate","toll_rd":"N","rte_num1":" 15","rte_num2":" ","route":"Interstate  15","st_length(shape)":6.3700813228732267}},{"type":"Feature","id":613,"geometry":{"type":"LineString","coordinates":[[-80.448605715999975,26.149079349000033],[-80.222220375999939,26.097466437000037]]},"properties":{"objectid":613,"length":14.622999999999999,"type":"Multi-Lane Divided","admn_class":"Interstate","toll_rd":"N","rte_num1":" 75","rte_num2":" ","route":"Interstate  75","st_length(shape)":0.23219434715779658}},{"type":"Feature","id":528,"geometry":{"type":"LineString","coordinates":[[-118.50078878099998,34.322769202000075],[-118.51935145799996,34.332977279000033],[-118.54900760399994,34.369402115000071],[-118.58211208899996,34.436656070000026],[-118.60580224299997,34.449961174000066],[-118.61321772799994,34.485760811000034],[-118.63916639499996,34.526747969000041],[-118.68024414599995,34.568871757000068],[-118.71195233599997,34.589310032000071],[-118.71911658199997,34.610102780000034],[-118.74276091299998,34.618384169000024],[-118.77680451399999,34.665569595000079],[-118.80322616199999,34.767817855000033],[-118.83676675999999,34.789549191000049],[-118.85743520499994,34.787405500000034],[-118.87184059699996,34.803979338000033],[-118.87703707199995,34.857043324000074],[-118.92003097699995,34.918570938000073],[-118.96844204699994,35.056725755000059],[-119.23704966999998,35.271702657000048],[-119.25378889299998,35.285458621000032],[-119.39956882399997,35.406080996000071],[-119.52489362499995,35.510144809000053],[-119.63532688599997,35.613988459000041],[-119.76512236199994,35.790985163000073],[-119.82319900199997,35.87313645200004],[-119.94276164699994,35.96873084300006],[-120.07679130799994,36.062473337000029],[-120.24614867799994,36.254052933000025],[-120.28671763199998,36.30740133900008],[-120.34299715399999,36.391164347000029],[-120.38240630199999,36.428178040000034],[-120.60473548399995,36.637711441000079],[-120.80298369699995,36.903421131000073],[-120.96636928099997,37.051992073000065],[-120.99855993299997,37.09267479600004],[-121.06943446099996,37.185144243000025],[-121.15886639799999,37.430308209000032],[-121.26099035499999,37.542019257000049],[-121.33546333299995,37.593383564000078],[-121.33181747899999,37.680177761000039],[-121.32884317299994,37.728837436000049],[-121.33034639099998,37.754647053000042]]},"properties":{"objectid":528,"length":293.95800000000003,"type":"Multi-Lane Divided","admn_class":"Interstate","toll_rd":"N","rte_num1":"  5","rte_num2":" ","route":"Interstate   5","st_length(shape)":4.5945835491152351}},{"type":"Feature","id":529,"geometry":{"type":"LineString","coordinates":[[-118.50078878099998,34.322769202000075],[-118.47438240699995,34.309017978000043],[-118.46405950899998,34.292787026000042]]},"properties":{"objectid":529,"length":3.048,"type":"Multi-Lane Divided","admn_class":"Interstate","toll_rd":"N","rte_num1":"  5","rte_num2":" ","route":"Interstate   5","st_length(shape)":0.049007889435150498}},{"type":"Feature","id":530,"geometry":{"type":"LineString","coordinates":[[-117.39201657599995,34.22227065800007],[-117.44334137999999,34.261632930000076],[-117.43347618899998,34.286202682000066],[-117.45587696799998,34.311099518000049],[-117.46592492599996,34.316512469000031],[-117.47334093799998,34.347845118000066],[-117.43554350699998,34.357533863000072],[-117.39019312199997,34.413111813000057],[-117.30653545499996,34.525573416000043],[-117.30101926999998,34.54194183900006],[-117.20538326999997,34.670267281000065],[-117.20320112999997,34.691163263000078],[-117.14689527299998,34.770723161000035],[-117.07476560699996,34.823013943000035],[-117.06696035999994,34.853438552000057],[-117.00928085499999,34.886133261000055]]},"properties":{"objectid":530,"length":57.887,"type":"Multi-Lane Divided","admn_class":"Interstate","toll_rd":"N","rte_num1":" 15","rte_num2":" ","route":"Interstate  15","st_length(shape)":0.90177174620589196}},{"type":"Feature","id":531,"geometry":{"type":"LineString","coordinates":[[-78.305554299999983,35.500095271000077],[-78.350454878999983,35.461697396000034],[-78.390411273999973,35.441365516000076],[-78.521398158999943,35.382253899000034],[-78.539740672999983,35.367044755000052],[-78.597086772999944,35.284671196000033],[-78.658659683999986,35.210934025000029],[-78.755824708999967,35.119381572000066],[-78.780361278999976,35.096935496000071],[-78.803188688999967,35.074467298000059],[-78.817715749999934,35.042828634000045],[-78.830075417999979,35.005719081000052],[-78.925339563999955,34.936699083000065],[-78.962847305999958,34.900253178000071],[-78.978137562999962,34.846347518000073],[-79.00227857699997,34.79841153600006],[-79.000524120999955,34.718459768000059],[-79.004590286999985,34.662627946000043],[-79.050932984999974,34.620765930000061],[-79.100968414999954,34.592090510000048],[-79.180560968999941,34.562240010000039],[-79.303834252999934,34.507162957000048],[-79.310311675999969,34.504393540000024],[-79.337420146999989,34.492819716000042],[-79.380757991999985,34.441717182000048],[-79.542394387999934,34.339323552000053],[-79.686778022999988,34.273455359000025],[-79.80586821199995,34.230089073000045],[-79.846488256999976,34.198793820000049]]},"properties":{"objectid":531,"length":132.12899999999999,"type":"Multi-Lane Divided","admn_class":"Interstate","toll_rd":"N","rte_num1":" 95","rte_num2":" ","route":"Interstate  95","st_length(shape)":2.1279134717849622}},{"type":"Feature","id":532,"geometry":{"type":"LineString","coordinates":[[-117.52882302799998,34.077205466000066],[-117.51074123199999,34.110010783000064],[-117.47821612299998,34.144235571000024],[-117.41463067099994,34.19266560300008],[-117.39201657599995,34.22227065800007]]},"properties":{"objectid":532,"length":12.875,"type":"Multi-Lane Divided","admn_class":"Interstate","toll_rd":"N","rte_num1":" 15","rte_num2":" ","route":"Interstate  15","st_length(shape)":0.20185564250713209}},{"type":"Feature","id":533,"geometry":{"type":"LineString","coordinates":[[-118.50078878099998,34.322769202000075],[-118.43569221099995,34.322677555000041],[-118.39163120099994,34.285955131000037],[-118.34924037299999,34.279184333000046],[-118.25632585899996,34.241137771000069],[-118.20024016499997,34.208100177000063],[-118.14351294399995,34.166407234000076],[-118.08525300999997,34.169237222000049],[-118.06846743699998,34.159846065000067],[-118.05833520599998,34.149943477000079],[-118.04660863799995,34.144591624000043],[-117.98168008699997,34.146529373000078],[-117.93755797899996,34.123710917000039],[-117.89924174299995,34.121284912000078],[-117.83317656299994,34.118142061000071],[-117.82070207299995,34.09369450500003],[-117.80055190599995,34.077024807000043]]},"properties":{"objectid":533,"length":46.098999999999997,"type":"Multi-Lane Divided","admn_class":"Interstate","toll_rd":"N","rte_num1":"210","rte_num2":" ","route":"Interstate 210","st_length(shape)":0.77866072846816292}},{"type":"Feature","id":534,"geometry":{"type":"LineString","coordinates":[[-80.935343097999976,34.075588481000068],[-80.938218909999989,34.084202221000055],[-80.982309415999964,34.149740696000038],[-81.012697154999955,34.22446860000008],[-81.021218720999968,34.280741801000033],[-81.007125138999982,34.394920463000062],[-81.003773712999987,34.523068932000058],[-81.050205950999953,34.656669855000075],[-81.06480780399994,34.74283885300008],[-81.003745270999957,34.908241192000048],[-81.005987455999957,34.994047290000026],[-80.926226354999983,35.099681738000072],[-80.915926104999983,35.113288644000079],[-80.895302956999956,35.176099839000074],[-80.882629898999937,35.198896174000026],[-80.869445936999966,35.227589502000058],[-80.866881934999981,35.249397738000027]]},"properties":{"objectid":534,"length":85.385000000000005,"type":"Multi-Lane Divided","admn_class":"Interstate","toll_rd":"N","rte_num1":" 77","rte_num2":" ","route":"Interstate  77","st_length(shape)":1.2550376250283517}},{"type":"Feature","id":535,"geometry":{"type":"LineString","coordinates":[[-117.80055190599995,34.077024807000043],[-117.64425893599997,34.087530998000034],[-117.61033015599997,34.075442584000029],[-117.52882302799998,34.077205466000066]]},"properties":{"objectid":535,"length":15.672000000000001,"type":"Multi-Lane Divided","admn_class":"Interstate","toll_rd":"N","rte_num1":" 10","rte_num2":" ","route":"Interstate  10","st_length(shape)":0.27418981921536573}},{"type":"Feature","id":536,"geometry":{"type":"LineString","coordinates":[[-117.39201657599995,34.22227065800007],[-117.33292497399998,34.181119168000066],[-117.29503589699999,34.14257328900004],[-117.28165336699999,34.124881256000037],[-117.28104238899999,34.108520734000024],[-117.28368223599995,34.07169876200004]]},"properties":{"objectid":536,"length":12.99,"type":"Multi-Lane Divided","admn_class":"Interstate","toll_rd":"N","rte_num1":"215","rte_num2":" ","route":"Interstate 215","st_length(shape)":0.20153017384681746}},{"type":"Feature","id":537,"geometry":{"type":"LineString","coordinates":[[-81.103339461999951,34.03365272700006],[-81.090696952999963,34.041045563000068],[-81.027790423999988,34.062989162000065],[-80.999621694999973,34.071416448000036],[-80.949213357999952,34.076385913000024],[-80.935343097999976,34.075588481000068]]},"properties":{"objectid":537,"length":10.164999999999999,"type":"Multi-Lane Divided","admn_class":"Interstate","toll_rd":"N","rte_num1":" 20","rte_num2":" ","route":"Interstate  20","st_length(shape)":0.17521752785397504}},{"type":"Feature","id":538,"geometry":{"type":"LineString","coordinates":[[-81.103339461999951,34.03365272700006],[-81.176377167999988,34.098389556000029],[-81.215294900999936,34.139351433000058],[-81.247170582999956,34.154010696000057],[-81.30570492999999,34.168363944000077],[-81.39480346299996,34.213684307000051],[-81.467483535999975,34.23778739800008],[-81.610370801999977,34.320420623000075],[-81.660000667999952,34.351535216000059],[-81.710294182999974,34.411240429000031],[-81.775662005999948,34.443887734000043],[-81.843047636999984,34.489188083000045],[-81.877621630999954,34.512258305000046],[-81.89029310799998,34.528867431000037],[-81.894665289999978,34.593317207000041],[-81.944653315999972,34.716066419000072],[-81.956564756999967,34.81080649300003],[-81.970733131999964,34.839182745000073],[-81.992905320999967,34.873326420000069],[-81.991685470999982,34.912860925000075],[-82.000146992999987,34.936331969000037],[-82.008784433999949,34.966615421000029]]},"properties":{"objectid":538,"length":88.909999999999997,"type":"Multi-Lane Divided","admn_class":"Interstate","toll_rd":"N","rte_num1":" 26","rte_num2":" ","route":"Interstate  26","st_length(shape)":1.4054533561583342}},{"type":"Feature","id":539,"geometry":{"type":"LineString","coordinates":[[-118.46405950899998,34.292787026000042],[-118.47694535599999,34.210373437000044],[-118.46039574599996,34.156946552000079],[-118.46582660499996,34.092338765000079],[-118.43513179699994,34.051805627000078],[-118.41092283799998,34.031191959000068]]},"properties":{"objectid":539,"length":19.398,"type":"Multi-Lane Divided","admn_class":"Interstate","toll_rd":"N","rte_num1":"405","rte_num2":" ","route":"Interstate 405","st_length(shape)":0.28682205914539416}},{"type":"Feature","id":540,"geometry":{"type":"LineString","coordinates":[[-118.47904743699996,34.028524723000032],[-118.41092283799998,34.031191959000068]]},"properties":{"objectid":540,"length":3.8839999999999999,"type":"Multi-Lane Divided","admn_class":"Interstate","toll_rd":"N","rte_num1":" 10","rte_num2":" ","route":"Interstate  10","st_length(shape)":0.068176793242205935}},{"type":"Feature","id":541,"geometry":{"type":"LineString","coordinates":[[-84.387377962999949,33.740901984000061],[-84.353670399999942,33.820470310000076],[-84.323197334999975,33.829804583000055],[-84.283423705999951,33.861324212000056],[-84.263311987999941,33.888465339000049],[-84.142059145999951,33.941107960000068],[-84.093876138999974,33.973307566000074],[-84.086932581999974,33.999487456000054],[-84.071329461999937,34.019144101000052],[-84.029266244999974,34.042456080000079],[-83.92585976099997,34.082401415000049],[-83.83671329799995,34.098127784000042],[-83.769236019999937,34.12626965100003],[-83.683844438999984,34.140839375000041],[-83.653066410999941,34.159550057000047],[-83.471961404999945,34.259242741000037],[-83.406820065999966,34.308459144000039],[-83.134419110999943,34.440223445000072],[-83.032296207999934,34.480784499000038],[-83.003212064999957,34.492316186000039],[-82.858445514999971,34.514591083000028],[-82.804763176999984,34.542256282000039],[-82.71425992099995,34.571662769000056],[-82.683428695999964,34.584195197000042],[-82.627327726999965,34.609553426000048],[-82.510311175999959,34.687108158000058],[-82.450279931999944,34.786518002000037],[-82.378178180999953,34.790275518000044],[-82.337389063999979,34.811538614000028],[-82.296539375999942,34.83142437500004],[-82.246441795999942,34.861468702000025],[-82.123190632999979,34.903283314000078],[-82.07584877499994,34.935925879000024],[-82.008784433999949,34.966615421000029]]},"properties":{"objectid":541,"length":165.24000000000001,"type":"Multi-Lane Divided","admn_class":"Interstate","toll_rd":"N","rte_num1":" 85","rte_num2":" ","route":"Interstate  85","st_length(shape)":2.7593357796488598}},{"type":"Feature","id":542,"geometry":{"type":"LineString","coordinates":[[-85.212204358999941,35.01656183700004],[-85.216682934999938,35.006727721000061],[-85.210571572999982,34.98988210400006],[-85.166708076999953,34.924522181000043],[-85.146527886999991,34.899944529000038],[-85.079844353999988,34.884663753000041],[-85.050775484999974,34.877736524000056],[-85.032540418999986,34.864877539000076],[-85.017654671999935,34.817316571000049],[-84.999640821999947,34.790343463000056],[-84.997054171999935,34.776355222000063],[-85.015952886999969,34.722336320000068],[-85.012092135999978,34.671564029000024],[-84.944668055999955,34.562547079000069],[-84.924647984999979,34.546564205000038],[-84.915469616999985,34.525118869000039],[-84.918788387999939,34.428082887000073],[-84.908037804999935,34.381678564000026],[-84.85778905899997,34.31827693200006],[-84.776784933999977,34.251113571000076],[-84.741093798999941,34.222546125000065],[-84.686679866999953,34.122832372000062],[-84.669131624999977,34.10806987400008],[-84.614382181999986,34.093425358000047],[-84.584916703999966,34.064564011000073],[-84.556779576999986,34.01061358000004],[-84.528786766999986,33.987134635000075],[-84.457884323999963,33.891590282000038],[-84.441907769999943,33.863987761000033],[-84.42641157099996,33.824983648000057],[-84.404728164999938,33.803510924000079],[-84.392772479999962,33.797594443000037],[-84.387377962999949,33.740901984000061]]},"properties":{"objectid":542,"length":107.098,"type":"Multi-Lane Divided","admn_class":"Interstate","toll_rd":"N","rte_num1":" 75","rte_num2":" ","route":"Interstate  75","st_length(shape)":1.6436623670152786}},{"type":"Feature","id":543,"geometry":{"type":"LineString","coordinates":[[-118.41092283799998,34.031191959000068],[-118.35399757599998,33.978238582000074],[-118.34648991699999,33.959676958000045],[-118.34667215699994,33.906027803000029],[-118.33921769599999,33.890655380000055],[-118.30830219799998,33.861912542000027],[-118.27605992899998,33.851815600000066],[-118.20073158099996,33.808061658000042],[-118.17800266499995,33.803746888000035],[-118.13156094599998,33.802392728000029],[-118.07552792199999,33.787011352000036],[-118.00024539799995,33.77677219900005],[-117.98345245099995,33.759182874000032],[-117.91748629099999,33.691970529000059],[-117.87385296499997,33.688671246000069],[-117.73446776399999,33.653715918000046]]},"properties":{"objectid":543,"length":51.149999999999999,"type":"Multi-Lane Divided","admn_class":"Interstate","toll_rd":"N","rte_num1":"405","rte_num2":" ","route":"Interstate 405","st_length(shape)":0.84124680114594264}},{"type":"Feature","id":544,"geometry":{"type":"LineString","coordinates":[[-86.74884461399995,33.547910291000051],[-86.711414823999974,33.593407100000036],[-86.659129308999979,33.605793104000043],[-86.629245099999935,33.654166251000049],[-86.576318584999967,33.667845316000069],[-86.540521054999942,33.70926068600005],[-86.52307183299996,33.717919722000033],[-86.491264095999952,33.72663248200007],[-86.466704877999973,33.761902254000063],[-86.374203301999955,33.794921940000052],[-86.281335664999972,33.861106156000062],[-86.126004985999941,33.973097411000026],[-86.082241563999958,34.02279100800007],[-86.072666586999958,34.038873430000024],[-85.984430796999959,34.11398740900006],[-85.993754008999986,34.140670829000044],[-85.992655827999954,34.152907775000074],[-85.750913866999952,34.442761112000028],[-85.712598684999989,34.485167214000057],[-85.700795743999947,34.498434395000061],[-85.702321609999956,34.512567481000076],[-85.704679669999962,34.533624634000034],[-85.653455465999969,34.608707011000035],[-85.587765299999944,34.705796191000047],[-85.564663475999964,34.766650675000051],[-85.564472807999948,34.77035446800005],[-85.561855608999963,34.820921870000063],[-85.535814768999956,34.872190316000058],[-85.485222084999975,34.941891344000055],[-85.454680547999942,34.970600474000037]]},"properties":{"objectid":544,"length":128.99199999999999,"type":"Multi-Lane Divided","admn_class":"Interstate","toll_rd":"N","rte_num1":" 59","rte_num2":" ","route":"Interstate  59","st_length(shape)":2.020307108994186}},{"type":"Feature","id":545,"geometry":{"type":"LineString","coordinates":[[-86.74884461399995,33.547910291000051],[-86.78276601999994,33.555078224000056],[-86.816144918999953,33.545858247000069]]},"properties":{"objectid":545,"length":4.0229999999999997,"type":"Multi-Lane Divided","admn_class":"Interstate","toll_rd":"N","rte_num1":" 20","rte_num2":" 59","route":"Interstate  20","st_length(shape)":0.069299337052660961}},{"type":"Feature","id":644,"geometry":{"type":"LineString","coordinates":[[-158.09198016799996,21.341491854000026],[-157.99008164099996,21.405326965000029]]},"properties":{"objectid":644,"length":7.9219999999999997,"type":"Multi-Lane Divided","admn_class":"Interstate","toll_rd":"N","rte_num1":" H1","rte_num2":" ","route":"Interstate  H1","st_length(shape)":0.12024238521067375}},{"type":"Feature","id":546,"geometry":{"type":"LineString","coordinates":[[-86.786894862999986,36.124893716000031],[-86.76182421499999,36.093465734000063],[-86.82066352399994,35.927813210000068],[-86.82569145399998,35.833527156000059],[-86.852310615999954,35.785989363000056],[-86.866326245999971,35.758173526000064],[-86.907641014999967,35.59433234100004],[-86.887422902999958,35.441331806000051],[-86.92179516799996,35.275884697000038],[-86.894588202999955,35.200232952000079],[-86.896968910999988,35.12869003600008],[-86.871730242999945,35.027267124000048],[-86.877444995999952,35.007866458000024],[-86.881267823999963,34.999553994000053],[-86.915662210999983,34.924726543000077],[-86.928327367999941,34.864115923000043],[-86.945890884999983,34.840854507000074],[-86.943640272999971,34.82399414200006],[-86.939467186999991,34.782136340000079],[-86.936178437999956,34.728426614000057],[-86.901089853999963,34.65722605600007],[-86.898564300999965,34.632633129000055],[-86.928152501999989,34.532861438000054],[-86.924658338999961,34.503702503000056],[-86.910818101999951,34.483854664000035],[-86.915563189999943,34.408516309000049],[-86.887333362999982,34.353344975000027],[-86.888843953999981,34.34155783600005],[-86.909596671999964,34.320207307000032],[-86.917821175999961,34.308489166000072],[-86.913189855999974,34.280226683000024],[-86.885882815999935,34.214667666000025],[-86.876650197999936,34.175361225000074],[-86.869500172999949,34.091934782000067],[-86.875923870999941,34.033403068000041],[-86.863349833999962,33.995374414000025],[-86.878783354999939,33.948000427000068],[-86.853055377999965,33.889261718000057],[-86.821130711999956,33.771594159000074],[-86.822114070999987,33.726161608000041],[-86.824722842999961,33.666595971000049],[-86.805510737999953,33.615204802000051],[-86.816144918999953,33.545858247000069]]},"properties":{"objectid":546,"length":185.07900000000001,"type":"Multi-Lane Divided","admn_class":"Interstate","toll_rd":"N","rte_num1":" 65","rte_num2":" ","route":"Interstate  65","st_length(shape)":2.7043301519320875}},{"type":"Feature","id":547,"geometry":{"type":"LineString","coordinates":[[-84.387377962999949,33.740901984000061],[-84.407016699999986,33.746070544000077],[-84.494925931999944,33.765438027000073],[-84.59387385499997,33.774288257000023],[-84.822310185999982,33.702588909000042],[-84.929201879999937,33.706262152000079],[-85.042737960999943,33.701348518000032],[-85.137978405999945,33.687119572000029],[-85.267055982999977,33.68356747100006],[-85.337064606999945,33.66485995000005],[-85.428474322999989,33.642121026000041],[-85.535807394999949,33.640300732000071],[-85.64687902299994,33.620845290000034],[-85.727882620999935,33.621374629000059],[-85.780816509999966,33.610785217000057],[-85.823794087999943,33.611734340000055],[-85.878322840999942,33.590207892000024],[-85.952894312999945,33.587949379000065],[-85.992255531999945,33.570947330000024],[-86.075830505999988,33.575776165000036],[-86.128764921999959,33.588295951000077],[-86.170269830999985,33.584935045000066],[-86.214247095999951,33.60123868200003],[-86.249457875999951,33.616787025000065],[-86.285469774999967,33.612800919000051],[-86.336542287999976,33.604664374000038],[-86.415836726999942,33.608150637000051],[-86.491911416999983,33.580158880000056],[-86.528090807999945,33.571087434000049],[-86.556869462999941,33.568181074000051],[-86.581085794999979,33.554242343000055],[-86.595658152999988,33.54778019500003],[-86.626824888999977,33.554475147000062],[-86.659441645999948,33.55165200600004],[-86.721088294999959,33.538144647000024],[-86.74884461399995,33.547910291000051]]},"properties":{"objectid":547,"length":139.75200000000001,"type":"Multi-Lane Divided","admn_class":"Interstate","toll_rd":"N","rte_num1":" 20","rte_num2":" ","route":"Interstate  20","st_length(shape)":2.4167466423233068}},{"type":"Feature","id":548,"geometry":{"type":"LineString","coordinates":[[-81.103339461999951,34.03365272700006],[-81.156732637999937,34.008130691000076],[-81.193942791999973,33.977291566000076],[-81.219623891999959,33.954746469000042],[-81.329504638999936,33.903978392000056],[-81.449562385999968,33.812505998000063],[-81.592135207999945,33.702384021000057],[-81.677311892999967,33.65887394400005],[-81.728666719999978,33.636281444000076],[-81.819176295999966,33.614871397000059],[-81.93307949199999,33.560247311000069],[-82.008513180999955,33.529752650000034],[-82.099884973999963,33.49272052300006],[-82.320333817999938,33.499854220000032],[-82.477756043999989,33.515226643000062],[-82.511822293999955,33.512666855000077],[-82.69310216599996,33.482626741000047],[-82.838906852999969,33.510060190000047],[-82.889027081999984,33.524741575000064],[-82.965187096999955,33.528261547000056],[-83.045757216999959,33.545723410000051],[-83.291517413999941,33.531667751000043],[-83.363846174999935,33.54778019500003],[-83.473995013999968,33.558159451000051],[-83.699642439999934,33.608467187000031],[-83.827501747999975,33.617027729000029],[-83.896367946999987,33.603793730000064],[-83.984674841999947,33.626259821000076],[-84.087470347999954,33.681829870000058],[-84.12838060699994,33.693117166000036],[-84.242337526999961,33.706272160000026],[-84.308647098999984,33.706543413000077],[-84.32554696699998,33.732314580000036],[-84.342423660999941,33.73759427400006],[-84.387377962999949,33.740901984000061]]},"properties":{"objectid":548,"length":204.46899999999999,"type":"Multi-Lane Divided","admn_class":"Interstate","toll_rd":"N","rte_num1":" 20","rte_num2":" ","route":"Interstate  20","st_length(shape)":3.4861387047871166}},{"type":"Feature","id":591,"geometry":{"type":"LineString","coordinates":[[-94.818334764999975,29.292782474000035],[-94.874213989999987,29.286259228000063],[-94.911378320999972,29.30606229600005],[-94.938913950999961,29.332464982000033],[-95.049049095999976,29.417435199000067],[-95.171528634999959,29.573481144000027],[-95.248824226999943,29.644787043000065],[-95.295632006999938,29.699570195000035],[-95.367784847999985,29.744398088000025],[-95.377375625999946,29.751685584000029],[-95.381579260999956,29.770663305000028]]},"properties":{"objectid":591,"length":49.279000000000003,"type":"Multi-Lane Divided","admn_class":"Interstate","toll_rd":"N","rte_num1":" 45","rte_num2":" ","route":"Interstate  45","st_length(shape)":0.7676405656720886}},{"type":"Feature","id":549,"geometry":{"type":"LineString","coordinates":[[-111.65158015499998,35.177231729000027],[-111.66676981099994,35.144631827000069],[-111.66893351699997,35.012811168000042],[-111.66022707699994,34.972113171000046],[-111.62767089199997,34.939224108000076],[-111.62546504999995,34.891109573000051],[-111.60197293699997,34.859375575000058],[-111.61260817199997,34.825970341000072],[-111.60320015999997,34.796193053000025],[-111.60847195399998,34.786538543000063],[-111.67767103199998,34.764077193000048],[-111.72243256099995,34.731705881000039],[-111.74140659499994,34.69900695900003],[-111.81630462499999,34.65182416600004],[-111.87940023999994,34.590367657000058],[-111.92484964599998,34.551477839000029],[-111.96601904499994,34.547682401000031],[-111.99887966599999,34.531375076000074],[-112.06386088699998,34.424656668000068],[-112.11476590699999,34.373750595000047],[-112.12046485899998,34.349630649000062],[-112.12635500499999,34.288550735000058],[-112.10450357899998,34.256855186000053],[-112.11520781299998,34.204735583000058],[-112.13398433199995,34.174222488000055],[-112.12325745099997,34.128583995000042],[-112.13179481799995,34.106069974000036],[-112.12976542199999,34.069289085000037],[-112.14902282399999,34.010555116000035],[-112.13084780199995,33.958290669000064],[-112.14821959799997,33.894593556000075],[-112.11109793099996,33.685425688000066],[-112.11007401499995,33.576243353000052],[-112.09848439099994,33.561995972000034],[-112.09509609499997,33.476075053000045]]},"properties":{"objectid":549,"length":134.58199999999999,"type":"Multi-Lane Divided","admn_class":"Interstate","toll_rd":"N","rte_num1":" 17","rte_num2":" ","route":"Interstate  17","st_length(shape)":2.0284375735947888}},{"type":"Feature","id":550,"geometry":{"type":"LineString","coordinates":[[-112.09509609499997,33.476075053000045],[-112.09403478399997,33.44925100200004]]},"properties":{"objectid":550,"length":1.8620000000000001,"type":"Multi-Lane Divided","admn_class":"Interstate","toll_rd":"N","rte_num1":" 10","rte_num2":" 17","route":"Interstate  10","st_length(shape)":0.026845038519050818}},{"type":"Feature","id":551,"geometry":{"type":"LineString","coordinates":[[-117.28368223599995,34.07169876200004],[-117.17383677899994,34.051462742000069],[-117.11059315899996,34.022906357000068],[-117.03576728799999,34.002952124000046],[-116.98093146599996,33.947953023000025],[-116.92723332699995,33.935654453000041],[-116.82204236499996,33.941451899000072],[-116.77668355199995,33.92909591800003],[-116.67368421099997,33.939307155000051],[-116.57852909299999,33.92763431000003],[-116.51940062199998,33.911945338000066],[-116.49404028599997,33.89819727400004],[-116.39990012899995,33.836371018000079],[-116.32289475099998,33.790478126000039],[-116.26175900599998,33.769642716000078],[-116.22155031799997,33.758012008000037],[-116.16893666599998,33.71944611400005],[-116.08527741899996,33.697439311000039],[-116.05872620199995,33.702684243000078],[-116.00432701799997,33.683580112000072],[-115.77403405099994,33.659982132000039],[-115.58619406299999,33.675114377000057],[-115.38177444399997,33.714263860000074],[-115.34811217699996,33.713333698000042],[-115.24857645099996,33.695947154000066],[-114.96329491699998,33.607563887000026],[-114.65495106199995,33.611249245000067],[-114.56895008299995,33.610375967000039],[-114.54068233299995,33.61277932400003],[-114.52925335299994,33.615521879000028],[-114.41285673499999,33.643368791000057],[-114.38314001799995,33.657960110000033],[-114.24573154199999,33.666280475000065],[-114.21792149899994,33.663443113000028],[-114.19968695899996,33.662897973000042],[-114.16079872199998,33.676947838000046],[-114.07746023899995,33.685184984000045],[-114.02612753399995,33.670610519000036],[-112.93136200499998,33.526080987000057],[-112.59296908199997,33.44155741700007],[-112.50158938799996,33.478517912000029],[-112.09509609499997,33.476075053000045]]},"properties":{"objectid":551,"length":309.92200000000003,"type":"Multi-Lane Divided","admn_class":"Interstate","toll_rd":"N","rte_num1":" 10","rte_num2":" ","route":"Interstate  10","st_length(shape)":5.3473916626493505}},{"type":"Feature","id":552,"geometry":{"type":"LineString","coordinates":[[-86.812291015999961,33.41699029800003],[-86.823575151999989,33.42498568600007],[-86.83341769499998,33.459335830000043],[-86.830411786999946,33.515249818000029],[-86.816144918999953,33.545858247000069]]},"properties":{"objectid":552,"length":9.4619999999999997,"type":"Multi-Lane Divided","admn_class":"Interstate","toll_rd":"N","rte_num1":" 65","rte_num2":" ","route":"Interstate  65","st_length(shape)":0.13932687987061915}},{"type":"Feature","id":553,"geometry":{"type":"LineString","coordinates":[[-79.846488256999976,34.198793820000049],[-79.88099746599994,34.152476930000034],[-79.931018147999964,34.086617165000064],[-79.996473402999982,34.023458344000062],[-80.088877538999952,33.897506237000073],[-80.21292086699998,33.732752272000027],[-80.271197127999983,33.66168865700007],[-80.288196016999962,33.63390600300005],[-80.457191013999989,33.48826933600003],[-80.474633388999962,33.460448758000041],[-80.502360738999982,33.407102985000051],[-80.514843655999982,33.382478456000058],[-80.550689116999934,33.319981178000035]]},"properties":{"objectid":553,"length":73.540999999999997,"type":"Multi-Lane Divided","admn_class":"Interstate","toll_rd":"N","rte_num1":" 95","rte_num2":" ","route":"Interstate  95","st_length(shape)":1.1340384629650684}},{"type":"Feature","id":554,"geometry":{"type":"LineString","coordinates":[[-80.550689116999934,33.319981178000035],[-80.73264738599994,33.455900657000029],[-80.823826404999977,33.546258016000024],[-80.91721811299999,33.713376888000028],[-80.938519131999954,33.740945700000054],[-80.961887994999984,33.755308429000024],[-80.984143403999951,33.768305411000028],[-81.003308631999971,33.798151697000037],[-81.038579983999966,33.874227440000027],[-81.051657023999951,33.900480015000028],[-81.077437671999974,33.923882588000026],[-81.108086129999947,33.977237315000025],[-81.105072321999955,33.999542234000046],[-81.093795033999982,34.024653965000027],[-81.103339461999951,34.03365272700006]]},"properties":{"objectid":554,"length":61.005000000000003,"type":"Multi-Lane Divided","admn_class":"Interstate","toll_rd":"N","rte_num1":" 26","rte_num2":" ","route":"Interstate  26","st_length(shape)":0.94312702638629109}},{"type":"Feature","id":555,"geometry":{"type":"LineString","coordinates":[[-84.923725196999953,33.074659200000042],[-84.904017988999954,33.092824214000075],[-84.86339899799998,33.163367971000071],[-84.812006775999976,33.211565199000063],[-84.801149797999983,33.240724134000061],[-84.794604429999936,33.286560142000042],[-84.771944511999948,33.320761755000035],[-84.76004255099997,33.333098248000056],[-84.745607663999976,33.385625521000065],[-84.729326146999938,33.407704483000032],[-84.678353181999967,33.448509401000024],[-84.618133377999982,33.520170826000026],[-84.51021355499995,33.580006662000073],[-84.480817074999948,33.615756789000045],[-84.447017864999964,33.613426118000064],[-84.409701843999983,33.68588023500007],[-84.387377962999949,33.740901984000061]]},"properties":{"objectid":555,"length":58.244,"type":"Multi-Lane Divided","admn_class":"Interstate","toll_rd":"N","rte_num1":" 85","rte_num2":" ","route":"Interstate  85","st_length(shape)":0.89948957238878346}},{"type":"Feature","id":556,"geometry":{"type":"LineString","coordinates":[[-83.820187389999944,32.957448821000071],[-83.850148497999953,32.999721140000077],[-83.948311630999967,33.057865199000048],[-83.998957511999947,33.105755884000075],[-84.050397663999945,33.178647167000065],[-84.083953536999957,33.254425321000042],[-84.146791066999981,33.373306936000063],[-84.171801143999971,33.440249607000055],[-84.199694933999979,33.477934323000056],[-84.288603325999986,33.552510009000059],[-84.37213247699998,33.596717444000035],[-84.394472157999985,33.611346685000058],[-84.393389251999963,33.631418900000028],[-84.394869293999989,33.657766809000066],[-84.387377962999949,33.740901984000061]]},"properties":{"objectid":556,"length":66.762,"type":"Multi-Lane Divided","admn_class":"Interstate","toll_rd":"N","rte_num1":" 75","rte_num2":" ","route":"Interstate  75","st_length(shape)":1.0277278931136153}},{"type":"Feature","id":557,"geometry":{"type":"LineString","coordinates":[[-112.09403478399997,33.44925100200004],[-112.02973985999995,33.437765665000029],[-111.97175433899997,33.417888331000029],[-111.97237058499996,33.30317137600008],[-111.83987205599999,33.133079252000073],[-111.75322059599995,33.021823804000064],[-111.69201479899999,32.94449766300005],[-111.68744352299996,32.890409236000039],[-111.68915900299999,32.828424441000038]]},"properties":{"objectid":557,"length":53.055,"type":"Multi-Lane Divided","admn_class":"Interstate","toll_rd":"N","rte_num1":" 10","rte_num2":" ","route":"Interstate  10","st_length(shape)":0.81286433277558845}},{"type":"Feature","id":558,"geometry":{"type":"LineString","coordinates":[[-80.550689116999934,33.319981178000035],[-80.513657515999967,33.284207349000042],[-80.40952417799997,33.211367684000038],[-80.350060195999959,33.159688407000033],[-80.206258569999989,33.085400302000039],[-80.142101116999982,33.03771081800005],[-80.074182459999975,32.974961248000056],[-80.005815049999967,32.868911229000048],[-79.963235134999934,32.839763881000067],[-79.941979939999953,32.794678429000044]]},"properties":{"objectid":558,"length":51.529000000000003,"type":"Multi-Lane Divided","admn_class":"Interstate","toll_rd":"N","rte_num1":" 26","rte_num2":" ","route":"Interstate  26","st_length(shape)":0.81924003824540292}},{"type":"Feature","id":559,"geometry":{"type":"LineString","coordinates":[[-117.73446776399999,33.653715918000046],[-117.66556469399995,33.594101298000055],[-117.66393980799995,33.532256081000071],[-117.65605028899995,33.51137484700007],[-117.64928265099996,33.491855672000042],[-117.65518807199999,33.47362587300006],[-117.59712565299998,33.437096749000034],[-117.57155041999999,33.39946997100003],[-117.50482843799995,33.369300288000034],[-117.47649168899994,33.318009719000031],[-117.36171152899999,33.200578651000058],[-117.34189002599999,33.181528772000036],[-117.33142228399998,33.170180378000055],[-117.30553524199996,33.137943903000064],[-117.25363896199997,33.017003397000053],[-117.21989347599998,32.885056329000065],[-117.22800421199997,32.855905294000024],[-117.23122396199994,32.83540908100008],[-117.20327644899999,32.793116747000056],[-117.20101003499997,32.75896885800006]]},"properties":{"objectid":559,"length":73.103999999999999,"type":"Multi-Lane Divided","admn_class":"Interstate","toll_rd":"N","rte_num1":"  5","rte_num2":" ","route":"Interstate   5","st_length(shape)":1.113243153858795}},{"type":"Feature","id":560,"geometry":{"type":"LineString","coordinates":[[-117.10232019799997,32.775494239000068],[-117.09903197599999,32.761380115000065],[-117.09407199199995,32.721765551000033]]},"properties":{"objectid":560,"length":3.758,"type":"Multi-Lane Divided","admn_class":"Interstate","toll_rd":"N","rte_num1":" 15","rte_num2":" ","route":"Interstate  15","st_length(shape)":0.05441596442760363}},{"type":"Feature","id":561,"geometry":{"type":"LineString","coordinates":[[-115.50002611899998,32.77612891900003],[-115.49911913199998,32.732654658000058],[-115.49631126599996,32.726631256000076],[-115.49751636799999,32.684873001000028],[-115.48506452599997,32.665200555000069]]},"properties":{"objectid":561,"length":7.9000000000000004,"type":"Paved Divided","admn_class":"US Highway","toll_rd":"N","rte_num1":" 86","rte_num2":" ","route":"U.S. Hwy  86","st_length(shape)":0.11518711552926342}},{"type":"Feature","id":562,"geometry":{"type":"LineString","coordinates":[[-115.50002611899998,32.77612891900003],[-115.33425297899998,32.782009058000028],[-115.27383249999997,32.77564435000005],[-115.25768055299994,32.765832356000033],[-115.08911692799995,32.720766918000038],[-114.92179632799997,32.71828718900008],[-114.82684346499997,32.761147312000048],[-114.73449305299999,32.747506169000076],[-114.68506807499995,32.75926276000007],[-114.65453443799998,32.75863703400006],[-114.62159744499996,32.729260569000076],[-114.59228418399999,32.708158118000028],[-114.56316949199999,32.69646631300003],[-114.49779850899995,32.695874823000054],[-114.41155313899998,32.683611015000054],[-114.35663514999999,32.661150718000044],[-114.32474314099994,32.674940391000064],[-114.16005027299997,32.65749222200003],[-113.75306925099994,32.721269922000033],[-113.72638108999996,32.740625290000025],[-113.57756417599995,32.800954650000051],[-113.54879236899995,32.823075748000065],[-113.47764553499997,32.840482834000056],[-113.40784917399998,32.843203267000035],[-113.25458423299995,32.869086622000054],[-113.18921272299997,32.873332394000045],[-113.07165471899998,32.904479116000061],[-112.88420975999998,32.940175519000036],[-112.74441899599998,32.956691946000035],[-112.69117803799998,32.93065268600003],[-112.59366222599999,32.915088542000035],[-112.52706296599996,32.917620942000042],[-112.38734752099998,32.872659791000046],[-112.27936449399999,32.851672689000054],[-112.11672314399999,32.841661074000058],[-111.74790719299995,32.837498521000043],[-111.68915900299999,32.828424441000038]]},"properties":{"objectid":562,"length":229.49000000000001,"type":"Multi-Lane Divided","admn_class":"Interstate","toll_rd":"N","rte_num1":"  8","rte_num2":" ","route":"Interstate   8","st_length(shape)":3.9217287370476801}},{"type":"Feature","id":563,"geometry":{"type":"LineString","coordinates":[[-117.10232019799997,32.775494239000068],[-117.04341188999996,32.779175910000049],[-117.01395378499996,32.793297407000068],[-116.96212597699997,32.797844981000026],[-116.93101243799998,32.808305350000069],[-116.87746072299996,32.85925356000007],[-116.84467647499997,32.868774813000073],[-116.81682850799996,32.868733203000033],[-116.78411220499999,32.850007774000062],[-116.76500017399997,32.850881578000042],[-116.71537768099995,32.833922192000045],[-116.64435409599997,32.846925494000061],[-116.61218819999999,32.83862461700005],[-116.58425648699995,32.85537068800005],[-116.56404574899994,32.857117770000059],[-116.53353528699995,32.84561241800003],[-116.48858203799995,32.78986960900005],[-116.46713617499995,32.733307773000035],[-116.33540768999995,32.709389029000079],[-116.27946894699994,32.68810065100007],[-116.18325357099997,32.666045918000066],[-116.12797004899994,32.64058392700008],[-116.10556979699999,32.647240956000076],[-116.09560558499999,32.661282394000068],[-116.10242641899998,32.684108751000053],[-116.07390742999996,32.700274919000037],[-116.06279868799999,32.717944304000071],[-115.99488055699999,32.743781309000042],[-115.96469717999997,32.758535906000077],[-115.94066361399996,32.761503364000077],[-115.80408417199999,32.776086783000039],[-115.55094641399995,32.777239741000074],[-115.50002611899998,32.77612891900003]]},"properties":{"objectid":563,"length":106.821,"type":"Multi-Lane Divided","admn_class":"Interstate","toll_rd":"N","rte_num1":"  8","rte_num2":" ","route":"Interstate   8","st_length(shape)":1.7879825358157215}},{"type":"Feature","id":564,"geometry":{"type":"LineString","coordinates":[[-117.09407199199995,32.721765551000033],[-117.08805174899999,32.696727032000069],[-117.02209190999997,32.623430186000064],[-117.03675485999997,32.543262470000059]]},"properties":{"objectid":564,"length":13.747999999999999,"type":"Multi-Lane Divided","admn_class":"Interstate","toll_rd":"N","rte_num1":"805","rte_num2":" ","route":"Interstate 805","st_length(shape)":0.20585566147769283}},{"type":"Feature","id":565,"geometry":{"type":"LineString","coordinates":[[-117.20101003499997,32.75896885800006],[-117.17585511399994,32.728955606000056],[-117.15130221699997,32.719426980000037],[-117.13221283399997,32.71216423900006],[-117.11038405699998,32.691695415000027],[-117.09346101399996,32.664386796000031],[-117.08030601999997,32.587881261000064],[-117.06722845299998,32.566478062000044],[-117.03675485999997,32.543262470000059]]},"properties":{"objectid":565,"length":18.766999999999999,"type":"Multi-Lane Divided","admn_class":"Interstate","toll_rd":"N","rte_num1":"  5","rte_num2":" ","route":"Interstate   5","st_length(shape)":0.28899342353912238}},{"type":"Feature","id":566,"geometry":{"type":"LineString","coordinates":[[-84.925795148999953,32.39605358700004],[-84.917471623999973,32.419681063000041],[-84.918921643999965,32.452009185000065],[-84.949608025999964,32.508152290000055],[-84.958122744999969,32.52237649500006],[-84.982683015999953,32.610245171000031],[-84.99087855099998,32.818741490000036],[-84.988490995999939,32.850303782000026],[-84.949908773999937,32.924020938000069],[-84.94454533399994,32.960721242000034],[-84.923725196999953,33.074659200000042]]},"properties":{"objectid":566,"length":48.366999999999997,"type":"Multi-Lane Divided","admn_class":"Interstate","toll_rd":"N","rte_num1":"185","rte_num2":" ","route":"Interstate 185","st_length(shape)":0.70563585411674135}},{"type":"Feature","id":567,"geometry":{"type":"LineString","coordinates":[[-86.318008579999969,32.375321410000026],[-86.321060836999948,32.407772255000054],[-86.329407536999952,32.43033947300006],[-86.381274320999978,32.493753219000041],[-86.468237063999936,32.565867611000044],[-86.50885763499997,32.615667603000077],[-86.589885461999984,32.811447674000078],[-86.603764147999982,32.86508471500008],[-86.621503057999973,32.887862088000077],[-86.647039313999983,32.907617753000068],[-86.734688880999954,33.059110331000056],[-86.73686364699995,33.121581801000048],[-86.75197798499994,33.143817194000064],[-86.78090148299998,33.163614996000035],[-86.809253505999948,33.216645272000051],[-86.808673603999978,33.233478775000037],[-86.803699397999935,33.266593268000065],[-86.803561927999965,33.302549337000073],[-86.796711070999947,33.326497050000057],[-86.805103594999935,33.369944975000067],[-86.799587408999969,33.38664890900003],[-86.812291015999961,33.41699029800003]]},"properties":{"objectid":567,"length":80.676000000000002,"type":"Multi-Lane Divided","admn_class":"Interstate","toll_rd":"N","rte_num1":" 65","rte_num2":" ","route":"Interstate  65","st_length(shape)":1.2097931339003756}},{"type":"Feature","id":568,"geometry":{"type":"LineString","coordinates":[[-84.923725196999953,33.074659200000042],[-85.015188636999937,33.004130718000056],[-85.085723965999989,32.959526147000076],[-85.131196020999937,32.900952824000058],[-85.176798170999973,32.858114823000051],[-85.178621624999948,32.856405664000079],[-85.209315379999964,32.846999233000076],[-85.221133594999969,32.834795996000025],[-85.327581275999989,32.681918710000048],[-85.348326093999958,32.650310595000064],[-85.370497755999963,32.633370170000035],[-85.448357976999944,32.603364292000037],[-85.515292747999979,32.560102820000054],[-85.626676711999949,32.498306060000061],[-85.697493827999949,32.472897266000075],[-85.735031065999976,32.461377167000023],[-85.834436696999944,32.452301506000026],[-85.933414641999946,32.427186088000042],[-86.016660424999941,32.386945271000059],[-86.056716367999968,32.377244938000047],[-86.132280152999954,32.375413584000057],[-86.205059246999951,32.362054756000077],[-86.289404790999981,32.37086232300004],[-86.318008579999969,32.375321410000026]]},"properties":{"objectid":568,"length":100.373,"type":"Multi-Lane Divided","admn_class":"Interstate","toll_rd":"N","rte_num1":" 85","rte_num2":" ","route":"Interstate  85","st_length(shape)":1.6432243811813849}},{"type":"Feature","id":569,"geometry":{"type":"LineString","coordinates":[[-106.61504437199994,35.113456663000079],[-106.62274217099997,35.082730252000033],[-106.64369240299999,35.004584557000044],[-106.66439877199997,34.988193486000057],[-106.69016414499998,34.990065924000078],[-106.69215509099996,34.961037084000054],[-106.75553407399997,34.827366636000079],[-106.78531978899997,34.707100313000069],[-106.78918001299996,34.669915441000057],[-106.78069584299999,34.65385619500006],[-106.79467302299997,34.575519833000044],[-106.84318047999994,34.417384447000074],[-106.92216205699998,34.21475035900005],[-106.92126191699998,34.186097587000063],[-106.89226046699997,34.087834907000058],[-106.88524843799996,34.059975881000071],[-106.90011153699999,34.022961661000068],[-106.89448842999997,34.005585651000047],[-106.87940411499994,33.928463871000076],[-106.95432900699996,33.794750760000056],[-107.10801741899996,33.655923340000072],[-107.14415045999999,33.621034377000058],[-107.21070284299998,33.50790754500008],[-107.28344980799994,33.353864660000056],[-107.28855410999995,33.321635032000074],[-107.26237737999998,33.288020169000049],[-107.25931774899999,33.25247967100006],[-107.25904702199995,33.165087664000055],[-107.28867893899996,33.138678657000071],[-107.29772721099994,33.125613203000057],[-107.30795740899998,33.108465784000032],[-107.31948172199998,32.952941277000036],[-107.32064837499996,32.923816577000025],[-107.30474081899996,32.900814300000036],[-107.27940260399998,32.859909835000053],[-107.28121815799994,32.826692107000042],[-107.25701709999998,32.785337309000056],[-107.18447449599995,32.712697265000031],[-107.15712215999997,32.693132794000064],[-107.14081009499995,32.691496321000045],[-107.02077394199995,32.675351221000028],[-106.99431437099997,32.665776771000026],[-106.96814448899994,32.645270024000069],[-106.87907439799994,32.492378518000066],[-106.75740282499999,32.353314607000073],[-106.69482232699994,32.227612158000056]]},"properties":{"objectid":569,"length":229.11000000000001,"type":"Multi-Lane Divided","admn_class":"Interstate","toll_rd":"N","rte_num1":" 25","rte_num2":" ","route":"Interstate  25","st_length(shape)":3.4461085847838278}},{"type":"Feature","id":570,"geometry":{"type":"LineString","coordinates":[[-111.68915900299999,32.828424441000038],[-111.52042051199999,32.724780413000076],[-111.37027471999994,32.627330440000037],[-111.26891132599997,32.510479801000031],[-111.15910642499995,32.431964359000062],[-111.06511585199996,32.347581419000051],[-110.98442037699999,32.245101409000029],[-110.97815626999994,32.232902387000024],[-110.98247472699995,32.188606992000075]]},"properties":{"objectid":570,"length":62.042000000000002,"type":"Multi-Lane Divided","admn_class":"Interstate","toll_rd":"N","rte_num1":" 10","rte_num2":" ","route":"Interstate  10","st_length(shape)":0.98167002616220334}},{"type":"Feature","id":571,"geometry":{"type":"LineString","coordinates":[[-109.95586276599994,32.18337206700005],[-109.89295781699997,32.23893527000007],[-109.81197265299994,32.320670988000074],[-109.75111290199999,32.366202034000025],[-109.68498030299997,32.373911947000067],[-109.63939395399996,32.375091767000072],[-109.57790004899999,32.351274150000052],[-109.50834913199998,32.336112410000055],[-109.48333905399994,32.326198761000057],[-109.45459094899996,32.325863250000054],[-109.27602202899999,32.289979340000059],[-109.25212593299995,32.277276787000062],[-109.18703884399997,32.261000538000076],[-109.16212093999997,32.264227661000064],[-109.08405635799994,32.243805188000067],[-109.04871653499998,32.222306655000068],[-109.03690621999999,32.215116073000047],[-108.98977873099994,32.220136629000024],[-108.94643561999999,32.240174608000075],[-108.78636933299998,32.327944263000063],[-108.61937476299994,32.314746080000077],[-108.38666474499996,32.180640573000062],[-108.36288347099998,32.175040642000056],[-108.29131737999995,32.186919955000064],[-107.74303131499994,32.275584483000046],[-107.61160463199997,32.289542701000073],[-107.37512498399997,32.239900721000026],[-107.34507960299999,32.251314426000079],[-107.17113304899999,32.250458003000062],[-106.88780032599999,32.286542588000032],[-106.76526021499996,32.247260901000061],[-106.72548605999998,32.235527486000024],[-106.69482232699994,32.227612158000056]]},"properties":{"objectid":571,"length":205.09,"type":"Multi-Lane Divided","admn_class":"Interstate","toll_rd":"N","rte_num1":" 10","rte_num2":" ","route":"Interstate  10","st_length(shape)":3.4507791355767212}},{"type":"Feature","id":572,"geometry":{"type":"LineString","coordinates":[[-81.264444938999986,32.070486993000031],[-81.249911556999962,32.109403146000034],[-81.237422319999951,32.141448954000055],[-81.19705509399995,32.192484597000032],[-81.162287798999955,32.222020654000062],[-81.147776539999938,32.229920707000076],[-81.079469174999986,32.267051329000026],[-81.052536621999934,32.280066745000056],[-81.024009732999957,32.295824190000076],[-81.007003469999972,32.32331926300003],[-80.957814982999935,32.47274188800003],[-80.95890578999996,32.518290842000056],[-80.925771281999971,32.567761116000042],[-80.88898196599996,32.586276917000077],[-80.882825306999962,32.620031357000073],[-80.866818729999977,32.699403748000066],[-80.824848739999936,32.751174672000047],[-80.779979236999964,32.790651766000053],[-80.73812933499994,32.867423813000073],[-80.610155732999942,33.197732862000066],[-80.575043972999936,33.270722112000044],[-80.550689116999934,33.319981178000035]]},"properties":{"objectid":572,"length":99.400000000000006,"type":"Multi-Lane Divided","admn_class":"Interstate","toll_rd":"N","rte_num1":" 95","rte_num2":" ","route":"Interstate  95","st_length(shape)":1.4986351158728017}},{"type":"Feature","id":573,"geometry":{"type":"LineString","coordinates":[[-81.104280683999946,32.061686273000078],[-81.148630328999957,32.06306571500005],[-81.264444938999986,32.070486993000031]]},"properties":{"objectid":573,"length":9.3729999999999993,"type":"Multi-Lane Divided","admn_class":"Interstate","toll_rd":"N","rte_num1":" 16","rte_num2":" ","route":"Interstate  16","st_length(shape)":0.16042323300031752}},{"type":"Feature","id":574,"geometry":{"type":"LineString","coordinates":[[-110.98247472699995,32.188606992000075],[-110.96667356599994,32.184776791000047],[-110.92310028499998,32.174134182000046],[-110.89384074799995,32.150464570000054],[-110.87807750999997,32.124738699000034],[-110.67219154299994,32.008519580000041],[-110.60709602699995,31.99578647800007],[-110.54982050499996,31.995221850000064],[-110.45814322299998,31.974556565000057],[-110.35068900799996,31.975441957000044],[-110.31521118799998,31.985892318000026],[-110.27801736199996,31.990425671000025],[-110.26056866699997,31.980134375000034],[-110.11650790199997,32.029076891000045],[-110.03799351299995,32.100492871000029],[-109.99059951099997,32.160636830000044],[-109.95586276599994,32.18337206700005]]},"properties":{"objectid":574,"length":70.537999999999997,"type":"Multi-Lane Divided","admn_class":"Interstate","toll_rd":"N","rte_num1":" 10","rte_num2":" ","route":"Interstate  10","st_length(shape)":1.1614683332876565}},{"type":"Feature","id":575,"geometry":{"type":"LineString","coordinates":[[-109.95586276599994,32.18337206700005],[-109.81580812199996,31.916012210000076],[-109.70157204899999,31.916013264000071],[-109.67970218799996,31.677833937000059],[-109.64810934699995,31.519857617000071],[-109.58005374699997,31.434792067000046],[-109.57519278299998,31.359450551000066],[-109.55331870899994,31.342437441000072]]},"properties":{"objectid":575,"length":68.616,"type":"Paved Undivided","admn_class":"US Highway","toll_rd":"N","rte_num1":"191","rte_num2":" ","route":"U.S. Hwy 191","st_length(shape)":1.0284924529644854}},{"type":"Feature","id":576,"geometry":{"type":"LineString","coordinates":[[-110.94123949099998,31.336615240000071],[-110.95561380699996,31.355085217000067],[-110.95536994199995,31.389332127000046],[-110.96448721199994,31.433456869000054],[-110.99920973699994,31.470728121000036],[-111.05963653699996,31.588305613000045],[-111.05693611799995,31.62988636800003],[-111.07323343599995,31.719938237000065],[-111.00646773699998,31.827908624000031],[-110.98307569799999,31.906783279000024],[-110.98108580499996,32.176320009000051],[-110.98247472699995,32.188606992000075]]},"properties":{"objectid":576,"length":61.926000000000002,"type":"Multi-Lane Divided","admn_class":"Interstate","toll_rd":"N","rte_num1":" 19","rte_num2":" ","route":"Interstate  19","st_length(shape)":0.91015294186344109}},{"type":"Feature","id":577,"geometry":{"type":"LineString","coordinates":[[-106.69482232699994,32.227612158000056],[-106.64712020199994,32.154588673000035],[-106.59239077399997,32.048096222000027],[-106.58352474299994,32.001386410000066],[-106.57259823999999,31.954098802000033],[-106.57288002699994,31.902903567000067],[-106.55237854799998,31.838425876000031],[-106.53621922699995,31.827735338000025],[-106.52842188099999,31.809648802000027],[-106.48824426899995,31.783364624000058],[-106.46016718599998,31.787087904000032],[-106.43204480599996,31.793277219000061],[-106.38856369799998,31.789819399000066],[-106.35915931799997,31.774671879000039],[-106.24860544199998,31.680461670000057],[-106.11077454799994,31.503645099000039],[-105.98201036099999,31.420484116000068],[-105.92150771599995,31.393974508000042],[-105.87486795599995,31.343379717000062],[-105.79246016099995,31.28685949100003],[-105.78631824999997,31.246012437000047],[-105.71978798799995,31.192270581000059],[-105.66593815799996,31.173065850000057],[-105.62867480699998,31.176331424000068],[-105.57815164799996,31.197174208000035],[-105.53600573799997,31.191961405000029],[-105.48379659599999,31.204155161000074],[-105.41578629199995,31.180502403000048],[-105.29903151399998,31.155944239000064],[-104.98745895499997,31.068842973000073],[-104.94522877199995,31.051521213000058],[-104.92114938299994,31.051219411000034],[-104.86714628199996,31.033018054000024],[-104.82564874599996,31.036203568000076],[-104.59234197099994,31.050226045000045],[-104.42311680399996,31.073564360000034],[-104.27482712199998,31.059249561000058],[-104.17990744199994,31.063315727000031],[-104.13238281599996,31.064182684000059],[-104.11279780399997,31.078627052000058],[-104.06872151899995,31.084361293000029],[-104.05128809799999,31.099169614000061]]},"properties":{"objectid":577,"length":200.74299999999999,"type":"Multi-Lane Divided","admn_class":"Interstate","toll_rd":"N","rte_num1":" 10","rte_num2":" ","route":"Interstate  10","st_length(shape)":3.2433457597544102}},{"type":"Feature","id":578,"geometry":{"type":"LineString","coordinates":[[-88.114074928999969,30.642553985000063],[-88.122337881999954,30.656374207000056],[-88.13381321199995,30.669315358000063],[-88.127129847999981,30.719063207000033],[-88.113373883999941,30.746316522000029],[-88.096039483999959,30.764380410000058],[-88.11010093699997,30.813463029000047],[-88.109010129999945,30.846354199000075],[-88.047560994999969,30.887608924000062],[-88.017965420999985,30.90321046300005],[-87.856584476999956,30.950742462000051],[-87.82604293899999,30.957597006000071],[-87.688289997999959,31.007480744000077],[-87.49616894899998,31.117037040000071],[-87.469434964999948,31.125167791000024],[-87.442944844999943,31.133797859000026],[-87.322626378999985,31.204543870000066],[-87.301241086999937,31.226065578000032],[-87.205497638999987,31.287289283000064],[-87.179511576999971,31.315482768000038],[-87.058804927999972,31.37454434700004],[-87.009930883999971,31.429216891000067],[-86.96896848099999,31.469386075000045],[-86.925588499999947,31.534553750000043],[-86.839092944999948,31.583646904000034],[-86.760838221999961,31.655270933000054],[-86.743344229999991,31.679478311000025],[-86.714452860999984,31.752683510000054],[-86.692128980999939,31.774497539000038],[-86.67897609399995,31.825761773000067],[-86.639165595999941,31.869444609000027],[-86.625997434999988,31.921554204000074],[-86.570302029999937,31.968467851000071],[-86.490405038999938,32.066747385000042],[-86.465487134999989,32.109886662000065],[-86.430734061999942,32.184164232000057],[-86.34675563199994,32.252563771000041],[-86.322509276999938,32.330301269000074],[-86.320159643999943,32.362156937000066],[-86.318008579999969,32.375321410000026]]},"properties":{"objectid":578,"length":172.035,"type":"Multi-Lane Divided","admn_class":"Interstate","toll_rd":"N","rte_num1":" 65","rte_num2":" ","route":"Interstate  65","st_length(shape)":2.6962972182501521}},{"type":"Feature","id":579,"geometry":{"type":"LineString","coordinates":[[-81.264444938999986,32.070486993000031],[-81.294092129999967,31.998109249000038],[-81.337540582999964,31.947440193000034],[-81.341331280999952,31.915928464000046],[-81.352361017999954,31.833699749000061],[-81.404360531999941,31.662899207000066],[-81.448152395999955,31.530057266000028],[-81.473748169999965,31.363393994000035],[-81.496743072999948,31.308442824000053],[-81.503708224999968,31.249885301000063],[-81.522979846999988,31.221309955000038],[-81.537125046999961,31.195747890000064],[-81.570488670999964,31.132504797000024],[-81.614800919999936,31.077991318000045],[-81.658525365999935,30.97278718900003],[-81.669557209999937,30.91515350700007],[-81.665512639999974,30.788430830000038],[-81.657134863999943,30.760481210000023],[-81.661330598999939,30.735683921000032],[-81.662719520999985,30.733522849000053],[-81.672813302999941,30.717783839000049],[-81.677345075999938,30.68912053300005],[-81.655080185999964,30.619720254000072],[-81.642520369999943,30.547900291000076],[-81.644945848999953,30.473843936000037],[-81.652544626999941,30.459007173000032],[-81.663484823999966,30.383860012000071],[-81.66959565999997,30.343787214000031],[-81.675813415999983,30.33530673100006],[-81.688188885999978,30.319712565000032]]},"properties":{"objectid":579,"length":126.52,"type":"Multi-Lane Divided","admn_class":"Interstate","toll_rd":"N","rte_num1":" 95","rte_num2":" ","route":"Interstate  95","st_length(shape)":1.8581413691039328}},{"type":"Feature","id":580,"geometry":{"type":"LineString","coordinates":[[-89.731805161999944,30.316260538000051],[-89.646092816999953,30.319610384000043],[-89.618763655999942,30.325977199000079],[-89.594783813999982,30.331559749000064],[-89.552454083999976,30.342567364000047],[-89.43018101399997,30.354452471000059],[-89.305687879999937,30.39501247100003],[-89.081428322999955,30.441041780000035],[-89.009808507999935,30.454466446000026],[-88.87142141299995,30.461539572000049],[-88.779201097999987,30.460050576000071],[-88.703507215999934,30.450391853000042],[-88.600963474999958,30.424442660000068],[-88.528931248999982,30.42292100800006],[-88.422169124999982,30.483670678000067],[-88.405971354999963,30.492503527000054],[-88.373552639999957,30.510164485000075],[-88.171274077999954,30.587934639000025],[-88.140839988999971,30.630085816000076],[-88.114074928999969,30.642553985000063]]},"properties":{"objectid":580,"length":102.71599999999999,"type":"Multi-Lane Divided","admn_class":"Interstate","toll_rd":"N","rte_num1":" 10","rte_num2":" ","route":"Interstate  10","st_length(shape)":1.6991473921205149}},{"type":"Feature","id":581,"geometry":{"type":"LineString","coordinates":[[-88.114074928999969,30.642553985000063],[-88.089362965999953,30.658243485000071],[-88.058012935999955,30.688468472000068],[-88.052992380999967,30.70166086100005],[-88.043234636999955,30.712046438000073],[-88.011822982999945,30.706688791000033],[-88.003156045999958,30.700209788000052],[-87.995724232999976,30.693581728000026],[-87.982967428999984,30.674585045000072],[-87.954150324999944,30.666480630000024],[-87.914858104999951,30.669135752000045],[-87.898874176999982,30.671192010000027],[-87.772985800999948,30.667923276000067],[-87.765027809999935,30.66734126700004],[-87.706142676999946,30.661829295000075],[-87.604607576999967,30.637757280000073],[-87.516019420999953,30.588425528000073],[-87.405411820999973,30.593310194000026],[-87.403290778999974,30.593403948000059],[-87.367927253999937,30.579831277000039],[-87.324171204999971,30.545809271000053],[-87.317159176999951,30.54089405600007],[-87.275691662999975,30.512757456000031],[-87.249613426999986,30.508601750000025],[-87.22838825499997,30.508479555000065],[-87.202951018999954,30.509332291000078],[-87.163276936999978,30.514970145000063],[-87.122763286999941,30.537842325000042],[-87.057881086999942,30.551266465000026],[-87.03149788799999,30.58776030000007],[-87.008944890999942,30.599949842000058],[-86.943421163999972,30.620952745000068],[-86.80247112099994,30.676195710000059],[-86.678078587999948,30.712790673000029],[-86.558668161999947,30.726797875000045],[-86.517667308999989,30.728096204000053],[-86.433901667999976,30.70781067300004],[-86.379327090999936,30.714200136000045],[-86.313445730999945,30.725676519000046],[-86.135675822999985,30.699412883000036],[-86.116052360999959,30.703183040000056],[-85.929996850999942,30.703606511000032],[-85.883220147999964,30.707433026000047],[-85.771172007999951,30.744788024000059],[-85.67333911999998,30.756414518000042],[-85.538763265999989,30.761114310000039],[-85.367460245999951,30.765612374000057],[-85.295652396999969,30.761847484000043],[-85.232953389999977,30.738862061000077],[-85.174006632999976,30.718134625000062],[-85.122514335999938,30.698315229000059],[-85.059997042999953,30.658772297000041],[-85.001622813999973,30.648466780000035],[-84.930950540999959,30.649040362000051],[-84.768556215999979,30.630252255000073],[-84.732544316999963,30.619037644000059],[-84.684034752999935,30.585312700000031],[-84.659734673999935,30.573699373000068],[-84.595233281999981,30.55032787600004],[-84.555086218999975,30.53398842200005],[-84.451758213999938,30.524825329000066],[-84.352304652999976,30.505085465000036],[-84.317345637999949,30.501973163000059],[-84.250090102999934,30.495742765000045],[-84.217274778999979,30.491707149000035],[-84.167544311999961,30.484257428000035],[-84.013676819999944,30.489608755000063],[-83.918366849999984,30.481421647000047],[-83.880401400999972,30.471723421000036],[-83.701927814999976,30.43648051100007],[-83.623708380999972,30.428772178000031],[-83.530611627999974,30.441787068000053],[-83.448707362999983,30.432057240000063],[-83.341648176999968,30.393413920000057],[-83.195830322999939,30.339673118000064],[-83.073099018999983,30.338406919000079],[-83.008674525999936,30.349779541000032],[-82.952665730999968,30.346665659000053],[-82.894940402999964,30.32929649600004],[-82.804041063999989,30.277221137000026]]},"properties":{"objectid":581,"length":334.577,"type":"Multi-Lane Divided","admn_class":"Interstate","toll_rd":"N","rte_num1":" 10","rte_num2":" ","route":"Interstate  10","st_length(shape)":5.5516826917750723}},{"type":"Feature","id":582,"geometry":{"type":"LineString","coordinates":[[-82.804041063999989,30.277221137000026],[-82.722206851999943,30.255960148000042],[-82.68255594499999,30.255866921000063],[-82.637831285999937,30.249217266000073],[-82.549900984999965,30.251924531000043],[-82.494609562999983,30.24447744400004],[-82.342300591999958,30.258513089000076],[-82.299658525999973,30.240340700000047],[-82.263837819999935,30.236085974000048],[-82.127375306999966,30.275472475000072],[-82.114542657999948,30.278740155000037],[-81.980597269999976,30.292384984000023],[-81.769093989999988,30.310585288000027],[-81.727314139999976,30.321062511000036],[-81.688188885999978,30.319712565000032]]},"properties":{"objectid":582,"length":67.965999999999994,"type":"Multi-Lane Divided","admn_class":"Interstate","toll_rd":"N","rte_num1":" 10","rte_num2":" ","route":"Interstate  10","st_length(shape)":1.1329810584159481}},{"type":"Feature","id":583,"geometry":{"type":"LineString","coordinates":[[-90.427581368999938,30.081959870000048],[-90.491952664999985,30.126251051000054],[-90.707183965999945,30.151095216000044],[-90.779017096999951,30.152111231000049],[-90.830249727999956,30.152873900000031],[-90.879659430999936,30.170569621000027],[-90.907820259999937,30.179822254000044],[-90.925536521999959,30.196526188000064],[-91.045337763999953,30.357339870000033],[-91.07348331899999,30.389420967000035],[-91.100301575999936,30.406874403000074]]},"properties":{"objectid":583,"length":49.795000000000002,"type":"Multi-Lane Divided","admn_class":"Interstate","toll_rd":"N","rte_num1":" 10","rte_num2":" ","route":"Interstate  10","st_length(shape)":0.79955782440590262}},{"type":"Feature","id":584,"geometry":{"type":"LineString","coordinates":[[-89.731805161999944,30.316260538000051],[-89.739128999999991,30.289252667000028],[-89.742256575999988,30.273232924000069],[-89.751640885999961,30.229746548000037],[-89.775818768999955,30.189880219000031],[-89.797433703999957,30.176554047000025],[-89.840709396999955,30.167275605000043],[-89.864331078999953,30.135166066000068],[-89.925222958999939,30.068124900000043],[-89.996232322999958,30.033038422000061],[-90.006692164999947,30.019715937000058],[-90.020326459999978,30.008207425000023],[-90.036142368999947,30.008131052000067],[-90.104672003999951,30.00868988700006],[-90.147359366999979,30.007530608000025]]},"properties":{"objectid":584,"length":36.706000000000003,"type":"Multi-Lane Divided","admn_class":"Interstate","toll_rd":"N","rte_num1":" 10","rte_num2":" ","route":"Interstate  10","st_length(shape)":0.57653492893236147}},{"type":"Feature","id":585,"geometry":{"type":"LineString","coordinates":[[-90.147359366999979,30.007530608000025],[-90.187956762999988,30.008198471000071],[-90.300967192999963,30.028946448000056],[-90.401014876999966,30.064788749000058],[-90.427581368999938,30.081959870000048]]},"properties":{"objectid":585,"length":17.809000000000001,"type":"Multi-Lane Divided","admn_class":"Interstate","toll_rd":"N","rte_num1":" 10","rte_num2":" ","route":"Interstate  10","st_length(shape)":0.29340902146662373}},{"type":"Feature","id":586,"geometry":{"type":"LineString","coordinates":[[-91.100301575999936,30.406874403000074],[-91.173950260999959,30.433223892000058],[-91.204316404999986,30.440992796000046],[-91.745712109999943,30.392395799000042],[-91.795807583999988,30.365284167000027],[-91.822022235999952,30.337279243000069],[-91.982983395999952,30.267863689000023],[-92.005697037999937,30.266889284000058],[-92.030897782999944,30.260818478000033],[-92.055701391999946,30.258871248000048],[-92.142320722999955,30.254991010000026],[-92.260427553999989,30.26038763300005],[-92.379328129999976,30.241252427000063],[-92.53153175999995,30.238560436000057],[-92.607431055999939,30.245580365000023],[-92.656642191999936,30.259723458000053],[-92.921236845999942,30.261410495000064],[-92.979961859999946,30.261397327000054],[-93.123046112999987,30.254476419000071],[-93.173172135999948,30.251437856000052],[-93.21032803899999,30.242408545000046],[-93.264757244999942,30.241008036000039],[-93.282716844999982,30.228940689000069],[-93.370166262999987,30.221313469000052],[-93.48485319599996,30.210348517000057],[-93.554839697999967,30.19403750500004],[-93.618142835999947,30.166482914000028],[-93.635256019999986,30.15988382200004],[-93.695454229999939,30.133935156000064],[-93.69816254899996,30.132684230000052],[-93.715741339999965,30.124555060000034],[-93.743833697999946,30.123870343000078],[-93.792312712999944,30.112413448000041],[-93.817406536999954,30.109247422000067],[-93.877750116999948,30.122730552000064],[-94.021309984999959,30.126998446000073],[-94.048051869999938,30.122953349000056],[-94.089565205999975,30.097229585000036],[-94.127751344999979,30.095618394000041],[-94.141072776999977,30.086701799000025],[-94.148458239999968,30.064626523000072],[-94.147061943999972,30.05446427000004],[-94.247331370999973,29.957972374000065],[-94.393438385999957,29.834845514000051],[-94.704214566999951,29.844418384000051],[-94.897892556999977,29.830722464000075],[-94.944898376999959,29.811358668000025],[-95.057618591999983,29.799790112000039],[-95.148578501999964,29.768335267000055],[-95.272285263999947,29.776983243000075],[-95.346933108999963,29.769190637000065],[-95.35698159399999,29.768242567000073],[-95.381579260999956,29.770663305000028]]},"properties":{"objectid":586,"length":271.55200000000002,"type":"Multi-Lane Divided","admn_class":"Interstate","toll_rd":"N","rte_num1":" 10","rte_num2":" ","route":"Interstate  10","st_length(shape)":4.4854714402932485}},{"type":"Feature","id":648,"geometry":{"type":"LineString","coordinates":[[-157.86323571499997,21.320386770000027],[-157.84649649099998,21.343935241000054]]},"properties":{"objectid":648,"length":1.9410000000000001,"type":"Paved Undivided","admn_class":"State Highway","toll_rd":"N","rte_num1":" 63","rte_num2":" ","route":"Hawaii State Hwy  63","st_length(shape)":0.028891730764355694}},{"type":"Feature","id":587,"geometry":{"type":"LineString","coordinates":[[-95.381579260999956,29.770663305000028],[-95.461453602999939,29.772645297000054],[-95.651529981999943,29.780395240000075],[-95.764486160999979,29.783928380000077],[-95.868951322999976,29.767766952000045],[-95.980695026999967,29.774237528000072],[-96.057517637999979,29.762832776000039],[-96.112946529999988,29.769866926000077],[-96.159975525999982,29.742655747000072],[-96.176272842999936,29.742770569000072],[-96.203487708999944,29.757014262000041],[-96.255216496999992,29.752846969000075],[-96.426286712999968,29.712753103000068],[-96.494792645999951,29.708560529000067],[-96.545705039999973,29.684976769000059],[-96.790332819999946,29.690169557000047],[-96.836255733999963,29.698387741000033],[-96.864706250999973,29.710210697000036],[-96.904143841999939,29.709507018000068],[-97.109173385999952,29.706889293000074],[-97.220618974999979,29.705208576000075],[-97.247909685999957,29.690320195000027],[-97.304147071999978,29.673394518000066],[-97.415958192999938,29.658230671000069],[-97.533056383999963,29.658197488000042],[-97.610237153999947,29.658085827000036],[-97.658746191999967,29.650889451000069],[-97.762035220999962,29.636564646000068],[-97.797680532999948,29.618500232000031],[-97.858915298999989,29.604599424000071],[-97.926154505999989,29.60131857600004],[-97.952377058999957,29.601814206000029],[-97.969116281999959,29.603961583000057],[-98.00141227499995,29.591728325000076],[-98.022485229999972,29.565989287000036],[-98.392611097999975,29.435955213000057]]},"properties":{"objectid":587,"length":187.12,"type":"Multi-Lane Divided","admn_class":"Interstate","toll_rd":"N","rte_num1":" 10","rte_num2":" ","route":"Interstate  10","st_length(shape)":3.0896378677961329}},{"type":"Feature","id":588,"geometry":{"type":"LineString","coordinates":[[-98.392611097999975,29.435955213000057],[-98.43339126099994,29.411338058000069],[-98.470302772999958,29.396275864000074]]},"properties":{"objectid":588,"length":5.4429999999999996,"type":"Multi-Lane Divided","admn_class":"Interstate","toll_rd":"N","rte_num1":" 10","rte_num2":" 35","route":"Interstate  10","st_length(shape)":0.087500688969116072}},{"type":"Feature","id":589,"geometry":{"type":"LineString","coordinates":[[-98.520055360999947,29.394215919000032],[-98.509328479999965,29.408739820000051],[-98.515035332999958,29.440908350000029],[-98.516462176999937,29.449180258000069],[-98.523146068999949,29.485483425000041],[-98.55252780099994,29.512923195000042],[-98.585838754999941,29.556901512000024],[-98.646571043999984,29.691015446000051],[-98.693928175999986,29.752063758000077],[-98.755934565999951,29.787602149000065],[-98.75859021399998,29.820609721000039],[-98.806123792999983,29.880218548000073],[-98.862782015999983,29.932108507000066],[-98.901533836999988,29.988363800000059],[-99.033481957999982,30.062394346000076],[-99.107153290999975,30.078582635000032],[-99.180206797999972,30.106612841000072],[-99.278804461999982,30.177782851000075],[-99.391036421999956,30.215526030000035],[-99.522183423999991,30.291664978000028],[-99.552763410999944,30.310094925000044],[-99.615343381999992,30.391295511000067],[-99.664470771999959,30.421642168000062],[-99.702046985999971,30.432727209000063],[-99.70783811199999,30.443261316000076],[-99.718886282999961,30.466614379000077],[-99.738395449999985,30.498216174000049],[-99.77015788999995,30.518406897000034],[-99.804064021999977,30.534475625000027],[-99.859226927999941,30.541418128000032],[-100.00141262099999,30.480236559000048],[-100.15879113099999,30.436674865000043],[-100.21072691399996,30.44024698100003],[-100.29932191599994,30.467937989000063],[-100.41723702699994,30.516027242000064],[-100.48800884599996,30.554601563000062],[-100.54436842699994,30.570797753000079],[-100.63161243099995,30.597308941000051],[-100.71450742799999,30.605489202000058],[-100.78000745399999,30.624704994000069],[-100.85658619999998,30.634652878000054],[-100.89298733499999,30.659964758000058],[-100.92166696899994,30.658816540000032],[-101.15197520999999,30.713335286000074],[-101.19805824299999,30.701417524000078],[-101.25467801599996,30.684331202000067],[-101.33746609199994,30.676045073000068],[-101.39224608399996,30.678568518000077],[-101.56458249899998,30.712833336000074],[-101.60426448099997,30.73009399700004],[-101.70528024999999,30.728122539000026],[-101.82615597099999,30.736287526000069],[-101.91660497599997,30.75848710300005],[-101.96549534899998,30.800139490000049],[-102.01600323299999,30.840834854000036],[-102.07589542699998,30.870795962000045],[-102.16081981999997,30.899355507000053],[-102.25005476899997,30.907645849000062],[-102.55319635499995,30.866781940000067],[-102.63888447099998,30.879838966000079],[-102.75574722399995,30.899857457000053],[-102.87504388299999,30.896361713000033],[-102.88359705099998,30.897054331000049],[-102.89527042199995,30.895005974000071],[-102.94709822999994,30.898583883000072],[-103.04868705399997,30.906348574000049],[-103.19081270299995,30.927490001000024],[-103.60228546899998,30.992597631000024],[-103.65656982999997,31.000064206000047],[-103.70868732599996,31.007831530000033],[-103.94772307599999,31.047586198000033],[-104.00179464799999,31.082226029000026],[-104.05128809799999,31.099169614000061]]},"properties":{"objectid":589,"length":380.67700000000002,"type":"Multi-Lane Divided","admn_class":"Interstate","toll_rd":"N","rte_num1":" 10","rte_num2":" ","route":"Interstate  10","st_length(shape)":6.2243267759214316}},{"type":"Feature","id":590,"geometry":{"type":"LineString","coordinates":[[-98.470302772999958,29.396275864000074],[-98.478687921999949,29.395476852000058],[-98.501248292999946,29.39258155300007],[-98.520055360999947,29.394215919000032]]},"properties":{"objectid":590,"length":3.0249999999999999,"type":"Multi-Lane Divided","admn_class":"Interstate","toll_rd":"N","rte_num1":" 10","rte_num2":" 35","route":"Interstate  10","st_length(shape)":0.050046477741759264}},{"type":"Feature","id":592,"geometry":{"type":"LineString","coordinates":[[-81.064155742999958,29.143868646000044],[-81.070198106999953,29.157893229000024],[-81.07988000499995,29.182167500000048],[-81.111504974999946,29.256452971000044],[-81.131326477999949,29.307288466000045],[-81.136598798999955,29.346514321000029],[-81.138788839999961,29.384694667000076],[-81.176602070999934,29.473393957000042],[-81.216635892999989,29.571319545000051],[-81.284396537999953,29.663402391000034],[-81.315259364999974,29.687064629000076],[-81.37216355999999,29.810732942000072],[-81.41988201199996,29.921157249000032],[-81.49292393199994,30.034289874000024],[-81.505056589999981,30.110781188000033],[-81.550255810999943,30.148604953000074],[-81.565409124999974,30.174340304000054],[-81.56079307899995,30.19341177900003],[-81.590374958999973,30.26087009500003],[-81.643150309999953,30.308984104000047],[-81.656746681999948,30.312665247000041],[-81.677171262999934,30.317498296000053],[-81.688188885999978,30.319712565000032]]},"properties":{"objectid":592,"length":92.022999999999996,"type":"Multi-Lane Divided","admn_class":"Interstate","toll_rd":"N","rte_num1":" 95","rte_num2":" ","route":"Interstate  95","st_length(shape)":1.3783082234000883}},{"type":"Feature","id":593,"geometry":{"type":"LineString","coordinates":[[-99.065168025999981,29.022329803000048],[-98.980227304999971,29.078026261000048],[-98.938440081999943,29.12579633100006],[-98.918069224999954,29.127886825000076],[-98.889412238999967,29.125762095000027],[-98.771565073999966,29.229528846000051],[-98.730067537999957,29.245559651000065],[-98.648941744999945,29.287686072000042],[-98.600242039999955,29.324670796000078],[-98.57948984799998,29.345952327000077],[-98.556860478999965,29.353905578000024],[-98.536764035999965,29.366474348000054],[-98.520055360999947,29.394215919000032]]},"properties":{"objectid":593,"length":43.009999999999998,"type":"Multi-Lane Divided","admn_class":"Interstate","toll_rd":"N","rte_num1":" 35","rte_num2":" ","route":"Interstate  35","st_length(shape)":0.6781229268781136}},{"type":"Feature","id":594,"geometry":{"type":"LineString","coordinates":[[-82.09188063299996,28.852314578000062],[-82.091957004999983,28.855185122000023],[-82.093414398999982,28.868551324000066],[-82.117326821999939,28.946460001000048],[-82.180059011999958,29.072375240000042],[-82.188277194999955,29.142857898000045],[-82.188926095999989,29.192444048000027],[-82.190139625999961,29.214509316000033],[-82.193504745999974,29.260498595000058],[-82.249752138999952,29.425976780000042],[-82.293753104999951,29.507542899000043],[-82.367998546999956,29.597740140000042],[-82.384166294999943,29.628461284000025],[-82.404118420999964,29.65653468000005],[-82.451934839999979,29.726178823000055],[-82.49140403399997,29.768519087000072],[-82.508876430999976,29.795120342000075],[-82.506892857999958,29.806520353000053],[-82.579026211999974,29.939042583000059],[-82.600008572999968,29.986778417000039],[-82.654325063999977,30.108642764000024],[-82.679693827999984,30.169731106000029],[-82.68461483599998,30.180387409000048],[-82.708030576999988,30.206164369000078],[-82.795633265999982,30.259165150000058],[-82.804041063999989,30.277221137000026]]},"properties":{"objectid":594,"length":109.63200000000001,"type":"Multi-Lane Divided","admn_class":"Interstate","toll_rd":"N","rte_num1":" 75","rte_num2":" ","route":"Interstate  75","st_length(shape)":1.6379078134838729}},{"type":"Feature","id":595,"geometry":{"type":"LineString","coordinates":[[-99.065168025999981,29.022329803000048],[-99.191987089999941,29.009647791000077],[-99.227884167999946,28.964775127000053],[-99.281733997999936,28.943833849000043],[-99.506123650999939,28.946827642000073],[-99.565955273999975,28.964776707000055],[-99.66768104099998,28.952810488000068],[-99.790342292999981,28.922894150000047],[-99.838210856999979,28.949817748000044],[-99.862144875999945,28.949817748000044],[-99.886078893999979,28.934860369000035],[-100.09849495399999,28.928876996000042],[-100.15832604999997,28.892978339000024],[-100.23611042499999,28.886994966000032],[-100.45151764499997,28.734422642000027],[-100.46453358799994,28.723322327000062],[-100.50788512699995,28.687777615000073]]},"properties":{"objectid":595,"length":96.632999999999996,"type":"Paved Undivided","admn_class":"US Highway","toll_rd":"N","rte_num1":" 57","rte_num2":" ","route":"U.S. Hwy  57","st_length(shape)":1.562754866577196}},{"type":"Feature","id":596,"geometry":{"type":"LineString","coordinates":[[-81.482696893999957,28.497235629000045],[-81.467689477999954,28.507708638000054],[-81.432707814999958,28.523857425000074],[-81.397955267999976,28.524372016000029],[-81.383314438999946,28.527028718000054],[-81.383230165999976,28.550015720000033],[-81.382627087999936,28.572983234000048],[-81.378316004999988,28.671656217000077],[-81.332803920999936,28.804103655000063],[-81.316414956999949,28.840684923000026],[-81.280532100999949,28.892120336000062],[-81.257802130999949,28.960597300000074],[-81.21662483199998,29.02189579700007],[-81.165522296999939,29.092420592000053],[-81.145830363999949,29.139844090000054],[-81.100884487999963,29.130675730000064],[-81.064155742999958,29.143868646000044]]},"properties":{"objectid":596,"length":57.148000000000003,"type":"Multi-Lane Divided","admn_class":"Interstate","toll_rd":"N","rte_num1":"  4","rte_num2":" ","route":"Interstate   4","st_length(shape)":0.86338041017688127}},{"type":"Feature","id":597,"geometry":{"type":"LineString","coordinates":[[-82.09188063299996,28.852314578000062],[-82.086966998999969,28.849972846000071],[-82.084372974999951,28.849890680000044],[-82.079230749999965,28.848351646000026],[-82.076163744999974,28.84687529100006],[-82.072577407999972,28.845841369000027],[-82.069472479999945,28.845282534000035],[-82.063315293999949,28.843249452000066],[-82.060255662999964,28.841773623000051],[-82.057173382999963,28.840757082000039],[-82.054609907999975,28.839755815000046],[-82.05257261099996,28.838771403000067],[-82.04695740599999,28.836295887000063],[-82.043897773999959,28.83481953200004],[-82.016011358999947,28.817381898000065],[-82.008915583999965,28.813017617000071],[-82.003819182999962,28.810555796000074],[-81.983631092999985,28.796115642000075],[-81.964480611999988,28.781704456000057],[-81.940973751999934,28.759795620000034],[-81.903931616999955,28.726857573000075],[-81.885811371999978,28.713384450000035],[-81.847899646999963,28.677634850000061],[-81.834776782999938,28.668914716000074],[-81.832289679999974,28.666532954000047],[-81.829252696999959,28.664589412000055],[-81.825705335999942,28.662630594000063],[-81.821600194999974,28.66157191700006],[-81.806219343999942,28.657366701000058],[-81.795454012999983,28.65423701800006],[-81.791410495999969,28.651799425000036],[-81.786313568999958,28.649785304000034],[-81.777684554999951,28.645349391000025],[-81.767026144999988,28.639923273000079],[-81.760411251999983,28.636934220000057],[-81.752384788999962,28.630678540000076],[-81.745838894999963,28.626313206000077],[-81.737728685999969,28.621893621000027],[-81.727657551999982,28.615103862000069],[-81.718586105999975,28.609267967000051],[-81.713115743999936,28.604018821000068],[-81.708682990999989,28.598806545000059],[-81.705242024999961,28.594545499000048],[-81.699786937999988,28.588837066000053],[-81.693866242999945,28.582190571000069],[-81.685893503999978,28.575011577000055],[-81.680033906999938,28.566987747000042],[-81.674525621999976,28.562654015000078],[-81.66889514099995,28.561073373000056],[-81.660159205999946,28.55938317500005],[-81.650935014999959,28.557213149000063],[-81.625887541999987,28.549414223000042],[-81.624460696999961,28.546602669000038],[-81.619364295999958,28.544579594000027],[-81.615831682999954,28.542612876000078],[-81.613283481999986,28.541600022000068],[-81.610720006999941,28.541046981000079],[-81.607164745999967,28.539538497000024],[-81.604601270999979,28.538985456000034],[-81.600488754999958,28.537915191000025],[-81.59792527999997,28.537362150000035],[-81.589654952999979,28.537060875000066],[-81.587045653999951,28.537425355000039],[-81.583421394999959,28.537293679000072],[-81.580339114999958,28.53672167700006],[-81.576173401999938,28.537028746000033],[-81.57303002499998,28.537833552000052],[-81.56882638899998,28.539058142000044],[-81.565156832999946,28.539841879000051],[-81.562013454999942,28.54064668500007],[-81.558343371999968,28.541430949000073],[-81.555223169999977,28.541775941000026],[-81.552095065999936,28.542121460000033],[-81.548989611999957,28.542006638000032],[-81.546441410999989,28.540992204000077],[-81.541855913999939,28.539443690000041],[-81.537805022999976,28.537455904000069],[-81.534730116999981,28.536420401000044],[-81.531136406999963,28.535827331000064],[-81.526589358999956,28.533361297000056],[-81.524567863999948,28.532365823000077],[-81.522080234999976,28.529974054000036],[-81.519577856999945,28.528042099000061],[-81.515099281999937,28.524196623000023],[-81.512085999999954,28.522245706000035],[-81.509583095999972,28.52031375100006],[-81.506630912999981,28.516985500000033],[-81.502106513999934,28.514058072000068],[-81.499176451999972,28.510267900000031],[-81.495751286999962,28.506001586000025],[-81.49324838299998,28.50406963100005],[-81.491768340999954,28.502634886000067],[-81.489220139999986,28.501618344000065],[-81.486733036999965,28.499686389000033],[-81.484184836999987,28.498671954000031],[-81.482696893999957,28.497235629000045]]},"properties":{"objectid":597,"length":46.064,"type":"Multi-Lane Divided","admn_class":"Interstate","toll_rd":"Y","rte_num1":" ","rte_num2":" ","route":" ","st_length(shape)":0.72856501531928175}},{"type":"Feature","id":598,"geometry":{"type":"LineString","coordinates":[[-81.064155742999958,29.143868646000044],[-81.058502086999965,29.122512850000078],[-81.026305641999954,29.089955085000042],[-81.016692741999975,29.055108784000026],[-80.978300660999935,29.012623676000032],[-80.917974988999958,28.847882352000056],[-80.868269276999968,28.664175421000039],[-80.852873151999972,28.613849777000041],[-80.852103635999981,28.552650300000039],[-80.852195282999958,28.522757664000039],[-80.836631138999962,28.494943934000048],[-80.806341893999956,28.424612966000041]]},"properties":{"objectid":598,"length":52.722999999999999,"type":"Multi-Lane Divided","admn_class":"Interstate","toll_rd":"N","rte_num1":" 95","rte_num2":" ","route":"Interstate  95","st_length(shape)":0.77921549877471386}},{"type":"Feature","id":599,"geometry":{"type":"LineString","coordinates":[[-81.498978410999939,28.394366384000023],[-81.490929298999959,28.433160341000075],[-81.49333265599995,28.480619128000058],[-81.482696893999957,28.497235629000045]]},"properties":{"objectid":599,"length":7.2859999999999996,"type":"Multi-Lane Divided","admn_class":"Interstate","toll_rd":"N","rte_num1":"  4","rte_num2":" ","route":"Interstate   4","st_length(shape)":0.1068686406491707}},{"type":"Feature","id":600,"geometry":{"type":"LineString","coordinates":[[-82.328733187999944,27.998507799000038],[-82.270984685999963,28.014259977000052],[-82.175393454999949,28.02236070500004],[-82.125968476999958,28.034613452000031],[-82.042065365999974,28.045725355000059],[-81.971216646999949,28.076539199000024],[-81.902191908999953,28.136358708000046],[-81.859222758999977,28.151923904000057],[-81.800872231999961,28.15313532700003],[-81.765585605999945,28.169391034000057],[-81.650340891999974,28.229714600000079],[-81.617648289999977,28.255676434000065],[-81.560411216999967,28.319829674000061],[-81.498978410999939,28.394366384000023]]},"properties":{"objectid":600,"length":60.335000000000001,"type":"Multi-Lane Divided","admn_class":"Interstate","toll_rd":"N","rte_num1":"  4","rte_num2":" ","route":"Interstate   4","st_length(shape)":0.95725352941520325}},{"type":"Feature","id":601,"geometry":{"type":"LineString","coordinates":[[-82.328733187999944,27.998507799000038],[-82.342442275999986,28.045400905000065],[-82.400731704999941,28.113381186000026],[-82.418935695999949,28.152098771000055],[-82.342286897999941,28.229442820000031],[-82.304695408999976,28.322615946000042],[-82.314905065999938,28.379484851000029],[-82.275460100999965,28.436697168000023],[-82.253029825999988,28.521986567000056],[-82.253457510999965,28.564748196000039],[-82.185409284999935,28.633905137000056],[-82.16429840699999,28.669092742000032],[-82.100127258999976,28.756218237000041],[-82.090285241999936,28.794037789000072],[-82.09188063299996,28.852314578000062]]},"properties":{"objectid":601,"length":66.353999999999999,"type":"Multi-Lane Divided","admn_class":"Interstate","toll_rd":"N","rte_num1":" 75","rte_num2":" ","route":"Interstate  75","st_length(shape)":0.9924144005011083}},{"type":"Feature","id":602,"geometry":{"type":"LineString","coordinates":[[-82.449554131999946,27.960614508000049],[-82.377249072999973,27.981530505000023],[-82.355192232999968,27.993308164000041],[-82.328733187999944,27.998507799000038]]},"properties":{"objectid":602,"length":7.9009999999999998,"type":"Multi-Lane Divided","admn_class":"Interstate","toll_rd":"N","rte_num1":"  4","rte_num2":" ","route":"Interstate   4","st_length(shape)":0.12723897947164561}},{"type":"Feature","id":603,"geometry":{"type":"LineString","coordinates":[[-97.622236555999962,27.884049983000068],[-97.628553859999954,27.89398311900004],[-97.676749507999943,27.974213514000041],[-97.752815769999984,28.036130363000041],[-97.813005025999985,28.098574445000054],[-97.861589908999974,28.154300926000076],[-97.922726180999973,28.24795124700006],[-98.020857710999962,28.334417306000034],[-98.050887816999989,28.398865501000046],[-98.105080531999988,28.449938014000054],[-98.142633043999979,28.483682446000046],[-98.175463642999944,28.521469343000035],[-98.195559559999992,28.574647623000033],[-98.250355351999985,28.655946703000041],[-98.283750578999957,28.747881545000041],[-98.315459295999972,28.772260102000075],[-98.350280840999972,28.797596211000041],[-98.392663767999977,28.863890508000054],[-98.41169152599997,28.902274162000026],[-98.442225162999989,28.938981312000067],[-98.440844141999946,28.985316110000042],[-98.436434563999967,29.109604355000045],[-98.419138086999965,29.196974768000075],[-98.41365297699997,29.320723140000041],[-98.411356541999965,29.331695466000042],[-98.421885381999971,29.355693216000077],[-98.466404099999977,29.380632715000047],[-98.470302772999958,29.396275864000074]]},"properties":{"objectid":603,"length":122.613,"type":"Multi-Lane Divided","admn_class":"Interstate","toll_rd":"N","rte_num1":" 37","rte_num2":" ","route":"Interstate  37","st_length(shape)":1.846106554903264}},{"type":"Feature","id":604,"geometry":{"type":"LineString","coordinates":[[-97.402895899999976,27.791095967000047],[-97.47667310099996,27.797022982000044],[-97.531712231999961,27.811670132000074],[-97.609846338999944,27.86456346500006],[-97.622236555999962,27.884049983000068]]},"properties":{"objectid":604,"length":15.640000000000001,"type":"Multi-Lane Divided","admn_class":"Interstate","toll_rd":"N","rte_num1":" 37","rte_num2":" ","route":"Interstate  37","st_length(shape)":0.24841550896778486}},{"type":"Feature","id":605,"geometry":{"type":"LineString","coordinates":[[-82.660420098999964,27.779996178000033],[-82.660748235999961,27.893275754000058],[-82.644680034999965,27.903479617000073],[-82.525216410999974,27.94572981500005],[-82.502373199999965,27.951529894000032],[-82.49179116199997,27.959517908000066],[-82.449554131999946,27.960614508000049]]},"properties":{"objectid":605,"length":21.765000000000001,"type":"Multi-Lane Divided","admn_class":"Interstate","toll_rd":"N","rte_num1":"275","rte_num2":" ","route":"Interstate 275","st_length(shape)":0.33810699158037927}},{"type":"Feature","id":606,"geometry":{"type":"LineString","coordinates":[[-82.578142926999988,27.572409479000044],[-82.585085429999936,27.578026265000062],[-82.590121259999989,27.580469651000044],[-82.610240351999948,27.58860566900006],[-82.630397365999954,27.601874431000056],[-82.645358958999964,27.618664218000049],[-82.653926874999968,27.636498988000028],[-82.663166339999975,27.696274780000067],[-82.665493850999951,27.703218863000075],[-82.668743622999955,27.713899921000063],[-82.671040585999947,27.722251888000073],[-82.672405805999972,27.727353557000072],[-82.673764178999988,27.732917145000044],[-82.673031531999982,27.739806452000039],[-82.672337333999963,27.74531421000006],[-82.672551176999946,27.754530500000044],[-82.672848764999969,27.760986328000058],[-82.673260648999985,27.76422135200005],[-82.674130238999965,27.768850039000029],[-82.660420098999964,27.779996178000033]]},"properties":{"objectid":606,"length":16.98,"type":"Multi-Lane Divided","admn_class":"Interstate","toll_rd":"Y","rte_num1":"275","rte_num2":" ","route":"Interstate 275","st_length(shape)":0.25508162489557124}},{"type":"Feature","id":607,"geometry":{"type":"LineString","coordinates":[[-82.578142926999988,27.572409479000044],[-82.572809507999978,27.549577328000055],[-82.572397624999951,27.54680053800007],[-82.572741035999968,27.536673047000079],[-82.572305977999974,27.534355543000061],[-82.572916428999974,27.531607195000049],[-82.573008075999951,27.528843571000039],[-82.572092661999989,27.525593799000035],[-82.57009381499995,27.524155367000048],[-82.567011535999939,27.524531435000029],[-82.56448598299994,27.523539648000053],[-82.558367246999978,27.522908129000029],[-82.556329950999952,27.522389851000071],[-82.55374330099994,27.523240480000027],[-82.551698629999976,27.523183069000027],[-82.549165703999961,27.52218917600004],[-82.547151582999959,27.521212664000075],[-82.541994083999953,27.522450948000028],[-82.538927078999961,27.522365096000044],[-82.535310719999984,27.523185176000027],[-82.527642942999989,27.522969753000041],[-82.524537487999964,27.523803001000033],[-82.522485443999983,27.524205404000043],[-82.516847062999943,27.524047392000057],[-82.51323860499997,27.524867473000029],[-82.511148110999954,27.526191083000072],[-82.508012106999956,27.527943959000027],[-82.505936887999951,27.528807756000049],[-82.50334286399999,27.529654698000058],[-82.501237095999954,27.531440229000054],[-82.498627797999973,27.532748565000077],[-82.496049047999975,27.533135694000066],[-82.493462397999963,27.533984216000079],[-82.491371904999937,27.535306246000061],[-82.488251701999957,27.536599308000064],[-82.485710874999938,27.536066809000033]]},"properties":{"objectid":607,"length":8.9440000000000008,"type":"Multi-Lane Divided","admn_class":"Interstate","toll_rd":"N","rte_num1":"275","rte_num2":" ","route":"Interstate 275","st_length(shape)":0.13886317712059329}},{"type":"Feature","id":609,"geometry":{"type":"LineString","coordinates":[[-80.806341893999956,28.424612966000041],[-80.791052689999958,28.382988495000063],[-80.777647511999987,28.35432834900007],[-80.710256613999945,28.219685603000073],[-80.704924775999984,28.07670827100003],[-80.637548624999965,28.028513150000038],[-80.627912550999952,28.007804149000037],[-80.594266611999956,27.938994833000038],[-80.578450702999987,27.87421639400003],[-80.543187251999939,27.826025486000049],[-80.533002350999936,27.736125834000063],[-80.488614255999948,27.634902544000056],[-80.402163470999938,27.449941528000068],[-80.374949130999937,27.425549275000037],[-80.367715885999985,27.409508990000063],[-80.362794877999988,27.380657650000046],[-80.386538228999939,27.360121935000052]]},"properties":{"objectid":609,"length":80.555999999999997,"type":"Multi-Lane Divided","admn_class":"Interstate","toll_rd":"N","rte_num1":" 95","rte_num2":" ","route":"Interstate  95","st_length(shape)":1.1982699954297293}},{"type":"Feature","id":610,"geometry":{"type":"LineString","coordinates":[[-80.153117158999976,26.903256121000027],[-80.157977069999959,26.915060115000074],[-80.162417195999979,26.925453065000056],[-80.168986264999944,26.934569808000049],[-80.172312935999969,26.938435826000045],[-80.174762115999954,26.939946417000044],[-80.180118182999934,26.943915668000045],[-80.185382602999937,26.949269102000073],[-80.186770998999975,26.951649810000049],[-80.188121470999988,26.95449138500004],[-80.190516926999976,26.956921077000061],[-80.191387043999953,26.959277030000067],[-80.19510242399997,26.965011798000035],[-80.197925564999935,26.968851480000069],[-80.200382118999983,26.970359965000057],[-80.202778100999979,26.972793870000032],[-80.204159122999954,26.975171945000056],[-80.206585127999972,26.977143930000068],[-80.209492014999967,26.979601010000067],[-80.211918019999985,26.981572995000079],[-80.214794357999949,26.984490943000026],[-80.220455913999956,26.991706280000074],[-80.222919840999964,26.993218451000075],[-80.225399569999979,26.994265541000061],[-80.23031320399997,26.997286723000059],[-80.233220090999964,26.999741697000047],[-80.236996568999984,27.004553677000047],[-80.238889020999977,27.006958614000041],[-80.242642849999982,27.01222830100005],[-80.245007756999939,27.015119913000035],[-80.246854385999939,27.018448165000052],[-80.250203705999979,27.021848574000046],[-80.252576513999941,27.024738080000077],[-80.256299793999972,27.030469688000039],[-80.258191718999967,27.032874624000044],[-80.25906921099994,27.035228471000039],[-80.260938487999965,27.038094801000057],[-80.261785429999975,27.040906355000061],[-80.263151176999941,27.043747930000052],[-80.26504362999998,27.046153393000054],[-80.265882670999986,27.048966527000061],[-80.266760161999969,27.051319846000069],[-80.270544539999946,27.056128140000055],[-80.271398855999962,27.058943380000073],[-80.272238424999955,27.061756513000034],[-80.273573622999947,27.065056322000032],[-80.274451113999987,27.06740964200003],[-80.274809273999949,27.069736626000065],[-80.275664116999963,27.072551866000026],[-80.276541607999945,27.074905186000024],[-80.277899453999964,27.077743601000066],[-80.278754296999978,27.080558841000027],[-80.278441433999944,27.085624167000049],[-80.278814867999984,27.087951151000027],[-80.279654435999987,27.090764284000045],[-80.281073380999942,27.092683072000057],[-80.283423539999944,27.096034498000051],[-80.284720288999949,27.099793595000051],[-80.286559016999945,27.103118159000076],[-80.289267862999964,27.108796043000041],[-80.29006898199998,27.112530384000024],[-80.290923297999939,27.115343517000042],[-80.291739690999975,27.11861646400007],[-80.29403612599998,27.122888571000033],[-80.296187717999942,27.129461328000048],[-80.297515541999985,27.132759030000045],[-80.299384818999954,27.13562378000006],[-80.301223547999939,27.138946238000074],[-80.302039940999975,27.142220765000047],[-80.304420122999943,27.145108691000075],[-80.306968849999976,27.153548091000062],[-80.308670107999944,27.159174884000038],[-80.311561720999975,27.162089145000039],[-80.312920093999935,27.164927033000026],[-80.314796744999967,27.167790204000028],[-80.317650434999962,27.171163752000041],[-80.318527398999947,27.173515491000046],[-80.320511497999973,27.174536246000059],[-80.322945403999938,27.176504544000068],[-80.323822367999981,27.178857864000065],[-80.325203389999956,27.18123225100004],[-80.327667843999961,27.182739155000036],[-80.329056765999951,27.185117757000057],[-80.330979240999966,27.187059193000039],[-80.331864105999955,27.189410932000044],[-80.334275362999961,27.191839044000062],[-80.335656383999947,27.194215539000027],[-80.337495112999989,27.197537996000051],[-80.338356802999954,27.200351129000069],[-80.339234293999937,27.202702869000063],[-80.341759845999945,27.211599976000059],[-80.344743104999964,27.221443573000045],[-80.346536009999966,27.225687238000035],[-80.349313327999937,27.230440227000031],[-80.351136781999969,27.234222498000065],[-80.351502841999945,27.236549482000044],[-80.352784842999938,27.240766286000053],[-80.353639158999954,27.243579419000071],[-80.35643965099996,27.247871014000054],[-80.356805711999982,27.250197999000079],[-80.358224655999948,27.252112573000034],[-80.361810465999952,27.260598323000067],[-80.362687956999935,27.262950062000073],[-80.363572821999981,27.265301802000067],[-80.36487799799994,27.269057211000074],[-80.366273766999939,27.271435286000042],[-80.368921514999954,27.278488397000046],[-80.370248812999989,27.281786099000044],[-80.371126303999972,27.284136259000036],[-80.371507637999969,27.286462716000074],[-80.372354580999968,27.289272163000078],[-80.372217636999949,27.29157439200003],[-80.373094601999981,27.293926131000035],[-80.373415364999971,27.297172217000025],[-80.373277894999944,27.299474446000033],[-80.374399250999943,27.306453292000072],[-80.37510924999998,27.31156444100003],[-80.375429486999963,27.314812633000031],[-80.376718860999972,27.319029436000051],[-80.377519979999988,27.322760090000031],[-80.377184468999985,27.32828364900007],[-80.377550528999961,27.330606946000046],[-80.377870765999944,27.333855138000047],[-80.378214177999951,27.336641410000027],[-80.378077233999988,27.338941532000035],[-80.378878352999948,27.342674293000073],[-80.37924441399997,27.34499917100004],[-80.380083454999976,27.348272118000068],[-80.382464162999952,27.351155830000039],[-80.38487489399995,27.353580254000065],[-80.386271189999945,27.355956749000029],[-80.386538228999939,27.360121935000052]]},"properties":{"objectid":610,"length":35.460999999999999,"type":"Multi-Lane Divided","admn_class":"Interstate","toll_rd":"Y","rte_num1":" ","rte_num2":" ","route":" ","st_length(shape)":0.52970242066995432}},{"type":"Feature","id":611,"geometry":{"type":"LineString","coordinates":[[-82.485710874999938,27.536066809000033],[-82.485093049999989,27.529752138000049],[-82.481400318999988,27.49861226400003],[-82.437942911999983,27.353987398000072],[-82.433449061999966,27.322500424000054],[-82.439736343999982,27.275184374000048],[-82.441987482999934,27.169157531000053],[-82.432389330999968,27.137966039000048],[-82.396683447999976,27.096311019000041],[-82.336867625999957,27.074218889000065],[-82.201847231999977,27.07513588300003],[-82.106905429999983,27.05410611800005],[-82.069368191999956,27.024728599000071],[-82.029000439999948,26.966467085000033],[-82.008064954999952,26.941912608000052],[-81.941680590999965,26.849626981000029],[-81.881369138999958,26.736689763000072],[-81.847234944999968,26.689372133000063],[-81.829137347999961,26.664167174000056],[-81.82555943899996,26.640935254000055],[-81.818975621999982,26.533464185000071],[-81.800268100999972,26.49720157400003],[-81.792715671999986,26.42525678100003],[-81.754743901999973,26.355903905000048],[-81.748076338999965,26.264524211000037],[-81.716696813999988,26.150463531000071]]},"properties":{"objectid":611,"length":117.98699999999999,"type":"Multi-Lane Divided","admn_class":"Interstate","toll_rd":"N","rte_num1":" 75","rte_num2":" ","route":"Interstate  75","st_length(shape)":1.7730478630179831}},{"type":"Feature","id":612,"geometry":{"type":"LineString","coordinates":[[-81.716696813999988,26.150463531000071],[-81.70978433199997,26.146969368000043],[-81.343060454999943,26.151859300000069],[-80.734829525999942,26.135343927000065],[-80.448605715999975,26.149079349000033]]},"properties":{"objectid":612,"length":79.581000000000003,"type":"Multi-Lane Divided","admn_class":"Interstate","toll_rd":"Y","rte_num1":" 75","rte_num2":" ","route":"Interstate  75","st_length(shape)":1.2695102009285504}},{"type":"Feature","id":614,"geometry":{"type":"LineString","coordinates":[[-80.227278854999952,25.997175942000069],[-80.222220375999939,26.097466437000037]]},"properties":{"objectid":614,"length":6.8499999999999996,"type":"Multi-Lane Divided","admn_class":"Interstate","toll_rd":"Y","rte_num1":" ","rte_num2":" ","route":" ","st_length(shape)":0.1004179844307705}},{"type":"Feature","id":615,"geometry":{"type":"LineString","coordinates":[[-80.153117158999976,26.903256121000027],[-80.103707455999938,26.863276024000072],[-80.102387531999966,26.803108363000035],[-80.10315862899995,26.790665475000026],[-80.092347473999951,26.760512647000041],[-80.09298847499997,26.725864914000056],[-80.089204096999936,26.680809484000065],[-80.091622727999948,26.625890969000068],[-80.089204096999936,26.575340421000078],[-80.100923290999958,26.468597785000043],[-80.139621387999966,26.268301216000054],[-80.171261631999982,26.13932529300007],[-80.169812138999987,26.088753677000057],[-80.16501332699994,25.969411722000075],[-80.19103836499994,25.938771164000059],[-80.208380665999982,25.935028922000072]]},"properties":{"objectid":615,"length":69.537999999999997,"type":"Multi-Lane Divided","admn_class":"Interstate","toll_rd":"N","rte_num1":" 95","rte_num2":" ","route":"Interstate  95","st_length(shape)":1.0258464420770894}},{"type":"Feature","id":616,"geometry":{"type":"LineString","coordinates":[[-80.208380665999982,25.935028922000072],[-80.212920339999982,25.934798225000065],[-80.215811951999967,25.936801286000048],[-80.219725899999958,25.938855437000029],[-80.222144530999969,25.940369715000031],[-80.223479728999962,25.943219191000026],[-80.226356066999983,25.945685225000034],[-80.227713912999945,25.948071201000062],[-80.228576129999965,25.950432421000073],[-80.229896053999937,25.953743291000023],[-80.231643134999956,25.958004337000034],[-80.232513252999979,25.960367664000046],[-80.233405491999974,25.962266964000037],[-80.233665156999962,25.966451638000024],[-80.233184274999985,25.974305868000044],[-80.232986233999952,25.977540366000028],[-80.232848763999982,25.97985049600004],[-80.231681057999936,25.982571982000024],[-80.231032683999956,25.984855250000066],[-80.228446033999944,25.994456035000042],[-80.227278854999952,25.997175942000069]]},"properties":{"objectid":616,"length":5.0899999999999999,"type":"Multi-Lane Divided","admn_class":"Interstate","toll_rd":"Y","rte_num1":" ","rte_num2":" ","route":" ","st_length(shape)":0.076172224692971524}},{"type":"Feature","id":617,"geometry":{"type":"LineString","coordinates":[[-97.503160586999968,25.884113368000044],[-97.523959654999942,25.930117922000079],[-97.537152570999979,26.019162204000054],[-97.662484219999953,26.187356608000073],[-97.79440916599998,26.332466570000065],[-97.777922234999949,26.490766287000042],[-97.797705814999972,27.255877463000047],[-97.863671447999991,27.490028020000068],[-97.784515005999992,27.58896435500003],[-97.672384700999942,27.767050813000026],[-97.622236555999962,27.884049983000068]]},"properties":{"objectid":617,"length":147.06399999999999,"type":"Paved Divided","admn_class":"US Highway","toll_rd":"N","rte_num1":" 77","rte_num2":" ","route":"U.S. Hwy  77","st_length(shape)":2.1786082937142139}},{"type":"Feature","id":618,"geometry":{"type":"LineString","coordinates":[[-80.208380665999982,25.935028922000072],[-80.204672660999961,25.813371570000072],[-80.20358975399995,25.789665615000047],[-80.202765459999966,25.761796581000056]]},"properties":{"objectid":618,"length":11.817,"type":"Multi-Lane Divided","admn_class":"Interstate","toll_rd":"N","rte_num1":" 95","rte_num2":" ","route":"Interstate  95","st_length(shape)":0.17332574490322236}},{"type":"Feature","id":619,"geometry":{"type":"LineString","coordinates":[[-80.468574696999951,25.452717445000076],[-80.465111081999964,25.452082239000049],[-80.46212044899994,25.451935288000072],[-80.458099580999942,25.452202328000055],[-80.455085771999961,25.452516771000035],[-80.451583708999976,25.452343485000029],[-80.443557244999965,25.452877564000062],[-80.440001983999935,25.453628646000027],[-80.43690442999997,25.455334118000053],[-80.433272795999983,25.457473595000067],[-80.430709320999938,25.45873821400005],[-80.429045985999949,25.461442847000058],[-80.426421412999957,25.463634468000066],[-80.424239272999955,25.46677363200007],[-80.420561815999974,25.469840637000061],[-80.419425185999955,25.472106523000036],[-80.41726569399998,25.474782187000073],[-80.41663996799997,25.477072828000075],[-80.413901099999975,25.481114239000078],[-80.413260098999956,25.483403300000077],[-80.411582015999954,25.486567219000051],[-80.409941328999935,25.488806244000045],[-80.408293267999966,25.491510876000063],[-80.405584948999945,25.495087205000061],[-80.404394594999985,25.498277986000062],[-80.403234789999942,25.501005267000039],[-80.399939193999955,25.505945236000059],[-80.397787602999983,25.50862300600005],[-80.396688894999954,25.510425392000059],[-80.393445969999959,25.514439940000045],[-80.390310492999959,25.516604699000027],[-80.387212938999937,25.518305958000042],[-80.384611013999972,25.520032498000035],[-80.382055439999988,25.520833090000053],[-80.379392417999952,25.523484525000072],[-80.371579796999981,25.528662565000047],[-80.369947009999976,25.530901590000042],[-80.367315063999968,25.533089524000047],[-80.365178746999959,25.535303793000026],[-80.362439351999967,25.539343097000028],[-80.357541518999938,25.54605859000003],[-80.357899678999956,25.548397162000072],[-80.35876979599999,25.550758382000026],[-80.359135855999966,25.553098534000071],[-80.359883250999985,25.557311650000031],[-80.360204014999965,25.560577224000042],[-80.362813312999947,25.56720475700007],[-80.364163785999949,25.570056340000065],[-80.366543966999984,25.572032012000022],[-80.368993146999969,25.573083316000066],[-80.371625093999967,25.639559327000029],[-80.375347846999944,25.687525858000072],[-80.36085133499995,25.763792268000032],[-80.357227075999958,25.782622511000056],[-80.361835220999978,25.841275367000037],[-80.365756542999975,25.877168231000041],[-80.365733893999959,25.894782312000075],[-80.36802242899995,25.898604086000034],[-80.36835846699995,25.901402472000029],[-80.36757999699995,25.905999029000043],[-80.367930781999974,25.90879688800004],[-80.368709252999963,25.91254281700003],[-80.369525645999943,25.915831038000078],[-80.369807959999946,25.919552212000042],[-80.370166646999962,25.921888150000029],[-80.370425785999942,25.92607124400007],[-80.369968078999989,25.933927055000026],[-80.368724526999983,25.938037463000057],[-80.368563881999989,25.940810567000028],[-80.367900232999943,25.943558916000029],[-80.367122289999941,25.948153367000032],[-80.366397542999948,25.951825030000066],[-80.365763915999935,25.954111984000065],[-80.365634346999968,25.956421587000023],[-80.363994185999957,25.958659032000071],[-80.361758321999957,25.962253796000027],[-80.360598516999971,25.964977389000069],[-80.358432177999987,25.967649892000054],[-80.354105819999972,25.972532451000063],[-80.351962128999958,25.974740927000028],[-80.349795262999976,25.977415010000072],[-80.347674220999977,25.979162092000024],[-80.345057021999935,25.980884418000073],[-80.339243247999946,25.98569271100007],[-80.336153593999938,25.986928362000072],[-80.33352112099999,25.988648582000053],[-80.329935310999986,25.989860004000036],[-80.325838069999975,25.991044565000038],[-80.323297769999954,25.991381656000044],[-80.319200528999943,25.992564636000054],[-80.315683189999959,25.992387137000037],[-80.313119714999971,25.993186149000053],[-80.309571827999946,25.993470570000056],[-80.306535370999939,25.993781326000033],[-80.297501847999968,25.993325199000026],[-80.29446539099996,25.993638062000059],[-80.291451582999969,25.993485317000022],[-80.286370455999986,25.994155287000069],[-80.283867552999936,25.994029404000059],[-80.280815821999965,25.994338053000035],[-80.277779364999958,25.994647229000066],[-80.275246438999943,25.994982741000058],[-80.272171532999948,25.995753311000044],[-80.269135076999987,25.996064067000077],[-80.266571601999942,25.996859392000033],[-80.264030774999981,25.997195430000033],[-80.261520496999935,25.99706744100007],[-80.258987570999977,25.997402952000073],[-80.255973762999986,25.997248627000033],[-80.252929932999962,25.997557803000063],[-80.247909376999985,25.997301824000033],[-80.244872920999967,25.997611000000063],[-80.234359354999981,25.996611314000063],[-80.231322898999963,25.996918383000036],[-80.227278854999952,25.997175942000069]]},"properties":{"objectid":619,"length":48.423999999999999,"type":"Multi-Lane Divided","admn_class":"Interstate","toll_rd":"Y","rte_num1":" ","rte_num2":" ","route":" ","st_length(shape)":0.72773171066114328}},{"type":"Feature","id":620,"geometry":{"type":"LineString","coordinates":[[-90.232099412999958,38.609140655000033],[-90.260985515999948,38.611685169000054],[-90.298584377999987,38.602835465000055],[-90.361773220999964,38.568420010000068],[-90.406323013999952,38.553596414000026],[-90.426259338999955,38.547557737000034],[-90.588641548999988,38.506344096000078],[-90.689230686999963,38.507682981000073],[-90.753617783999971,38.489364168000066],[-90.810718965999968,38.493304451000029],[-90.851637125999957,38.480170526000052],[-90.875830809999968,38.453158441000028],[-90.925836216999983,38.425848768000037],[-90.952646573999971,38.38519132700003],[-90.986827644999948,38.362573546000078],[-91.005153304999965,38.340139057000044],[-91.111486690999982,38.292099314000041],[-91.160429206999936,38.226173184000061],[-91.262367236999978,38.152219537000065],[-91.414365977999978,38.077406834000044],[-91.458191024999962,38.054044817000033],[-91.518801117999942,38.04717025900004],[-91.629337085999964,38.008572236000077],[-91.673694631999979,37.987392360000058],[-91.76373069999994,37.971252001000039],[-91.823134110999945,37.936209766000047],[-91.850829859999976,37.944293113000072],[-91.936037092999982,37.943071684000074],[-92.010333098999979,37.895311621000076],[-92.026117931999977,37.861425505000057],[-92.074688066999954,37.84815042300005],[-92.102047250999988,37.828966760000071],[-92.152402389999963,37.817438760000073],[-92.235022973999946,37.797934333000057],[-92.342904873999942,37.773283995000043],[-92.414515734999952,37.772963232000052],[-92.462383771999953,37.76092748800005],[-92.554739450999989,37.754106653000065],[-92.642173068999966,37.668788284000073],[-92.657233681999969,37.655315161000033],[-92.734329125999977,37.585290210000039],[-92.804772808999985,37.562996878000035],[-92.856683308999948,37.47812146900003],[-92.896546477999948,37.372685062000073],[-92.933404792999966,37.329919220000079],[-92.974519940999983,37.304696354000043],[-93.019985147999989,37.298390637000068],[-93.054317909999952,37.277421443000037],[-93.116049885999985,37.272408788000064],[-93.174774900999978,37.253392617000031],[-93.240962276999937,37.246376902000065],[-93.317335081999943,37.24626313400006],[-93.344962357999975,37.243574303000059],[-93.366378724999947,37.232458713000028],[-93.403901214999962,37.209483825000063],[-93.505474764999974,37.184850341000072],[-93.628412536999974,37.180719918000079],[-93.683590717999948,37.163382884000043],[-93.764754434999986,37.116982775000054],[-93.819657148999966,37.088739780000026],[-93.866747241999974,37.08480002400006],[-93.88575235199994,37.074131080000029],[-94.309577410999964,37.080650112000058],[-94.352959498999951,37.08163821100004],[-94.480578101999981,37.037853721000033],[-94.523051095999961,37.031643865000035],[-94.564410107999947,37.007124150000038],[-94.616450704999977,37.001509997000028],[-94.62037939999999,36.998405069000057]]},"properties":{"objectid":620,"length":281.48899999999998,"type":"Multi-Lane Divided","admn_class":"Interstate","toll_rd":"N","rte_num1":" 44","rte_num2":" ","route":"Interstate  44","st_length(shape)":4.9164523103022439}},{"type":"Feature","id":621,"geometry":{"type":"LineString","coordinates":[[-94.62037939999999,36.998405069000057],[-94.622073284999942,36.997065658000054],[-94.691891240999951,36.941823219000071],[-94.810593775999962,36.89865866100007],[-94.83336851599995,36.882282864000047],[-94.84632441399998,36.859010388000058],[-94.886306091999984,36.763477622000039],[-94.911927147999961,36.732846545000029],[-94.988605441999937,36.696033527000054],[-95.073599359999946,36.670500957000058],[-95.125190676999978,36.636350435000054],[-95.180268783999963,36.601318734000074],[-95.218348527999979,36.56200281200006],[-95.273663125999974,36.51283012600004],[-95.363226212999962,36.464088812000057],[-95.440330084999971,36.373073071000078],[-95.49714789899997,36.34119475500006],[-95.573650272999942,36.313683881000031],[-95.645567150999966,36.236807019000025],[-95.705414573999974,36.19854977500006],[-95.736215250999976,36.164549890000046],[-95.756746752999959,36.158606547000034],[-95.847396959999969,36.15869977400007],[-95.885805367999978,36.134151617000043],[-95.894266362999986,36.12536248400005]]},"properties":{"objectid":621,"length":96.986000000000004,"type":"Multi-Lane Divided","admn_class":"Interstate","toll_rd":"Y","rte_num1":" 44","rte_num2":" ","route":"Interstate  44","st_length(shape)":1.6050587201418161}},{"type":"Feature","id":622,"geometry":{"type":"LineString","coordinates":[[-83.226634686999944,37.276553959000069],[-83.215991024999937,37.27917853200006],[-83.214831745999959,37.292750676000026],[-83.210406367999951,37.297065446000033],[-83.202585845999977,37.30029625700007],[-83.189188041999955,37.300964119000071],[-83.175042315999974,37.303402238000047],[-83.169526130999941,37.30675155800003],[-83.161079883999946,37.317218774000025],[-83.153366282999968,37.325897298000029],[-83.14892563099994,37.330207855000026],[-83.138869771999964,37.332413170000052],[-83.126814538999952,37.330864656000074],[-83.119032467999943,37.333637760000045],[-83.112196358999938,37.338726787000041],[-83.103063287999987,37.343700993000027],[-83.091344092999975,37.344899247000058],[-83.087109908999935,37.346947605000025],[-83.077618150999967,37.349168194000072],[-83.070499727999959,37.344243499000072],[-83.061168615999975,37.344655383000031],[-83.052920936999953,37.346040091000077],[-83.041094820999945,37.34177167100006],[-83.034434104999946,37.33823589800005],[-83.028581881999969,37.338823174000026],[-83.021409734999963,37.341169120000075],[-83.015886175999981,37.344511066000052],[-83.003335313999969,37.342012902000079],[-82.989204861999951,37.337618599000052],[-82.973014992999936,37.33674532200007],[-82.963523761999966,37.338961698000048],[-82.95831306599996,37.34549600500003],[-82.953620647999969,37.352511720000052],[-82.949226344999943,37.356360356000039],[-82.939070938999976,37.359450536000054],[-82.929091451999966,37.360720950000029],[-82.91935635699997,37.365646172000027],[-82.91001787099998,37.372867302000031],[-82.892210488999979,37.383709006000061],[-82.881574726999986,37.392219511000064],[-82.880476546999944,37.398063834000027],[-82.881033273999947,37.404907316000049],[-82.884245649999968,37.414638198000034],[-82.883803217999969,37.419605030000071],[-82.878736838999941,37.424335370000051],[-82.870214745999988,37.43523027100008],[-82.86282928299994,37.43982314200008],[-82.852056578999964,37.443325206000054],[-82.847684923999964,37.446724035000045],[-82.842420503999961,37.45370867500003],[-82.835240982999949,37.462406161000047],[-82.824567298999966,37.47135909900004],[-82.819867506999969,37.478370601000051],[-82.81905111399999,37.487415185000032],[-82.823163628999964,37.493556570000067],[-82.828954754999984,37.500236247000032],[-82.83409697899998,37.507796576000032],[-82.837705963999952,37.512988311000072],[-82.840025047999973,37.519477321000068],[-82.835485373999973,37.524688017000074],[-82.83008401099994,37.526656315000025],[-82.817838110999958,37.526897019000046],[-82.803250478999985,37.527461647000052],[-82.787578887999985,37.52704607700008],[-82.779354383999987,37.527949903000035],[-82.773899295999968,37.530380122000054],[-82.770023270999957,37.534702266000068],[-82.764942144999964,37.539428393000037],[-82.761851963999959,37.547893075000047],[-82.75910519599995,37.552737711000077],[-82.756061365999983,37.560744686000078],[-82.753749128999971,37.566981931000043],[-82.75058310299994,37.569984152000075],[-82.743311935999941,37.573218649000069],[-82.737208473999942,37.57651108500005],[-82.728785401999971,37.579680797000037],[-82.726069181999947,37.584067726000058],[-82.72555037699999,37.589946285000053],[-82.728090676999955,37.594180469000037],[-82.727282183999989,37.603220840000063],[-82.722674038999969,37.609320615000058],[-82.711130237999953,37.614585035000061],[-82.711793885999953,37.620074359000057],[-82.709535373999984,37.625403037000069],[-82.705186367999943,37.628340473000037],[-82.700151063999954,37.632159087000048],[-82.697442744999989,37.636095682000075],[-82.696305587999973,37.641943692000041],[-82.699845574999983,37.64760472100005],[-82.704469521999954,37.654222774000061],[-82.707864663999942,37.661688296000079],[-82.710313843999984,37.666822620000062],[-82.712755123999955,37.671956944000044],[-82.717821502999982,37.674051124000073],[-82.725893261999943,37.675405284000078],[-82.732302212999969,37.675756596000042],[-82.742846854999982,37.675432146000048],[-82.749682963999987,37.677171854000051],[-82.754741441999954,37.679266034000079]]},"properties":{"objectid":622,"length":51.991999999999997,"type":"Multi-Lane Divided","admn_class":"Interstate","toll_rd":"N","rte_num1":" 80","rte_num2":" ","route":"Kentucky State Hwy  80","st_length(shape)":0.86215797500668501}},{"type":"Feature","id":623,"geometry":{"type":"LineString","coordinates":[[-82.833723544999941,37.824933777000069],[-82.833097818999988,37.831712475000074],[-82.828970028999947,37.844659420000028],[-82.82492651199999,37.850347311000064],[-82.81068176499997,37.858655561000035],[-82.799802138999951,37.862142351000045],[-82.792393501999982,37.872182408000072],[-82.788403181999968,37.889210793000075],[-82.781574446999969,37.899266125000054],[-82.77504382699999,37.906170706000069],[-82.766673951999962,37.913864818000036],[-82.755946543999983,37.915531840000028],[-82.742243776999942,37.917500665000034],[-82.733149155999968,37.920624554000028],[-82.723230766999961,37.925953759000038],[-82.708849076999968,37.928780587000062],[-82.69613809599997,37.932598674000076],[-82.685174196999981,37.936512622000066],[-82.673172688999955,37.939011312000048],[-82.672425293999936,37.946640639000066],[-82.673791040999959,37.956631187000028],[-82.680276363999951,37.962394923000033],[-82.684365704999948,37.968475210000065],[-82.681268149999937,37.975948106000033],[-82.674500512999941,37.990390367000032],[-82.673608273999946,38.004683570000054],[-82.670579191999934,38.016585005000024],[-82.661012114999949,38.028963634000036],[-82.652092886999981,38.035123980000037],[-82.649185999999986,38.040300441000056],[-82.645104559999936,38.04541211600008],[-82.639969708999956,38.049577302000046],[-82.636773133999952,38.057905041000026],[-82.633477011999958,38.061768951000033],[-82.627198157999942,38.06638868400006],[-82.622734855999965,38.070698714000059],[-82.619171694999977,38.081204379000042],[-82.620194555999944,38.090508103000047],[-82.622002735999956,38.103554068000051],[-82.630677572999957,38.10851668600003],[-82.644525183999974,38.114406305000045],[-82.651125328999967,38.122264223000059],[-82.654673215999935,38.134314715000073],[-82.657381534999956,38.146647521000034],[-82.659014321999962,38.159037211000054],[-82.656092686999955,38.167772620000051],[-82.649111733999973,38.174798869000028],[-82.641718370999968,38.179002505000028],[-82.632585826999957,38.183110807000048],[-82.625307284999963,38.186437478000073],[-82.622537868999984,38.193875611000067],[-82.624269675999983,38.204392337000058],[-82.628840424999964,38.21548159200006],[-82.634951786999977,38.228439597000033],[-82.638209459999985,38.239311323000038],[-82.635356296999987,38.245163019000074],[-82.629008443999965,38.25034316600005],[-82.618746642999952,38.252986701000054],[-82.604883757999971,38.256347608000056],[-82.596574980999947,38.26325956200003],[-82.593218287999946,38.273658306000073],[-82.594416015999968,38.285216855000044],[-82.59683464699998,38.29590950100004],[-82.595499448999988,38.30821544500003],[-82.595354604999955,38.319662860000051],[-82.59866600099997,38.326701223000043],[-82.605944542999964,38.331194547000052],[-82.611934235999968,38.337870537000072],[-82.613185687999987,38.350973913000075],[-82.615589044999979,38.359942126000078]]},"properties":{"objectid":623,"length":46.968000000000004,"type":"Multi-Lane Divided","admn_class":"US Highway","toll_rd":"N","rte_num1":" 23","rte_num2":" ","route":"U.S. Hwy  23","st_length(shape)":0.73763227345734406}},{"type":"Feature","id":645,"geometry":{"type":"LineString","coordinates":[[-158.14654526299998,21.39530744800004],[-158.13221729699998,21.380983169000046],[-158.09198016799996,21.341491854000026]]},"properties":{"objectid":645,"length":5.1050000000000004,"type":"Paved Divided","admn_class":"State Highway","toll_rd":"N","rte_num1":" 93","rte_num2":" ","route":"Hawaii State Hwy  93","st_length(shape)":0.076639186878378326}},{"type":"Feature","id":624,"geometry":{"type":"LineString","coordinates":[[-82.754741441999954,37.679266034000079],[-82.759960038999964,37.685918323000067],[-82.763377829999968,37.692921924000075],[-82.762698906999958,37.700166230000036],[-82.760318724999991,37.706860655000071],[-82.759257939999941,37.711796938000077],[-82.757457661999979,37.718522439000026],[-82.754619245999947,37.723824782000065],[-82.751903026999969,37.727761377000036],[-82.751697084999989,37.730027264000057],[-82.753551087999938,37.735131039000066],[-82.762340219999942,37.741074382000079],[-82.77067954599994,37.745617743000025],[-82.77562372999995,37.749066083000059],[-82.77650122099999,37.75229689300005],[-82.775547356999937,37.75633672400005],[-82.773441588999958,37.760303868000051],[-82.779438656999957,37.765174840000043],[-82.79121104799998,37.770820594000043],[-82.799046843999974,37.774878859000069],[-82.807378268999969,37.779876240000078],[-82.814382396999974,37.786620175000053],[-82.819478797999977,37.795073270000046],[-82.818449088999955,37.800016926000069],[-82.820531681999967,37.802855341000054],[-82.828176810999935,37.808721786000035],[-82.832418895999979,37.813493736000055],[-82.833784642999944,37.817663136000078],[-82.833723544999941,37.824933777000069]]},"properties":{"objectid":624,"length":12.401,"type":"Multi-Lane Divided","admn_class":"Interstate","toll_rd":"N","rte_num1":" 23","rte_num2":" ","route":"U.S. Hwy  23","st_length(shape)":0.19443281124839457}},{"type":"Feature","id":625,"geometry":{"type":"LineString","coordinates":[[-68.780066699999963,44.829790159000027],[-68.750151414999948,44.833765204000031],[-68.70204635999994,44.879857191000042],[-68.697826923999969,44.892494959000032],[-68.71233080899998,44.929637695000054],[-68.700215005999951,44.993162576000032],[-68.68878497299994,45.039802862000045],[-68.704004123999937,45.141928926000048],[-68.686912534999976,45.235025679000046],[-68.662566632999983,45.304520765000063],[-68.600012469999967,45.373864687000037]]},"properties":{"objectid":625,"length":40.938000000000002,"type":"Multi-Lane Divided","admn_class":"Interstate","toll_rd":"N","rte_num1":" 95","rte_num2":" ","route":"Interstate  95","st_length(shape)":0.62762108500636304}},{"type":"Feature","id":626,"geometry":{"type":"LineString","coordinates":[[-68.600012469999967,45.373864687000037],[-68.598410232999981,45.375642317000029],[-68.550399984999956,45.558194183000069],[-68.527976557999978,45.601253927000073],[-68.416547823999963,45.795050953000043],[-68.40457844499997,45.875216563000038],[-68.311627588999954,45.966696857000045],[-68.274076129999969,46.037107884000079],[-68.208882119999942,46.092127000000062],[-68.175411573999952,46.106752554000082],[-68.059037602999979,46.151262318000079],[-67.951422215999969,46.141478239000037],[-67.829022209999948,46.14240155400006],[-67.610556411999937,46.183998110000061]]},"properties":{"objectid":626,"length":84.25,"type":"Multi-Lane Divided","admn_class":"Interstate","toll_rd":"N","rte_num1":" 95","rte_num2":" ","route":"Interstate  95","st_length(shape)":1.4538012685405548}},{"type":"Feature","id":627,"geometry":{"type":"LineString","coordinates":[[-67.432136549999939,45.569021139000029],[-67.478959602999964,45.539922774000047],[-67.527178425999978,45.551973266000061],[-67.543246626999974,45.535902432000057],[-67.583431085999962,45.503760764000049],[-67.744146273999945,45.419389412000044],[-67.872719793999977,45.391261765000081],[-68.073623127999952,45.415363276000051],[-68.290593609999974,45.36714603300004],[-68.600012469999967,45.373864687000037]]},"properties":{"objectid":627,"length":62.164000000000001,"type":"Paved Undivided","admn_class":"State Highway","toll_rd":"N","rte_num1":"  6","rte_num2":" ","route":"Maine State Hwy   6","st_length(shape)":1.2262422435938369}},{"type":"Feature","id":628,"geometry":{"type":"LineString","coordinates":[[-68.780066699999963,44.829790159000027],[-68.719632525999941,44.794081642000037],[-68.587928268999974,44.716259344000036],[-68.52363123799995,44.619832759000076],[-68.383000378999952,44.527424410000037],[-68.306659176999972,44.547512426000026],[-68.222282556999971,44.527424936000045],[-68.170049712999969,44.527424936000045],[-68.065575069999966,44.479212434000033],[-67.977177581999968,44.515371284000025],[-67.920932295999933,44.515371284000025],[-67.884768705999988,44.571621837000066],[-67.728064378999989,44.647960932000046],[-67.527169998999966,44.684121363000031],[-67.430740779999951,44.732334918000049],[-67.338324003999958,44.744389624000064],[-67.197695777999968,44.768499562000045],[-67.181620202999966,44.824747482000078],[-67.237873389999947,44.913140756000075],[-67.237873389999947,44.925194935000036],[-67.209750483999983,44.929212117000077],[-67.169564970999943,44.941266823000035],[-67.097243056999957,44.961355365000031],[-67.125367016999974,45.057785637000052],[-67.177609341999982,45.138140861000068],[-67.221809929999949,45.202425251000079],[-67.221810455999957,45.258675804000063]]},"properties":{"objectid":628,"length":135.92599999999999,"type":"Paved Undivided","admn_class":"US Highway","toll_rd":"N","rte_num1":"  1","rte_num2":" ","route":"U.S. Hwy   1","st_length(shape)":2.4323725103132041}},{"type":"Feature","id":657,"geometry":{"type":"LineString","coordinates":[[-155.04246512999998,19.625791790000051],[-155.17430106399996,19.463216805000059],[-155.32466122399998,19.412795827000025],[-155.38334673599996,19.357927349000022],[-155.56857321199996,19.070060745000035],[-155.70880114199997,19.067062212000053],[-155.78176879599997,19.106510337000032],[-155.81573497199997,19.145567120000067],[-155.83441141699998,19.503873719000069],[-155.89724736699998,19.683877911000025],[-155.91423045499997,19.78573588200004]]},"properties":{"objectid":657,"length":115.95,"type":"Paved Undivided","admn_class":"State Highway","toll_rd":"N","rte_num1":" 11","rte_num2":" ","route":"Hawaii State Hwy  11","st_length(shape)":1.7182327351093423}},{"type":"Feature","id":658,"geometry":{"type":"LineString","coordinates":[[-145.73106903999997,64.034005018000073],[-145.87683158999997,63.676199843000063],[-145.85055320599997,63.495004770000037],[-145.65618786499996,63.220848833000048],[-145.49986223899998,63.133220335000033],[-145.51227826499996,63.071469398000033]]},"properties":{"objectid":658,"length":69.897000000000006,"type":"Paved Undivided","admn_class":"State Highway","toll_rd":"N","rte_num1":"  4","rte_num2":" ","route":"Alaska State Hwy   4","st_length(shape)":1.1477090637862777}},{"type":"Feature","id":629,"geometry":{"type":"LineString","coordinates":[[-97.307316257999958,32.912746810000044],[-97.327992603999974,32.915512540000066],[-97.348631026999954,32.919632429000046],[-97.372373850999963,32.928832919000058],[-97.39711688899996,32.941242097000043],[-97.415885507999974,32.95259786500003],[-97.415145486999961,32.958503285000063],[-97.414756777999969,32.970339935000027],[-97.418701274999989,32.983633978000057],[-97.424797362999982,32.997889259000033],[-97.444596217999958,33.028833199000076],[-97.463617127999953,33.050206376000062],[-97.467287210999984,33.055291190000048],[-97.468248448999987,33.059411079000029],[-97.467897662999974,33.070339689000036],[-97.46546428399995,33.094867304000047],[-97.46586879399996,33.099433313000077],[-97.468889975999957,33.107692053000051],[-97.478266910999992,33.122915945000045],[-97.489231336999978,33.140005428000052],[-97.496761643999946,33.144727868000075],[-97.554938357999958,33.195602339000061],[-97.563597920999939,33.199424640000075],[-97.575462485999992,33.206054280000046],[-97.584053576999963,33.212153528000044],[-97.58880656599996,33.21816903000007],[-97.590813313999945,33.224127648000035],[-97.593911394999964,33.23057030800004],[-97.597985460999951,33.241121270000065],[-97.612954953999974,33.272389134000036],[-97.629908019999959,33.292762624000034],[-97.66385997399999,33.333056112000065],[-97.683582456999943,33.353936819000069],[-97.695370122999975,33.364179132000061],[-97.702297877999968,33.371601990000045],[-97.710743598999954,33.383602972000062],[-97.71380322999994,33.391850125000076],[-97.719212493999976,33.395145720000073],[-97.747846304999939,33.432116750000034],[-97.760130126999968,33.445093717000077],[-97.771551206999959,33.449873568000044],[-97.782392909999942,33.455541971000059],[-97.788908781999965,33.45884546700006],[-97.798628602999941,33.465410323000071],[-97.806700888999956,33.471929355000043],[-97.81417799899998,33.480268154000044],[-97.82002969499996,33.487653090000038],[-97.825828193999939,33.496865167000067],[-97.829475101999947,33.504212180000025],[-97.831450773999961,33.512440371000025],[-97.834495130999983,33.522053271000061],[-97.836318584999958,33.535736023000027],[-97.836005721999982,33.547103905000029],[-97.835852977999991,33.55255846600005],[-97.835089781999955,33.560283127000048],[-97.837768077999954,33.56306044400003],[-97.843192616999943,33.566340765000064],[-97.848083075999966,33.568705672000078],[-97.865638692999937,33.571765304000053],[-97.878196928999955,33.576090608000072],[-97.902741398999979,33.585646623000059],[-98.006709877999981,33.637524995000035],[-98.056180151999968,33.666569636000077],[-98.062673375999964,33.671684998000046],[-98.087751924999964,33.706672456000035],[-98.117476542999952,33.756277567000041],[-98.118484129999956,33.760385869000061],[-98.121207723999987,33.761793752000074],[-98.123908668999945,33.764574230000051],[-98.130988641999977,33.768778392000058],[-98.189889576999974,33.802007180000032],[-98.191400167999973,33.80840033000004],[-98.215983086999984,33.821053373000041],[-98.225794554999936,33.827122599000063],[-98.232340975999989,33.831310960000053],[-98.24656254699994,33.837894777000031],[-98.320577291999939,33.867640989000051],[-98.335378765999963,33.873767099000077],[-98.341436930999976,33.875220806000073],[-98.354666716999986,33.87722702700006],[-98.376151554999979,33.88162133000003],[-98.404198088999976,33.890200307000043],[-98.432061855999962,33.895883984000079],[-98.447183566999968,33.898966264000023],[-98.451044317999958,33.899474008000027],[-98.457667110999978,33.900473168000076],[-98.466463616999988,33.903318957000067],[-98.472499133999975,33.906126297000071],[-98.477412241999957,33.909368695000069],[-98.483989211999983,33.912637955000037],[-98.491542692999985,33.922742798000058],[-98.500782158999982,33.931954874000041],[-98.503978733999986,33.93836751200007],[-98.507183208999948,33.944310856000072],[-98.511455842999965,33.952553795000028],[-98.513600060999977,33.956212290000053],[-98.519993736999936,33.96948315800006],[-98.52530397999999,33.98182702500003],[-98.531697656999938,33.995086833000073],[-98.535298740999963,34.010135332000061],[-98.538953549999974,34.022006744000066],[-98.54090709999997,34.036124555000072],[-98.542822200999979,34.052057919000049],[-98.544203221999965,34.067072709000058],[-98.545729614999971,34.074820018000025],[-98.547636814999976,34.091207402000066],[-98.543120315999943,34.095693878000077],[-98.531340023999974,34.102369342000031],[-98.514463330999945,34.114423521000049],[-98.507101042999977,34.122514242000079],[-98.501935643999957,34.131082158000027],[-98.498983459999977,34.140588137000066],[-98.494275766999976,34.154168181000045],[-98.491330957999992,34.162758746000065],[-98.483319768999991,34.174930907000032],[-98.472966847999942,34.193424585000059],[-98.456921295999962,34.218215554000039],[-98.44597319799999,34.237613059000068],[-98.438541911999948,34.247969666000074],[-98.42473169799996,34.270959829000049],[-98.417285136999965,34.281762556000047],[-98.414355074999946,34.288991060000058],[-98.411456088999955,34.294865405000053],[-98.409426166999992,34.366635332000044],[-98.406526653999947,34.480639655000061],[-98.405908827999951,34.510617617000037],[-98.406114769999988,34.527890393000064],[-98.406008374999942,34.560145830000067],[-98.404665802999943,34.571021242000029],[-98.401186387999985,34.577338546000078],[-98.392679568999938,34.583586852000053],[-98.38367659499994,34.587096290000034],[-98.374108991999947,34.590594140000064],[-98.366746176999982,34.595491973000037],[-98.364999095999963,34.599096745000054],[-98.36474733099999,34.610906532000058],[-98.365190289999987,34.616361620000077],[-98.36956194399994,34.620969238000043],[-98.378969428999937,34.625188148000063],[-98.382791729999951,34.62933068600006],[-98.378886208999972,34.682422060000079],[-98.379908543999989,34.686980169000037],[-98.384249649999958,34.693400180000026],[-98.387469399999986,34.699801231000038],[-98.391719385999977,34.710313743000029],[-98.39213916999995,34.717126677000067],[-98.38795080899996,34.73024111400008],[-98.383342136999943,34.736542617000055],[-98.376483378999978,34.74371055000006],[-98.363947791999976,34.754436905000034],[-98.346323703999985,34.767364888000031],[-98.324746691999962,34.781593307000037],[-98.313386183999967,34.789154162000045],[-98.305436092999969,34.794487054000058],[-98.297531824999965,34.797550372000046],[-98.281715916999985,34.803680169000074],[-98.265403324999966,34.807071625000049],[-98.235518061999983,34.816169407000075],[-98.223631375999958,34.821895221000034],[-98.217176600999949,34.834506654000052],[-98.210859296999956,34.841224255000043],[-98.205198267999947,34.843864102000055],[-98.197881803999962,34.84511871400008],[-98.181599760999973,34.846683029000076],[-98.174840023999991,34.848392188000048],[-98.165783851999947,34.852340371000025],[-98.039361922999944,34.932501241000068],[-98.029634201999954,34.940054196000062],[-98.02216499299999,34.947202641000047],[-97.942368076999969,35.015313019000075],[-97.931481076999944,35.023296819000052],[-97.915390227999978,35.037094919000026],[-97.909599628999956,35.043346912000061],[-97.903213853999944,35.050949377000052],[-97.899399452999944,35.067226680000033],[-97.891808048999962,35.077541678000046],[-97.858451797999976,35.105095215000063],[-97.830779751999955,35.12956594700006],[-97.808928852999941,35.146411564000061],[-97.781927828999983,35.165889655000058],[-97.739385836999986,35.196868358000074],[-97.723249163999981,35.209724183000048],[-97.703069501999948,35.225677035000047],[-97.677853481999989,35.240168806000042],[-97.659527295999965,35.250251000000048],[-97.61783171899998,35.268935347000024],[-97.599543981999943,35.277194087000055],[-97.594302209999967,35.282534352000027],[-97.47418494499999,35.473441872000024]]},"properties":{"objectid":629,"length":240.19300000000001,"type":"Multi-Lane Divided","admn_class":"Interstate","toll_rd":"N","rte_num1":" 44","rte_num2":" ","route":"Interstate  44","st_length(shape)":3.7801744991961668}},{"type":"Feature","id":630,"geometry":{"type":"LineString","coordinates":[[-82.380786952999983,42.990047294000078],[-82.486840657999949,42.974261407000029],[-82.505425456999944,42.939693207000062],[-82.506935521999935,42.912418297000045],[-82.536011237999958,42.879337513000053],[-82.794284900999969,42.68641481800006],[-82.838206860999946,42.632612919000053],[-82.857354707999946,42.563442810000026],[-82.892267372999981,42.531052537000051],[-82.916100790999963,42.48351843100005],[-82.921142940999971,42.43048710100004],[-83.006908482999961,42.392447913000069],[-83.02373197899999,42.385547019000057],[-83.061979215999941,42.362403586000028],[-83.076147589999948,42.357188676000078],[-83.106994089999944,42.346415971000056]]},"properties":{"objectid":630,"length":61.825000000000003,"type":"Multi-Lane Divided","admn_class":"Interstate","toll_rd":"N","rte_num1":" 94","rte_num2":" ","route":"Interstate  94","st_length(shape)":1.0399773598504514}},{"type":"Feature","id":631,"geometry":{"type":"LineString","coordinates":[[-83.106994089999944,42.346415971000056],[-83.086706451999987,42.330386746000045],[-83.04433037199999,42.281300440000052]]},"properties":{"objectid":631,"length":5.5540000000000003,"type":"Multi-Lane Divided","admn_class":"Interstate","toll_rd":"N","rte_num1":" 96","rte_num2":" ","route":"Interstate  96","st_length(shape)":0.090703331938408321}},{"type":"Feature","id":632,"geometry":{"type":"LineString","coordinates":[[-111.65158015499998,35.177231729000027],[-111.66229228899999,35.177895378000073],[-111.70544525899999,35.188712852000037],[-111.73188218199999,35.204005216000041],[-111.82828032399999,35.253458109000064],[-111.89298449799998,35.266405581000072],[-112.00007001999995,35.252841864000061],[-112.06826361699996,35.267459518000067],[-112.13711401499995,35.270209974000068],[-112.15468490599994,35.272468486000037],[-112.20518594399999,35.267463732000067],[-112.21609611799994,35.245365808000031],[-112.24639326499994,35.229104307000057],[-112.43811085699997,35.221390180000071],[-112.45794026099998,35.223987891000036],[-112.54814329499999,35.22584874100005],[-112.58400929699997,35.233840441000041],[-112.63076967199999,35.257822390000058],[-112.67822424599996,35.26043168800004],[-112.72778458699997,35.282948343000044],[-112.75775306899999,35.284725973000036],[-112.85977747799996,35.317812024000034],[-112.90138983599996,35.324143550000031],[-112.94242229099996,35.321396781000033],[-113.33989575399994,35.218346876000055],[-113.61488441199998,35.172926966000034],[-113.69292002499998,35.178510043000074],[-113.74351955599997,35.176910965000047],[-113.87092642399995,35.213945726000077],[-113.92845423699998,35.214746318000039],[-114.00827538199997,35.22914591600005],[-114.03419297299996,35.22895103500008],[-114.06183499699995,35.203672338000047],[-114.11546308399994,35.12896444900008],[-114.11701949899998,35.084753327000044],[-114.15379353999998,34.920282730000054],[-114.13555109999999,34.899267713000029],[-114.13465833399999,34.877478438000026],[-114.15228189599998,34.805732214000045],[-114.18854503399996,34.769973660000062],[-114.24303586399998,34.739246722000075],[-114.45359054699998,34.725047799000038],[-114.47426689299999,34.716735335000067],[-114.52559117099997,34.720588184000064],[-114.54377988699997,34.729151887000057],[-114.57007196599994,34.764688698000043],[-114.59570724299999,34.822419293000053],[-114.59952954299996,34.843406922000042],[-114.67917529499999,34.895911019000039],[-114.71443927299998,34.89795569000006],[-114.75459370999994,34.886439277000079],[-114.81686661199996,34.884019592000072],[-114.89084975399999,34.863579737000066],[-114.93458262699994,34.862541601000032],[-115.04544725999995,34.82173879000004],[-115.11785239299996,34.81606933300003],[-115.32900277999994,34.813418952000063],[-115.37345302599999,34.803145564000033],[-115.53149360399999,34.736188671000036],[-115.61119307999996,34.721706907000055],[-115.68562760899999,34.719348320000051],[-116.03334163699998,34.727768232000074],[-116.07566399299998,34.743091671000059],[-116.12888072299995,34.738022132000026],[-116.27478337599996,34.744507455000075],[-116.31103966699999,34.756534772000066],[-116.35945073699997,34.788146575000042],[-116.50488040899995,34.801567028000079],[-116.65982975299994,34.827548350000029],[-116.67495936499995,34.823963066000033],[-116.84570986999995,34.843831973000079],[-116.99302988799997,34.87659726000004],[-117.00928085499999,34.886133261000055]]},"properties":{"objectid":632,"length":346.32600000000002,"type":"Multi-Lane Divided","admn_class":"Interstate","toll_rd":"N","rte_num1":" 40","rte_num2":" ","route":"Interstate  40","st_length(shape)":5.9549356332283061}},{"type":"Feature","id":633,"geometry":{"type":"LineString","coordinates":[[-83.820187389999944,32.957448821000071],[-83.743441150999956,32.931293159000063],[-83.710130723999953,32.909145726000077],[-83.634133986999984,32.837781889000041],[-83.573166260999983,32.818296424000039],[-83.556358565999972,32.808801506000066],[-83.406068456999947,32.65345818600008],[-83.344798928999978,32.609250751000047],[-83.166296372999966,32.544648758000051],[-83.114039826999942,32.51647265500003],[-82.932841593999967,32.485303285000043],[-82.828498627999977,32.471546794000062],[-82.730099004999943,32.439774873000033],[-82.66993187099996,32.427992474000064],[-82.630982535999976,32.43300881600004],[-82.506849141999965,32.424889652000047],[-82.438388504999978,32.42456151500005],[-82.313179051999953,32.396651398000074],[-82.212094284999978,32.374062585000047],[-82.032135916999948,32.363308841000048],[-81.872273463999989,32.304543797000065],[-81.759378382999955,32.275824133000071],[-81.648889291999978,32.228268959000047],[-81.536965454999972,32.212072769000031],[-81.465906053999959,32.177005780000059],[-81.374857657999939,32.108857479000051],[-81.264444938999986,32.070486993000031]]},"properties":{"objectid":633,"length":166.20099999999999,"type":"Multi-Lane Divided","admn_class":"Interstate","toll_rd":"N","rte_num1":" 16","rte_num2":" ","route":"Interstate  16","st_length(shape)":2.7776798791575068}},{"type":"Feature","id":634,"geometry":{"type":"LineString","coordinates":[[-83.820187389999944,32.957448821000071],[-83.812947297999983,32.932176971000047],[-83.752529452999966,32.85763710100008],[-83.727902815999983,32.798755128000039],[-83.710630040999945,32.756485442000042],[-83.73717335799995,32.68269665400004],[-83.74422962899996,32.462286260000042],[-83.749043189999952,32.437506879000068],[-83.764824862999944,32.334389556000076],[-83.763534433999951,32.307069876000071],[-83.759345019999955,32.275741441000037],[-83.741513409999982,32.242581651000023],[-83.73257837999995,32.20228553000004],[-83.756387042999961,32.07467482800007],[-83.749007899999981,31.951725994000071],[-83.701254684999981,31.820083889000045],[-83.511757681999939,31.530310612000051],[-83.505272358999946,31.504479927000034],[-83.515328217999979,31.488635576000036],[-83.531785653999975,31.447467758000073],[-83.529580864999957,31.433836097000039],[-83.511536465999939,31.413851315000045],[-83.464735533999942,31.19924732100003],[-83.365150296999957,30.90063645400005],[-83.320584175999954,30.814652857000056],[-83.288089088999982,30.761664717000031],[-83.213789395999981,30.66891137500005],[-83.166598701999987,30.625410779000049],[-83.163798209999982,30.623579951000067],[-83.126962016999983,30.599413129000027],[-83.057637056999965,30.520149239000034],[-83.033366999999942,30.497651019000045],[-82.92514800899994,30.44759926100005],[-82.814311818999954,30.350239355000042],[-82.807300316999942,30.338170428000069],[-82.804041063999989,30.277221137000026]]},"properties":{"objectid":634,"length":206.03999999999999,"type":"Multi-Lane Divided","admn_class":"Interstate","toll_rd":"N","rte_num1":" 75","rte_num2":" ","route":"Interstate  75","st_length(shape)":3.0718380384258119}},{"type":"Feature","id":635,"geometry":{"type":"LineString","coordinates":[[-158.11163312499997,21.583749987000033],[-158.05250570699997,21.553787299000078]]},"properties":{"objectid":635,"length":4.3460000000000001,"type":"Paved Undivided","admn_class":"State Highway","toll_rd":"N","rte_num1":" 99","rte_num2":" ","route":"Hawaii State Hwy  99","st_length(shape)":0.066285852423666317}},{"type":"Feature","id":636,"geometry":{"type":"LineString","coordinates":[[-158.05250570699997,21.553787299000078],[-158.04031353199997,21.524785848000079]]},"properties":{"objectid":636,"length":2.1320000000000001,"type":"Paved Divided","admn_class":"State Highway","toll_rd":"N","rte_num1":" 99","rte_num2":" ","route":"Hawaii State Hwy  99","st_length(shape)":0.031460026880726376}},{"type":"Feature","id":637,"geometry":{"type":"LineString","coordinates":[[-158.04031353199997,21.524785848000079],[-158.03018182699998,21.500698032000059]]},"properties":{"objectid":637,"length":1.7709999999999999,"type":"Paved Divided","admn_class":"State Highway","toll_rd":"N","rte_num1":" 80","rte_num2":" ","route":"Hawaii State Hwy  80","st_length(shape)":0.026131864186408154}},{"type":"Feature","id":638,"geometry":{"type":"LineString","coordinates":[[-157.79866005699998,21.411255033000032],[-157.77403236699996,21.42179862100005],[-157.76022320599998,21.429368958000055],[-157.75222781799997,21.434797183000057],[-157.74902334299998,21.437280599000076]]},"properties":{"objectid":638,"length":3.6930000000000001,"type":"Multi-Lane Divided","admn_class":"State Highway","toll_rd":"N","rte_num1":" 63","rte_num2":" ","route":"Hawaii State Hwy  63","st_length(shape)":0.056255934116249552}},{"type":"Feature","id":639,"geometry":{"type":"LineString","coordinates":[[-157.79866005699998,21.411255033000032],[-157.84039302999997,21.463363575000074],[-157.85157761799996,21.475929185000041],[-157.85716227499998,21.505948758000045],[-157.86926280399996,21.54120272800003],[-157.90463264899998,21.59181964000004],[-157.92556760799997,21.62742597600004],[-157.93153359899998,21.639351112000043],[-157.98135360599997,21.691587644000037],[-158.01144428399996,21.683975171000043],[-158.03657550399998,21.668615389000024],[-158.05891413199998,21.63719952100007],[-158.11163312499997,21.583749987000033]]},"properties":{"objectid":639,"length":34.396000000000001,"type":"Paved Undivided","admn_class":"State Highway","toll_rd":"N","rte_num1":" 83","rte_num2":" ","route":"Hawaii State Hwy  83","st_length(shape)":0.51407907137382303}},{"type":"Feature","id":640,"geometry":{"type":"LineString","coordinates":[[-158.03018182699998,21.500698032000059],[-157.99008164099996,21.405326965000029]]},"properties":{"objectid":640,"length":7.0140000000000002,"type":"Paved Divided","admn_class":"Interstate","toll_rd":"N","rte_num1":" H2","rte_num2":" ","route":"Interstate  H2","st_length(shape)":0.10345851989059715}},{"type":"Feature","id":641,"geometry":{"type":"LineString","coordinates":[[-158.20408624499998,21.479091524000069],[-158.18807966799997,21.448701678000077],[-158.16712943599998,21.415889514000071],[-158.14654526299998,21.39530744800004]]},"properties":{"objectid":641,"length":6.8810000000000002,"type":"Paved Undivided","admn_class":"State Highway","toll_rd":"N","rte_num1":" 93","rte_num2":" ","route":"Hawaii State Hwy  93","st_length(shape)":0.10238653275614114}},{"type":"Feature","id":642,"geometry":{"type":"LineString","coordinates":[[-157.75521845099996,21.381700542000033],[-157.71183794399997,21.347507356000051]]},"properties":{"objectid":642,"length":3.6579999999999999,"type":"Paved Divided","admn_class":"State Highway","toll_rd":"N","rte_num1":" 72","rte_num2":" ","route":"Hawaii State Hwy  72","st_length(shape)":0.055236241331282181}},{"type":"Feature","id":643,"geometry":{"type":"LineString","coordinates":[[-157.84649649099998,21.343935241000054],[-157.79866005699998,21.411255033000032]]},"properties":{"objectid":643,"length":5.548,"type":"Paved Divided","admn_class":"State Highway","toll_rd":"N","rte_num1":" 63","rte_num2":" ","route":"Hawaii State Hwy  63","st_length(shape)":0.082584979341037687}},{"type":"Feature","id":649,"geometry":{"type":"LineString","coordinates":[[-157.86323571499997,21.320386770000027],[-157.91816686999996,21.357168186000024],[-157.93464642799998,21.376794808000056],[-157.95210249699997,21.391454599000042],[-157.99008164099996,21.405326965000029]]},"properties":{"objectid":649,"length":10.23,"type":"Multi-Lane Divided","admn_class":"Interstate","toll_rd":"N","rte_num1":" H1","rte_num2":" ","route":"Interstate  H1","st_length(shape)":0.15496463419103884}},{"type":"Feature","id":650,"geometry":{"type":"LineString","coordinates":[[-157.79980458699998,21.284887355000023],[-157.86323571499997,21.320386770000027]]},"properties":{"objectid":650,"length":4.7789999999999999,"type":"Multi-Lane Divided","admn_class":"Interstate","toll_rd":"N","rte_num1":" H1","rte_num2":" ","route":"Interstate  H1","st_length(shape)":0.072689177080873676}},{"type":"Feature","id":651,"geometry":{"type":"LineString","coordinates":[[-157.71183794399997,21.347507356000051],[-157.68371556499997,21.312227051000036],[-157.67861916399997,21.302018974000077],[-157.68095404799996,21.293533224000043],[-157.69030780899996,21.287744732000078],[-157.69868453099997,21.280719536000049],[-157.70571920799998,21.282655705000025],[-157.71435559599996,21.286407427000029],[-157.72637922599998,21.290861248000056],[-157.73483284699998,21.286407427000029],[-157.74447629599996,21.282194311000069],[-157.79980458699998,21.284887355000023]]},"properties":{"objectid":651,"length":12.688000000000001,"type":"Paved Undivided","admn_class":"State Highway","toll_rd":"N","rte_num1":" 72","rte_num2":" ","route":"Hawaii State Hwy  72","st_length(shape)":0.19226746371693051}},{"type":"Feature","id":652,"geometry":{"type":"LineString","coordinates":[[-155.83171099899997,20.215019189000031],[-155.77328515299996,20.135582012000043],[-155.71958912099998,20.047378352000067],[-155.66500875099996,20.025804500000049]]},"properties":{"objectid":652,"length":17.484999999999999,"type":"Paved Undivided","admn_class":"State Highway","toll_rd":"N","rte_num1":"250","rte_num2":" ","route":"Hawaii State Hwy 250","st_length(shape)":0.26056150202224476}},{"type":"Feature","id":653,"geometry":{"type":"LineString","coordinates":[[-155.91423045499997,19.78573588200004],[-155.74427790799996,19.854091704000041],[-155.66500875099996,20.025804500000049]]},"properties":{"objectid":653,"length":24.905999999999999,"type":"Paved Undivided","admn_class":"State Highway","toll_rd":"N","rte_num1":"190","rte_num2":" ","route":"Hawaii State Hwy 190","st_length(shape)":0.37231065762246912}},{"type":"Feature","id":654,"geometry":{"type":"LineString","coordinates":[[-155.66500875099996,20.025804500000049],[-155.46887209999997,20.078128991000028],[-155.26409906099997,20.005430483000055],[-155.10418709899997,19.868892651000067],[-155.08985913299998,19.723320242000057],[-155.07374563499997,19.690162559000044]]},"properties":{"objectid":654,"length":54.103000000000002,"type":"Paved Undivided","admn_class":"State Highway","toll_rd":"N","rte_num1":" 19","rte_num2":" ","route":"Hawaii State Hwy  19","st_length(shape)":0.81370476980414974}},{"type":"Feature","id":655,"geometry":{"type":"LineString","coordinates":[[-155.07374563499997,19.690162559000044],[-155.04246512999998,19.625791790000051]]},"properties":{"objectid":655,"length":4.8650000000000002,"type":"Paved Divided","admn_class":"State Highway","toll_rd":"N","rte_num1":" 11","rte_num2":" ","route":"Hawaii State Hwy  11","st_length(shape)":0.071568609702203842}},{"type":"Feature","id":656,"geometry":{"type":"LineString","coordinates":[[-154.96516427099996,19.389265265000063],[-154.94348139099998,19.494327711000039],[-155.04246512999998,19.625791790000051]]},"properties":{"objectid":656,"length":18.445,"type":"Paved Undivided","admn_class":"State Highway","toll_rd":"N","rte_num1":"130","rte_num2":" ","route":"Hawaii State Hwy 130","st_length(shape)":0.27183837691424179}},{"type":"Feature","id":659,"geometry":{"type":"LineString","coordinates":[[-145.51227826499996,63.071469398000033],[-145.89604843499998,63.045087779000028]]},"properties":{"objectid":659,"length":12.167,"type":"Paved Undivided","admn_class":"State Highway","toll_rd":"N","rte_num1":"  8","rte_num2":" ","route":"Alaska State Hwy   8","st_length(shape)":0.38467588071373815}},{"type":"Feature","id":660,"geometry":{"type":"LineString","coordinates":[[-145.89604843499998,63.045087779000028],[-146.50359675399997,63.126214100000027],[-146.75036190399996,63.051812754000082],[-147.42212772099998,63.05566771000008],[-147.54118314799996,63.110824296000033],[-147.55263056299998,63.180556926000065],[-147.83995939999997,63.269140341000082],[-148.54214613899998,63.392007535000062],[-148.88855867699996,63.389881226000057]]},"properties":{"objectid":660,"length":105.416,"type":"Gravel","admn_class":"State Highway","toll_rd":"N","rte_num1":"  8","rte_num2":" ","route":"Alaska State Hwy   8","st_length(shape)":3.1042809245653618}},{"type":"Feature","id":661,"geometry":{"type":"LineString","coordinates":[[-145.51227826499996,63.071469398000033],[-145.43673186099997,62.717517598000029],[-145.51644871799996,62.529187775000082],[-145.41487674899997,62.454309760000058],[-145.35274184299996,62.291890153000054]]},"properties":{"objectid":661,"length":55.610999999999997,"type":"Paved Undivided","admn_class":"State Highway","toll_rd":"N","rte_num1":"  4","rte_num2":" ","route":"Alaska State Hwy   4","st_length(shape)":0.86651840471294128}},{"type":"Feature","id":662,"geometry":{"type":"LineString","coordinates":[[-148.69092723699998,65.533864384000083],[-149.06713181099997,65.588377336000065],[-149.08835487699997,65.691543643000045],[-150.07637987699997,65.997298741000066],[-150.16531460499996,66.053031016000034],[-150.12575534499996,66.115990741000076],[-150.42914553599996,66.364167462000069],[-150.91798552599997,66.540172907000056],[-150.66592119199996,66.820509205000064],[-150.31713847899996,66.991852254000037],[-150.33893881499998,67.08409363800007],[-150.20760904499997,67.121816803000058],[-150.16780223399996,67.306599266000035],[-150.04235734399998,67.452930657000081],[-149.89923148099996,67.477882797000063],[-149.69091845599996,67.653673873000059],[-149.79681204299996,67.800618350000036],[-149.79750992699996,67.939310406000061],[-149.44155138099998,68.158348733000082],[-149.28599421799996,68.374411175000034],[-149.56133576799996,68.637988760000042],[-149.30925194699998,68.635466368000039],[-148.80091806499996,68.816160545000059],[-148.83750512599997,69.140118053000037],[-148.58547450199998,69.485525112000062],[-148.75323648099996,69.700996063000048],[-148.76214833599997,69.947997177000047],[-148.29418167999998,70.276392179000084],[-148.30734351999996,70.319232813000042]]},"properties":{"objectid":662,"length":391.36000000000001,"type":"Gravel","admn_class":"State Highway","toll_rd":"N","rte_num1":" 11","rte_num2":" ","route":"Alaska State Hwy  11","st_length(shape)":8.4742979469994921}},{"type":"Feature","id":663,"geometry":{"type":"LineString","coordinates":[[-144.06203401799996,65.826717834000078],[-144.48562943399997,65.617809632000046],[-145.17252222899998,65.550572532000047],[-145.61057939399996,65.415085477000048],[-145.95772457999996,65.405343008000045],[-146.33230848199997,65.300322698000059],[-147.16959356599997,65.222607322000044],[-147.45556508399997,65.132687655000041],[-147.42005355499998,65.092251958000077],[-147.48362847299998,65.021525434000068],[-147.62859622399998,64.957449093000037]]},"properties":{"objectid":663,"length":127.617,"type":"Gravel","admn_class":"State Highway","toll_rd":"N","rte_num1":"  6","rte_num2":" ","route":"Alaska State Hwy   6","st_length(shape)":3.8053974961393662}},{"type":"Feature","id":664,"geometry":{"type":"LineString","coordinates":[[-147.62859622399998,64.957449093000037],[-147.67310546099998,65.076154788000053],[-148.29780488599997,65.341257186000064],[-148.22279940899998,65.406018244000052],[-148.25964139599998,65.471363945000064],[-148.69092723699998,65.533864384000083]]},"properties":{"objectid":664,"length":56.939,"type":"Gravel","admn_class":"State Highway","toll_rd":"N","rte_num1":"  2","rte_num2":" ","route":"Alaska State Hwy   2","st_length(shape)":1.4153003757726117}},{"type":"Feature","id":665,"geometry":{"type":"LineString","coordinates":[[-147.62859622399998,64.957449093000037],[-147.72729290899997,64.838115565000066]]},"properties":{"objectid":665,"length":8.7639999999999993,"type":"Paved Undivided","admn_class":"State Highway","toll_rd":"N","rte_num1":"  2","rte_num2":" ","route":"Alaska State Hwy   2","st_length(shape)":0.15485969951835762}},{"type":"Feature","id":666,"geometry":{"type":"LineString","coordinates":[[-147.72729290899997,64.838115565000066],[-147.11368168499996,64.674445560000038]]},"properties":{"objectid":666,"length":21.398,"type":"Paved Divided","admn_class":"State Highway","toll_rd":"N","rte_num1":"  2","rte_num2":" ","route":"Alaska State Hwy   2","st_length(shape)":0.63506425246228293}},{"type":"Feature","id":667,"geometry":{"type":"LineString","coordinates":[[-141.38454678099998,64.166075335000073],[-141.40885528699999,64.388430852000056],[-141.17763005199998,64.49589770800003],[-141.35687842199997,64.632502432000081],[-141.15627899599997,64.849419716000057],[-141.27883174699997,64.931696888000033]]},"properties":{"objectid":667,"length":59.383000000000003,"type":"Gravel","admn_class":"State Highway","toll_rd":"N","rte_num1":"  5","rte_num2":" ","route":"Alaska State Hwy   5","st_length(shape)":1.1470916863253473}},{"type":"Feature","id":668,"geometry":{"type":"LineString","coordinates":[[-141.38454678099998,64.166075335000073],[-140.996244838,64.068445229000076]]},"properties":{"objectid":668,"length":13.554,"type":"Gravel","admn_class":"State Highway","toll_rd":"N","rte_num1":"  9","rte_num2":" ","route":"Alaska State Hwy   9","st_length(shape)":0.40038735811105042}},{"type":"Feature","id":669,"geometry":{"type":"LineString","coordinates":[[-147.11368168499996,64.674445560000038],[-146.82311466299996,64.345522273000029],[-146.11949475899996,64.264511828000082],[-145.89818738599996,64.19617233300005],[-145.73106903999997,64.034005018000073]]},"properties":{"objectid":669,"length":66.778000000000006,"type":"Paved Undivided","admn_class":"State Highway","toll_rd":"N","rte_num1":"  2","rte_num2":" ","route":"Alaska State Hwy   2","st_length(shape)":1.6116378868479557}},{"type":"Feature","id":670,"geometry":{"type":"LineString","coordinates":[[-148.88855867699996,63.389881226000057],[-148.80784107999997,63.452482792000069],[-148.77945640099998,63.627313684000057],[-149.28802414099997,64.161587805000067],[-149.29277660299996,64.211910816000056],[-149.03204691299996,64.326733113000046],[-149.11369730599998,64.595003643000041],[-148.16177532499998,64.831437995000044],[-147.72729290899997,64.838115565000066]]},"properties":{"objectid":670,"length":136.21700000000001,"type":"Paved Undivided","admn_class":"State Highway","toll_rd":"N","rte_num1":"  3","rte_num2":" ","route":"Alaska State Hwy   3","st_length(shape)":3.0481325937595685}},{"type":"Feature","id":671,"geometry":{"type":"LineString","coordinates":[[-141.38454678099998,64.166075335000073],[-141.63449797199996,64.080494667000039],[-142.02153476899997,64.060026897000057],[-142.16128286999998,63.980767747000073],[-142.27669296999994,63.669180440000048],[-142.48160084499995,63.408755713000062],[-142.60864428599996,63.353413726000042]]},"properties":{"objectid":671,"length":74.918999999999997,"type":"Gravel","admn_class":"State Highway","toll_rd":"N","rte_num1":"  5","rte_num2":" ","route":"Alaska State Hwy   5","st_length(shape)":1.6146551464990155}},{"type":"Feature","id":672,"geometry":{"type":"LineString","coordinates":[[-142.99270993799996,63.337217536000082],[-142.60864428599996,63.353413726000042]]},"properties":{"objectid":672,"length":11.975,"type":"Paved Undivided","admn_class":"State Highway","toll_rd":"N","rte_num1":"  2","rte_num2":" ","route":"Alaska State Hwy   2","st_length(shape)":0.38440699995798883}},{"type":"Feature","id":673,"geometry":{"type":"LineString","coordinates":[[-145.73106903999997,64.034005018000073],[-144.61716356499997,63.695428802000038],[-144.09517063199996,63.674305283000081],[-143.84853031099999,63.523646481000071],[-143.77649229099995,63.383361667000031],[-142.99270993799996,63.337217536000082]]},"properties":{"objectid":673,"length":104.831,"type":"Paved Undivided","admn_class":"State Highway","toll_rd":"N","rte_num1":"  2","rte_num2":" ","route":"Alaska State Hwy   2","st_length(shape)":2.9184992164634229}},{"type":"Feature","id":674,"geometry":{"type":"LineString","coordinates":[[-141.00215078499997,62.62227346700007],[-141.66781155999996,62.979885342000046],[-142.23837884099999,63.228842114000031],[-142.45525451599997,63.248956992000046],[-142.60864428599996,63.353413726000042]]},"properties":{"objectid":674,"length":72.986000000000004,"type":"Paved Undivided","admn_class":"State Highway","toll_rd":"N","rte_num1":"  2","rte_num2":" ","route":"Alaska State Hwy   2","st_length(shape)":1.7815410748896823}},{"type":"Feature","id":675,"geometry":{"type":"LineString","coordinates":[[-142.99270993799996,63.337217536000082],[-143.05468367099996,63.238593010000045],[-143.38201999499995,63.057646015000046],[-143.34491623599996,62.984108992000074],[-143.38715010499999,62.953181380000046],[-143.64912966699995,62.92568525300004],[-143.82330323099995,62.739483846000041],[-144.38485858299998,62.696724851000056],[-145.35274184299996,62.291890153000054]]},"properties":{"objectid":675,"length":113.42700000000001,"type":"Paved Undivided","admn_class":"State Highway","toll_rd":"N","rte_num1":"  1","rte_num2":" ","route":"Alaska State Hwy   1","st_length(shape)":2.7559163947598213}},{"type":"Feature","id":676,"geometry":{"type":"LineString","coordinates":[[-149.25199222699996,61.560508136000067],[-149.16853470799998,61.56207508500006],[-149.05033412299997,61.683916783000029],[-148.43613298999998,61.790984397000045],[-147.54008865399996,61.80044349800005],[-147.03594787399996,61.989360072000068],[-145.35274184299996,62.291890153000054]]},"properties":{"objectid":676,"length":142.08099999999999,"type":"Paved Undivided","admn_class":"State Highway","toll_rd":"N","rte_num1":"  1","rte_num2":" ","route":"Alaska State Hwy   1","st_length(shape)":4.0213371060489926}},{"type":"Feature","id":677,"geometry":{"type":"LineString","coordinates":[[-149.25199222699996,61.560508136000067],[-149.73004529099998,61.576011709000056],[-150.02564076899998,61.717900340000028],[-150.07888172699998,61.784901476000073],[-150.04094577299998,62.144009721000032],[-150.24595951599997,62.258152041000073],[-150.23525844399998,62.690784141000051],[-149.71684552699998,62.908043784000029],[-149.13015263499997,63.334683030000065],[-148.88855867699996,63.389881226000057]]},"properties":{"objectid":677,"length":165.477,"type":"Paved Undivided","admn_class":"State Highway","toll_rd":"N","rte_num1":"  3","rte_num2":" ","route":"Alaska State Hwy   3","st_length(shape)":3.455620601389914}},{"type":"Feature","id":678,"geometry":{"type":"LineString","coordinates":[[-146.33504734999997,61.219387406000067],[-146.37009011099997,61.143540254000072],[-145.93271555599998,61.061439528000051],[-145.69908169699997,61.17585731500003],[-145.32144132399998,61.249784100000056],[-145.26578384099997,61.37795574300003],[-145.12446299799996,61.436119290000079],[-145.24027391999996,61.533179502000053],[-145.16099580799997,61.757028228000081],[-145.35274184299996,62.291890153000054]]},"properties":{"objectid":678,"length":122.271,"type":"Paved Undivided","admn_class":"State Highway","toll_rd":"N","rte_num1":"  4","rte_num2":" ","route":"Alaska State Hwy   4","st_length(shape)":2.4228475393170275}},{"type":"Feature","id":679,"geometry":{"type":"LineString","coordinates":[[-149.25199222699996,61.560508136000067],[-149.22995118699998,61.473475868000037],[-149.53372007899998,61.373423444000082],[-149.65128229699997,61.26383396500006],[-149.45106736699998,61.156021064000072],[-149.05878458399997,61.062398132000055],[-149.04842902999997,60.876480092000065],[-148.98329611799997,60.843170718000067],[-149.16363845499998,60.817206777000081],[-149.27893794599996,60.726646110000047],[-149.44533470499996,60.780731377000052],[-149.57938701499998,60.546997970000064],[-149.66948576099998,60.562876557000038],[-149.72695721699998,60.496248328000036],[-150.82472233299998,60.539715215000058],[-150.97722618499998,60.511541219000037],[-151.10027877899998,60.224403575000053],[-151.16264964799998,59.979234342000041],[-151.17598424799996,59.823215785000059],[-151.08965723899996,59.808934169000054],[-151.00348771399996,59.808935223000049],[-150.86563311899997,59.840534911000077]]},"properties":{"objectid":679,"length":216.08600000000001,"type":"Paved Undivided","admn_class":"State Highway","toll_rd":"N","rte_num1":"  1","rte_num2":" ","route":"Alaska State Hwy   1","st_length(shape)":4.7038545656472301}}]}