{"type":"FeatureCollection","features":[{"type":"Feature","id":1,"geometry":{"type":"MultiPolygon","coordinates":[[[[-155.66619238399997,18.921786346000033],[-155.53772981999998,19.042210453000052],[-155.52167871499998,19.122484412000063],[-155.30489899399998,19.234878489000039],[-155.15237215099998,19.266991760000053],[-155.01588166399998,19.331211454000027],[-154.92758188899998,19.419518603000029],[-154.81518728499998,19.459676652000041],[-154.79109614299998,19.539960619000055],[-154.97576259399997,19.652335207000078],[-154.97576311999998,19.740643410000075],[-155.07210609299997,19.724585457000046],[-155.09618511999997,19.877114407000022],[-155.20055022199998,19.997529033000035],[-155.56182570299998,20.134006879000026],[-155.73844210799996,20.206256602000053],[-155.85885778699998,20.270479457000022],[-155.89097895899997,20.174149125000042],[-155.83478666099998,20.061757682000064],[-155.82676189899996,20.005562750000024],[-155.88295893699998,19.933311973000059],[-155.97930085699997,19.820922636000034],[-156.04352476399998,19.780783023000026],[-155.97125871199998,19.628252493000048],[-155.94717810499998,19.483750412000063],[-155.87492680099996,19.371358441000041],[-155.90703111699997,19.130513388000054],[-155.85886147399998,19.010100869000041],[-155.77858593499997,19.01009244100004],[-155.66619238399997,18.921786346000033]]],[[[-156.19604528699998,20.631649591000041],[-156.13180873699997,20.62362272200005],[-156.04351159599997,20.655732833000059],[-155.98731719099996,20.752061584000046],[-156.01139253099998,20.800225432000047],[-156.26026340099997,20.928671141000052],[-156.35660373999997,20.944726460000027],[-156.47702205199997,20.896565245000033],[-156.52519169499996,20.984870287000035],[-156.59743983899997,21.041064692000077],[-156.65363582399996,21.016985138000052],[-156.69378281099998,20.912624250000079],[-156.63758682599996,20.80826072900004],[-156.52519380199996,20.776149565000026],[-156.49307473699997,20.79220435700006],[-156.46097200099996,20.727980976000026],[-156.43687927899998,20.623621142000047],[-156.39673492499998,20.567426737000062],[-156.27631766599998,20.583483636000039],[-156.19604528699998,20.631649591000041]]],[[[-157.67333001099996,21.298027218000072],[-157.71347278499996,21.386335421000069],[-157.76164295399997,21.458587778000037],[-157.80981523099996,21.434505064000064],[-157.84995905799997,21.506759001000034],[-157.91417980499997,21.635208397000042],[-157.98642794899996,21.699432831000024],[-158.04262604099998,21.675350644000048],[-158.11489419999998,21.579016626000055],[-158.26743157799996,21.587042441000051],[-158.24334254299998,21.538879119000057],[-158.23531883399997,21.474652578000075],[-158.13095109899996,21.354232158000059],[-158.09883308699997,21.290007723000031],[-157.94630624399997,21.306060935000062],[-157.89813449499997,21.330144176000033],[-157.82587160299997,21.249863896000022],[-157.72150176099998,21.281971373000033],[-157.68137110199996,21.273942924000039],[-157.67333001099996,21.298027218000072]]],[[[-159.33517478599998,21.948343206000061],[-159.32713053499998,22.044639299000039],[-159.29502569199997,22.12481265200006],[-159.34319586099997,22.197016550000058],[-159.39136708399997,22.229119813000068],[-159.57601246599998,22.213179849000028],[-159.71250611299996,22.149059181000041],[-159.80081431499997,22.036666683000078],[-159.73659251399997,21.964420120000057],[-159.64024690799997,21.948365855000077],[-159.57602141999996,21.884136153000043],[-159.43954515499996,21.868071880000059],[-159.33517478599998,21.948343206000061]]],[[[-156.71787289999997,21.137419779000027],[-156.91021436299997,21.158045025000035],[-156.91424280899997,21.167372395000029],[-156.94334633299997,21.172778773000061],[-156.95873322899996,21.209693733000051],[-156.99254679099997,21.195420348000027],[-157.00690392499996,21.185610491000034],[-157.16747133199996,21.193640521000077],[-157.23169418699996,21.233776447000025],[-157.24774739799997,21.161530411000058],[-157.30394865099998,21.137448223000035],[-157.28789754599998,21.081250657000055],[-157.07113204699996,21.105330738000077],[-156.88648403199997,21.049134226000035],[-156.76604833699997,21.065176903000065],[-156.71787289999997,21.137419779000027]]],[[[-157.03905090699996,20.928706959000067],[-157.05509832399997,20.880538370000068],[-156.98282647799996,20.832377681000025],[-156.99086335499996,20.792237015000069],[-156.96676536499996,20.728020481000044],[-156.88648719199998,20.736049457000036],[-156.81422588099997,20.79225281600003],[-156.80620533199996,20.840418772000078],[-156.91058570899997,20.928718547000074],[-157.03905090699996,20.928706959000067]]],[[[-160.07380371699998,22.004177326000047],[-160.12196229799997,21.963978719000067],[-160.22633635399998,21.891592045000039],[-160.24240642099997,21.803280682000036],[-160.20225943399998,21.795308593000073],[-160.17013773499997,21.867596241000058],[-160.08985850899998,21.915869650000047],[-160.04970994099997,21.988164146000031],[-160.07380371699998,22.004177326000047]]]]},"properties":{"objectid":1,"ss6.gdb.States.area":6380.6139999999996,"state_name":"Hawaii","sub_region":"Pacific","state_abbr":"HI","pop2000":1211537,"pop00_sqmi":190,"st_area(shape)":1.4292890154818965,"st_length(shape)":11.952787075947452}},{"type":"Feature","id":2,"geometry":{"type":"MultiPolygon","coordinates":[[[[-122.40201532499998,48.225216766000074],[-122.36833291999994,48.128141636000066],[-122.21699174999998,48.007439414000032],[-122.23012107199997,47.969113339000046],[-122.30292228399998,47.950214721000066],[-122.39449253799995,47.774176141000055],[-122.41481543999998,47.664179748000038],[-122.38222020899997,47.595409089000043],[-122.39263370099997,47.510242317000063],[-122.31973873099997,47.390114760000074],[-122.32537634299996,47.344323312000029],[-122.42083703999998,47.318844231000071],[-122.44160450299995,47.301124966000032],[-122.39284333999996,47.277722262000054],[-122.42409382399995,47.259472578000043],[-122.54658798799994,47.316275886000028],[-122.53076337799996,47.287456270000064],[-122.59180687799994,47.180060353000044],[-122.70007875099998,47.098325766000073],[-122.72818675099995,47.082441108000069],[-122.79004879299998,47.125859628000057],[-122.92314975899995,47.047963864000053],[-123.03134841599996,47.100774016000059],[-123.08119991399997,47.090058180000028],[-123.11543644099999,47.207980837000036],[-122.88037332499999,47.299232945000028],[-122.80218417099996,47.36074102200007],[-122.77333505899998,47.337360968000041],[-122.82510860199994,47.23482626100008],[-122.76123865799997,47.162495947000025],[-122.71980170399996,47.223130703000038],[-122.76970850899994,47.266156281000065],[-122.74154941599994,47.341450516000066],[-122.63743661899997,47.398580397000046],[-122.62875396799996,47.39855353300004],[-122.69974480199994,47.292085191000069],[-122.60691460599998,47.270571349000079],[-122.61154615999999,47.293398334000074],[-122.58053059899999,47.251387769000075],[-122.55315633599997,47.283332485000074],[-122.58825406999995,47.333929836000038],[-122.54412498899995,47.373927231000039],[-122.55844683199996,47.398363910000057],[-122.50446101499995,47.507216768000035],[-122.54270175899995,47.522734293000042],[-122.55526221099996,47.58350547200007],[-122.58646054799999,47.571191531000068],[-122.62150982299994,47.696968816000037],[-122.47358819799996,47.754980446000047],[-122.53188847799998,47.909460938000052],[-122.61321748099999,47.936188901000037],[-122.61116164599997,47.850008696000032],[-122.72306217499994,47.756899331000056],[-122.75294262899996,47.660689095000066],[-122.91696961199995,47.614606891000051],[-123.02633656099999,47.51593629000007],[-123.11268531999997,47.371569052000041],[-123.03620593899996,47.356052054000031],[-122.83324766499999,47.438464545000045],[-123.01047139199994,47.353027032000057],[-123.15406011999994,47.348547176000068],[-123.11391523899999,47.456273881000072],[-122.98274474599998,47.605474411000046],[-122.89936359499995,47.672517389000063],[-122.85880364899998,47.827328142000056],[-122.80951733499995,47.857075333000068],[-122.78980122899998,47.802548561000037],[-122.74587019799998,47.808987860000059],[-122.65358569599999,47.864431145000026],[-122.66156094499996,47.917157020000047],[-122.80293160399998,48.08532148300003],[-122.76888259299994,48.14399416200007],[-122.84111124799995,48.133136635000028],[-122.92484425599997,48.066796318000058],[-122.92159431899995,48.094179009000072],[-123.12322206699997,48.148733697000068],[-123.39685724199995,48.11103074600004],[-123.99121585399996,48.159161411000071],[-124.56354705999996,48.357279017000053],[-124.71717582599996,48.37755767200008],[-124.70520952799995,48.231995807000033],[-124.73276972799999,48.14998889900005],[-124.60668535799999,47.873735340000053],[-124.48403475499998,47.808255176000046],[-124.37360591499998,47.638763348000055],[-124.34908021899997,47.526910224000062],[-124.31942678699994,47.349238248000063],[-124.23142514199998,47.275070694000078],[-124.19273351499999,47.16698265000008],[-124.16203609999997,46.929612448000057],[-124.11236158399998,47.042674948000069],[-124.03439471099995,47.031033644000047],[-123.99586479099997,46.976385724000068],[-123.81265580799999,46.963964856000075],[-124.04692882599994,46.887253186000066],[-124.02880871799999,46.823767230000044],[-124.10473819199996,46.874145460000079],[-124.10576057799994,46.90814864500004],[-124.13882723399996,46.899984826000036],[-124.10206713299999,46.789469075000056],[-124.09104947999998,46.729022889000078],[-124.04315847799995,46.715855642000065],[-123.89554183099995,46.744986029000074],[-123.84096659999994,46.718288090000044],[-123.92647048199996,46.673060772000042],[-123.95771201099996,46.617225599000051],[-123.89356711299996,46.511079616000075],[-123.94069329899997,46.481115412000065],[-123.84145119399994,46.404343168000025],[-124.01300201699996,46.383679997000058],[-124.02304310899996,46.583541086000025],[-124.06551087799994,46.639745499000071],[-124.07910741199998,46.267259054000078],[-123.99332962999995,46.310274624000044],[-123.88577095199997,46.240438386000051],[-123.72545900999995,46.28542393400005],[-123.62007626199994,46.258665421000046],[-123.47077301899998,46.275023610000062],[-123.30471706399999,46.144737500000076],[-123.24879919399996,46.144020091000073],[-123.21243677599995,46.170005888000048],[-123.17619655999999,46.183586620000028],[-123.11855416799995,46.179310609000026],[-123.050596257,46.155736191000074],[-122.97416902199996,46.110483590000058],[-122.89975706299998,46.07932949800005],[-122.87541782999995,46.027183556000068],[-122.80774172099996,45.94389036900003],[-122.80622315299996,45.904072589000066],[-122.78407354499996,45.867886626000029],[-122.78451599999994,45.850449689000072],[-122.78800981299997,45.800343780000048],[-122.76428843699995,45.760568138000053],[-122.77255128199999,45.727685312000062],[-122.76054126499997,45.649397659000044],[-122.69632315099994,45.631045789000041],[-122.65120908099999,45.606830338000066],[-122.56542971899995,45.59481874100004],[-122.43715414399998,45.564778688000047],[-122.35645774599999,45.566171367000038],[-122.30315035899997,45.543092604000037],[-122.24492224199997,45.548112887000059],[-122.08203774099997,45.590503753000064],[-122.00001134399997,45.617824289000055],[-121.97265920399997,45.635775843000033],[-121.92682087699995,45.64202815200008],[-121.88828358299997,45.676856199000042],[-121.81104096599995,45.700682922000055],[-121.75869433899999,45.689715835000072],[-121.70641671299995,45.688793000000032],[-121.52905445499999,45.719567845000029],[-121.44255241699994,45.694966826000041],[-121.42202883099998,45.690603378000048],[-121.36781441099998,45.699686345000032],[-121.31997766299997,45.696642887000053],[-121.27639111599996,45.678340003000073],[-121.21427150199997,45.665644708000059],[-121.20330810199999,45.657287052000072],[-121.19205447199994,45.613241720000076],[-121.17431624499994,45.600516402000039],[-121.12520480499995,45.607058940000059],[-121.07352976099997,45.646610720000069],[-121.03348232599996,45.652844594000044],[-120.96847832799995,45.645154306000052],[-120.94857259799994,45.650315753000029],[-120.90793732999998,45.63547718600006],[-120.86141951899998,45.665186452000057],[-120.69699379999997,45.710509635000051],[-120.65840330599997,45.732612363000044],[-120.62375697999994,45.743610528000033],[-120.57008246099997,45.740917874000047],[-120.49915641499996,45.695630509000068],[-120.44338392299994,45.689279701000032],[-120.28363505699997,45.71658285500007],[-120.20744537799999,45.719783805000077],[-120.15590781099996,45.761261844000046],[-120.06864780499996,45.780202601000042],[-119.99432012299997,45.811140206000061],[-119.86973588699999,45.831698556000049],[-119.83355571799996,45.841609546000029],[-119.67844578099999,45.852539235000052],[-119.62211653299994,45.899410484000043],[-119.58929428099998,45.913315155000078],[-119.51222021899997,45.899200844000063],[-119.43886119799998,45.91426854000008],[-119.37944161199999,45.917610128000035],[-119.30276365299994,45.932662549000042],[-119.17874249299996,45.922351770000034],[-119.14025049699995,45.925708633000056],[-119.03222144799997,45.966274372000044],[-118.98213292099996,45.999058173000037],[-117.99252777299995,46.001639160000082],[-117.98267735799999,45.999880402000031],[-117.60282614499999,46.000268076000054],[-117.48166303299996,45.999834576000069],[-116.91913220299995,45.995175631000052],[-116.95772322399995,46.065687666000031],[-116.98721178999995,46.078508850000048],[-116.96163789699995,46.097274205000076],[-116.92942612699994,46.165483367000036],[-116.96749041599998,46.197553973000026],[-116.97272507899999,46.249309607000043],[-117.00164266699994,46.302448966000043],[-117.02797347299997,46.335427131000074],[-117.06418471899997,46.348698144000025],[-117.04447071999999,46.388573865000069],[-117.03855867999999,46.427980794000064],[-117.04192607799996,46.536601889000053],[-117.04096847899996,47.119319197000038],[-117.04239170899996,47.258501285000079],[-117.04179492099996,47.361441576000061],[-117.03747203199998,47.971092271000032],[-117.03886839799998,48.046185821000051],[-117.02911174099995,48.83807525900005],[-117.03204932599999,48.999931580000066],[-117.43858056799996,48.999918412000056],[-118.20035462999999,48.999908930000061],[-118.84360292699995,48.999898396000049],[-120.85705975799999,48.999830447000079],[-122.76511909299995,48.999746170000037],[-122.74394025199996,48.955808293000075],[-122.82242121599995,48.950725329000079],[-122.75424207699996,48.909988401000078],[-122.69740400499995,48.803014923000035],[-122.51685343899999,48.757921395000039],[-122.52655847599999,48.711724891000074],[-122.48779837399996,48.638570241000082],[-122.42954497399995,48.599397181000029],[-122.50529957199996,48.559444558000052],[-122.47383312799997,48.46219560600008],[-122.52322794999998,48.458403136000072],[-122.60817823599996,48.518824038000048],[-122.69941401499995,48.494328366000047],[-122.66703211099997,48.412895070000047],[-122.56436624699995,48.414246664000075],[-122.37832028499997,48.289720895000073],[-122.40440458099999,48.246594711000057],[-122.50913049399998,48.253793031000043],[-122.54207389499999,48.210460368000042],[-122.51451106199994,48.133973612000034],[-122.361333178,48.060097340000027],[-122.45441883999996,48.12849243900007],[-122.46285497999997,48.228363463000051],[-122.40201532499998,48.225216766000074]]],[[[-122.73318754499996,48.276647406000052],[-122.76877829999995,48.218818552000073],[-122.69555412299997,48.181185130000074],[-122.60862859199995,48.031431004000069],[-122.54496143899996,47.967531036000025],[-122.47161663999998,47.987508928000068],[-122.44278806999995,47.918056152000077],[-122.38696079699997,47.90454916200008],[-122.35540006799999,47.963886051000031],[-122.37999371299998,48.032146306000072],[-122.49621291799997,48.094071029000077],[-122.54620294699998,48.076857953000058],[-122.61092514299997,48.206321308000042],[-122.73203400199998,48.22541429000006],[-122.62350982399994,48.296350344000075],[-122.52864854899997,48.283510198000045],[-122.52574994299999,48.321044068000049],[-122.60438418499996,48.404789191000077],[-122.66561256799997,48.396777597000039],[-122.73318754499996,48.276647406000052]]],[[[-122.96797834099999,48.443794750000052],[-123.01888277599994,48.489605160000053],[-123.02227124299998,48.513359721000029],[-122.96797992099999,48.52693307800007],[-123.00869893899994,48.533719493000035],[-123.01209478099997,48.557477741000071],[-123.10372139499998,48.608376909000071],[-123.14105405299995,48.623646870000073],[-123.16989947799999,48.562564918000078],[-123.15971985499999,48.52184221300007],[-123.09523310799995,48.479422904000046],[-122.96797834099999,48.443794750000052]]]]},"properties":{"objectid":2,"ss6.gdb.States.area":67290.061000000002,"state_name":"Washington","sub_region":"Pacific","state_abbr":"WA","pop2000":5894121,"pop00_sqmi":88,"st_area(shape)":20.750757443667847,"st_length(shape)":34.956859172498255}},{"type":"Feature","id":3,"geometry":{"type":"Polygon","coordinates":[[[-111.47542530199996,44.702162308000027],[-111.44363228399999,44.713179435000029],[-111.39508392099998,44.708869714000059],[-111.38495960499995,44.737694070000032],[-111.37230960899996,44.745087280000064],[-111.34997722499998,44.726177601000074],[-111.31922186999998,44.727864197000031],[-111.31547522499994,44.705193124000061],[-111.29566852099998,44.682938170000057],[-111.27020787499998,44.673802003000048],[-111.27066560499998,44.642212304000054],[-111.22397133899995,44.626908105000041],[-111.21979804099999,44.617981578000069],[-111.23423313199999,44.602562025000054],[-111.21950728499996,44.573169852000035],[-111.17876456399995,44.564850646000025],[-111.17024203999995,44.545186160000071],[-111.13435894799994,44.527902502000074],[-111.12891885999994,44.500756841000054],[-111.09463071299996,44.486124226000072],[-111.05156088899997,44.473323058000062],[-111.05161566899994,44.664490435000062],[-111.05342868099996,44.995695312000066],[-110.42964945199998,44.992285249000076],[-110.39275977599999,44.998625522000054],[-109.99552903999995,45.002793026000063],[-109.79938562599995,44.999522547000026],[-108.62525624499995,44.997593127000073],[-108.25923859599999,45.000115120000032],[-107.89437448899997,44.999773798000035],[-106.25923186699998,44.996162523000066],[-106.02115057599997,44.997213880000061],[-105.08500293399999,44.999816990000056],[-105.04179615999999,45.001075879000041],[-104.05984232199995,44.997336082000061],[-104.04307222799997,44.997805400000061],[-104.04385126499994,45.212875349000058],[-104.04951679399994,45.883052821000035],[-104.04890631199999,45.942993871000056],[-104.04783651899999,46.28088139700003],[-104.04670562599995,46.542539739000063],[-104.04743725599997,46.642947503000073],[-104.04592658899998,47.333831864000047],[-104.04730767999996,47.400017322000053],[-104.04842540599998,48.000081495000074],[-104.05211147599994,48.391019363000055],[-104.05231742799998,48.645824921000042],[-104.06299112599999,49.00002691800006],[-105.06303452199995,49.000021124000057],[-106.12557941199998,49.000021124000057],[-107.18812061499995,49.000016911000046],[-108.25067498699997,49.00000953600005],[-109.50073700099995,49.000004796000042],[-110.75079743499998,49.00000532200005],[-111.28267930899995,49.00001164300005],[-112.18838763499997,48.99999215400004],[-114.06346353799995,48.999977406000028],[-114.72932549399997,48.999970031000032],[-116.06353136699994,48.999950542000079],[-116.05669227899995,48.49866495100008],[-116.05549765099994,48.208483543000057],[-116.05349238199994,47.976191564000032],[-116.02531590599995,47.964938988000029],[-115.99893242599995,47.925140697000074],[-115.93784204699995,47.867124326000067],[-115.90392103199997,47.841074267000067],[-115.86980933999996,47.827452451000056],[-115.84932420499996,47.805182221000052],[-115.83674215799999,47.756281474000048],[-115.79053775199998,47.744838221000066],[-115.77572710099997,47.70973258600003],[-115.73366544299995,47.695554540000046],[-115.73406733899998,47.639880020000078],[-115.69828432699995,47.616080687000078],[-115.69208785099994,47.590721174000066],[-115.74282952699997,47.533691372000078],[-115.70152267499998,47.520893891000071],[-115.69277049599998,47.489540695000073],[-115.64014206699994,47.475235180000027],[-115.64318552399999,47.457794030000059],[-115.65608729799999,47.449179854000079],[-115.73248134899995,47.445303633000037],[-115.75010580299994,47.433966253000051],[-115.75032650299994,47.422475594000048],[-115.66647761399997,47.399167703000046],[-115.63878257099998,47.380043644000068],[-115.59953576899994,47.370003078000082],[-115.55552046199995,47.33461300700003],[-115.52306428799994,47.291982478000079],[-115.50193021999996,47.281644309000058],[-115.42664125199997,47.274374354000031],[-115.40820773899998,47.263593730000025],[-115.34366094399996,47.255022746000066],[-115.32522795699998,47.245149681000044],[-115.29623451999998,47.179549949000034],[-115.19307352799996,47.124026601000025],[-115.17249621499997,47.097570959000052],[-115.14868371399996,47.091742142000044],[-115.13550698599994,47.063550391000035],[-115.08133628599995,47.026524291000044],[-115.05563861099995,46.973358069000028],[-115.03733467299998,46.963001464000058],[-115.00157430999997,46.958809204000033],[-114.96473045899995,46.92521318200005],[-114.92412521499995,46.907165236000026],[-114.94056662799994,46.890888164000046],[-114.94840861399996,46.852446734000068],[-114.90232482999994,46.799433264000072],[-114.86660344499995,46.79704558800006],[-114.84079199599995,46.775538066000081],[-114.79402978099995,46.766531475000079],[-114.77783224499996,46.755717140000058],[-114.78291942299995,46.703040252000051],[-114.74810559699995,46.695132424000064],[-114.69843108099997,46.73376031600003],[-114.67388747599995,46.734721602000036],[-114.62592694599999,46.687107135000076],[-114.64503783699996,46.670921714000031],[-114.64474023299999,46.660824261000073],[-114.61082606599996,46.629048099000045],[-114.54039093399996,46.637890876000029],[-114.48471799399999,46.623574826000038],[-114.44153597599995,46.645715480000035],[-114.38401789399995,46.661596450000047],[-114.33468522699997,46.654226942000037],[-114.32471260899996,46.622839508000027],[-114.34331941799996,46.587881885000058],[-114.35011478699994,46.51738986600003],[-114.36046770499996,46.506125175000079],[-114.41071477899999,46.487371408000058],[-114.38402474099996,46.428178845000048],[-114.39701711299995,46.399545692000061],[-114.40979615799995,46.392912029000058],[-114.43179564799999,46.284711266000045],[-114.47379515199998,46.252961440000036],[-114.47283386599997,46.243783135000058],[-114.43955282999997,46.22025401500008],[-114.44087914099998,46.168968753000058],[-114.46701769099997,46.155262659000073],[-114.50961345599995,46.157418046000032],[-114.51894398599995,46.136062750000065],[-114.50656841799997,46.116142799000045],[-114.47737008199999,46.107357436000029],[-114.45602953399998,46.082229685000073],[-114.46575669399999,46.050815388000046],[-114.49432084499995,46.023410574000081],[-114.47452941599994,46.009765581000067],[-114.48445515399999,45.989806652000027],[-114.41244720099996,45.971973086000048],[-114.40529049299994,45.953978867000046],[-114.42946064499995,45.921477395000068],[-114.41353016199997,45.910650945000043],[-114.39283802099999,45.870886365000047],[-114.40752488999999,45.846453374000077],[-114.44323152699997,45.852621405000036],[-114.47380305299998,45.839467854000077],[-114.49916414599994,45.842684079000037],[-114.51737590499994,45.810067779000065],[-114.56354238599994,45.762398532000077],[-114.54195796199997,45.745999257000051],[-114.53497665599997,45.72299634400008],[-114.49756077399996,45.694401643000049],[-114.51070642399998,45.67405767200006],[-114.50174197199999,45.652393711000059],[-114.56467854699997,45.62427148900008],[-114.54095769799994,45.596397357000058],[-114.56092452799999,45.548740225000074],[-114.52739224099997,45.558192957000074],[-114.49659105999996,45.546649625000043],[-114.46270796999994,45.547847414000046],[-114.43355493299998,45.527633546000061],[-114.41905083999995,45.49900776800007],[-114.37145744199995,45.485740969000062],[-114.35024646999995,45.463383302000068],[-114.32643449599999,45.457424909000054],[-114.26223903199997,45.485859484000059],[-114.24788031699995,45.50294561700008],[-114.24199777399997,45.535290649000046],[-114.19480890599999,45.527917455000079],[-114.17266772599999,45.543924314000037],[-114.13204773299998,45.550382575000071],[-114.11813937399995,45.571127389000026],[-114.08296684399994,45.586378914000079],[-114.05651541599997,45.625143757000046],[-114.01803184799996,45.640772949000052],[-114.01098996799999,45.652511172000061],[-114.01987856999995,45.672377924000045],[-114.00947192599995,45.686332108000045],[-113.97114901099997,45.697376098000063],[-113.96414452899995,45.679378192000058],[-113.92669862299999,45.67121121200006],[-113.92353243699995,45.655124817000058],[-113.90219979099999,45.637252799000066],[-113.90330592799995,45.613491391000025],[-113.85202698599994,45.60956249700007],[-113.82248522099997,45.600635970000042],[-113.80375463099995,45.583729452000057],[-113.83371514799995,45.514908227000035],[-113.78093343899997,45.516865564000057],[-113.77230451499997,45.507054126000071],[-113.76916782599994,45.47770777900007],[-113.78566243899996,45.445633486000077],[-113.77502613999997,45.410172307000039],[-113.74131002299998,45.382386666000059],[-113.73908089399998,45.321530683000049],[-113.68870898399996,45.277788223000073],[-113.69012009899996,45.262281759000075],[-113.64559280799995,45.206790014000035],[-113.60092856699998,45.180992260000039],[-113.59409948699999,45.149742830000037],[-113.57158379999998,45.13454555800007],[-113.57437600599997,45.117711203000056],[-113.55227275099998,45.107549489000064],[-113.51022584099996,45.107835504000036],[-113.52060930899995,45.082064087000049],[-113.49015893099994,45.071219202000066],[-113.48630535999996,45.058321641000077],[-113.45543517699997,45.043348757000047],[-113.45885314099996,45.02744935100003],[-113.44102958299999,44.998194655000077],[-113.44876464199996,44.949522510000065],[-113.46341358599994,44.940775598000073],[-113.48734828899995,44.939574123000057],[-113.49619106599994,44.930670245000044],[-113.44557317299996,44.851239583000051],[-113.42137879099994,44.83369940700004],[-113.35002398599994,44.807568759000048],[-113.34063129999998,44.779000394000036],[-113.31868026999996,44.780228733000058],[-113.25715428399997,44.810486854000033],[-113.24033836399997,44.811841082000058],[-113.13827402799996,44.761439149000068],[-113.12743124999997,44.737379611000051],[-113.10170302499995,44.715173116000074],[-113.09895611699994,44.69591579300004],[-113.07314414099994,44.675525470000025],[-113.05428924199998,44.624289194000028],[-113.08303669499998,44.582681578000063],[-113.03966084099994,44.556294411000067],[-113.03782096599997,44.532959130000052],[-113.00771296399995,44.510611997000069],[-113.02030923299998,44.481776053000033],[-113.00665897299996,44.452615642000069],[-113.01201478399997,44.437714920000076],[-112.98524942399996,44.435540570000057],[-112.93828125599998,44.407192380000026],[-112.88730781899994,44.392852101000074],[-112.87078107499997,44.369978763000063],[-112.84427539399996,44.35363953600006],[-112.81739678599996,44.364202620000071],[-112.81870992899997,44.394819971000061],[-112.82669149899999,44.421084410000049],[-112.79622795299997,44.458010958000045],[-112.77986291599996,44.473921952000069],[-112.73371223699996,44.484320169000057],[-112.71432586499998,44.496935400000041],[-112.65318913299996,44.480802125000025],[-112.53932441999996,44.47749740900008],[-112.50183953599998,44.462997530000052],[-112.45851951499998,44.468834774000072],[-112.42075335699997,44.449285115000066],[-112.36758344699996,44.449270367000054],[-112.34057684299995,44.497180331000038],[-112.34250731599997,44.525100288000033],[-112.28234135099996,44.541702881000049],[-112.25667580699997,44.55997205400007],[-112.23039872699997,44.559491148000063],[-112.21776347999997,44.538495083000043],[-112.19965811999998,44.531449516000066],[-112.12419058999996,44.52825277900007],[-112.09989718299994,44.518231702000037],[-112.05936673499997,44.528611484000066],[-112.02707700899998,44.52284376800003],[-112.02361321899997,44.535043408000035],[-111.97781808399998,44.52967600900007],[-111.94038587399996,44.549726590000034],[-111.87250223199999,44.556265968000048],[-111.80783744899998,44.50398202100007],[-111.79260804599994,44.518462938000027],[-111.76691827299999,44.518825329000038],[-111.71699777299995,44.53376081600004],[-111.68486290599998,44.550752137000075],[-111.60524841499995,44.542989687000045],[-111.56723100499994,44.55286643900007],[-111.49024069299998,44.528697341000054],[-111.48257305599998,44.536143751000054],[-111.45932521099996,44.537921999000048],[-111.46282745199994,44.549942023000028],[-111.49290385099994,44.551189325000053],[-111.51452672599999,44.593196730000045],[-111.50174715399999,44.615971042000069],[-111.50769079799994,44.637688729000047],[-111.47016798999999,44.640710591000072],[-111.45826542599997,44.652555214000074],[-111.46069208099999,44.670023228000048],[-111.48080376299998,44.691415922000033],[-111.47542530199996,44.702162308000027]]]},"properties":{"objectid":3,"ss6.gdb.States.area":147244.65299999999,"state_name":"Montana","sub_region":"Mtn","state_abbr":"MT","pop2000":902195,"pop00_sqmi":6,"st_area(shape)":45.134301695243991,"st_length(shape)":34.528065195946795}},{"type":"Feature","id":4,"geometry":{"type":"MultiPolygon","coordinates":[[[[-69.777276316999973,44.074148154000056],[-69.766755371999977,44.047732017000044],[-69.800012704999972,44.026866582000025],[-69.777672945999939,43.791270939000071],[-69.750359257999946,43.761703891000025],[-69.724671063999949,43.784477150000043],[-69.748528336999982,43.893375307000042],[-69.720635769999944,43.937979501000029],[-69.612932240999953,44.033612965000032],[-69.655244623999977,43.980249745000037],[-69.664452952999966,43.852224368000066],[-69.589326745999983,43.844862762000048],[-69.48323290999997,43.887159869000072],[-69.394488573999979,44.025127839000049],[-69.34645377399994,44.015969550000079],[-69.293650469999989,43.942190723000067],[-69.219140538999966,43.946787513000061],[-69.074458315999948,44.069066244000055],[-69.021482243999969,44.244093498000041],[-68.985027647999971,44.27111274400005],[-68.959179327999948,44.430331717000058],[-68.811677507999946,44.494593550000047],[-68.807902945999956,44.569654442000058],[-68.86060880499997,44.610970248000058],[-68.823812886999974,44.664089591000049],[-68.82355215399997,44.60890703900003],[-68.745279249999953,44.552320745000031],[-68.741348775999938,44.507285158000059],[-68.813767579999933,44.413990383000055],[-68.812851593999937,44.32743251100004],[-68.740310059999956,44.346330076000072],[-68.559426598999949,44.259887031000062],[-68.53007551099995,44.289835960000062],[-68.552186140999936,44.399049103000038],[-68.428571090999981,44.465306196000029],[-68.363765670999953,44.431386761000056],[-68.245614412999942,44.490647800000033],[-68.13626484699995,44.475237202000073],[-68.074379101999966,44.38137461000008],[-68.01639275499997,44.384956388000035],[-67.986523888999955,44.484812136000073],[-67.963436697999953,44.505327295000029],[-67.96834215399997,44.471228244000031],[-67.90004186699997,44.45239915500008],[-67.858560666999949,44.536077383000077],[-67.811219046999952,44.554009975000042],[-67.618838078999943,44.540239619000033],[-67.570993429999987,44.598333420000074],[-67.388510283999949,44.691400120000026],[-67.308468086999937,44.653521240000032],[-67.200364768999975,44.653781446000039],[-67.007718854999951,44.780624836000072],[-66.969271104999962,44.828654895000057],[-67.146706577999964,44.904581208000025],[-67.065358612999944,44.959295496000038],[-67.150660755999979,45.121989847000066],[-67.165905432999978,45.156264299000043],[-67.274095135999971,45.182783149000045],[-67.345605854999974,45.122252160000073],[-67.439434734999963,45.189583786000071],[-67.477949906999982,45.280280192000077],[-67.41855507799994,45.375852556000041],[-67.504106891999982,45.485815765000041],[-67.416084177999949,45.503554519000033],[-67.439300944999957,45.592561168000032],[-67.615140420999978,45.605199049000078],[-67.718034358999944,45.681299711000065],[-67.752955111999938,45.659289160000071],[-67.803432893999968,45.67811350900007],[-67.803053646999956,45.794508116000031],[-67.759367020999946,45.827798633000043],[-67.794570627999974,45.878475520000052],[-67.755615108999962,45.916580367000051],[-67.780289342999936,45.947062876000075],[-67.79101097299997,47.06100364200006],[-68.230806922999989,47.352148443000033],[-68.334813845999975,47.357374151000045],[-68.39125686899996,47.285097037000071],[-68.514672813999937,47.296964310000078],[-68.894872195999938,47.182256299000073],[-69.036714279999956,47.257361436000053],[-69.046976599999937,47.422030506000056],[-69.230296196999973,47.453334716000029],[-69.984977811999954,46.691365763000078],[-70.014144543999976,46.570598227000062],[-70.046607564999988,46.426115635000031],[-70.191058552999948,46.334839825000074],[-70.283496860999946,46.190249253000047],[-70.229325633999963,46.137434360000043],[-70.304849522999973,46.066658433000043],[-70.280022536999979,46.053154078000034],[-70.310295405999966,45.968782143000055],[-70.247464703999981,45.944619892000048],[-70.253964049999979,45.899004900000079],[-70.416213839999955,45.790309008000065],[-70.396382905999985,45.722046119000026],[-70.552270298999986,45.660663930000055],[-70.71991066399994,45.512954578000063],[-70.63492982799994,45.391966868000054],[-70.796966816999941,45.425172054000029],[-70.829132234999975,45.390726414000028],[-70.812666064999974,45.354677929000047],[-70.842875725999988,45.278137446000073],[-70.87644383099996,45.225445282000067],[-70.959382000999938,45.338865960000078],[-71.087509036999961,45.301469041000075],[-71.028726269999936,44.668537843000081],[-71.008596679999982,44.282146199000067],[-70.984442329999979,43.791163486000073],[-70.973873978999961,43.571829641000079],[-70.956524478999938,43.564143568000077],[-70.949619548999976,43.54895367000006],[-70.964268493999953,43.531989739000039],[-70.959278233999953,43.516387936000058],[-70.970791015999964,43.470211448000043],[-70.96148313499998,43.438126620000048],[-70.979099686999973,43.39618400300003],[-70.969699626999954,43.366379926000036],[-70.90580123999996,43.302069107000079],[-70.901085934999969,43.281019842000035],[-70.813207545999944,43.235222601000032],[-70.830548089999979,43.159174086000064],[-70.81866817599996,43.121870924000063],[-70.665672014999984,43.091050781000035],[-70.538940818999947,43.335718328000041],[-70.456976576999978,43.349470775000043],[-70.365925680999965,43.430303596000044],[-70.341610676999949,43.534908887000029],[-70.222239507999973,43.577240233000055],[-70.235797589999947,43.685796541000059],[-70.156628714999954,43.789810312000043],[-70.026402650999955,43.845601240000065],[-69.987370228999964,43.845738717000074],[-69.999500340999987,43.786207991000026],[-69.972903533999954,43.76884743100004],[-69.903132084999982,43.790732093000031],[-69.886790750999978,43.876713193000057],[-69.846155482999961,43.842343929000037],[-69.851785193999945,43.744328056000029],[-69.830391973999951,43.727986195000028],[-69.791528104999941,43.756085241000051],[-69.859928470999932,44.000001142000031],[-69.777276316999973,44.074148154000056]]],[[[-68.387921074999952,44.377252932000033],[-68.402890271999979,44.270801445000075],[-68.320711649999964,44.225079526000059],[-68.304705317999947,44.290031378000037],[-68.164768949999939,44.334495987000025],[-68.238708955999982,44.437563221000062],[-68.355449625999938,44.428857921000031],[-68.350253941999938,44.398951131000047],[-68.387921074999952,44.377252932000033]]]]},"properties":{"objectid":4,"ss6.gdb.States.area":32161.924999999999,"state_name":"Maine","sub_region":"N Eng","state_abbr":"ME","pop2000":1274923,"pop00_sqmi":40,"st_area(shape)":9.5706983762344571,"st_length(shape)":18.89871918707172}},{"type":"Feature","id":5,"geometry":{"type":"Polygon","coordinates":[[[-98.730436794999946,45.938271192000059],[-98.014709644999982,45.931497945000046],[-97.978721733999976,45.930822147000072],[-97.233310074999963,45.936502425000072],[-96.566921386999979,45.934110535000059],[-96.56180207899996,45.947682839000038],[-96.576215046999948,46.021279417000073],[-96.551931120999939,46.095529142000032],[-96.571166319999975,46.177174711000077],[-96.587890061999985,46.19191846700005],[-96.586456296999984,46.215412821000029],[-96.598182931999986,46.238682788000062],[-96.60207442799998,46.336324156000046],[-96.614861374999975,46.350812446000077],[-96.652101854999955,46.359433996000064],[-96.688227769999969,46.412218338000059],[-96.709682618999977,46.427168046000077],[-96.714894104999985,46.468718248000073],[-96.740315771999974,46.489432511000075],[-96.751227552999978,46.58861931000007],[-96.771041630999946,46.599983553000072],[-96.784317384999952,46.624112093000065],[-96.790245753999955,46.629773409000052],[-96.793694794999965,46.678804258000071],[-96.781556781999939,46.707044469000039],[-96.780382169999939,46.76231182500004],[-96.797197035999943,46.812033221000036],[-96.768249950999973,46.844861793000064],[-96.778061388999959,46.867349563000062],[-96.756910990999984,46.922780207000073],[-96.76306796199998,46.936261913000067],[-96.787925498999982,46.932184480000046],[-96.789710593999985,46.94820240100006],[-96.801887057999977,46.955843702000038],[-96.793425634999949,46.969641447000072],[-96.81677250499996,46.969779451000079],[-96.824531266999941,47.003436574000034],[-96.835296615999937,47.010231416000067],[-96.822608168999977,47.033932250000078],[-96.826964768999972,47.078832994000038],[-96.819151752999971,47.092603876000055],[-96.839163882999969,47.151886511000043],[-96.826491236999971,47.170064033000074],[-96.837065381999992,47.240458606000061],[-96.849623726999937,47.256843659000026],[-96.837713788999963,47.293883981000079],[-96.846747242999982,47.314601931000027],[-96.838461748999975,47.342243247000056],[-96.850630838999962,47.360954875000061],[-96.83982756499995,47.384117389000039],[-96.850005607999947,47.408935948000078],[-96.867248706999987,47.413087123000025],[-96.855827049999959,47.436753192000026],[-96.866684049999947,47.461537514000042],[-96.851615826999989,47.500618923000047],[-96.860687205999966,47.521355835000065],[-96.849188645999959,47.544567862000065],[-96.858664554999962,47.562978199000042],[-96.852216828999985,47.601151522000066],[-96.873335621999956,47.615254771000082],[-96.889425704999951,47.673925344000054],[-96.923659071999964,47.714094454000076],[-96.93201251499994,47.763506131000042],[-96.957830284999943,47.794440575000067],[-96.983892984999954,47.809661550000044],[-96.977231404999941,47.828029222000055],[-97.000340718999951,47.870197807000068],[-97.020566174999942,47.875569420000033],[-97.015330984999991,47.917890231000058],[-97.048053157999959,47.954924232000053],[-97.067071343999942,48.048164753000037],[-97.092721612999981,48.070343858000058],[-97.099030282999991,48.100972798000043],[-97.121873069999936,48.116369175000045],[-97.120918631999984,48.142774778000046],[-97.13651305999997,48.148398169000075],[-97.116065849999984,48.159223565000048],[-97.13744326799997,48.167769265000061],[-97.136291304999986,48.17522673700006],[-97.137275240999941,48.195063465000032],[-97.130828040999972,48.203741901000058],[-97.110899661999952,48.207606008000027],[-97.139754041999936,48.221755083000062],[-97.109235714999954,48.22804900400007],[-97.12755387499999,48.233523330000025],[-97.123784579999949,48.259173599000064],[-97.136655803999986,48.264483584000061],[-97.11171451599995,48.277876799000069],[-97.112683702999959,48.286147018000065],[-97.130513581999992,48.293040360000077],[-97.113721364999947,48.294882869000048],[-97.114751125999987,48.303618193000034],[-97.132634731999985,48.31096926500004],[-97.112591524999971,48.31992581600008],[-97.137136183999985,48.325991662000035],[-97.13112353799994,48.361491293000029],[-97.150396134999937,48.363215813000068],[-97.133786167999972,48.372454693000066],[-97.135205183999972,48.384409929000071],[-97.158819106999943,48.388206087000071],[-97.129124589999947,48.407885322000027],[-97.149823577999939,48.409991723000076],[-97.151647123999965,48.419612483000037],[-97.12260101399994,48.416109715000061],[-97.119633404999945,48.437102093000078],[-97.143612879999978,48.438109731000054],[-97.134594174999961,48.517313898000054],[-97.14832765899996,48.517951244000074],[-97.139385328999936,48.534648122000078],[-97.155537566999953,48.53839845400006],[-97.160435647999975,48.545077942000034],[-97.146618412999942,48.549537256000065],[-97.167943158999947,48.562263101000042],[-97.152126976999966,48.572856209000065],[-97.158192295999982,48.583640520000074],[-97.140811719999988,48.586905732000048],[-97.144717963999938,48.614024529000062],[-97.122958137999944,48.620768806000058],[-97.127444313999945,48.629794359000073],[-97.107630235999977,48.629946585000027],[-97.097169337999958,48.674528656000064],[-97.116739012999972,48.695242919000066],[-97.110101135999969,48.708582934000049],[-97.134805920999952,48.726237938000054],[-97.132501994999984,48.747218727000075],[-97.147898371999986,48.75565328700003],[-97.139245744999982,48.76354215300006],[-97.147515964999968,48.781170293000059],[-97.173944743999982,48.801514264000048],[-97.164712184999985,48.810368102000041],[-97.180421966999972,48.815537450000079],[-97.171204156999977,48.835980446000065],[-97.175727730999938,48.873757666000074],[-97.216369319999956,48.931829871000048],[-97.229436487999976,48.99998794000004],[-97.93786787199997,48.99999215400004],[-99.00040328099999,49.000006376000044],[-99.533566167999936,49.000008483000045],[-100.18790849499999,49.000002162000044],[-101.50043723899995,49.000020071000051],[-102.02226432499998,49.000015330000053],[-102.93795896299997,49.000026392000052],[-104.06299112599999,49.00002691800006],[-104.05231742799998,48.645824921000042],[-104.05211147599994,48.391019363000055],[-104.04842540599998,48.000081495000074],[-104.04730767999996,47.400017322000053],[-104.04592658899998,47.333831864000047],[-104.04743725599997,46.642947503000073],[-104.04670562599995,46.542539739000063],[-104.04783651899999,46.28088139700003],[-104.04890631199999,45.942993871000056],[-102.99482284499999,45.94111554400007],[-102.94639720999999,45.941665453000041],[-102.00277524099994,45.942505590000053],[-100.51440649399996,45.940388127000062],[-99.875783430999945,45.943547466000041],[-99.717345600999977,45.942761055000062],[-99.006832571999951,45.939555364000057],[-98.730436794999946,45.938271192000059]]]},"properties":{"objectid":5,"ss6.gdb.States.area":70812.055999999997,"state_name":"North Dakota","sub_region":"W N Cen","state_abbr":"ND","pop2000":642200,"pop00_sqmi":9,"st_area(shape)":21.874874321460634,"st_length(shape)":21.353308777294803}},{"type":"Feature","id":6,"geometry":{"type":"Polygon","coordinates":[[[-102.78838445299999,42.995303542000045],[-102.08670103299994,42.989887157000055],[-101.23173701599995,42.986843172000079],[-100.19814237099996,42.991094953000072],[-99.532790290999969,42.992334880000044],[-99.253971546999992,42.992389660000072],[-98.49765126799997,42.991778651000061],[-98.45744423299999,42.937160755000036],[-98.391204521999953,42.920135723000044],[-98.31033956899995,42.881794900000045],[-98.167826427999955,42.839571008000064],[-98.144868813999949,42.835794866000072],[-98.12311688799997,42.820223614000042],[-98.12182007399997,42.808360029000028],[-98.033140524999965,42.769192236000038],[-97.995144711999956,42.766812461000029],[-97.963558172999967,42.773690001000034],[-97.929477030999976,42.792324199000063],[-97.889941052999973,42.831271818000062],[-97.888659513999983,42.855807522000077],[-97.818643133999956,42.866587620000075],[-97.797028158999979,42.849597352000046],[-97.772186423999983,42.846164112000054],[-97.725249860999952,42.858008209000047],[-97.685751806999974,42.836837269000057],[-97.634970626999973,42.861285008000038],[-97.570654013999956,42.847990819000074],[-97.506131975999949,42.860136733000047],[-97.483159085999944,42.857157010000037],[-97.457263886999954,42.850443283000061],[-97.389305974999957,42.867433024000036],[-97.311414424999953,42.861771709000038],[-97.271457587999976,42.850014523000027],[-97.243189460999986,42.851826482000035],[-97.224443594999968,42.841202297000052],[-97.21183152399999,42.812573358000066],[-97.161422742999946,42.798619174000066],[-97.130469335999976,42.773923343000035],[-97.015139781999949,42.759541979000062],[-96.979593271999988,42.75831364000004],[-96.970003061999989,42.75206554500005],[-96.97786875099996,42.72730808700004],[-96.970773670999961,42.721147429000041],[-96.908233724999945,42.731698925000046],[-96.810139894999963,42.704084472000034],[-96.810437498999988,42.681341237000026],[-96.799343995999948,42.67001913200005],[-96.722658661999958,42.668592215000047],[-96.69906001399994,42.657715726000049],[-96.694597013999953,42.64116369900006],[-96.715272825999989,42.621907430000078],[-96.714059761999977,42.61230194500007],[-96.636672293999936,42.550731713000062],[-96.629294358999971,42.522693768000067],[-96.60546710899996,42.507236290000037],[-96.584752845999958,42.518287128000054],[-96.547215815999948,42.520499402000041],[-96.494701686999974,42.48845934700006],[-96.439394825999955,42.48924101800003],[-96.480243419999965,42.517130425000062],[-96.489337447999958,42.564028009000026],[-96.50094188099996,42.573885272000041],[-96.488498363999952,42.580480484000077],[-96.512843917999987,42.629755211000031],[-96.541165244999945,42.662405221000029],[-96.563039371999992,42.668513206000057],[-96.626540603999956,42.708354689000032],[-96.640709167999944,42.748603862000039],[-96.632980428999986,42.776835645000062],[-96.600875059999964,42.799558864000062],[-96.587645657999985,42.835381381000047],[-96.573126289999948,42.834347406000063],[-96.556211344999952,42.846660821000057],[-96.537511304999953,42.896906314000034],[-96.544263482999952,42.913866559000041],[-96.514935043999969,42.952382257000068],[-96.517147844999954,42.986458131000063],[-96.499019835999945,43.012049933000071],[-96.520010633999959,43.051508482000031],[-96.479573416999983,43.061884049000071],[-96.462093814999946,43.075582242000053],[-96.46080490199995,43.087873006000052],[-96.45150492099998,43.126308642000026],[-96.473114628999951,43.209081944000047],[-96.48724526899997,43.217909446000078],[-96.558605868999962,43.225489120000077],[-96.566990915999952,43.239633981000054],[-96.559567680999976,43.253263172000061],[-96.570722284999988,43.263612403000025],[-96.579131034999989,43.290073839000058],[-96.540563189999943,43.307659314000034],[-96.52289396499998,43.356966171000067],[-96.52505356599994,43.384225080000078],[-96.55770884399999,43.400727067000048],[-96.589113133999945,43.435539313000049],[-96.583795773999952,43.481920700000046],[-96.598315668999987,43.499849078000068],[-96.460454624999954,43.499718448000067],[-96.456602106999981,43.848741616000041],[-96.457397471999968,44.199061598000071],[-96.455106187999945,44.538343384000029],[-96.45671798799998,44.628808554000045],[-96.455217328999936,44.801347527000075],[-96.456079588999955,44.971995005000053],[-96.454496758999937,45.275195648000079],[-96.45760237099995,45.298850129000073],[-96.477591850999943,45.328509355000051],[-96.532548962999954,45.375131986000042],[-96.605084701999942,45.396524154000076],[-96.693169042999955,45.410637938000036],[-96.738032388999954,45.458195518000025],[-96.769246001999988,45.517478680000067],[-96.843086982999978,45.584090264000054],[-96.854990072999954,45.609122149000029],[-96.83279569299998,45.650687099000038],[-96.657391824999991,45.738970545000029],[-96.604610642999944,45.808264249000047],[-96.587955376999957,45.817854459000046],[-96.566921386999979,45.934110535000059],[-97.233310074999963,45.936502425000072],[-97.978721733999976,45.930822147000072],[-98.014709644999982,45.931497945000046],[-98.730436794999946,45.938271192000059],[-99.006832571999951,45.939555364000057],[-99.717345600999977,45.942761055000062],[-99.875783430999945,45.943547466000041],[-100.51440649399996,45.940388127000062],[-102.00277524099994,45.942505590000053],[-102.94639720999999,45.941665453000041],[-102.99482284499999,45.94111554400007],[-104.04890631199999,45.942993871000056],[-104.04951679399994,45.883052821000035],[-104.04385126499994,45.212875349000058],[-104.04307222799997,44.997805400000061],[-104.05984232199995,44.997336082000061],[-104.05946518199994,44.574352365000038],[-104.06103589699995,44.181825347000029],[-104.05973118199995,44.145825320000029],[-104.05947940399994,43.852906486000052],[-104.05791395599999,43.503712130000054],[-104.05915756999997,43.479133761000071],[-104.05619891699996,43.003062304000025],[-103.50146372099994,42.998618793000048],[-103.00587526299995,42.999354111000059],[-102.78838445299999,42.995303542000045]]]},"properties":{"objectid":6,"ss6.gdb.States.area":77195.054999999993,"state_name":"South Dakota","sub_region":"W N Cen","state_abbr":"SD","pop2000":754844,"pop00_sqmi":10,"st_area(shape)":22.59810537819973,"st_length(shape)":22.74654631278413}},{"type":"Feature","id":7,"geometry":{"type":"Polygon","coordinates":[[[-104.05361529599998,41.698218054000051],[-104.05351363699998,41.999815324000053],[-104.05621945899998,42.614669606000064],[-104.05619891699996,43.003062304000025],[-104.05915756999997,43.479133761000071],[-104.05791395599999,43.503712130000054],[-104.05947940399994,43.852906486000052],[-104.05973118199995,44.145825320000029],[-104.06103589699995,44.181825347000029],[-104.05946518199994,44.574352365000038],[-104.05984232199995,44.997336082000061],[-105.04179615999999,45.001075879000041],[-105.08500293399999,44.999816990000056],[-106.02115057599997,44.997213880000061],[-106.25923186699998,44.996162523000066],[-107.89437448899997,44.999773798000035],[-108.25923859599999,45.000115120000032],[-108.62525624499995,44.997593127000073],[-109.79938562599995,44.999522547000026],[-109.99552903999995,45.002793026000063],[-110.39275977599999,44.998625522000054],[-110.42964945199998,44.992285249000076],[-111.05342868099996,44.995695312000066],[-111.05161566899994,44.664490435000062],[-111.05156088899997,44.473323058000062],[-111.05040523899999,43.982553144000065],[-111.04677131499994,43.515528310000036],[-111.04749820499995,43.284734883000056],[-111.04921587799998,43.019882965000079],[-111.04678026899995,42.503252089000057],[-111.04869757399996,41.996203523000077],[-111.05106892099997,41.578592472000025],[-111.05165095999996,41.258425265000028],[-111.05102256899994,40.996583619000035],[-110.06318566099998,40.99789202200003],[-110.00216533699995,40.997599685000068],[-109.04831475799995,40.998433502000069],[-107.91867158399998,41.003375302000052],[-107.30405117099997,41.000133266000034],[-106.86543878899994,40.998457205000079],[-106.32912551799996,41.001288917000068],[-106.20347148899998,41.000084807000064],[-105.27879764999994,40.996349224000028],[-104.93449294799996,40.994289175000063],[-104.05170536599996,41.003211488000034],[-104.05401245199994,41.388085617000058],[-104.05550046999997,41.56422217000005],[-104.05361529599998,41.698218054000051]]]},"properties":{"objectid":7,"ss6.gdb.States.area":97803.198999999993,"state_name":"Wyoming","sub_region":"Mtn","state_abbr":"WY","pop2000":493782,"pop00_sqmi":5,"st_area(shape)":27.96668813848542,"st_length(shape)":21.98702973334067}},{"type":"Feature","id":8,"geometry":{"type":"MultiPolygon","coordinates":[[[[-87.748554658999979,44.961616804000073],[-87.620335444999967,44.991997653000055],[-87.618521379999947,45.056806760000029],[-87.581275631999972,45.094639814000061],[-87.664886438999986,45.109053836000044],[-87.67281428199999,45.140672505000055],[-87.729668681999954,45.176604583000028],[-87.736200158999964,45.199072337000075],[-87.721628117999956,45.211671767000041],[-87.719668147999982,45.236771601000044],[-87.705141932999936,45.247086067000055],[-87.704471402999957,45.272205390000067],[-87.645362062999936,45.348169101000053],[-87.643683894999981,45.361855706000028],[-87.689598070999978,45.391269475000058],[-87.760037942999986,45.352897574000053],[-87.828007968999941,45.358321334000038],[-87.841282669999941,45.346149084000047],[-87.862095958999987,45.370164903000045],[-87.868535256999962,45.372072200000048],[-87.873974818999955,45.362085888000081],[-87.883610853999983,45.365854655000078],[-87.849531819999982,45.406117524000081],[-87.860267144999966,45.445098327000039],[-87.813614489999964,45.466460470000072],[-87.789384817999974,45.499067816000036],[-87.805140951999988,45.544525842000041],[-87.828602122999939,45.568591701000059],[-87.786312389999978,45.568519539000079],[-87.775075615999981,45.600386826000033],[-87.776044802999991,45.613200109000047],[-87.819937907999986,45.654450600000075],[-87.817054049999967,45.665390824000042],[-87.780944990999956,45.675915456000041],[-87.777473826999938,45.68410192500005],[-87.801155697999945,45.701324482000075],[-87.801552853999965,45.711390857000026],[-87.842362469999955,45.72241851900003],[-87.87362875599996,45.750699287000032],[-87.969179523999969,45.766448575000027],[-87.990069714999947,45.795046436000064],[-88.051639420999948,45.786112007000042],[-88.088733995999974,45.791532607000079],[-88.129949722999982,45.819401997000057],[-88.121786429999986,45.834877911000035],[-88.065420836999976,45.873642227000062],[-88.095764287999941,45.891803420000031],[-88.093850143999987,45.920615134000059],[-88.111390319999941,45.926287511000055],[-88.150438544999986,45.936293313000078],[-88.180194162999953,45.953516923000052],[-88.214991659999953,45.947901433000027],[-88.25716814599997,45.967054989000076],[-88.299151847999951,45.961944108000068],[-88.321323051999968,45.966712613000027],[-88.369938309999952,45.994587272000047],[-88.403522216999988,45.983422133000033],[-88.45431919899994,46.000760571000058],[-88.483814084999949,45.99915087800008],[-88.494083251999939,46.012960211000063],[-88.515613422999991,46.018609412000046],[-88.548357718999966,46.019300484000041],[-88.575357474999976,46.00895915500007],[-88.597536052999942,46.015516442000035],[-88.615502355999979,45.994120587000054],[-88.643669349999982,45.993388430000039],[-88.677383885999973,46.020144309000045],[-88.703605659999937,46.018923871000027],[-88.726409468999975,46.029581767000082],[-88.773017350999964,46.021147734000067],[-88.777480877999949,46.032614163000062],[-88.793815364999944,46.036360281000043],[-88.804397410999968,46.026804835000064],[-88.925195497999937,46.073601288000077],[-88.985300887999983,46.100391405000039],[-89.099806106999949,46.14564295200006],[-89.925136180999971,46.30402547500006],[-90.111659361999955,46.340428978000034],[-90.115176877999943,46.365155886000025],[-90.14179738699994,46.393899125000075],[-90.161391291999962,46.442380067000045],[-90.211525644999938,46.506294783000044],[-90.258401633999938,46.508789912000054],[-90.269784838999954,46.52248073100003],[-90.300180963999935,46.525051710000071],[-90.302393764999977,46.544296391000046],[-90.31370796899995,46.551563186000067],[-90.38552524499994,46.539657989000034],[-90.408200004999969,46.568610867000075],[-90.540876951999962,46.587526867000065],[-90.730713803999947,46.645695991000025],[-90.92624357599999,46.585503163000055],[-90.777445467999939,46.883122554000067],[-90.774486287999991,46.920235038000044],[-90.861730491999936,46.952479465000067],[-91.555772610999952,46.756860149000033],[-91.921461052999973,46.680134257000077],[-92.004156925999951,46.683800311000027],[-92.095970002999991,46.742627323000079],[-92.209154178999938,46.646872183000028],[-92.287271696999937,46.658785808000061],[-92.288685444999942,46.41598394500005],[-92.288944070999946,46.156600558000036],[-92.289370196999982,46.073230995000074],[-92.327372858999979,46.056878073000064],[-92.346224596999946,46.022596247000081],[-92.36496256199996,46.01624859900005],[-92.424999476999972,46.025504334000061],[-92.462345829999947,45.981197744000042],[-92.523976636999976,45.982583049000027],[-92.55267194299995,45.951269357000058],[-92.666207975999953,45.91570335800003],[-92.706240661999971,45.890958015000081],[-92.734097411999983,45.844980631000055],[-92.748762157999977,45.837301932000059],[-92.779107188999944,45.763340329000073],[-92.833636067999976,45.73089047600007],[-92.860019546999979,45.710562308000078],[-92.885397495999939,45.644955202000062],[-92.876831252999978,45.578836639000031],[-92.835037174999968,45.56340233700007],[-92.762174861999938,45.564263544000028],[-92.728154820999976,45.547242199000038],[-92.68542105299997,45.470053309000036],[-92.654817922999939,45.455221589000075],[-92.644974881999985,45.439452286000062],[-92.648751022999988,45.395465949000027],[-92.684869563999939,45.363076671000044],[-92.707384197999943,45.318201737000038],[-92.746593601999962,45.297603354000046],[-92.75541952399999,45.212376534000043],[-92.762583078999967,45.186611964000065],[-92.74493492299996,45.156422846000055],[-92.745422149999968,45.113003799000069],[-92.796761665999952,45.065610032000052],[-92.762991822999936,45.022119350000025],[-92.767126668999936,45.001004771000055],[-92.749767688999952,44.935655763000057],[-92.753925711999955,44.915002601000026],[-92.771870944999989,44.899496137000028],[-92.764263353999979,44.862234061000038],[-92.76102816599996,44.835371255000041],[-92.805584426999985,44.746160760000066],[-92.73714560999997,44.713594500000056],[-92.63036754899997,44.642652652000038],[-92.60897380199998,44.610292344000072],[-92.509214971999938,44.575159318000033],[-92.34087247299999,44.552835362000053],[-92.320477935999975,44.540490871000031],[-92.296687557999974,44.492181644000027],[-92.249100480999971,44.456216909000034],[-92.206137583999976,44.438394404000064],[-92.091333180999982,44.415590068000029],[-91.972386030999985,44.364487055000041],[-91.938868491999983,44.339111213000081],[-91.92275417999997,44.317519941000057],[-91.922349122999947,44.288341095000078],[-91.888694107999981,44.257495141000049],[-91.848744117999956,44.191187481000043],[-91.753219159999958,44.137227474000042],[-91.652233570999954,44.06689558100004],[-91.601786338999943,44.040822346000027],[-91.569162138999957,44.034955079000042],[-91.52841994399995,44.034215547000031],[-91.425901564999947,43.985619778000057],[-91.373357412999951,43.947190990000081],[-91.291947819999962,43.847190917000034],[-91.251105018999965,43.788075783000068],[-91.258915927999965,43.722395988000073],[-91.258389195999939,43.677322476000029],[-91.232989651999958,43.598889972000052],[-91.240558263999958,43.548712427000055],[-91.22356694299998,43.500808784000071],[-91.235903532999941,43.46468444900006],[-91.21091641999999,43.424051287000054],[-91.198243773999991,43.370513192000033],[-91.177048604999982,43.353946417000031],[-91.078498097999955,43.313297980000073],[-91.066428033999955,43.280682734000038],[-91.069052212999964,43.257898414000067],[-91.161354097999947,43.147575973000073],[-91.168571379999946,43.082888015000037],[-91.159751778999976,43.081182983000076],[-91.152213716999938,43.001316188000033],[-91.139121792999958,42.925893957000028],[-91.093428843999959,42.871440402000076],[-91.082030362999944,42.783365015000072],[-91.066168881999943,42.744914104000031],[-90.999182264999945,42.707058928000038],[-90.919408700999952,42.680677555000045],[-90.892545894999955,42.678239839000071],[-90.74561031199994,42.657001477000051],[-90.69479120699998,42.637928511000041],[-90.664380860999984,42.571391723000033],[-90.639218872999948,42.555714071000068],[-90.62570766999994,42.528562089000047],[-90.63845616499998,42.509363761000031],[-90.420103094999945,42.508365077000065],[-89.92369135499996,42.504115930000069],[-89.834738958999935,42.503468576000046],[-89.400613279999959,42.497501756000077],[-89.359558732999972,42.497917874000052],[-88.939187079999954,42.490879681000081],[-88.765057903999946,42.490922346000048],[-88.706623306999973,42.489671358000066],[-88.297989350999956,42.491988452000044],[-88.19479043399997,42.489631326000051],[-87.797382189999951,42.489153054000042],[-87.791509127999973,42.666642254000067],[-87.756803808999962,42.777546206000068],[-87.819848890999936,42.841563108000059],[-87.83643884199995,42.964592432000074],[-87.891983259999961,43.02577498900007],[-87.86006961999999,43.075875631000031],[-87.889834192999956,43.19721677900003],[-87.875332206999985,43.358592720000047],[-87.802959227999963,43.458713941000042],[-87.786045336999962,43.54629736000004],[-87.702730026999973,43.673176041000033],[-87.726121668999951,43.893904146000068],[-87.644370752999976,44.097830552000062],[-87.517321937999952,44.175754233000077],[-87.53748892599998,44.327851263000071],[-87.473528384999952,44.533946225000079],[-87.373070054999971,44.676918150000063],[-87.314465323999968,44.794718604000025],[-87.367459831999952,44.811567181000044],[-87.433746948999953,44.891096868000034],[-87.551672765999967,44.823023603000081],[-87.55278733099999,44.851335449000032],[-87.614463962999935,44.833047313000066],[-87.723821956999984,44.689287398000033],[-87.764226515999951,44.644048492000081],[-87.868782820999968,44.616906518000064],[-87.926408883999954,44.539139803000069],[-87.966228243999979,44.535496398000078],[-88.040417394999963,44.571449018000067],[-88.013021009999989,44.622234412000068],[-87.975757879999946,44.595814061000056],[-88.013288062999948,44.639118280000048],[-87.983182167999985,44.677265266000063],[-87.985791597999935,44.720474674000059],[-87.831019822999963,44.873346526000034],[-87.83999270299995,44.927323389000037],[-87.748554658999979,44.961616804000073]]],[[[-87.034524639999972,45.290405561000057],[-87.066064299999937,45.296462980000058],[-87.177913208999939,45.154972752000049],[-87.230915091999975,45.175063365000028],[-87.283484526999985,45.052619241000059],[-87.342160892999971,45.015212840000061],[-87.405419827999935,44.911200122000025],[-87.378736637999964,44.837742602000048],[-87.311123735999956,44.798773914000037],[-87.205650390999949,44.873239599000044],[-87.168788103999987,44.93332339400007],[-87.178692772999966,44.982806179000079],[-87.112556827999981,45.064763047000042],[-87.083900498999981,45.053285557000038],[-87.087678747999973,45.092178922000073],[-87.044900733999953,45.095513136000079],[-87.079875739999977,45.147307221000062],[-87.02544799399999,45.149974066000027],[-87.045112479999943,45.249019174000068],[-86.995734513999935,45.218411830000036],[-86.967712370999948,45.240277529000025],[-86.986253864999981,45.29865681800004],[-87.034524639999972,45.290405561000057]]]]},"properties":{"objectid":8,"ss6.gdb.States.area":56088.178,"state_name":"Wisconsin","sub_region":"E N Cen","state_abbr":"WI","pop2000":5363675,"pop00_sqmi":96,"st_area(shape)":16.477327497834064,"st_length(shape)":21.89140056338249}},{"type":"Feature","id":12,"geometry":{"type":"Polygon","coordinates":[[[-121.44150896099995,41.99433467800003],[-120.87190833399995,41.987672044000078],[-119.99345944299995,41.989204835000066],[-119.35169231599997,41.988852978000068],[-119.31094222099995,41.989135306000037],[-118.18531695799999,41.996637023000062],[-117.01886416999997,41.994793988000026],[-117.02629530499996,43.67903119500005],[-117.02379438099996,43.75370177800005],[-117.03711754099999,43.800142160000064],[-117.02762635699997,43.831568046000029],[-117.01050545899994,43.839769790000048],[-117.01622050199995,43.852972328000078],[-116.98577012399994,43.859351052000079],[-116.97814831199997,43.873469051000029],[-116.97814146399998,43.904440893000071],[-116.95971585199999,43.928576808000059],[-116.96795710099997,43.963195742000039],[-116.93359363099995,44.014202364000028],[-116.97681778699996,44.073894796000047],[-116.96344300699997,44.090298285000074],[-116.94688676699997,44.09302570300008],[-116.90225412899997,44.146313601000031],[-116.91305108199998,44.177304406000076],[-116.98187177999995,44.197842214000048],[-116.97612724099997,44.225182239000048],[-116.99270718499997,44.247063214000036],[-117.03035219499998,44.249336589000052],[-117.05202774399999,44.231556223000041],[-117.08138673299999,44.243846461000032],[-117.10056083199999,44.267077977000042],[-117.11269199699996,44.269805395000049],[-117.14327879899997,44.250632350000046],[-117.17072311699997,44.253332905000036],[-117.21357171299996,44.284719812000048],[-117.21745583499995,44.300665044000027],[-117.20160225399997,44.339437787000065],[-117.23692068899999,44.38998246500006],[-117.21722196599995,44.427855023000063],[-117.22440975099994,44.472987003000071],[-117.20396254099995,44.485785537000027],[-117.18739102499995,44.511805572000071],[-117.14516081199997,44.534655733000079],[-117.14393984699996,44.559286776000079],[-117.13050396699998,44.572524078000072],[-117.07935407399998,44.689336384000057],[-117.06651287499994,44.697557090000032],[-117.03957211199997,44.74911572700006],[-116.95149409199996,44.77603489300003],[-116.90962100299998,44.828940384000077],[-116.89736710999995,44.848555357000066],[-116.86707633199995,44.868608572000028],[-116.83539603499997,44.920144032000053],[-116.84755669699996,44.954849878000061],[-116.83139655899998,44.972633931000075],[-116.84815875099997,44.971741120000047],[-116.85588748999999,44.979965514000071],[-116.84809712399999,45.000041904000057],[-116.85451324599995,45.016945261000046],[-116.80730752299996,45.049755399000048],[-116.78721006299997,45.075752257000033],[-116.77809180499997,45.09947995400006],[-116.76126851099997,45.106300607000037],[-116.73658532299999,45.137307214000032],[-116.68881336199996,45.26235076100005],[-116.67226554899997,45.335410071000069],[-116.56577192399999,45.459863678000033],[-116.55450354599998,45.493647216000056],[-116.47855142299994,45.566058647000034],[-116.47041868099996,45.60625725400007],[-116.51491489499995,45.664490639000064],[-116.52827492499995,45.71072822800005],[-116.56063207299997,45.747424594000051],[-116.65439774599997,45.780630307000081],[-116.70318050499998,45.819169182000053],[-116.77370728799997,45.819763862000059],[-116.79126273899999,45.845867121000026],[-116.85647163599998,45.903597476000073],[-116.89819723899996,45.980516153000053],[-116.91913220299995,45.995175631000052],[-117.48166303299996,45.999834576000069],[-117.60282614499999,46.000268076000054],[-117.98267735799999,45.999880402000031],[-117.99252777299995,46.001639160000082],[-118.98213292099996,45.999058173000037],[-119.03222144799997,45.966274372000044],[-119.14025049699995,45.925708633000056],[-119.17874249299996,45.922351770000034],[-119.30276365299994,45.932662549000042],[-119.37944161199999,45.917610128000035],[-119.43886119799998,45.91426854000008],[-119.51222021899997,45.899200844000063],[-119.58929428099998,45.913315155000078],[-119.62211653299994,45.899410484000043],[-119.67844578099999,45.852539235000052],[-119.83355571799996,45.841609546000029],[-119.86973588699999,45.831698556000049],[-119.99432012299997,45.811140206000061],[-120.06864780499996,45.780202601000042],[-120.15590781099996,45.761261844000046],[-120.20744537799999,45.719783805000077],[-120.28363505699997,45.71658285500007],[-120.44338392299994,45.689279701000032],[-120.49915641499996,45.695630509000068],[-120.57008246099997,45.740917874000047],[-120.62375697999994,45.743610528000033],[-120.65840330599997,45.732612363000044],[-120.69699379999997,45.710509635000051],[-120.86141951899998,45.665186452000057],[-120.90793732999998,45.63547718600006],[-120.94857259799994,45.650315753000029],[-120.96847832799995,45.645154306000052],[-121.03348232599996,45.652844594000044],[-121.07352976099997,45.646610720000069],[-121.12520480499995,45.607058940000059],[-121.17431624499994,45.600516402000039],[-121.19205447199994,45.613241720000076],[-121.20330810199999,45.657287052000072],[-121.21427150199997,45.665644708000059],[-121.27639111599996,45.678340003000073],[-121.31997766299997,45.696642887000053],[-121.36781441099998,45.699686345000032],[-121.42202883099998,45.690603378000048],[-121.44255241699994,45.694966826000041],[-121.52905445499999,45.719567845000029],[-121.70641671299995,45.688793000000032],[-121.75869433899999,45.689715835000072],[-121.81104096599995,45.700682922000055],[-121.88828358299997,45.676856199000042],[-121.92682087699995,45.64202815200008],[-121.97265920399997,45.635775843000033],[-122.00001134399997,45.617824289000055],[-122.08203774099997,45.590503753000064],[-122.24492224199997,45.548112887000059],[-122.30315035899997,45.543092604000037],[-122.35645774599999,45.566171367000038],[-122.43715414399998,45.564778688000047],[-122.56542971899995,45.59481874100004],[-122.65120908099999,45.606830338000066],[-122.69632315099994,45.631045789000041],[-122.76054126499997,45.649397659000044],[-122.77255128199999,45.727685312000062],[-122.76428843699995,45.760568138000053],[-122.78800981299997,45.800343780000048],[-122.78451599999994,45.850449689000072],[-122.78407354499996,45.867886626000029],[-122.80622315299996,45.904072589000066],[-122.80774172099996,45.94389036900003],[-122.87541782999995,46.027183556000068],[-122.89975706299998,46.07932949800005],[-122.97416902199996,46.110483590000058],[-123.050596257,46.155736191000074],[-123.11855416799995,46.179310609000026],[-123.17619655999999,46.183586620000028],[-123.21243677599995,46.170005888000048],[-123.24879919399996,46.144020091000073],[-123.30471706399999,46.144737500000076],[-123.36355671799998,46.144153881000079],[-123.51702957099997,46.23609179400006],[-123.67024643299999,46.174498385000049],[-123.71716087399994,46.169893694000052],[-123.761414264,46.209939549000069],[-123.82097817399995,46.193649835000031],[-123.77708348799996,46.144430415000045],[-123.79409640499995,46.111448563000067],[-123.97734067899995,46.202705938000065],[-123.92118735899999,46.012323392000042],[-123.99650582399994,45.941921971000056],[-123.95627403199995,45.871041224000066],[-123.97662906399995,45.775482555000053],[-123.93607596699997,45.702835149000066],[-123.95341545799999,45.568528493000031],[-123.85950704099997,45.499082564000048],[-123.89210806499995,45.474050152000075],[-123.93667486099997,45.507965899000055],[-123.98056006499996,45.48508466100003],[-123.95660692699994,45.292965479000031],[-124.00757246299997,45.036103032000028],[-124.07556829899994,44.814738635000026],[-124.05440473399995,44.662139103000072],[-124.11831944999994,44.269515166000076],[-124.15832579999994,43.85711823500003],[-124.22600454299999,43.605004804000032],[-124.27399404299996,43.459105303000058],[-124.40607630999995,43.300197628000035],[-124.38677263499994,43.261588698000025],[-124.48534684499998,42.955454158000066],[-124.55961711199996,42.83245749200006],[-124.40107867699999,42.622699108000063],[-124.39176342099995,42.553027738000026],[-124.43781876099996,42.429608633000043],[-124.41506183199999,42.245894514000042],[-124.35224693199996,42.098677130000056],[-124.20644434999997,41.997647822000033],[-123.81914619999998,41.992948846000047],[-123.51320444299995,41.997832705000064],[-123.22210283499999,42.002191939000056],[-122.28470525799997,42.000764495000055],[-121.44150896099995,41.99433467800003]]]},"properties":{"objectid":12,"ss6.gdb.States.area":97073.593999999997,"state_name":"Oregon","sub_region":"Pacific","state_abbr":"OR","pop2000":3421399,"pop00_sqmi":35,"st_area(shape)":28.187789744294367,"st_length(shape)":24.787248875628219}},{"type":"Feature","id":9,"geometry":{"type":"Polygon","coordinates":[[[-117.02629530499996,43.67903119500005],[-117.01886416999997,41.994793988000026],[-116.99231318899996,41.994794515000081],[-115.94754445099994,41.994599624000045],[-115.02486271299995,41.99650639400005],[-114.26947158899998,41.995924355000056],[-114.03907268499995,41.995390775000033],[-112.98957547399999,42.001146903000063],[-112.14711660099999,41.999054197000078],[-112.10051451299995,42.002300446000049],[-111.49458623299995,42.000170868000055],[-111.04869757399996,41.996203523000077],[-111.04678026899995,42.503252089000057],[-111.04921587799998,43.019882965000079],[-111.04749820499995,43.284734883000056],[-111.04677131499994,43.515528310000036],[-111.05040523899999,43.982553144000065],[-111.05156088899997,44.473323058000062],[-111.09463071299996,44.486124226000072],[-111.12891885999994,44.500756841000054],[-111.13435894799994,44.527902502000074],[-111.17024203999995,44.545186160000071],[-111.17876456399995,44.564850646000025],[-111.21950728499996,44.573169852000035],[-111.23423313199999,44.602562025000054],[-111.21979804099999,44.617981578000069],[-111.22397133899995,44.626908105000041],[-111.27066560499998,44.642212304000054],[-111.27020787499998,44.673802003000048],[-111.29566852099998,44.682938170000057],[-111.31547522499994,44.705193124000061],[-111.31922186999998,44.727864197000031],[-111.34997722499998,44.726177601000074],[-111.37230960899996,44.745087280000064],[-111.38495960499995,44.737694070000032],[-111.39508392099998,44.708869714000059],[-111.44363228399999,44.713179435000029],[-111.47542530199996,44.702162308000027],[-111.48080376299998,44.691415922000033],[-111.46069208099999,44.670023228000048],[-111.45826542599997,44.652555214000074],[-111.47016798999999,44.640710591000072],[-111.50769079799994,44.637688729000047],[-111.50174715399999,44.615971042000069],[-111.51452672599999,44.593196730000045],[-111.49290385099994,44.551189325000053],[-111.46282745199994,44.549942023000028],[-111.45932521099996,44.537921999000048],[-111.48257305599998,44.536143751000054],[-111.49024069299998,44.528697341000054],[-111.56723100499994,44.55286643900007],[-111.60524841499995,44.542989687000045],[-111.68486290599998,44.550752137000075],[-111.71699777299995,44.53376081600004],[-111.76691827299999,44.518825329000038],[-111.79260804599994,44.518462938000027],[-111.80783744899998,44.50398202100007],[-111.87250223199999,44.556265968000048],[-111.94038587399996,44.549726590000034],[-111.97781808399998,44.52967600900007],[-112.02361321899997,44.535043408000035],[-112.02707700899998,44.52284376800003],[-112.05936673499997,44.528611484000066],[-112.09989718299994,44.518231702000037],[-112.12419058999996,44.52825277900007],[-112.19965811999998,44.531449516000066],[-112.21776347999997,44.538495083000043],[-112.23039872699997,44.559491148000063],[-112.25667580699997,44.55997205400007],[-112.28234135099996,44.541702881000049],[-112.34250731599997,44.525100288000033],[-112.34057684299995,44.497180331000038],[-112.36758344699996,44.449270367000054],[-112.42075335699997,44.449285115000066],[-112.45851951499998,44.468834774000072],[-112.50183953599998,44.462997530000052],[-112.53932441999996,44.47749740900008],[-112.65318913299996,44.480802125000025],[-112.71432586499998,44.496935400000041],[-112.73371223699996,44.484320169000057],[-112.77986291599996,44.473921952000069],[-112.79622795299997,44.458010958000045],[-112.82669149899999,44.421084410000049],[-112.81870992899997,44.394819971000061],[-112.81739678599996,44.364202620000071],[-112.84427539399996,44.35363953600006],[-112.87078107499997,44.369978763000063],[-112.88730781899994,44.392852101000074],[-112.93828125599998,44.407192380000026],[-112.98524942399996,44.435540570000057],[-113.01201478399997,44.437714920000076],[-113.00665897299996,44.452615642000069],[-113.02030923299998,44.481776053000033],[-113.00771296399995,44.510611997000069],[-113.03782096599997,44.532959130000052],[-113.03966084099994,44.556294411000067],[-113.08303669499998,44.582681578000063],[-113.05428924199998,44.624289194000028],[-113.07314414099994,44.675525470000025],[-113.09895611699994,44.69591579300004],[-113.10170302499995,44.715173116000074],[-113.12743124999997,44.737379611000051],[-113.13827402799996,44.761439149000068],[-113.24033836399997,44.811841082000058],[-113.25715428399997,44.810486854000033],[-113.31868026999996,44.780228733000058],[-113.34063129999998,44.779000394000036],[-113.35002398599994,44.807568759000048],[-113.42137879099994,44.83369940700004],[-113.44557317299996,44.851239583000051],[-113.49619106599994,44.930670245000044],[-113.48734828899995,44.939574123000057],[-113.46341358599994,44.940775598000073],[-113.44876464199996,44.949522510000065],[-113.44102958299999,44.998194655000077],[-113.45885314099996,45.02744935100003],[-113.45543517699997,45.043348757000047],[-113.48630535999996,45.058321641000077],[-113.49015893099994,45.071219202000066],[-113.52060930899995,45.082064087000049],[-113.51022584099996,45.107835504000036],[-113.55227275099998,45.107549489000064],[-113.57437600599997,45.117711203000056],[-113.57158379999998,45.13454555800007],[-113.59409948699999,45.149742830000037],[-113.60092856699998,45.180992260000039],[-113.64559280799995,45.206790014000035],[-113.69012009899996,45.262281759000075],[-113.68870898399996,45.277788223000073],[-113.73908089399998,45.321530683000049],[-113.74131002299998,45.382386666000059],[-113.77502613999997,45.410172307000039],[-113.78566243899996,45.445633486000077],[-113.76916782599994,45.47770777900007],[-113.77230451499997,45.507054126000071],[-113.78093343899997,45.516865564000057],[-113.83371514799995,45.514908227000035],[-113.80375463099995,45.583729452000057],[-113.82248522099997,45.600635970000042],[-113.85202698599994,45.60956249700007],[-113.90330592799995,45.613491391000025],[-113.90219979099999,45.637252799000066],[-113.92353243699995,45.655124817000058],[-113.92669862299999,45.67121121200006],[-113.96414452899995,45.679378192000058],[-113.97114901099997,45.697376098000063],[-114.00947192599995,45.686332108000045],[-114.01987856999995,45.672377924000045],[-114.01098996799999,45.652511172000061],[-114.01803184799996,45.640772949000052],[-114.05651541599997,45.625143757000046],[-114.08296684399994,45.586378914000079],[-114.11813937399995,45.571127389000026],[-114.13204773299998,45.550382575000071],[-114.17266772599999,45.543924314000037],[-114.19480890599999,45.527917455000079],[-114.24199777399997,45.535290649000046],[-114.24788031699995,45.50294561700008],[-114.26223903199997,45.485859484000059],[-114.32643449599999,45.457424909000054],[-114.35024646999995,45.463383302000068],[-114.37145744199995,45.485740969000062],[-114.41905083999995,45.49900776800007],[-114.43355493299998,45.527633546000061],[-114.46270796999994,45.547847414000046],[-114.49659105999996,45.546649625000043],[-114.52739224099997,45.558192957000074],[-114.56092452799999,45.548740225000074],[-114.54095769799994,45.596397357000058],[-114.56467854699997,45.62427148900008],[-114.50174197199999,45.652393711000059],[-114.51070642399998,45.67405767200006],[-114.49756077399996,45.694401643000049],[-114.53497665599997,45.72299634400008],[-114.54195796199997,45.745999257000051],[-114.56354238599994,45.762398532000077],[-114.51737590499994,45.810067779000065],[-114.49916414599994,45.842684079000037],[-114.47380305299998,45.839467854000077],[-114.44323152699997,45.852621405000036],[-114.40752488999999,45.846453374000077],[-114.39283802099999,45.870886365000047],[-114.41353016199997,45.910650945000043],[-114.42946064499995,45.921477395000068],[-114.40529049299994,45.953978867000046],[-114.41244720099996,45.971973086000048],[-114.48445515399999,45.989806652000027],[-114.47452941599994,46.009765581000067],[-114.49432084499995,46.023410574000081],[-114.46575669399999,46.050815388000046],[-114.45602953399998,46.082229685000073],[-114.47737008199999,46.107357436000029],[-114.50656841799997,46.116142799000045],[-114.51894398599995,46.136062750000065],[-114.50961345599995,46.157418046000032],[-114.46701769099997,46.155262659000073],[-114.44087914099998,46.168968753000058],[-114.43955282999997,46.22025401500008],[-114.47283386599997,46.243783135000058],[-114.47379515199998,46.252961440000036],[-114.43179564799999,46.284711266000045],[-114.40979615799995,46.392912029000058],[-114.39701711299995,46.399545692000061],[-114.38402474099996,46.428178845000048],[-114.41071477899999,46.487371408000058],[-114.36046770499996,46.506125175000079],[-114.35011478699994,46.51738986600003],[-114.34331941799996,46.587881885000058],[-114.32471260899996,46.622839508000027],[-114.33468522699997,46.654226942000037],[-114.38401789399995,46.661596450000047],[-114.44153597599995,46.645715480000035],[-114.48471799399999,46.623574826000038],[-114.54039093399996,46.637890876000029],[-114.61082606599996,46.629048099000045],[-114.64474023299999,46.660824261000073],[-114.64503783699996,46.670921714000031],[-114.62592694599999,46.687107135000076],[-114.67388747599995,46.734721602000036],[-114.69843108099997,46.73376031600003],[-114.74810559699995,46.695132424000064],[-114.78291942299995,46.703040252000051],[-114.77783224499996,46.755717140000058],[-114.79402978099995,46.766531475000079],[-114.84079199599995,46.775538066000081],[-114.86660344499995,46.79704558800006],[-114.90232482999994,46.799433264000072],[-114.94840861399996,46.852446734000068],[-114.94056662799994,46.890888164000046],[-114.92412521499995,46.907165236000026],[-114.96473045899995,46.92521318200005],[-115.00157430999997,46.958809204000033],[-115.03733467299998,46.963001464000058],[-115.05563861099995,46.973358069000028],[-115.08133628599995,47.026524291000044],[-115.13550698599994,47.063550391000035],[-115.14868371399996,47.091742142000044],[-115.17249621499997,47.097570959000052],[-115.19307352799996,47.124026601000025],[-115.29623451999998,47.179549949000034],[-115.32522795699998,47.245149681000044],[-115.34366094399996,47.255022746000066],[-115.40820773899998,47.263593730000025],[-115.42664125199997,47.274374354000031],[-115.50193021999996,47.281644309000058],[-115.52306428799994,47.291982478000079],[-115.55552046199995,47.33461300700003],[-115.59953576899994,47.370003078000082],[-115.63878257099998,47.380043644000068],[-115.66647761399997,47.399167703000046],[-115.75032650299994,47.422475594000048],[-115.75010580299994,47.433966253000051],[-115.73248134899995,47.445303633000037],[-115.65608729799999,47.449179854000079],[-115.64318552399999,47.457794030000059],[-115.64014206699994,47.475235180000027],[-115.69277049599998,47.489540695000073],[-115.70152267499998,47.520893891000071],[-115.74282952699997,47.533691372000078],[-115.69208785099994,47.590721174000066],[-115.69828432699995,47.616080687000078],[-115.73406733899998,47.639880020000078],[-115.73366544299995,47.695554540000046],[-115.77572710099997,47.70973258600003],[-115.79053775199998,47.744838221000066],[-115.83674215799999,47.756281474000048],[-115.84932420499996,47.805182221000052],[-115.86980933999996,47.827452451000056],[-115.90392103199997,47.841074267000067],[-115.93784204699995,47.867124326000067],[-115.99893242599995,47.925140697000074],[-116.02531590599995,47.964938988000029],[-116.05349238199994,47.976191564000032],[-116.05549765099994,48.208483543000057],[-116.05669227899995,48.49866495100008],[-116.06353136699994,48.999950542000079],[-117.03204932599999,48.999931580000066],[-117.02911174099995,48.83807525900005],[-117.03886839799998,48.046185821000051],[-117.03747203199998,47.971092271000032],[-117.04179492099996,47.361441576000061],[-117.04239170899996,47.258501285000079],[-117.04096847899996,47.119319197000038],[-117.04192607799996,46.536601889000053],[-117.03855867999999,46.427980794000064],[-117.04447071999999,46.388573865000069],[-117.06418471899997,46.348698144000025],[-117.02797347299997,46.335427131000074],[-117.00164266699994,46.302448966000043],[-116.97272507899999,46.249309607000043],[-116.96749041599998,46.197553973000026],[-116.92942612699994,46.165483367000036],[-116.96163789699995,46.097274205000076],[-116.98721178999995,46.078508850000048],[-116.95772322399995,46.065687666000031],[-116.91913220299995,45.995175631000052],[-116.89819723899996,45.980516153000053],[-116.85647163599998,45.903597476000073],[-116.79126273899999,45.845867121000026],[-116.77370728799997,45.819763862000059],[-116.70318050499998,45.819169182000053],[-116.65439774599997,45.780630307000081],[-116.56063207299997,45.747424594000051],[-116.52827492499995,45.71072822800005],[-116.51491489499995,45.664490639000064],[-116.47041868099996,45.60625725400007],[-116.47855142299994,45.566058647000034],[-116.55450354599998,45.493647216000056],[-116.56577192399999,45.459863678000033],[-116.67226554899997,45.335410071000069],[-116.68881336199996,45.26235076100005],[-116.73658532299999,45.137307214000032],[-116.76126851099997,45.106300607000037],[-116.77809180499997,45.09947995400006],[-116.78721006299997,45.075752257000033],[-116.80730752299996,45.049755399000048],[-116.85451324599995,45.016945261000046],[-116.84809712399999,45.000041904000057],[-116.85588748999999,44.979965514000071],[-116.84815875099997,44.971741120000047],[-116.83139655899998,44.972633931000075],[-116.84755669699996,44.954849878000061],[-116.83539603499997,44.920144032000053],[-116.86707633199995,44.868608572000028],[-116.89736710999995,44.848555357000066],[-116.90962100299998,44.828940384000077],[-116.95149409199996,44.77603489300003],[-117.03957211199997,44.74911572700006],[-117.06651287499994,44.697557090000032],[-117.07935407399998,44.689336384000057],[-117.13050396699998,44.572524078000072],[-117.14393984699996,44.559286776000079],[-117.14516081199997,44.534655733000079],[-117.18739102499995,44.511805572000071],[-117.20396254099995,44.485785537000027],[-117.22440975099994,44.472987003000071],[-117.21722196599995,44.427855023000063],[-117.23692068899999,44.38998246500006],[-117.20160225399997,44.339437787000065],[-117.21745583499995,44.300665044000027],[-117.21357171299996,44.284719812000048],[-117.17072311699997,44.253332905000036],[-117.14327879899997,44.250632350000046],[-117.11269199699996,44.269805395000049],[-117.10056083199999,44.267077977000042],[-117.08138673299999,44.243846461000032],[-117.05202774399999,44.231556223000041],[-117.03035219499998,44.249336589000052],[-116.99270718499997,44.247063214000036],[-116.97612724099997,44.225182239000048],[-116.98187177999995,44.197842214000048],[-116.91305108199998,44.177304406000076],[-116.90225412899997,44.146313601000031],[-116.94688676699997,44.09302570300008],[-116.96344300699997,44.090298285000074],[-116.97681778699996,44.073894796000047],[-116.93359363099995,44.014202364000028],[-116.96795710099997,43.963195742000039],[-116.95971585199999,43.928576808000059],[-116.97814146399998,43.904440893000071],[-116.97814831199997,43.873469051000029],[-116.98577012399994,43.859351052000079],[-117.01622050199995,43.852972328000078],[-117.01050545899994,43.839769790000048],[-117.02762635699997,43.831568046000029],[-117.03711754099999,43.800142160000064],[-117.02379438099996,43.75370177800005],[-117.02629530499996,43.67903119500005]]]},"properties":{"objectid":9,"ss6.gdb.States.area":83343.642999999996,"state_name":"Idaho","sub_region":"Mtn","state_abbr":"ID","pop2000":1293953,"pop00_sqmi":16,"st_area(shape)":24.391594889585434,"st_length(shape)":28.529669582706134}},{"type":"Feature","id":10,"geometry":{"type":"Polygon","coordinates":[[[-73.258060003999958,42.746058693000066],[-73.01969533099998,42.740396851000071],[-72.922997340999984,42.737364454000044],[-72.455770241999971,42.725852726000028],[-72.46217108899998,42.746840363000047],[-72.479322536999973,42.76158780600008],[-72.507269357999974,42.768732926000041],[-72.513068149999981,42.789259146000063],[-72.538916996999944,42.807733745000064],[-72.553428463999978,42.860642922000068],[-72.524810060999982,42.912613990000068],[-72.520216956999946,42.951672749000068],[-72.504263824999953,42.965584795000041],[-72.473340967999945,42.976143665000052],[-72.45715923399996,42.999603782000065],[-72.46175233699995,43.046504527000025],[-72.443464201999973,43.079039184000067],[-72.437604834999945,43.11627018300004],[-72.452398629999948,43.156022121000035],[-72.435598512999945,43.232253412000034],[-72.402418608999938,43.307382780000069],[-72.410231624999938,43.323404387000039],[-72.39762798199996,43.351006725000047],[-72.412139448999937,43.377125786000079],[-72.396247943999981,43.410156624000081],[-72.382515513999977,43.484629683000037],[-72.394998008999949,43.517554121000046],[-72.373498387999973,43.572374809000053],[-72.333085400999948,43.597364556000059],[-72.304039817999978,43.69853028700004],[-72.260055586999954,43.735299869000073],[-72.219122715999958,43.750692558000026],[-72.206091891999961,43.764635155000065],[-72.184836148999977,43.801690225000073],[-72.17008975899995,43.87891756700003],[-72.121649902999934,43.909217299000034],[-72.11320428199997,43.939165701000036],[-72.091711508999936,43.95799110300004],[-72.112807652999948,43.976515215000063],[-72.109908519999976,43.989228946000026],[-72.085204260999944,44.008923982000056],[-72.076919292999946,44.032040670000072],[-72.034728585999972,44.083373866000045],[-72.032447308999963,44.096099711000079],[-72.049515006999968,44.100452098000062],[-72.034919788999957,44.120746029000031],[-72.044724378999945,44.156435810000062],[-72.059282198999938,44.182176677000029],[-72.044390430999954,44.234380033000036],[-72.059566106999966,44.261494091000031],[-72.03549550799994,44.299434071000064],[-71.994433586999946,44.32754839200004],[-71.93890549799994,44.325785947000043],[-71.928361902999939,44.33611200100006],[-71.834815876999983,44.344199445000072],[-71.821197220999977,44.350360102000025],[-71.79772920299996,44.384172611000054],[-71.766570369999954,44.398248997000053],[-71.676884236999967,44.421342509000056],[-71.656399101999966,44.440137360000051],[-71.647709076999945,44.469173989000069],[-71.636554472999933,44.476731014000052],[-71.61422261599995,44.474507151000068],[-71.586619224999936,44.494537716000025],[-71.575243392999937,44.525805582000032],[-71.591441455999984,44.538874330000056],[-71.592288441999983,44.551203020000059],[-71.53679090299994,44.578931246000025],[-71.554102476999958,44.596588884000028],[-71.568027164999933,44.637446959000044],[-71.588749328999938,44.650599458000045],[-71.607678497999984,44.677862053000069],[-71.631132820999937,44.741710928000032],[-71.583500970999978,44.779196865000074],[-71.575100648999978,44.816019647000076],[-71.506364754999936,44.899671012000056],[-71.51697735099998,44.943696327000055],[-71.540927328999942,44.976563352000028],[-71.50537239199997,45.013351896000074],[-71.901868862999947,45.007339776000038],[-72.547230934999959,45.005370325000058],[-73.188545599999941,45.008485945000075],[-73.344723748999968,45.006138827000029],[-73.350758517999964,44.981972889000076],[-73.336414550999962,44.932603878000066],[-73.38230660499994,44.847933813000054],[-73.369054026999947,44.819117885000026],[-73.326786416999937,44.799293799000054],[-73.373158322999984,44.724236594000047],[-73.358151200999941,44.680368771000076],[-73.373097221999956,44.661276316000055],[-73.370136461999948,44.634349248000035],[-73.381825171999935,44.619807758000036],[-73.371295798999938,44.579166696000073],[-73.347811978999971,44.55397152300003],[-73.334452474999978,44.544328113000063],[-73.293319971999949,44.432853710000074],[-73.29999524599998,44.405533174000027],[-73.329788262999955,44.367390402000069],[-73.305325773999982,44.260142496000071],[-73.377332674999934,44.201247536000039],[-73.38206220099994,44.172107668000081],[-73.407864695999933,44.136227209000026],[-73.408756979999964,44.106610122000063],[-73.435215255999935,44.063897949000079],[-73.436000612999976,44.045679342000028],[-73.408251316999952,44.018221856000025],[-73.417405919999965,43.988197078000042],[-73.405334274999973,43.914807506000045],[-73.375120926999955,43.885976829000072],[-73.384740106999971,43.804507715000057],[-73.358997132999946,43.778427633000035],[-73.356669503999967,43.756558246000054],[-73.370989240999961,43.714281154000048],[-73.422959781999964,43.632114647000037],[-73.418319799999949,43.582479636000073],[-73.388114351999945,43.569143835000034],[-73.363685574999977,43.614999017000059],[-73.303534358999968,43.624714589000064],[-73.294104275999985,43.619652694000081],[-73.281736080999963,43.593187044000047],[-73.291402666999943,43.575033752000081],[-73.259983628999976,43.559382437000068],[-73.238391303999947,43.512833022000052],[-73.250071585999933,43.31085394400003],[-73.276005236999936,42.940294284000061],[-73.279583326999955,42.837103268000078],[-73.296169591999956,42.803549385000053],[-73.269275181999944,42.747481396000069],[-73.258060003999958,42.746058693000066]]]},"properties":{"objectid":10,"ss6.gdb.States.area":9603.2720000000008,"state_name":"Vermont","sub_region":"N Eng","state_abbr":"VT","pop2000":608827,"pop00_sqmi":63,"st_area(shape)":2.7941167841004102,"st_length(shape)":8.4501463265518861}},{"type":"Feature","id":11,"geometry":{"type":"Polygon","coordinates":[[[-91.730366364999952,43.499572017000048],[-91.611098960999982,43.50062600800004],[-91.22356694299998,43.500808784000071],[-91.240558263999958,43.548712427000055],[-91.232989651999958,43.598889972000052],[-91.258389195999939,43.677322476000029],[-91.258915927999965,43.722395988000073],[-91.251105018999965,43.788075783000068],[-91.291947819999962,43.847190917000034],[-91.373357412999951,43.947190990000081],[-91.425901564999947,43.985619778000057],[-91.52841994399995,44.034215547000031],[-91.569162138999957,44.034955079000042],[-91.601786338999943,44.040822346000027],[-91.652233570999954,44.06689558100004],[-91.753219159999958,44.137227474000042],[-91.848744117999956,44.191187481000043],[-91.888694107999981,44.257495141000049],[-91.922349122999947,44.288341095000078],[-91.92275417999997,44.317519941000057],[-91.938868491999983,44.339111213000081],[-91.972386030999985,44.364487055000041],[-92.091333180999982,44.415590068000029],[-92.206137583999976,44.438394404000064],[-92.249100480999971,44.456216909000034],[-92.296687557999974,44.492181644000027],[-92.320477935999975,44.540490871000031],[-92.34087247299999,44.552835362000053],[-92.509214971999938,44.575159318000033],[-92.60897380199998,44.610292344000072],[-92.63036754899997,44.642652652000038],[-92.73714560999997,44.713594500000056],[-92.805584426999985,44.746160760000066],[-92.76102816599996,44.835371255000041],[-92.764263353999979,44.862234061000038],[-92.771870944999989,44.899496137000028],[-92.753925711999955,44.915002601000026],[-92.749767688999952,44.935655763000057],[-92.767126668999936,45.001004771000055],[-92.762991822999936,45.022119350000025],[-92.796761665999952,45.065610032000052],[-92.745422149999968,45.113003799000069],[-92.74493492299996,45.156422846000055],[-92.762583078999967,45.186611964000065],[-92.75541952399999,45.212376534000043],[-92.746593601999962,45.297603354000046],[-92.707384197999943,45.318201737000038],[-92.684869563999939,45.363076671000044],[-92.648751022999988,45.395465949000027],[-92.644974881999985,45.439452286000062],[-92.654817922999939,45.455221589000075],[-92.68542105299997,45.470053309000036],[-92.728154820999976,45.547242199000038],[-92.762174861999938,45.564263544000028],[-92.835037174999968,45.56340233700007],[-92.876831252999978,45.578836639000031],[-92.885397495999939,45.644955202000062],[-92.860019546999979,45.710562308000078],[-92.833636067999976,45.73089047600007],[-92.779107188999944,45.763340329000073],[-92.748762157999977,45.837301932000059],[-92.734097411999983,45.844980631000055],[-92.706240661999971,45.890958015000081],[-92.666207975999953,45.91570335800003],[-92.55267194299995,45.951269357000058],[-92.523976636999976,45.982583049000027],[-92.462345829999947,45.981197744000042],[-92.424999476999972,46.025504334000061],[-92.36496256199996,46.01624859900005],[-92.346224596999946,46.022596247000081],[-92.327372858999979,46.056878073000064],[-92.289370196999982,46.073230995000074],[-92.288944070999946,46.156600558000036],[-92.288685444999942,46.41598394500005],[-92.287271696999937,46.658785808000061],[-92.303147925999951,46.666575648000048],[-92.21462429099995,46.668203777000031],[-92.088491988999976,46.791897309000035],[-91.800968996999984,46.927086768000038],[-91.468656928999962,47.124935741000058],[-91.021475669999973,47.461058715000036],[-90.509633315999963,47.709938012000066],[-89.999677714999962,47.824564906000035],[-89.636373788999947,47.959390920000033],[-89.625645310999971,47.992561868000053],[-89.530672894999952,48.001655897000035],[-89.749309873999948,48.026484464000077],[-89.900389256999972,47.992504981000081],[-89.98702087199996,48.023556887000041],[-90.026700647999974,48.086078924000049],[-90.145270131999951,48.112771069000075],[-90.55683535199995,48.092750511000077],[-90.56745532299999,48.121699703000047],[-90.743365379999943,48.088443950000055],[-90.864494780999962,48.254198088000066],[-91.027148573999966,48.195338946000049],[-91.239446858999941,48.081298304000029],[-91.571561929999973,48.043571650000047],[-91.568775516999949,48.104457657000069],[-91.703731106999953,48.114834805000044],[-91.71193759199997,48.196775344000059],[-91.788814655999943,48.206145380000066],[-91.979533783999955,48.250398243000063],[-92.035183547999964,48.355508670000063],[-92.125962123999955,48.366755979000061],[-92.276130787999989,48.35231983500006],[-92.300272495999991,48.298311367000053],[-92.276917725999965,48.244340825000052],[-92.370116107999991,48.220779049000043],[-92.473322398999983,48.357499191000045],[-92.456344772999955,48.402169226000069],[-92.497529421999957,48.440072862000079],[-92.706643085999985,48.460369953000054],[-92.698821114999987,48.494720781000069],[-92.626380187999985,48.502824027000031],[-92.641819756999951,48.540349469000034],[-92.72900075299998,48.540211465000027],[-92.946926115999986,48.628355327000065],[-93.091442418999975,48.626584981000065],[-93.304236885999956,48.637162813000032],[-93.457769259999964,48.592709792000051],[-93.465339452999956,48.549519873000065],[-93.514139066999974,48.534270982000066],[-93.781105813999943,48.511589901000036],[-93.81268550599998,48.525408189000075],[-93.843903858999965,48.624737205000031],[-94.230827501999954,48.651987686000041],[-94.292336632999991,48.70771119300008],[-94.430634337999948,48.710785201000078],[-94.570312606999948,48.713676433000046],[-94.694432264999989,48.777615379000054],[-94.681249742999967,48.877161409000053],[-94.832039423999959,49.330805670000075],[-95.151867416999949,49.371730113000069],[-95.15774995999999,48.999995841000043],[-95.276657077999971,48.999991101000035],[-96.40691494899994,48.999982146000036],[-97.229436487999976,48.99998794000004],[-97.216369319999956,48.931829871000048],[-97.175727730999938,48.873757666000074],[-97.171204156999977,48.835980446000065],[-97.180421966999972,48.815537450000079],[-97.164712184999985,48.810368102000041],[-97.173944743999982,48.801514264000048],[-97.147515964999968,48.781170293000059],[-97.139245744999982,48.76354215300006],[-97.147898371999986,48.75565328700003],[-97.132501994999984,48.747218727000075],[-97.134805920999952,48.726237938000054],[-97.110101135999969,48.708582934000049],[-97.116739012999972,48.695242919000066],[-97.097169337999958,48.674528656000064],[-97.107630235999977,48.629946585000027],[-97.127444313999945,48.629794359000073],[-97.122958137999944,48.620768806000058],[-97.144717963999938,48.614024529000062],[-97.140811719999988,48.586905732000048],[-97.158192295999982,48.583640520000074],[-97.152126976999966,48.572856209000065],[-97.167943158999947,48.562263101000042],[-97.146618412999942,48.549537256000065],[-97.160435647999975,48.545077942000034],[-97.155537566999953,48.53839845400006],[-97.139385328999936,48.534648122000078],[-97.14832765899996,48.517951244000074],[-97.134594174999961,48.517313898000054],[-97.143612879999978,48.438109731000054],[-97.119633404999945,48.437102093000078],[-97.12260101399994,48.416109715000061],[-97.151647123999965,48.419612483000037],[-97.149823577999939,48.409991723000076],[-97.129124589999947,48.407885322000027],[-97.158819106999943,48.388206087000071],[-97.135205183999972,48.384409929000071],[-97.133786167999972,48.372454693000066],[-97.150396134999937,48.363215813000068],[-97.13112353799994,48.361491293000029],[-97.137136183999985,48.325991662000035],[-97.112591524999971,48.31992581600008],[-97.132634731999985,48.31096926500004],[-97.114751125999987,48.303618193000034],[-97.113721364999947,48.294882869000048],[-97.130513581999992,48.293040360000077],[-97.112683702999959,48.286147018000065],[-97.11171451599995,48.277876799000069],[-97.136655803999986,48.264483584000061],[-97.123784579999949,48.259173599000064],[-97.12755387499999,48.233523330000025],[-97.109235714999954,48.22804900400007],[-97.139754041999936,48.221755083000062],[-97.110899661999952,48.207606008000027],[-97.130828040999972,48.203741901000058],[-97.137275240999941,48.195063465000032],[-97.136291304999986,48.17522673700006],[-97.13744326799997,48.167769265000061],[-97.116065849999984,48.159223565000048],[-97.13651305999997,48.148398169000075],[-97.120918631999984,48.142774778000046],[-97.121873069999936,48.116369175000045],[-97.099030282999991,48.100972798000043],[-97.092721612999981,48.070343858000058],[-97.067071343999942,48.048164753000037],[-97.048053157999959,47.954924232000053],[-97.015330984999991,47.917890231000058],[-97.020566174999942,47.875569420000033],[-97.000340718999951,47.870197807000068],[-96.977231404999941,47.828029222000055],[-96.983892984999954,47.809661550000044],[-96.957830284999943,47.794440575000067],[-96.93201251499994,47.763506131000042],[-96.923659071999964,47.714094454000076],[-96.889425704999951,47.673925344000054],[-96.873335621999956,47.615254771000082],[-96.852216828999985,47.601151522000066],[-96.858664554999962,47.562978199000042],[-96.849188645999959,47.544567862000065],[-96.860687205999966,47.521355835000065],[-96.851615826999989,47.500618923000047],[-96.866684049999947,47.461537514000042],[-96.855827049999959,47.436753192000026],[-96.867248706999987,47.413087123000025],[-96.850005607999947,47.408935948000078],[-96.83982756499995,47.384117389000039],[-96.850630838999962,47.360954875000061],[-96.838461748999975,47.342243247000056],[-96.846747242999982,47.314601931000027],[-96.837713788999963,47.293883981000079],[-96.849623726999937,47.256843659000026],[-96.837065381999992,47.240458606000061],[-96.826491236999971,47.170064033000074],[-96.839163882999969,47.151886511000043],[-96.819151752999971,47.092603876000055],[-96.826964768999972,47.078832994000038],[-96.822608168999977,47.033932250000078],[-96.835296615999937,47.010231416000067],[-96.824531266999941,47.003436574000034],[-96.81677250499996,46.969779451000079],[-96.793425634999949,46.969641447000072],[-96.801887057999977,46.955843702000038],[-96.789710593999985,46.94820240100006],[-96.787925498999982,46.932184480000046],[-96.76306796199998,46.936261913000067],[-96.756910990999984,46.922780207000073],[-96.778061388999959,46.867349563000062],[-96.768249950999973,46.844861793000064],[-96.797197035999943,46.812033221000036],[-96.780382169999939,46.76231182500004],[-96.781556781999939,46.707044469000039],[-96.793694794999965,46.678804258000071],[-96.790245753999955,46.629773409000052],[-96.784317384999952,46.624112093000065],[-96.771041630999946,46.599983553000072],[-96.751227552999978,46.58861931000007],[-96.740315771999974,46.489432511000075],[-96.714894104999985,46.468718248000073],[-96.709682618999977,46.427168046000077],[-96.688227769999969,46.412218338000059],[-96.652101854999955,46.359433996000064],[-96.614861374999975,46.350812446000077],[-96.60207442799998,46.336324156000046],[-96.598182931999986,46.238682788000062],[-96.586456296999984,46.215412821000029],[-96.587890061999985,46.19191846700005],[-96.571166319999975,46.177174711000077],[-96.551931120999939,46.095529142000032],[-96.576215046999948,46.021279417000073],[-96.56180207899996,45.947682839000038],[-96.566921386999979,45.934110535000059],[-96.587955376999957,45.817854459000046],[-96.604610642999944,45.808264249000047],[-96.657391824999991,45.738970545000029],[-96.83279569299998,45.650687099000038],[-96.854990072999954,45.609122149000029],[-96.843086982999978,45.584090264000054],[-96.769246001999988,45.517478680000067],[-96.738032388999954,45.458195518000025],[-96.693169042999955,45.410637938000036],[-96.605084701999942,45.396524154000076],[-96.532548962999954,45.375131986000042],[-96.477591850999943,45.328509355000051],[-96.45760237099995,45.298850129000073],[-96.454496758999937,45.275195648000079],[-96.456079588999955,44.971995005000053],[-96.455217328999936,44.801347527000075],[-96.45671798799998,44.628808554000045],[-96.455106187999945,44.538343384000029],[-96.457397471999968,44.199061598000071],[-96.456602106999981,43.848741616000041],[-96.460454624999954,43.499718448000067],[-96.061039531999938,43.498533828000063],[-95.866911920999939,43.498944152000036],[-95.464775203999977,43.499540940000031],[-95.396558666999965,43.500334198000076],[-94.92046456099996,43.499371332000067],[-94.859839285999954,43.500030274000039],[-94.455238516999941,43.498101908000081],[-94.246787481999945,43.498948366000036],[-93.973949778999952,43.500298907000058],[-93.653699347999975,43.500762958000053],[-93.500830128999951,43.50048853100003],[-93.054380500999969,43.501457191000043],[-93.027210609999941,43.501278629000069],[-92.558008264999955,43.50025940200004],[-92.453169104999972,43.499461930000052],[-92.077532275999943,43.499153265000075],[-91.730366364999952,43.499572017000048]]]},"properties":{"objectid":11,"ss6.gdb.States.area":84520.490000000005,"state_name":"Minnesota","sub_region":"W N Cen","state_abbr":"MN","pop2000":4919479,"pop00_sqmi":58,"st_area(shape)":25.577835902953936,"st_length(shape)":29.511056643376261}},{"type":"Feature","id":23,"geometry":{"type":"Polygon","coordinates":[[[-119.15245066399996,38.41180111400007],[-118.41741983999998,37.886676685000054],[-117.83868620699997,37.457298442000024],[-117.16042392599996,36.95959410100005],[-115.88576931999995,36.001225742000031],[-115.62619736299996,35.795698070000071],[-114.62106836999999,34.998914238000054],[-114.63377999299996,35.041863440000043],[-114.59563195399994,35.076057829000035],[-114.63590904399996,35.118655700000033],[-114.62644103599996,35.133906699000079],[-114.58261640599994,35.132560372000057],[-114.57225505999997,35.140067883000029],[-114.56103988199999,35.174346023000055],[-114.55958294199996,35.220182770000065],[-114.58789004699997,35.304768030000048],[-114.58958401699999,35.358378815000037],[-114.64539601499996,35.450760763000062],[-114.67221510199994,35.51575422600007],[-114.64979211999997,35.54663757700007],[-114.65313423499998,35.584833023000044],[-114.63986690899998,35.611348712000051],[-114.65406602399997,35.646583924000026],[-114.66848583899997,35.656399048000026],[-114.66509157799999,35.693099628000027],[-114.68881980199995,35.732595575000062],[-114.68273973399994,35.764703578000024],[-114.68986747199995,35.847442643000079],[-114.66246213199997,35.870959647000063],[-114.66159987199995,35.880473481000024],[-114.69927595899998,35.911611771000025],[-114.73621251499998,35.987648171000046],[-114.71767365499994,36.036758030000044],[-114.72896626299996,36.058752779000031],[-114.72815035499997,36.085962702000074],[-114.71276187899997,36.105181046000041],[-114.62161090399997,36.141966430000025],[-114.59893508999994,36.138335666000046],[-114.53057370299996,36.155089958000076],[-114.46661368699995,36.124711216000037],[-114.44394577499997,36.121053062000044],[-114.38080324799995,36.150991456000042],[-114.34423382499995,36.137480253000035],[-114.31609527399996,36.111438096000029],[-114.30385718199994,36.087108344000058],[-114.30758749799998,36.062232898000047],[-114.23347261599997,36.018330838000054],[-114.20676888299994,36.017255251000051],[-114.12902323799995,36.041730381000036],[-114.10777539499998,36.121090460000062],[-114.04510534699995,36.193978056000049],[-114.03739188299994,36.216022844000065],[-114.04371635399997,36.841848953000067],[-114.04393916199996,36.996538031000057],[-114.04726073399996,37.598478424000064],[-114.04727284899997,38.137652376000062],[-114.04509007199999,38.571094884000047],[-114.04426731599995,38.678995937000025],[-114.04010507999999,39.538684740000065],[-114.03984487399998,39.908778769000037],[-114.03810823899994,40.111046496000029],[-114.03815143099996,40.997686596000051],[-114.03907268499995,41.995390775000033],[-114.26947158899998,41.995924355000056],[-115.02486271299995,41.99650639400005],[-115.94754445099994,41.994599624000045],[-116.99231318899996,41.994794515000081],[-117.01886416999997,41.994793988000026],[-118.18531695799999,41.996637023000062],[-119.31094222099995,41.989135306000037],[-119.35169231599997,41.988852978000068],[-119.99345944299995,41.989204835000066],[-119.99632486499996,41.177566106000029],[-119.99616526599999,39.720610604000058],[-119.99601145999998,39.443501105000053],[-119.99530405899998,39.311545254000066],[-119.99552739299997,39.158713433000059],[-119.99454135099995,39.106131882000057],[-119.99515025299996,39.063491346000035],[-119.99525454599996,38.994105991000026],[-119.88934137899997,38.922251316000029],[-119.57568721299998,38.702910097000029],[-119.31882529199999,38.527108547000068],[-119.15245066399996,38.41180111400007]]]},"properties":{"objectid":23,"ss6.gdb.States.area":110669.97500000001,"state_name":"Nevada","sub_region":"Mtn","state_abbr":"NV","pop2000":1998257,"pop00_sqmi":18,"st_area(shape)":29.96992557775933,"st_length(shape)":23.608734390682969}},{"type":"Feature","id":13,"geometry":{"type":"Polygon","coordinates":[[[-72.279917070999943,42.720466891000058],[-71.930216525999981,42.707209573000057],[-71.900941813999964,42.705378653000025],[-71.287194196999963,42.698603299000069],[-71.252411447999975,42.726068686000076],[-71.240479387999983,42.743555136000055],[-71.186347665999961,42.738760821000028],[-71.181060855999988,42.807317100000034],[-71.120604662999938,42.818281026000079],[-71.065564853999945,42.804319468000074],[-71.025426293999942,42.851171227000066],[-70.921336146999977,42.885149129000069],[-70.898111478999965,42.886877337000044],[-70.849739570999986,42.863429334000045],[-70.813880708999989,42.867064839000079],[-70.734138748999953,43.058763162000048],[-70.810427453999978,43.089740798000037],[-70.886494404999951,43.058883257000048],[-70.905416198999944,43.084021542000073],[-70.874630818999947,43.101526954000065],[-70.884748287999969,43.127706588000081],[-70.81866817599996,43.121870924000063],[-70.830548089999979,43.159174086000064],[-70.813207545999944,43.235222601000032],[-70.901085934999969,43.281019842000035],[-70.90580123999996,43.302069107000079],[-70.969699626999954,43.366379926000036],[-70.979099686999973,43.39618400300003],[-70.96148313499998,43.438126620000048],[-70.970791015999964,43.470211448000043],[-70.959278233999953,43.516387936000058],[-70.964268493999953,43.531989739000039],[-70.949619548999976,43.54895367000006],[-70.956524478999938,43.564143568000077],[-70.973873978999961,43.571829641000079],[-70.984442329999979,43.791163486000073],[-71.008596679999982,44.282146199000067],[-71.028726269999936,44.668537843000081],[-71.087509036999961,45.301469041000075],[-71.153089278999971,45.237969389000057],[-71.297235815999954,45.29349379100006],[-71.386377834999962,45.234930146000067],[-71.446560128999977,45.236082108000062],[-71.402522697999984,45.202803180000046],[-71.430409997999959,45.116992214000049],[-71.502998936999973,45.059890249000034],[-71.50537239199997,45.013351896000074],[-71.540927328999942,44.976563352000028],[-71.51697735099998,44.943696327000055],[-71.506364754999936,44.899671012000056],[-71.575100648999978,44.816019647000076],[-71.583500970999978,44.779196865000074],[-71.631132820999937,44.741710928000032],[-71.607678497999984,44.677862053000069],[-71.588749328999938,44.650599458000045],[-71.568027164999933,44.637446959000044],[-71.554102476999958,44.596588884000028],[-71.53679090299994,44.578931246000025],[-71.592288441999983,44.551203020000059],[-71.591441455999984,44.538874330000056],[-71.575243392999937,44.525805582000032],[-71.586619224999936,44.494537716000025],[-71.61422261599995,44.474507151000068],[-71.636554472999933,44.476731014000052],[-71.647709076999945,44.469173989000069],[-71.656399101999966,44.440137360000051],[-71.676884236999967,44.421342509000056],[-71.766570369999954,44.398248997000053],[-71.79772920299996,44.384172611000054],[-71.821197220999977,44.350360102000025],[-71.834815876999983,44.344199445000072],[-71.928361902999939,44.33611200100006],[-71.93890549799994,44.325785947000043],[-71.994433586999946,44.32754839200004],[-72.03549550799994,44.299434071000064],[-72.059566106999966,44.261494091000031],[-72.044390430999954,44.234380033000036],[-72.059282198999938,44.182176677000029],[-72.044724378999945,44.156435810000062],[-72.034919788999957,44.120746029000031],[-72.049515006999968,44.100452098000062],[-72.032447308999963,44.096099711000079],[-72.034728585999972,44.083373866000045],[-72.076919292999946,44.032040670000072],[-72.085204260999944,44.008923982000056],[-72.109908519999976,43.989228946000026],[-72.112807652999948,43.976515215000063],[-72.091711508999936,43.95799110300004],[-72.11320428199997,43.939165701000036],[-72.121649902999934,43.909217299000034],[-72.17008975899995,43.87891756700003],[-72.184836148999977,43.801690225000073],[-72.206091891999961,43.764635155000065],[-72.219122715999958,43.750692558000026],[-72.260055586999954,43.735299869000073],[-72.304039817999978,43.69853028700004],[-72.333085400999948,43.597364556000059],[-72.373498387999973,43.572374809000053],[-72.394998008999949,43.517554121000046],[-72.382515513999977,43.484629683000037],[-72.396247943999981,43.410156624000081],[-72.412139448999937,43.377125786000079],[-72.39762798199996,43.351006725000047],[-72.410231624999938,43.323404387000039],[-72.402418608999938,43.307382780000069],[-72.435598512999945,43.232253412000034],[-72.452398629999948,43.156022121000035],[-72.437604834999945,43.11627018300004],[-72.443464201999973,43.079039184000067],[-72.46175233699995,43.046504527000025],[-72.45715923399996,42.999603782000065],[-72.473340967999945,42.976143665000052],[-72.504263824999953,42.965584795000041],[-72.520216956999946,42.951672749000068],[-72.524810060999982,42.912613990000068],[-72.553428463999978,42.860642922000068],[-72.538916996999944,42.807733745000064],[-72.513068149999981,42.789259146000063],[-72.507269357999974,42.768732926000041],[-72.479322536999973,42.76158780600008],[-72.46217108899998,42.746840363000047],[-72.455770241999971,42.725852726000028],[-72.279917070999943,42.720466891000058]]]},"properties":{"objectid":13,"ss6.gdb.States.area":9259.527,"state_name":"New Hampshire","sub_region":"N Eng","state_abbr":"NH","pop2000":1235786,"pop00_sqmi":133,"st_area(shape)":2.6772960505308143,"st_length(shape)":8.374582513730358}},{"type":"Feature","id":14,"geometry":{"type":"Polygon","coordinates":[[[-91.120132576999936,40.705443033000051],[-91.092895263999935,40.761586871000077],[-91.089050120999957,40.833767593000061],[-91.049353488999941,40.879623302000027],[-90.983418755999935,40.923965183000064],[-90.960850921999963,40.950541447000035],[-90.954794030999949,41.070397210000067],[-90.957929666999974,41.104393021000078],[-90.990485391999982,41.144404639000072],[-91.018402188999971,41.165857907000031],[-91.056466477999948,41.176290361000042],[-91.101672199999939,41.23155192400003],[-91.10249653599999,41.267847974000063],[-91.073428828999965,41.334925189000046],[-91.055935531999978,41.401407197000026],[-91.027637907999974,41.423536262000027],[-91.00084252399995,41.431112776000077],[-90.949800610999944,41.421263940000074],[-90.844283546999975,41.444652422000047],[-90.780042783999988,41.449852320000048],[-90.70835455699995,41.450093564000042],[-90.658929711999974,41.462350618000073],[-90.60083801799999,41.509619022000038],[-90.540975450999952,41.526003548000062],[-90.455126032999942,41.527579530000025],[-90.435098101999984,41.543612726000049],[-90.423135490999982,41.567305659000056],[-90.34849440399995,41.586882181000078],[-90.339476225999988,41.602831626000068],[-90.341262373999939,41.649122416000068],[-90.326157279999961,41.722767979000025],[-90.305015836999985,41.756497264000075],[-90.255438765999941,41.781768813000042],[-90.195965453999975,41.806167040000048],[-90.154644907999966,41.930802369000048],[-90.142796597999961,41.983989661000066],[-90.150662813999986,42.033452958000055],[-90.168226165999954,42.06106688300008],[-90.166776599999935,42.10376694100006],[-90.176214583999979,42.120524393000039],[-90.191702611999972,42.122709804000067],[-90.23106318899994,42.159741699000051],[-90.323730098999988,42.197337196000035],[-90.367858126999977,42.210226856000077],[-90.407301926999935,42.242661960000078],[-90.418112574999952,42.263939299000072],[-90.427809183999955,42.340645176000066],[-90.441724917999977,42.360083694000025],[-90.491171358999964,42.388791642000058],[-90.563711837999961,42.421843550000062],[-90.605955218999952,42.460564673000079],[-90.648473553999963,42.47564711800004],[-90.651898892999952,42.49470059500004],[-90.63845616499998,42.509363761000031],[-90.62570766999994,42.528562089000047],[-90.639218872999948,42.555714071000068],[-90.664380860999984,42.571391723000033],[-90.69479120699998,42.637928511000041],[-90.74561031199994,42.657001477000051],[-90.892545894999955,42.678239839000071],[-90.919408700999952,42.680677555000045],[-90.999182264999945,42.707058928000038],[-91.066168881999943,42.744914104000031],[-91.082030362999944,42.783365015000072],[-91.093428843999959,42.871440402000076],[-91.139121792999958,42.925893957000028],[-91.152213716999938,43.001316188000033],[-91.159751778999976,43.081182983000076],[-91.168571379999946,43.082888015000037],[-91.161354097999947,43.147575973000073],[-91.069052212999964,43.257898414000067],[-91.066428033999955,43.280682734000038],[-91.078498097999955,43.313297980000073],[-91.177048604999982,43.353946417000031],[-91.198243773999991,43.370513192000033],[-91.21091641999999,43.424051287000054],[-91.235903532999941,43.46468444900006],[-91.22356694299998,43.500808784000071],[-91.611098960999982,43.50062600800004],[-91.730366364999952,43.499572017000048],[-92.077532275999943,43.499153265000075],[-92.453169104999972,43.499461930000052],[-92.558008264999955,43.50025940200004],[-93.027210609999941,43.501278629000069],[-93.054380500999969,43.501457191000043],[-93.500830128999951,43.50048853100003],[-93.653699347999975,43.500762958000053],[-93.973949778999952,43.500298907000058],[-94.246787481999945,43.498948366000036],[-94.455238516999941,43.498101908000081],[-94.859839285999954,43.500030274000039],[-94.92046456099996,43.499371332000067],[-95.396558666999965,43.500334198000076],[-95.464775203999977,43.499540940000031],[-95.866911920999939,43.498944152000036],[-96.061039531999938,43.498533828000063],[-96.460454624999954,43.499718448000067],[-96.598315668999987,43.499849078000068],[-96.583795773999952,43.481920700000046],[-96.589113133999945,43.435539313000049],[-96.55770884399999,43.400727067000048],[-96.52505356599994,43.384225080000078],[-96.52289396499998,43.356966171000067],[-96.540563189999943,43.307659314000034],[-96.579131034999989,43.290073839000058],[-96.570722284999988,43.263612403000025],[-96.559567680999976,43.253263172000061],[-96.566990915999952,43.239633981000054],[-96.558605868999962,43.225489120000077],[-96.48724526899997,43.217909446000078],[-96.473114628999951,43.209081944000047],[-96.45150492099998,43.126308642000026],[-96.46080490199995,43.087873006000052],[-96.462093814999946,43.075582242000053],[-96.479573416999983,43.061884049000071],[-96.520010633999959,43.051508482000031],[-96.499019835999945,43.012049933000071],[-96.517147844999954,42.986458131000063],[-96.514935043999969,42.952382257000068],[-96.544263482999952,42.913866559000041],[-96.537511304999953,42.896906314000034],[-96.556211344999952,42.846660821000057],[-96.573126289999948,42.834347406000063],[-96.587645657999985,42.835381381000047],[-96.600875059999964,42.799558864000062],[-96.632980428999986,42.776835645000062],[-96.640709167999944,42.748603862000039],[-96.626540603999956,42.708354689000032],[-96.563039371999992,42.668513206000057],[-96.541165244999945,42.662405221000029],[-96.512843917999987,42.629755211000031],[-96.488498363999952,42.580480484000077],[-96.50094188099996,42.573885272000041],[-96.489337447999958,42.564028009000026],[-96.480243419999965,42.517130425000062],[-96.439394825999955,42.48924101800003],[-96.396074277999958,42.467401128000063],[-96.397890449999977,42.441792998000039],[-96.417628151999963,42.41477744000008],[-96.411761410999986,42.380918052000027],[-96.424175430999981,42.349278840000068],[-96.389780883999947,42.328789492000055],[-96.368700541999942,42.298023601000068],[-96.34288171899999,42.282081530000028],[-96.332657849999975,42.260306955000033],[-96.33770868299996,42.229522103000079],[-96.363511704999951,42.214042502000041],[-96.352165896999963,42.168185213000072],[-96.285122918999946,42.123452497000073],[-96.265483189999941,42.048896740000032],[-96.238725729999942,42.028437942000039],[-96.236093122999989,42.001258043000064],[-96.202842637999936,41.996615427000052],[-96.185217657999942,41.980685471000072],[-96.147328243999937,41.966254594000077],[-96.145870776999971,41.924907184000062],[-96.159970338999983,41.904151309000042],[-96.135623731999942,41.862620597000046],[-96.076416946999984,41.791469109000047],[-96.099320834999958,41.752975007000032],[-96.099771190999945,41.731563877000042],[-96.085557326999947,41.704987087000063],[-96.12220259999998,41.694912810000062],[-96.120264225999961,41.684094788000039],[-96.099306085999956,41.654680492000068],[-96.111307674999978,41.599006498000051],[-96.080835174999947,41.576000424000028],[-96.091936051999937,41.563145003000045],[-96.08584018199997,41.537522650000028],[-96.05017199699995,41.524335388000054],[-96.00459282199995,41.536663551000061],[-95.993964950999953,41.528103629000043],[-95.996688681999956,41.51151789100004],[-96.01345087499999,41.492994306000071],[-96.006897274999972,41.481954530000053],[-95.953185884999982,41.47238696900007],[-95.935065776999977,41.462381168000036],[-95.940056561999938,41.394805664000046],[-95.942895120999935,41.340077155000074],[-95.889107354999965,41.301389215000029],[-95.897591426999952,41.28686299900005],[-95.911202182999943,41.308469020000075],[-95.930230376999987,41.30205658400007],[-95.910981481999954,41.225244835000069],[-95.922249859999965,41.207853724000074],[-95.916100263999965,41.194063880000044],[-95.85919845799998,41.18053687500003],[-95.85980103899999,41.166865019000056],[-95.876685433999967,41.164202388000035],[-95.858274042999938,41.10918680900005],[-95.878805002999968,41.065871002000051],[-95.85953925299998,41.035002926000061],[-95.860897167999951,41.002650519000042],[-95.837602971999956,40.974258083000052],[-95.836541079999961,40.901108174000058],[-95.834396753999954,40.870300672000042],[-95.846435740999937,40.848332260000063],[-95.851790497999957,40.792599799000072],[-95.876615904999937,40.730436467000061],[-95.767999022999959,40.643117467000025],[-95.757546025999943,40.620904651000046],[-95.767479664999939,40.589047899000036],[-95.382554969999944,40.584334174000048],[-95.217428169999948,40.581892771000071],[-94.920615732999977,40.577218551000044],[-94.639876523999988,40.575744755000073],[-94.48523116399997,40.574205117000076],[-94.238391899999954,40.570966242000054],[-94.018058844999985,40.574022341000045],[-93.78630360599999,40.578448471000058],[-93.562910237999972,40.580814024000063],[-93.370271170999956,40.580491137000081],[-93.100938342999939,40.584347342000058],[-92.717815597999959,40.589667336000048],[-92.646432348999952,40.591461912000057],[-92.361512993999952,40.599576218000038],[-92.19317418299994,40.600088729000049],[-91.946370209999941,40.608266770000057],[-91.741711645999942,40.609784285000046],[-91.71697630999995,40.593435577000037],[-91.689959698999985,40.581202752000024],[-91.692080847999989,40.55167784300005],[-91.62253641999996,40.532903533000081],[-91.616860355999961,40.504874016000031],[-91.586028623999937,40.48451951100003],[-91.579382846999977,40.463759949000064],[-91.533208464999973,40.455441270000051],[-91.538846603999957,40.441288507000024],[-91.529607197999951,40.435086238000054],[-91.527691999999945,40.410168653000028],[-91.500377257999958,40.405160485000067],[-91.490314042999955,40.390805984000053],[-91.47703828899995,40.391011936000041],[-91.448746985999946,40.371946871000034],[-91.418968717999974,40.386919229000057],[-91.385909436999953,40.392405143000076],[-91.372908110999958,40.403032488000065],[-91.385551258999953,40.447293779000063],[-91.37494656299998,40.503697823000039],[-91.38225549699996,40.528538505000029],[-91.413026127999956,40.548034437000069],[-91.411271056999965,40.573012596000069],[-91.375762470999973,40.603480356000034],[-91.26221116399995,40.639586782000038],[-91.215060220999987,40.643859632000044],[-91.162644590999946,40.656352136000066],[-91.129302980999967,40.682188868000026],[-91.120132576999936,40.705443033000051]]]},"properties":{"objectid":14,"ss6.gdb.States.area":56257.964999999997,"state_name":"Iowa","sub_region":"W N Cen","state_abbr":"IA","pop2000":2926324,"pop00_sqmi":52,"st_area(shape)":15.853378966639788,"st_length(shape)":18.790321102701061}},{"type":"Feature","id":15,"geometry":{"type":"MultiPolygon","coordinates":[[[[-71.319328009999936,41.772195985000053],[-71.266628471999979,41.749742979000075],[-71.228976087999968,41.707693963000054],[-71.198808564999979,41.678500367000026],[-71.141212525999947,41.655273066000063],[-71.117132971999979,41.493061728000043],[-71.001185033999946,41.520124165000027],[-70.892128329999935,41.633912502000044],[-70.839430898999979,41.626692060000039],[-70.619760998999936,41.735636043000056],[-70.664887710999949,41.556127352000033],[-70.637138941999979,41.539804454000034],[-70.432919145999961,41.569756016000042],[-70.397616511999956,41.612571428000081],[-69.95442314099995,41.671495358000072],[-69.917779974999974,41.76765397500003],[-69.964170843999966,41.904094422000071],[-70.050471143999971,42.026298883000038],[-70.135090641999966,42.072494335000044],[-70.255148143999975,42.060119293000071],[-70.100496990999943,42.002194046000056],[-70.00044793099994,41.856350379000048],[-70.01921486599997,41.781519142000036],[-70.205259774999945,41.712573081000073],[-70.341127136999944,41.711813007000046],[-70.273833961999969,41.721662896000055],[-70.423511711999936,41.743622353000035],[-70.537704578999978,41.805761983000025],[-70.540338765999934,41.930951434000065],[-70.618702794999933,41.968189807000044],[-70.686037054999986,42.15316650300008],[-70.77459545499994,42.248639841000056],[-70.824660806999987,42.260507113000074],[-70.892670863999967,42.265767059000041],[-70.923203938999961,42.234517102000041],[-71.034162144999982,42.285629070000027],[-70.960621927999966,42.432393465000075],[-70.893603706999954,42.448067956000045],[-70.813128535999965,42.546436214000039],[-70.633451817999969,42.582642192000037],[-70.593199483999967,42.64630513000003],[-70.73969524499995,42.663523473000055],[-70.813880708999989,42.867064839000079],[-70.849739570999986,42.863429334000045],[-70.898111478999965,42.886877337000044],[-70.921336146999977,42.885149129000069],[-71.025426293999942,42.851171227000066],[-71.065564853999945,42.804319468000074],[-71.120604662999938,42.818281026000079],[-71.181060855999988,42.807317100000034],[-71.186347665999961,42.738760821000028],[-71.240479387999983,42.743555136000055],[-71.252411447999975,42.726068686000076],[-71.287194196999963,42.698603299000069],[-71.900941813999964,42.705378653000025],[-71.930216525999981,42.707209573000057],[-72.279917070999943,42.720466891000058],[-72.455770241999971,42.725852726000028],[-72.922997340999984,42.737364454000044],[-73.01969533099998,42.740396851000071],[-73.258060003999958,42.746058693000066],[-73.350824358999944,42.504755909000039],[-73.498839742999962,42.077460891000044],[-73.484230302999947,42.047428211000067],[-73.045632668999986,42.036310479000065],[-73.006095636999987,42.036009188000037],[-72.816451042999972,42.033507738000026],[-72.817679381999938,41.997184825000033],[-72.767575051999984,42.00216718300004],[-72.755893715999946,42.033847480000077],[-72.609526476999974,42.030536969000025],[-72.607825132999949,42.02280085600006],[-72.581907283999954,42.02160675500005],[-72.571225685999934,42.03012506500005],[-72.50757170199995,42.030766098000072],[-72.13634677999994,42.026402123000025],[-72.094971979999968,42.025799541000026],[-71.802340740999966,42.017977044000077],[-71.797831388999953,42.004274638000027],[-71.497430325999972,42.00925330900003],[-71.378644355999938,42.013713149000068],[-71.382405222999978,41.979263295000067],[-71.383953287999987,41.888439947000052],[-71.333085723999943,41.896031208000068],[-71.342493157999968,41.87578310300006],[-71.334542664999958,41.857903712000052],[-71.345483414999933,41.813161514000058],[-71.339798396999981,41.78442564900007],[-71.319328009999936,41.772195985000053]]],[[[-70.604330911999966,41.429663209000068],[-70.605842105999955,41.47466350500008],[-70.667488186999947,41.454937391000044],[-70.75176952299995,41.382168837000052],[-70.770926766999935,41.324980488000051],[-70.782524351999939,41.35251751100003],[-70.843919708999977,41.348598625000079],[-70.769713175999982,41.29816403500007],[-70.738676545999965,41.334155107000072],[-70.486141201999942,41.341560959000049],[-70.515157287999955,41.398660289000077],[-70.57585735899994,41.410285792000025],[-70.552831795999964,41.417388773000027],[-70.567694592999942,41.464566579000063],[-70.604330911999966,41.429663209000068]]],[[[-70.031716323999945,41.311931229000038],[-70.097872284999937,41.27763096700005],[-70.20709648899998,41.294087656000045],[-70.213268734999986,41.270205099000066],[-70.103105893999953,41.238279872000078],[-69.96844422099997,41.251816885000039],[-69.965980168999977,41.294890922000036],[-70.049264400999959,41.391961312000035],[-70.034485880999966,41.349718457000051],[-70.087633140999969,41.296848785000066],[-70.026619664999942,41.337210679000066],[-70.006508509999946,41.324774536000064],[-70.031716323999945,41.311931229000038]]]]},"properties":{"objectid":15,"ss6.gdb.States.area":8172.5609999999997,"state_name":"Massachusetts","sub_region":"N Eng","state_abbr":"MA","pop2000":6349097,"pop00_sqmi":777,"st_area(shape)":2.3092088929490728,"st_length(shape)":13.105123011086288}},{"type":"Feature","id":16,"geometry":{"type":"Polygon","coordinates":[[[-101.40739318899995,40.001003751000042],[-101.32214845999994,40.001821239000037],[-100.75485597199997,40.000198377000061],[-100.73504926799995,39.99917230300008],[-100.19111155199994,40.000585525000076],[-100.18091085999998,40.000478599000076],[-99.627859625999974,40.002987950000033],[-99.178201145999992,39.999576833000049],[-99.064746756999966,39.998337960000072],[-98.720632204999959,39.998461215000077],[-98.504479294999953,39.997129637000057],[-98.264165713999944,39.998434878000069],[-97.929588697999975,39.998452787000076],[-97.816589405999991,39.99972905900006],[-97.361911696999982,39.997380361000069],[-96.908287451999968,39.996154656000044],[-96.801420372999985,39.994475961000035],[-96.454038501999946,39.994172563000063],[-96.240598788999989,39.994503351000048],[-96.001253867999992,39.995159132000026],[-95.780700111999977,39.993489392000072],[-95.329701098999976,39.992595001000041],[-95.308697132999953,39.999407752000025],[-95.345067451999967,40.024974271000076],[-95.371244452999974,40.028750940000066],[-95.390531799999962,40.043750687000056],[-95.41376384199998,40.04811150200004],[-95.403784376999965,40.080379105000077],[-95.384542329999988,40.095362524000052],[-95.392813075999982,40.115416265000079],[-95.422476515999961,40.131743377000078],[-95.460952709999958,40.17399518600007],[-95.466636674999961,40.213255683000057],[-95.476822091999964,40.226854850000052],[-95.547137128999964,40.266215954000074],[-95.595532212999956,40.309776691000025],[-95.646826956999973,40.309109849000038],[-95.645552791999989,40.322346624000033],[-95.617933598999969,40.331418003000067],[-95.616201703999991,40.346497287000034],[-95.634184860999937,40.358800167000027],[-95.636817467999947,40.396390397000062],[-95.695361624999975,40.485338052000031],[-95.684970254999939,40.512205072000029],[-95.658060569999975,40.53033255400004],[-95.662944428999936,40.558729204000031],[-95.67569397799997,40.565835872000036],[-95.687412711999968,40.561170080000068],[-95.69206638899999,40.524129758000072],[-95.737036134999983,40.532373114000052],[-95.763412240999969,40.549707338000076],[-95.767479664999939,40.589047899000036],[-95.757546025999943,40.620904651000046],[-95.767999022999959,40.643117467000025],[-95.876615904999937,40.730436467000061],[-95.851790497999957,40.792599799000072],[-95.846435740999937,40.848332260000063],[-95.834396753999954,40.870300672000042],[-95.836541079999961,40.901108174000058],[-95.837602971999956,40.974258083000052],[-95.860897167999951,41.002650519000042],[-95.85953925299998,41.035002926000061],[-95.878805002999968,41.065871002000051],[-95.858274042999938,41.10918680900005],[-95.876685433999967,41.164202388000035],[-95.85980103899999,41.166865019000056],[-95.85919845799998,41.18053687500003],[-95.916100263999965,41.194063880000044],[-95.922249859999965,41.207853724000074],[-95.910981481999954,41.225244835000069],[-95.930230376999987,41.30205658400007],[-95.911202182999943,41.308469020000075],[-95.897591426999952,41.28686299900005],[-95.889107354999965,41.301389215000029],[-95.942895120999935,41.340077155000074],[-95.940056561999938,41.394805664000046],[-95.935065776999977,41.462381168000036],[-95.953185884999982,41.47238696900007],[-96.006897274999972,41.481954530000053],[-96.01345087499999,41.492994306000071],[-95.996688681999956,41.51151789100004],[-95.993964950999953,41.528103629000043],[-96.00459282199995,41.536663551000061],[-96.05017199699995,41.524335388000054],[-96.08584018199997,41.537522650000028],[-96.091936051999937,41.563145003000045],[-96.080835174999947,41.576000424000028],[-96.111307674999978,41.599006498000051],[-96.099306085999956,41.654680492000068],[-96.120264225999961,41.684094788000039],[-96.12220259999998,41.694912810000062],[-96.085557326999947,41.704987087000063],[-96.099771190999945,41.731563877000042],[-96.099320834999958,41.752975007000032],[-96.076416946999984,41.791469109000047],[-96.135623731999942,41.862620597000046],[-96.159970338999983,41.904151309000042],[-96.145870776999971,41.924907184000062],[-96.147328243999937,41.966254594000077],[-96.185217657999942,41.980685471000072],[-96.202842637999936,41.996615427000052],[-96.236093122999989,42.001258043000064],[-96.238725729999942,42.028437942000039],[-96.265483189999941,42.048896740000032],[-96.285122918999946,42.123452497000073],[-96.352165896999963,42.168185213000072],[-96.363511704999951,42.214042502000041],[-96.33770868299996,42.229522103000079],[-96.332657849999975,42.260306955000033],[-96.34288171899999,42.282081530000028],[-96.368700541999942,42.298023601000068],[-96.389780883999947,42.328789492000055],[-96.424175430999981,42.349278840000068],[-96.411761410999986,42.380918052000027],[-96.417628151999963,42.41477744000008],[-96.397890449999977,42.441792998000039],[-96.396074277999958,42.467401128000063],[-96.439394825999955,42.48924101800003],[-96.494701686999974,42.48845934700006],[-96.547215815999948,42.520499402000041],[-96.584752845999958,42.518287128000054],[-96.60546710899996,42.507236290000037],[-96.629294358999971,42.522693768000067],[-96.636672293999936,42.550731713000062],[-96.714059761999977,42.61230194500007],[-96.715272825999989,42.621907430000078],[-96.694597013999953,42.64116369900006],[-96.69906001399994,42.657715726000049],[-96.722658661999958,42.668592215000047],[-96.799343995999948,42.67001913200005],[-96.810437498999988,42.681341237000026],[-96.810139894999963,42.704084472000034],[-96.908233724999945,42.731698925000046],[-96.970773670999961,42.721147429000041],[-96.97786875099996,42.72730808700004],[-96.970003061999989,42.75206554500005],[-96.979593271999988,42.75831364000004],[-97.015139781999949,42.759541979000062],[-97.130469335999976,42.773923343000035],[-97.161422742999946,42.798619174000066],[-97.21183152399999,42.812573358000066],[-97.224443594999968,42.841202297000052],[-97.243189460999986,42.851826482000035],[-97.271457587999976,42.850014523000027],[-97.311414424999953,42.861771709000038],[-97.389305974999957,42.867433024000036],[-97.457263886999954,42.850443283000061],[-97.483159085999944,42.857157010000037],[-97.506131975999949,42.860136733000047],[-97.570654013999956,42.847990819000074],[-97.634970626999973,42.861285008000038],[-97.685751806999974,42.836837269000057],[-97.725249860999952,42.858008209000047],[-97.772186423999983,42.846164112000054],[-97.797028158999979,42.849597352000046],[-97.818643133999956,42.866587620000075],[-97.888659513999983,42.855807522000077],[-97.889941052999973,42.831271818000062],[-97.929477030999976,42.792324199000063],[-97.963558172999967,42.773690001000034],[-97.995144711999956,42.766812461000029],[-98.033140524999965,42.769192236000038],[-98.12182007399997,42.808360029000028],[-98.12311688799997,42.820223614000042],[-98.144868813999949,42.835794866000072],[-98.167826427999955,42.839571008000064],[-98.31033956899995,42.881794900000045],[-98.391204521999953,42.920135723000044],[-98.45744423299999,42.937160755000036],[-98.49765126799997,42.991778651000061],[-99.253971546999992,42.992389660000072],[-99.532790290999969,42.992334880000044],[-100.19814237099996,42.991094953000072],[-101.23173701599995,42.986843172000079],[-102.08670103299994,42.989887157000055],[-102.78838445299999,42.995303542000045],[-103.00587526299995,42.999354111000059],[-103.50146372099994,42.998618793000048],[-104.05619891699996,43.003062304000025],[-104.05621945899998,42.614669606000064],[-104.05351363699998,41.999815324000053],[-104.05361529599998,41.698218054000051],[-104.05550046999997,41.56422217000005],[-104.05401245199994,41.388085617000058],[-104.05170536599996,41.003211488000034],[-103.57231655099997,40.999648673000024],[-103.38295639199998,41.000316569000063],[-102.65227110599994,40.998124311000026],[-102.62125712499994,41.000214910000068],[-102.04773919299998,40.998071111000058],[-102.04699228699997,40.743130182000073],[-102.04603152699997,40.697319245000074],[-102.04762067799999,40.431077807000065],[-102.04754482799996,40.342644242000063],[-102.05153534999994,39.998918418000073],[-101.40739318899995,40.001003751000042]]]},"properties":{"objectid":16,"ss6.gdb.States.area":77330.258000000002,"state_name":"Nebraska","sub_region":"W N Cen","state_abbr":"NE","pop2000":1711263,"pop00_sqmi":22,"st_area(shape)":21.60694026038934,"st_length(shape)":23.383317623983878}},{"type":"Feature","id":24,"geometry":{"type":"Polygon","coordinates":[[[-114.04727284899997,38.137652376000062],[-114.04726073399996,37.598478424000064],[-114.04393916199996,36.996538031000057],[-112.89998362499995,36.996226733000071],[-112.54252168399995,36.997994445000074],[-112.23725783099997,36.995491941000068],[-111.35616421899999,37.001710013000036],[-110.74006316299995,37.00248799600007],[-110.48408878599997,37.003925974000026],[-110.45223572099997,36.991746350000028],[-109.99707657899995,36.992067657000064],[-109.04848015199997,36.996640744000047],[-109.04560261499995,37.630820823000079],[-109.04320651099994,37.887419904000069],[-109.04346408299995,38.15293392500007],[-109.05586124799999,38.244920297000078],[-109.05394868399998,38.494650793000062],[-109.05141668299996,39.360965885000041],[-109.05352887899994,39.518170108000049],[-109.05255179099998,39.657382219000056],[-109.05126340399994,40.210511410000038],[-109.04615568399998,40.665290778000042],[-109.04831475799995,40.998433502000069],[-110.00216533699995,40.997599685000068],[-110.06318566099998,40.99789202200003],[-111.05102256899994,40.996583619000035],[-111.05165095999996,41.258425265000028],[-111.05106892099997,41.578592472000025],[-111.04869757399996,41.996203523000077],[-111.49458623299995,42.000170868000055],[-112.10051451299995,42.002300446000049],[-112.14711660099999,41.999054197000078],[-112.98957547399999,42.001146903000063],[-114.03907268499995,41.995390775000033],[-114.03815143099996,40.997686596000051],[-114.03810823899994,40.111046496000029],[-114.03984487399998,39.908778769000037],[-114.04010507999999,39.538684740000065],[-114.04426731599995,38.678995937000025],[-114.04509007199999,38.571094884000047],[-114.04727284899997,38.137652376000062]]]},"properties":{"objectid":24,"ss6.gdb.States.area":84871.909,"state_name":"Utah","sub_region":"Mtn","state_abbr":"UT","pop2000":2233169,"pop00_sqmi":26,"st_area(shape)":22.967423155720912,"st_length(shape)":19.992222557698106}},{"type":"Feature","id":17,"geometry":{"type":"MultiPolygon","coordinates":[[[[-79.763235154999961,42.267327240000043],[-79.761659699999939,42.003105819000041],[-79.612367517999985,42.000584880000076],[-79.059489051999947,42.001157438000064],[-78.918538198999954,41.999846928000068],[-78.305088184999988,41.999420802000031],[-78.204262195999945,41.99820036400007],[-77.745007711999961,41.997333363000052],[-77.612847488999989,41.998829809000028],[-76.968573644999935,42.002980984000033],[-76.928395579999972,42.002534842000046],[-76.563914934999957,42.003011534000052],[-76.145020237999972,42.000654408000059],[-76.104834272999938,41.999498758000072],[-75.479732419999948,41.996367863000046],[-75.382813201999966,41.998356803000036],[-75.345656998999971,41.992845080000052],[-75.324065726999947,41.961274870000068],[-75.28369013799994,41.947604067000043],[-75.254515504999972,41.868873433000033],[-75.17128394599996,41.867839984000057],[-75.148280504999946,41.855789409000067],[-75.124750859999949,41.849182610000071],[-75.117777453999963,41.836986657000068],[-75.079843267999934,41.814148083000077],[-75.096826687999965,41.79720732800007],[-75.097154842999942,41.779041921000044],[-75.06131862999996,41.770260245000031],[-75.05696992999998,41.726707935000036],[-75.065400802999989,41.714836975000026],[-75.051324942999941,41.63731466400003],[-75.072451637999961,41.613080251000042],[-75.069865383999968,41.604478191000055],[-75.025087367999959,41.565800785000079],[-75.014886675999946,41.539555836000034],[-74.971787881999944,41.483602674000053],[-74.932564255999978,41.484350634000066],[-74.898559490999958,41.461894468000025],[-74.895279003999974,41.44467138400006],[-74.864066444999935,41.447154926000053],[-74.792799075999937,41.429917094000075],[-74.754826438999942,41.430146222000076],[-74.740040543999953,41.422059306000051],[-74.740437699999973,41.401635798000029],[-74.705273070999965,41.375059535000048],[-74.700062637999963,41.350573343000065],[-74.371980754999981,41.195850028000052],[-74.242359379999982,41.137626651000062],[-74.213038841999946,41.123611892000042],[-73.896697288999974,40.998529894000058],[-73.89614843399994,40.960871716000042],[-73.908966457999952,40.92731467200008],[-73.92239443699998,40.886039952000033],[-73.977061318999972,40.797487345000036],[-74.006259654999951,40.737730652000039],[-74.00618327899997,40.704001894000044],[-73.919861909999952,40.802804705000028],[-73.796345885999983,40.832334355000057],[-73.780041422999943,40.886688885000069],[-73.653151679999951,40.998392417000048],[-73.653723710999941,41.012617342000055],[-73.725237589999949,41.10035404000007],[-73.478120738999962,41.210754964000046],[-73.550259848999985,41.293620444000055],[-73.54429302799997,41.365298664000079],[-73.530392043999939,41.522745711000027],[-73.51714736699995,41.665686031000064],[-73.484230302999947,42.047428211000067],[-73.498839742999962,42.077460891000044],[-73.350824358999944,42.504755909000039],[-73.258060003999958,42.746058693000066],[-73.269275181999944,42.747481396000069],[-73.296169591999956,42.803549385000053],[-73.279583326999955,42.837103268000078],[-73.276005236999936,42.940294284000061],[-73.250071585999933,43.31085394400003],[-73.238391303999947,43.512833022000052],[-73.259983628999976,43.559382437000068],[-73.291402666999943,43.575033752000081],[-73.281736080999963,43.593187044000047],[-73.294104275999985,43.619652694000081],[-73.303534358999968,43.624714589000064],[-73.363685574999977,43.614999017000059],[-73.388114351999945,43.569143835000034],[-73.418319799999949,43.582479636000073],[-73.422959781999964,43.632114647000037],[-73.370989240999961,43.714281154000048],[-73.356669503999967,43.756558246000054],[-73.358997132999946,43.778427633000035],[-73.384740106999971,43.804507715000057],[-73.375120926999955,43.885976829000072],[-73.405334274999973,43.914807506000045],[-73.417405919999965,43.988197078000042],[-73.408251316999952,44.018221856000025],[-73.436000612999976,44.045679342000028],[-73.435215255999935,44.063897949000079],[-73.408756979999964,44.106610122000063],[-73.407864695999933,44.136227209000026],[-73.38206220099994,44.172107668000081],[-73.377332674999934,44.201247536000039],[-73.305325773999982,44.260142496000071],[-73.329788262999955,44.367390402000069],[-73.29999524599998,44.405533174000027],[-73.293319971999949,44.432853710000074],[-73.334452474999978,44.544328113000063],[-73.347811978999971,44.55397152300003],[-73.371295798999938,44.579166696000073],[-73.381825171999935,44.619807758000036],[-73.370136461999948,44.634349248000035],[-73.373097221999956,44.661276316000055],[-73.358151200999941,44.680368771000076],[-73.373158322999984,44.724236594000047],[-73.326786416999937,44.799293799000054],[-73.369054026999947,44.819117885000026],[-73.38230660499994,44.847933813000054],[-73.336414550999962,44.932603878000066],[-73.350758517999964,44.981972889000076],[-73.344723748999968,45.006138827000029],[-74.021539096999959,44.990847270000074],[-74.736107435999941,44.992916274000038],[-74.968469470999935,44.948624959000028],[-75.328862148999974,44.81062907200004],[-75.758657563999975,44.517533783000033],[-75.848029765999968,44.390262686000028],[-76.362880813999936,44.098354651000079],[-76.296882871999969,44.042016975000081],[-76.201542796999945,44.065598240000043],[-76.13452246899999,44.013228963000074],[-76.129066051999985,43.932208098000046],[-76.193718719999936,43.912490412000068],[-76.239991600999986,43.835127174000036],[-76.205666581999935,43.682699883000055],[-76.18457043799998,43.633197608000046],[-76.22276482999996,43.554153568000061],[-76.454655965999962,43.500720819000037],[-76.619627906999938,43.414152939000076],[-76.718471802999943,43.323442312000054],[-76.73682946699995,43.342733345000056],[-76.91452725299996,43.278595822000057],[-77.377316107999945,43.275713017000044],[-77.575711301999945,43.241547599000057],[-77.745007185999953,43.335170000000062],[-77.992009209999935,43.365571392000049],[-78.464653747999989,43.371993309000061],[-79.062239119999958,43.268216041000073],[-79.039325223999981,43.144738995000068],[-79.061114546999988,43.090605165000056],[-78.92559640799999,43.066626744000075],[-78.882793110999955,43.022357552000074],[-78.936551379999969,42.974231628000041],[-78.859199729999943,42.792745058000037],[-79.043751879999945,42.699246965000043],[-79.142233383999951,42.574616903000049],[-79.354884052999978,42.493461721000074],[-79.444020278999972,42.419361588000072],[-79.763235154999961,42.267327240000043]]],[[[-73.752208902999939,40.59458701300008],[-73.422526280999989,40.661325013000067],[-72.521164021999937,40.815041743000052],[-71.918702163999967,41.03057416300004],[-71.869986826999934,41.074507827000048],[-71.923700323999981,41.084871806000081],[-72.077010944999984,41.000574141000072],[-72.203350778999948,41.035373745000072],[-72.293082210999955,41.024017403000073],[-72.476108944999964,40.920148483000048],[-72.604815385999984,40.905300434000026],[-72.550971259999983,40.966180121000036],[-72.416345403999969,41.026040054000077],[-72.354279516999952,41.110202875000027],[-72.281149097999958,41.142535267000028],[-72.317031662999966,41.149333270000056],[-72.631572318999986,40.981285215000071],[-73.02126973299994,40.968432954000036],[-73.140979591999951,40.95139580700004],[-73.214522968999972,40.90104180600008],[-73.430647961999966,40.922556702000065],[-73.478089661999945,40.87974497700003],[-73.598271997999973,40.903144520000069],[-73.749477270999989,40.844998573000055],[-73.75391762199996,40.788851047000037],[-73.899017542999957,40.797117053000079],[-73.955606997999951,40.739382483000043],[-74.027721877999966,40.639336585000081],[-74.00403947999996,40.581259113000044],[-73.879813947999935,40.590268864000052],[-73.915734436999969,40.631131153000069],[-73.846060959999988,40.652600223000036],[-73.764935274999971,40.636933633000069],[-73.761395109999967,40.618237807000071],[-73.927590647999978,40.557650457000079],[-73.752208902999939,40.59458701300008]]],[[[-74.236939833999941,40.506003329000066],[-74.193641935999949,40.510562195000034],[-74.122999797999967,40.544741309000074],[-74.05919358899996,40.601708956000039],[-74.072865971999988,40.649563087000047],[-74.166298222999956,40.624496964000059],[-74.236939833999941,40.537904854000033],[-74.236939833999941,40.506003329000066]]],[[[-73.293058711999947,40.626382137000064],[-73.249051305999956,40.625424539000051],[-73.030933685999969,40.671340822000047],[-72.95631577499995,40.700038762000077],[-72.764025404999984,40.75839224200007],[-72.757326426999953,40.767959275000067],[-72.782199239999954,40.764133094000044],[-72.87690618299996,40.737346137000031],[-73.051022717999956,40.67516700300007],[-73.240437130999965,40.63307637500003],[-73.291144041999985,40.633076901000038],[-73.293058711999947,40.626382137000064]]]]},"properties":{"objectid":17,"ss6.gdb.States.area":48561.750999999997,"state_name":"New York","sub_region":"Mid Atl","state_abbr":"NY","pop2000":18976457,"pop00_sqmi":391,"st_area(shape)":13.874946838285755,"st_length(shape)":28.48746779049134}},{"type":"Feature","id":18,"geometry":{"type":"Polygon","coordinates":[[[-77.47579339899994,39.719622981000043],[-77.46443284299994,39.720073337000031],[-77.221051047999936,39.720679079000035],[-76.996812274999968,39.720891879000078],[-76.790491344999964,39.721256377000032],[-76.569834348999962,39.720265594000068],[-76.233121961999984,39.721853691000035],[-76.139223025999968,39.722229251000044],[-75.791094774999976,39.723865808000028],[-75.774927262999938,39.724552666000079],[-75.745591976999947,39.774929316000055],[-75.694770764999987,39.82045739800003],[-75.643994325999984,39.838306766000073],[-75.583443319999958,39.840119251000033],[-75.469986296999934,39.826547473000062],[-75.420467693999967,39.798983060000069],[-75.345932479999988,39.848516412000038],[-75.25374068299999,39.845537743000079],[-75.246995351999942,39.850405273000035],[-75.185605262999957,39.877405556000042],[-75.142900990999976,39.881602030000067],[-75.13580538399998,39.896887267000068],[-75.147158565999973,39.934740336000061],[-75.139864380999938,39.955919704000053],[-75.110963121999987,39.976690327000028],[-75.084587016999933,39.975732729000072],[-75.068045523999956,39.985391414000048],[-75.04567521599995,40.007634780000046],[-74.983485546999987,40.034074093000072],[-74.956201354999962,40.058014590000028],[-74.871924232999959,40.078056743000047],[-74.829022436999935,40.116161064000039],[-74.746293906999938,40.124358594000057],[-74.725480617999949,40.149306730000035],[-74.738824846999989,40.177725502000044],[-74.842763294999941,40.248452970000073],[-74.880659556999944,40.299591801000076],[-74.921149972999956,40.31403374000007],[-74.932503154999949,40.333774602000062],[-74.950188708999974,40.345473847000051],[-74.972840819999988,40.404447817000062],[-75.000475287999961,40.408621114000027],[-75.021265926999945,40.401323769000044],[-75.057453469999984,40.420171294000056],[-75.070118741999977,40.456254017000049],[-75.063679442999955,40.521003604000043],[-75.079785853999965,40.545356005000031],[-75.124525944999959,40.564798737000046],[-75.18228210999996,40.556799258000069],[-75.197572086999969,40.570684441000026],[-75.193513089999954,40.583768464000059],[-75.200387469999953,40.614743467000039],[-75.197938692999969,40.634205688000065],[-75.208917894999956,40.650738226000044],[-75.184060883999962,40.669792230000041],[-75.205355079999947,40.686061401000075],[-75.187753802999964,40.723857057000032],[-75.193644246999952,40.748003506000032],[-75.170313178999947,40.774809425000058],[-75.130318943999953,40.772707765000064],[-75.10054067599998,40.791659056000071],[-75.089211196999941,40.821390444000031],[-75.099541991999956,40.839285111000038],[-75.054619124999988,40.855673324000065],[-75.056488496999975,40.872045735000029],[-75.073685770999987,40.884626203000039],[-75.079736340999943,40.903348892000054],[-75.135525162999954,40.962936505000073],[-75.139301830999955,40.977527509000026],[-75.116619170999968,41.000248094000028],[-75.069979157999967,41.010715839000056],[-75.035256455999956,41.028202816000032],[-75.001151611999944,41.062485696000067],[-74.96629143399997,41.082676387000049],[-74.988882969999963,41.081760927000062],[-74.984594844999947,41.099380640000049],[-74.949994344999936,41.111854707000077],[-74.91476808799996,41.141105716000027],[-74.86288656499994,41.206771289000073],[-74.86641145599998,41.226817130000029],[-74.825195728999972,41.282706030000043],[-74.794143295999959,41.295214335000026],[-74.791663441999958,41.311964413000055],[-74.700062637999963,41.350573343000065],[-74.705273070999965,41.375059535000048],[-74.740437699999973,41.401635798000029],[-74.740040543999953,41.422059306000051],[-74.754826438999942,41.430146222000076],[-74.792799075999937,41.429917094000075],[-74.864066444999935,41.447154926000053],[-74.895279003999974,41.44467138400006],[-74.898559490999958,41.461894468000025],[-74.932564255999978,41.484350634000066],[-74.971787881999944,41.483602674000053],[-75.014886675999946,41.539555836000034],[-75.025087367999959,41.565800785000079],[-75.069865383999968,41.604478191000055],[-75.072451637999961,41.613080251000042],[-75.051324942999941,41.63731466400003],[-75.065400802999989,41.714836975000026],[-75.05696992999998,41.726707935000036],[-75.06131862999996,41.770260245000031],[-75.097154842999942,41.779041921000044],[-75.096826687999965,41.79720732800007],[-75.079843267999934,41.814148083000077],[-75.117777453999963,41.836986657000068],[-75.124750859999949,41.849182610000071],[-75.148280504999946,41.855789409000067],[-75.17128394599996,41.867839984000057],[-75.254515504999972,41.868873433000033],[-75.28369013799994,41.947604067000043],[-75.324065726999947,41.961274870000068],[-75.345656998999971,41.992845080000052],[-75.382813201999966,41.998356803000036],[-75.479732419999948,41.996367863000046],[-76.104834272999938,41.999498758000072],[-76.145020237999972,42.000654408000059],[-76.563914934999957,42.003011534000052],[-76.928395579999972,42.002534842000046],[-76.968573644999935,42.002980984000033],[-77.612847488999989,41.998829809000028],[-77.745007711999961,41.997333363000052],[-78.204262195999945,41.99820036400007],[-78.305088184999988,41.999420802000031],[-78.918538198999954,41.999846928000068],[-79.059489051999947,42.001157438000064],[-79.612367517999985,42.000584880000076],[-79.761659699999939,42.003105819000041],[-79.763235154999961,42.267327240000043],[-80.520592568999973,41.986871939000025],[-80.522644189999937,41.850774920000049],[-80.523925728999984,41.495102288000055],[-80.519996307999975,41.489288746000057],[-80.522932838999964,41.129627699000025],[-80.520924409999964,40.897270405000029],[-80.520306026999947,40.854168978000075],[-80.521999469999969,40.637203320000026],[-80.524357649999956,40.478784979000068],[-80.523564390999979,40.403034068000068],[-80.526045298999975,40.162521382000079],[-80.524962337999966,40.022825204000071],[-80.524650512999983,39.958419574000061],[-80.524269684999979,39.721208971000067],[-80.429082362999964,39.719842629000027],[-79.918268715999943,39.721667228000058],[-79.76513244399996,39.721807339000065],[-79.480971055999987,39.720274022000069],[-79.39661018299995,39.719313790000058],[-78.930173181999976,39.722336705000032],[-78.817758561999938,39.723115741000072],[-78.384783264999953,39.723748346000036],[-78.33454988699998,39.72409599000008],[-78.095948184999941,39.725461279000058],[-77.47579339899994,39.719622981000043]]]},"properties":{"objectid":18,"ss6.gdb.States.area":45360.118000000002,"state_name":"Pennsylvania","sub_region":"Mid Atl","state_abbr":"PA","pop2000":12281054,"pop00_sqmi":271,"st_area(shape)":12.550312992014389,"st_length(shape)":16.841083733278801}},{"type":"Feature","id":19,"geometry":{"type":"Polygon","coordinates":[[[-73.530392043999939,41.522745711000027],[-73.54429302799997,41.365298664000079],[-73.550259848999985,41.293620444000055],[-73.478120738999962,41.210754964000046],[-73.725237589999949,41.10035404000007],[-73.653723710999941,41.012617342000055],[-73.653151679999951,40.998392417000048],[-73.10441859599996,41.161039362000054],[-72.906734489999963,41.270063408000055],[-72.527244615999962,41.263702593000062],[-72.378153118999933,41.278102392000051],[-72.378412270999945,41.358348435000039],[-72.32635481899996,41.289640984000073],[-72.281416150999974,41.281145323000032],[-71.866678422999939,41.322769794000067],[-71.847772430999953,41.325348674000054],[-71.836869604999947,41.341961275000074],[-71.845995763999952,41.403854394000064],[-71.802743690999989,41.41582911900008],[-71.790194300999985,41.601306737000073],[-71.792605153999943,41.641758176000053],[-71.788249079999957,41.721603375000029],[-71.797831388999953,42.004274638000027],[-71.802340740999966,42.017977044000077],[-72.094971979999968,42.025799541000026],[-72.13634677999994,42.026402123000025],[-72.50757170199995,42.030766098000072],[-72.571225685999934,42.03012506500005],[-72.581907283999954,42.02160675500005],[-72.607825132999949,42.02280085600006],[-72.609526476999974,42.030536969000025],[-72.755893715999946,42.033847480000077],[-72.767575051999984,42.00216718300004],[-72.817679381999938,41.997184825000033],[-72.816451042999972,42.033507738000026],[-73.006095636999987,42.036009188000037],[-73.045632668999986,42.036310479000065],[-73.484230302999947,42.047428211000067],[-73.51714736699995,41.665686031000064],[-73.530392043999939,41.522745711000027]]]},"properties":{"objectid":19,"ss6.gdb.States.area":4976.5659999999998,"state_name":"Connecticut","sub_region":"N Eng","state_abbr":"CT","pop2000":3405565,"pop00_sqmi":684,"st_area(shape)":1.3925246414772663,"st_length(shape)":5.7224600129428991}},{"type":"Feature","id":20,"geometry":{"type":"MultiPolygon","coordinates":[[[[-71.790194300999985,41.601306737000073],[-71.802743690999989,41.41582911900008],[-71.845995763999952,41.403854394000064],[-71.836869604999947,41.341961275000074],[-71.847772430999953,41.325348674000054],[-71.866678422999939,41.322769794000067],[-71.722264306999989,41.327264398000068],[-71.48988805099998,41.392085094000038],[-71.42731860799995,41.486689324000054],[-71.419246966999935,41.652212226000074],[-71.369012533999978,41.703291010000044],[-71.393580368999949,41.761155682000037],[-71.367387565999934,41.741350031000025],[-71.284001673999967,41.679549091000069],[-71.228976087999968,41.707693963000054],[-71.266628471999979,41.749742979000075],[-71.319328009999936,41.772195985000053],[-71.339798396999981,41.78442564900007],[-71.345483414999933,41.813161514000058],[-71.334542664999958,41.857903712000052],[-71.342493157999968,41.87578310300006],[-71.333085723999943,41.896031208000068],[-71.383953287999987,41.888439947000052],[-71.382405222999978,41.979263295000067],[-71.378644355999938,42.013713149000068],[-71.497430325999972,42.00925330900003],[-71.797831388999953,42.004274638000027],[-71.788249079999957,41.721603375000029],[-71.792605153999943,41.641758176000053],[-71.790194300999985,41.601306737000073]]],[[[-71.198808564999979,41.678500367000026],[-71.199937351999949,41.463318224000034],[-71.117132971999979,41.493061728000043],[-71.141212525999947,41.655273066000063],[-71.198808564999979,41.678500367000026]]],[[[-71.269169426999952,41.621268300000054],[-71.349525029999938,41.445857585000056],[-71.28800694399996,41.483619530000055],[-71.238673223999967,41.474849968000058],[-71.21944697899994,41.635642290000078],[-71.269169426999952,41.621268300000054]]]]},"properties":{"objectid":20,"ss6.gdb.States.area":1044.8810000000001,"state_name":"Rhode Island","sub_region":"N Eng","state_abbr":"RI","pop2000":1048319,"pop00_sqmi":1003,"st_area(shape)":0.29262891650170197,"st_length(shape)":3.6426726339234321}},{"type":"Feature","id":21,"geometry":{"type":"Polygon","coordinates":[[[-75.489280490999988,39.714858163000031],[-75.570233934999976,39.617735101000051],[-75.516688991999956,39.566568353000036],[-75.552763286999948,39.490514044000065],[-75.415672325999935,39.374971689000063],[-75.119958124999982,39.184691856000029],[-75.014406822999945,39.198363712000059],[-74.916654315999949,39.170638645000054],[-74.890201833999981,39.113860095000064],[-74.96812551499994,38.971738842000036],[-74.876300848999961,38.956682208000075],[-74.879253708999954,38.989843675000031],[-74.802291840999942,39.026373594000063],[-74.624587206999934,39.250828327000079],[-74.622527157999968,39.281632669000032],[-74.658234321999942,39.287251320000053],[-74.447500956999988,39.381075460000034],[-74.460418005999941,39.426756820000037],[-74.401119569999935,39.502627827000026],[-74.412388473999954,39.542621008000026],[-74.328850883999962,39.523627579000049],[-74.323341793999987,39.572086397000078],[-74.237675678999949,39.624046930000077],[-74.17142701299997,39.718274547000078],[-74.15922842599997,39.878605452000045],[-74.077333185999976,40.042272677000028],[-74.122180729999968,40.051561596000056],[-74.049789841999939,40.056856306000043],[-74.03429443999994,40.091367261000073],[-74.083773011999938,40.088181586000076],[-74.09142590099998,40.116085741000063],[-74.039230971999984,40.101841854000043],[-73.978440829999954,40.323616048000076],[-74.121885232999944,40.451458649000074],[-74.224503690999938,40.443585059000043],[-74.268915627999945,40.463748360000068],[-74.27891036799997,40.514303573000063],[-74.208252954999978,40.591187484000045],[-74.146858124999937,40.67547935500005],[-74.115531264999959,40.705626862000031],[-74.129058269999973,40.647072171000048],[-74.00618327899997,40.704001894000044],[-74.006259654999951,40.737730652000039],[-73.977061318999972,40.797487345000036],[-73.92239443699998,40.886039952000033],[-73.908966457999952,40.92731467200008],[-73.89614843399994,40.960871716000042],[-73.896697288999974,40.998529894000058],[-74.213038841999946,41.123611892000042],[-74.242359379999982,41.137626651000062],[-74.371980754999981,41.195850028000052],[-74.700062637999963,41.350573343000065],[-74.791663441999958,41.311964413000055],[-74.794143295999959,41.295214335000026],[-74.825195728999972,41.282706030000043],[-74.86641145599998,41.226817130000029],[-74.86288656499994,41.206771289000073],[-74.91476808799996,41.141105716000027],[-74.949994344999936,41.111854707000077],[-74.984594844999947,41.099380640000049],[-74.988882969999963,41.081760927000062],[-74.96629143399997,41.082676387000049],[-75.001151611999944,41.062485696000067],[-75.035256455999956,41.028202816000032],[-75.069979157999967,41.010715839000056],[-75.116619170999968,41.000248094000028],[-75.139301830999955,40.977527509000026],[-75.135525162999954,40.962936505000073],[-75.079736340999943,40.903348892000054],[-75.073685770999987,40.884626203000039],[-75.056488496999975,40.872045735000029],[-75.054619124999988,40.855673324000065],[-75.099541991999956,40.839285111000038],[-75.089211196999941,40.821390444000031],[-75.10054067599998,40.791659056000071],[-75.130318943999953,40.772707765000064],[-75.170313178999947,40.774809425000058],[-75.193644246999952,40.748003506000032],[-75.187753802999964,40.723857057000032],[-75.205355079999947,40.686061401000075],[-75.184060883999962,40.669792230000041],[-75.208917894999956,40.650738226000044],[-75.197938692999969,40.634205688000065],[-75.200387469999953,40.614743467000039],[-75.193513089999954,40.583768464000059],[-75.197572086999969,40.570684441000026],[-75.18228210999996,40.556799258000069],[-75.124525944999959,40.564798737000046],[-75.079785853999965,40.545356005000031],[-75.063679442999955,40.521003604000043],[-75.070118741999977,40.456254017000049],[-75.057453469999984,40.420171294000056],[-75.021265926999945,40.401323769000044],[-75.000475287999961,40.408621114000027],[-74.972840819999988,40.404447817000062],[-74.950188708999974,40.345473847000051],[-74.932503154999949,40.333774602000062],[-74.921149972999956,40.31403374000007],[-74.880659556999944,40.299591801000076],[-74.842763294999941,40.248452970000073],[-74.738824846999989,40.177725502000044],[-74.725480617999949,40.149306730000035],[-74.746293906999938,40.124358594000057],[-74.829022436999935,40.116161064000039],[-74.871924232999959,40.078056743000047],[-74.956201354999962,40.058014590000028],[-74.983485546999987,40.034074093000072],[-75.04567521599995,40.007634780000046],[-75.068045523999956,39.985391414000048],[-75.084587016999933,39.975732729000072],[-75.110963121999987,39.976690327000028],[-75.139864380999938,39.955919704000053],[-75.147158565999973,39.934740336000061],[-75.13580538399998,39.896887267000068],[-75.142900990999976,39.881602030000067],[-75.185605262999957,39.877405556000042],[-75.246995351999942,39.850405273000035],[-75.25374068299999,39.845537743000079],[-75.345932479999988,39.848516412000038],[-75.420467693999967,39.798983060000069],[-75.411754492999989,39.789770517000079],[-75.427647050999951,39.778242987000056],[-75.460393980999982,39.76336228100007],[-75.474768496999957,39.741832110000075],[-75.475974186999963,39.720084399000029],[-75.489280490999988,39.714858163000031]]]},"properties":{"objectid":21,"ss6.gdb.States.area":7507.5020000000004,"state_name":"New Jersey","sub_region":"Mid Atl","state_abbr":"NJ","pop2000":8414350,"pop00_sqmi":1121,"st_area(shape)":2.0567407095651298,"st_length(shape)":8.4195968006410062}},{"type":"Feature","id":22,"geometry":{"type":"Polygon","coordinates":[[[-86.341606040999977,38.177287906000061],[-86.29767448399997,38.150303952000058],[-86.291440082999941,38.078489309000076],[-86.277698698999984,38.058172728000045],[-86.252154828999949,38.040721570000073],[-86.19062146899995,38.017758688000072],[-86.104986430999986,38.011336244000063],[-86.05271565299995,37.966784724000036],[-86.031620035999936,37.992950663000045],[-86.006663472999946,38.001767104000066],[-85.958582320999938,38.01184085400007],[-85.93087200299999,38.034048929000051],[-85.914751369999976,38.064874867000071],[-85.91207451799994,38.180001630000049],[-85.852335732999961,38.238561062000031],[-85.839907490999963,38.276291402000027],[-85.806551132999971,38.28617921600005],[-85.786210848999986,38.282391486000051],[-85.746926121999991,38.270315101000051],[-85.681389070999955,38.300953522000043],[-85.654228134999983,38.337753128000031],[-85.64359288899999,38.383687847000033],[-85.612640534999969,38.446670247000043],[-85.507199846999981,38.47141980400005],[-85.466382329999988,38.518175172000042],[-85.432369663999964,38.537015849000056],[-85.417461566999975,38.561475704000031],[-85.424404421999952,38.584839956000053],[-85.45367913399997,38.694674642000052],[-85.446690453999963,38.724840585000038],[-85.418186876999982,38.738417102000028],[-85.335009044999936,38.737006514000029],[-85.271394038999972,38.744376548000048],[-85.205161701999941,38.69581712400003],[-85.160933067999963,38.695176618000062],[-85.119657293999978,38.714139497000076],[-85.068454727999949,38.750424485000053],[-85.02507307999997,38.764291232000062],[-84.975611362999985,38.780640994000066],[-84.818780065999988,38.793410032000054],[-84.824426105999976,38.834462998000049],[-84.787446358999944,38.866643691000036],[-84.788666796999962,38.884385078000037],[-84.803224088999968,38.897190987000045],[-84.859743487999935,38.902042716000039],[-84.875254165999991,38.909431186000063],[-84.875879922999957,38.927603967000039],[-84.846316035999962,38.954631113000062],[-84.834444548999954,38.982775458000049],[-84.844225435999988,39.005831045000036],[-84.876293407999981,39.032895590000066],[-84.889996340999971,39.050648566000064],[-84.886707952999984,39.065045205000047],[-84.827861452999969,39.103687846000071],[-84.811480613999947,39.102585396000052],[-84.812070553999945,39.303029050000077],[-84.812024727999983,39.312333245000048],[-84.811105053999938,39.513162994000027],[-84.811036578999961,39.564050574000078],[-84.80869630799998,39.733299051000074],[-84.806149558999948,39.917166449000035],[-84.80356435799996,40.013990855000031],[-84.795387896999955,40.31950069100003],[-84.794556186999955,40.353050887000052],[-84.793251998999949,40.588738181000053],[-84.793061321999971,40.728860485000041],[-84.791023395999957,40.937708675000067],[-84.790527213999951,40.988341317000049],[-84.791586471999949,41.253132661000052],[-84.790975462999938,41.283817962000057],[-84.791897243999983,41.427899710000077],[-84.79136998499996,41.530491832000052],[-84.790377621999937,41.697494851000044],[-84.788477699999987,41.760959211000056],[-84.826007882999988,41.761875198000041],[-85.193140623999966,41.762867561000064],[-85.297209701999975,41.763580756000067],[-85.659458583999935,41.762627371000065],[-85.799226923999981,41.763534930000048],[-86.068302179999989,41.764628426000058],[-86.234565140999962,41.764864402000057],[-86.525181101999976,41.765540199000043],[-86.834829471999967,41.765504908000025],[-86.942459784999983,41.716503556000077],[-87.233854255999972,41.626188504000027],[-87.394746656999985,41.634191144000056],[-87.441973976999975,41.658113205000063],[-87.419307117999949,41.676366576000078],[-87.463711152999963,41.671624408000071],[-87.529906091999976,41.723626026000034],[-87.532686183999942,41.469750149000049],[-87.532484445999955,41.301338649000058],[-87.53176545599996,41.173789964000036],[-87.532052524999983,41.009963139000035],[-87.532696191999946,40.745447803000047],[-87.537190795999948,40.494645934000062],[-87.535695403999966,40.483282217000067],[-87.535356714999978,40.166231683000035],[-87.535793375999958,39.887339195000038],[-87.535597958999972,39.609376390000079],[-87.53858979599994,39.477482694000059],[-87.540237940999987,39.350562401000047],[-87.597688601999948,39.338305874000071],[-87.625261968999951,39.307441484000037],[-87.610643575999973,39.297699049000073],[-87.615823984999963,39.281456214000059],[-87.606920633999948,39.258202049000033],[-87.584588776999965,39.24879145500006],[-87.588616695999974,39.208504883000046],[-87.594232185999942,39.198167241000078],[-87.607950394999989,39.196107192000056],[-87.64428226199999,39.168546466000066],[-87.67035233699994,39.146719218000044],[-87.659480060999954,39.130693923000081],[-87.662287542999991,39.113508764000073],[-87.631693366999968,39.103983869000047],[-87.63089168099998,39.089015199000073],[-87.612031514999956,39.08464753700008],[-87.585343056999989,39.062476860000061],[-87.581772339999986,38.995785739000041],[-87.591881380999951,38.994126007000034],[-87.547927701999981,38.977120463000063],[-87.533492610999986,38.963746738000054],[-87.530203695999944,38.93196320100003],[-87.539221874999953,38.904905504000055],[-87.559081778999939,38.869856756000047],[-87.550528703999987,38.857936284000061],[-87.507909236999978,38.795604924000031],[-87.519048564999935,38.776745284000071],[-87.508023537999975,38.769768192000072],[-87.508336415999963,38.736679940000045],[-87.54391347699999,38.686020962000043],[-87.588501341999972,38.672215842000071],[-87.625215089999983,38.642857907000064],[-87.628671505999989,38.622964292000063],[-87.619851904999962,38.599256084000046],[-87.640619367999989,38.593225003000043],[-87.652880635999963,38.57391922100004],[-87.672969140999953,38.547472006000078],[-87.651415793999945,38.515416676000029],[-87.653559592999954,38.500490144000025],[-87.679935171999944,38.504052960000024],[-87.692844320999939,38.481580465000036],[-87.756124324999973,38.466173027000025],[-87.758687928999962,38.457143260000066],[-87.738980777999984,38.445527239000057],[-87.748456686999987,38.418011812000032],[-87.784048495999969,38.378170855000064],[-87.83453312599994,38.352570626000045],[-87.850112277999983,38.28614445200003],[-87.863036701999988,38.285408607000079],[-87.874069103999943,38.316834492000055],[-87.883476537999968,38.315598252000029],[-87.888496293999935,38.300705958000037],[-87.914139188999968,38.281094145000054],[-87.913681457999985,38.302392027000053],[-87.925950100999955,38.304818155000078],[-87.980050745999961,38.241132040000025],[-87.986039688999938,38.234860242000025],[-87.977959619999979,38.200760665000075],[-87.93231934399995,38.171176762000073],[-87.932021739999982,38.157573907000028],[-87.95059957899997,38.136959196000078],[-87.973534016999963,38.131805650000047],[-88.018579085999988,38.103348427000071],[-88.012361013999964,38.092392401000041],[-87.964897191999967,38.096794300000056],[-87.975326485999972,38.073352618000058],[-88.034761346999971,38.054130587000031],[-88.043123216999959,38.045166135000045],[-88.041506149999975,38.038349169000071],[-88.021729469999968,38.033576977000052],[-88.029244881999944,38.008281725000074],[-88.021736843999975,37.975101296000048],[-88.042543285999955,37.956310131000066],[-88.041803226999946,37.934543457000075],[-88.064653914999951,37.929828152000027],[-88.078974704999951,37.944045703000029],[-88.084033439999985,37.923705946000041],[-88.030472694999958,37.917636413000025],[-88.026619649999986,37.90580337800003],[-88.044900410999958,37.896048828000062],[-88.100116674999981,37.906215283000051],[-88.101489864999962,37.895350908000069],[-88.07577006799994,37.867854444000045],[-88.034272012999963,37.843791218000035],[-88.042168778999951,37.827567345000034],[-88.089297598999963,37.831294501000059],[-88.086062410999943,37.817656882000051],[-88.035607277999986,37.805727983000054],[-88.011222745999987,37.801352420000057],[-87.95873811499996,37.776224142000046],[-87.939610368999979,37.79955099600005],[-87.920169742999974,37.809728512000049],[-87.910228729999972,37.838613442000053],[-87.936848712999961,37.875223424000069],[-87.934483685999965,37.904203693000056],[-87.921894790999943,37.919908735000035],[-87.899036200999944,37.924597177000066],[-87.857187342999964,37.890946902000053],[-87.823647154999946,37.878254767000044],[-87.753782473999991,37.898128893000035],[-87.728200153999978,37.894585040000038],[-87.709407934999945,37.899753861000079],[-87.679720791999955,37.897049092000032],[-87.684717371999966,37.836372724000057],[-87.65169601499997,37.828175194000039],[-87.607588529999987,37.843819135000047],[-87.593634344999941,37.864910538000061],[-87.594718359999945,37.89076675900003],[-87.627137661999939,37.923454695000032],[-87.604325951999954,37.971157126000037],[-87.504803097999968,37.91562693000003],[-87.452288442999986,37.936520809000058],[-87.387550444999988,37.934969057000046],[-87.310559078999972,37.893718566000075],[-87.272746040999948,37.870819418000053],[-87.226761809999971,37.849118586000031],[-87.175780471999985,37.838640306000059],[-87.158079641999961,37.826967398000079],[-87.13187946499994,37.789736399000049],[-87.106427246999942,37.784251011000038],[-87.071308443999953,37.807135937000055],[-87.036479868999947,37.90800564500006],[-87.013156175999939,37.924764151000034],[-86.989031322999949,37.930616143000066],[-86.931572760999984,37.938040958000045],[-86.900077872999987,37.953697013000067],[-86.863272473999984,37.986920109000039],[-86.826306947999967,37.991559564000056],[-86.802815752999948,37.978800008000064],[-86.753825461999952,37.898359601000038],[-86.728876799999966,37.894621384000061],[-86.689125914999977,37.911853422000036],[-86.668655528999977,37.913196589000052],[-86.660308406999945,37.902572931000066],[-86.670669751999981,37.860640849000049],[-86.665923896999971,37.84738089700005],[-86.645568337999975,37.846000332000074],[-86.61478243199997,37.857975585000077],[-86.598309941999958,37.921072286000026],[-86.58178372499998,37.925665389000073],[-86.541087355999935,37.921515794000072],[-86.522737591999942,37.927871870000047],[-86.516900874999976,37.942242172000078],[-86.530847684999969,37.987477391000027],[-86.527834250999945,38.018693110000072],[-86.519091026999945,38.047048148000044],[-86.503114717999949,38.051648626000031],[-86.458367252999949,38.059160878000057],[-86.442467319999935,38.075995233000071],[-86.442521046999957,38.088698429000033],[-86.474336713999946,38.11170766400005],[-86.464846056999988,38.129156188000024],[-86.452524214999983,38.129755083000077],[-86.407181015999981,38.108218591000025],[-86.39367718699998,38.123294188000045],[-86.344039015999954,38.134270229000037],[-86.335417992999965,38.144028467000055],[-86.343124081999974,38.155559684000025],[-86.387100937999946,38.168021637000038],[-86.388307153999961,38.194808067000054],[-86.364349801999936,38.193290025000067],[-86.341606040999977,38.177287906000061]]]},"properties":{"objectid":22,"ss6.gdb.States.area":36400.303999999996,"state_name":"Indiana","sub_region":"E N Cen","state_abbr":"IN","pop2000":6080485,"pop00_sqmi":167,"st_area(shape)":9.9321295758038985,"st_length(shape)":16.110305059444126}},{"type":"Feature","id":25,"geometry":{"type":"MultiPolygon","coordinates":[[[[-121.66521994899995,38.169285267000078],[-121.65958128199998,38.096465093000063],[-121.55414954899999,38.137361620000036],[-121.57283378699998,38.113798790000033],[-121.54747321999997,38.063473233000025],[-121.56954539899999,38.063667597000062],[-121.57688488299999,38.094138517000033],[-121.65774983499995,38.086101113000041],[-121.69895608099995,38.023495853000043],[-122.00062340699998,38.057151395000062],[-122.29552222599995,38.014795294000066],[-122.37968399399995,37.973445250000054],[-122.37149699899999,37.909345124000026],[-122.30755383899998,37.891763336000054],[-122.31241346899998,37.778462753000042],[-122.19973232199999,37.735200673000065],[-122.09302378999996,37.497313746000032],[-121.97533710999994,37.460720093000077],[-122.08930769599999,37.452541525000072],[-122.35967133799994,37.609786833000044],[-122.36633133799995,37.702450056000032],[-122.34647143399997,37.725222788000053],[-122.40093130999998,37.808625009000025],[-122.49821449999996,37.782942082000034],[-122.49820765199996,37.70025411000006],[-122.50568197999996,37.522905021000042],[-122.44146333899999,37.479482287000053],[-122.38925313499999,37.352412929000025],[-122.41463793099996,37.239126568000074],[-122.27463361499997,37.106781989000069],[-122.17344260099998,37.000869349000027],[-122.06133190499997,36.947506655000041],[-121.88353667399997,36.962098185000059],[-121.79171200799999,36.850327232000041],[-121.76139120699997,36.818990364000058],[-121.80856479899995,36.648221211000077],[-121.86738180299994,36.607713412000066],[-121.91142028599995,36.640427684000031],[-121.95528336799998,36.582773705000079],[-121.88227725799999,36.306943637000074],[-121.68981148599994,36.181134222000026],[-121.44554162099996,35.879850357000066],[-121.32908064599997,35.801033866000068],[-121.27026153499997,35.663535740000043],[-121.14655904799997,35.629322916000035],[-120.99194792599997,35.45658115100008],[-120.87521252399995,35.427765223000051],[-120.84999628199995,35.364537365000047],[-120.88359757099994,35.259405342000036],[-120.86134208999999,35.209253607000051],[-120.63841013799998,35.140028379000057],[-120.61676513999998,35.074816321000071],[-120.64433956099998,34.972637158000055],[-120.66594663499995,34.903809612000032],[-120.60815886499995,34.855615740000076],[-120.63167323599998,34.759906953000041],[-120.60162686199999,34.704022793000036],[-120.64129294299994,34.572337682000068],[-120.50940609399998,34.521373726000036],[-120.45620247299996,34.442499294000072],[-120.14016273699997,34.471902528000044],[-120.01149527399997,34.461661804000073],[-119.86943301599996,34.404796343000044],[-119.60629350299996,34.416435013000068],[-119.48300976799999,34.374861636000048],[-119.26676731399999,34.238098302000026],[-119.21633430299994,34.146340531000078],[-118.93936017399994,34.040081301000043],[-118.78811486999996,34.018257214000073],[-118.54185448499999,34.037251697000045],[-118.41211038099999,33.882967676000078],[-118.38817515199997,33.812325012000031],[-118.42895421799994,33.775448503000064],[-118.40508904399996,33.738450847000024],[-118.28689248599994,33.703907234000042],[-118.24661644999998,33.773925194000071],[-118.10671747999999,33.747564364000027],[-117.59733127699997,33.39453381900006],[-117.41014441399994,33.234089667000035],[-117.32843932399999,33.111481729000047],[-117.25486802899997,32.888172638000071],[-117.28532525499998,32.851220280000064],[-117.24820697599995,32.680094003000079],[-117.19877475699997,32.738934183000026],[-117.12452924599995,32.678931505000037],[-117.12060667199995,32.602872456000057],[-117.19981189199996,32.718442200000027],[-117.12809785499996,32.535781545000077],[-116.10697358999994,32.619470835000072],[-114.72204921799994,32.720857267000042],[-114.71269498399994,32.735013189000028],[-114.69404076999996,32.741425625000034],[-114.60394220499995,32.726285240000038],[-114.60352292599998,32.735886511000047],[-114.57195903699994,32.737438790000056],[-114.57221081499995,32.748829370000067],[-114.56075123299996,32.74893577000006],[-114.56158294299996,32.760753530000045],[-114.54300457799997,32.760749842000052],[-114.54318788099999,32.771232336000025],[-114.53009542999996,32.771411425000053],[-114.53507726099997,32.78804720200003],[-114.52621973599997,32.809912375000067],[-114.46143643799996,32.845422541000062],[-114.47644408699995,32.935908780000034],[-114.46838719399994,32.977789243000075],[-114.52062742199996,33.027707636000059],[-114.55908886699996,33.036782702000039],[-114.60992588099998,33.027001815000062],[-114.63396698299999,33.03356700300003],[-114.64515951199996,33.04441188800007],[-114.66395172999995,33.038922814000045],[-114.71135497799997,33.095382692000044],[-114.70946295599998,33.122375074000047],[-114.67812029399994,33.167250008000053],[-114.68005076699995,33.224594796000076],[-114.68771103099999,33.239258488000075],[-114.67769364199995,33.268016476000071],[-114.73542715799999,33.305708366000033],[-114.70360358899995,33.352417907000074],[-114.72493623599996,33.41105950900004],[-114.64509208999999,33.419115875000045],[-114.63057324899995,33.439425082000071],[-114.62108943899995,33.468598661000044],[-114.59808652499999,33.486126722000051],[-114.58706149699998,33.509445675000052],[-114.52942068599998,33.560073050000028],[-114.54024713599995,33.58050761800007],[-114.52717048699998,33.622136303000048],[-114.52526371699997,33.665504783000074],[-114.53643359599994,33.682735241000046],[-114.49567665299998,33.70836918100008],[-114.51028767299999,33.743200389000037],[-114.50455788199997,33.771715027000027],[-114.52112202299998,33.826031106000073],[-114.51172249099994,33.841965276000053],[-114.52096242399995,33.862926576000064],[-114.49818811099999,33.925036182000042],[-114.52563190299998,33.952413605000061],[-114.51820866899999,33.965063074000057],[-114.42898026499995,34.029843738000068],[-114.42402898399996,34.078332054000043],[-114.41016645099995,34.102654431000076],[-114.32279951899994,34.141297072000043],[-114.28536836099994,34.171230726000033],[-114.23577601499994,34.186222572000077],[-114.14991237599997,34.266979018000029],[-114.12523076699995,34.272620845000063],[-114.13412727099995,34.314547659000027],[-114.15341514399995,34.336447596000028],[-114.18207989999996,34.365206111000077],[-114.25784239999996,34.405488995000042],[-114.28339416999995,34.412068932000068],[-114.30286534599998,34.435753963000025],[-114.33263623899995,34.454873282000051],[-114.37650669499999,34.459679185000027],[-114.38386198099994,34.477085571000032],[-114.37682800199997,34.536563624000053],[-114.40974243199997,34.583723521000024],[-114.43430236499995,34.598962932000063],[-114.42227022599997,34.610894992000055],[-114.46563765299999,34.709873205000065],[-114.49780412399997,34.744757613000047],[-114.52555341999999,34.748911422000049],[-114.54204065899995,34.759958572000073],[-114.57021660799995,34.831860653000035],[-114.62726326499995,34.875533584000038],[-114.63047580399996,34.919501486000058],[-114.62100726899996,34.943610010000043],[-114.63227669999998,34.997651661000077],[-114.62106836999999,34.998914238000054],[-115.62619736299996,35.795698070000071],[-115.88576931999995,36.001225742000031],[-117.16042392599996,36.95959410100005],[-117.83868620699997,37.457298442000024],[-118.41741983999998,37.886676685000054],[-119.15245066399996,38.41180111400007],[-119.31882529199999,38.527108547000068],[-119.57568721299998,38.702910097000029],[-119.88934137899997,38.922251316000029],[-119.99525454599996,38.994105991000026],[-119.99515025299996,39.063491346000035],[-119.99454135099995,39.106131882000057],[-119.99552739299997,39.158713433000059],[-119.99530405899998,39.311545254000066],[-119.99601145999998,39.443501105000053],[-119.99616526599999,39.720610604000058],[-119.99632486499996,41.177566106000029],[-119.99345944299995,41.989204835000066],[-120.87190833399995,41.987672044000078],[-121.44150896099995,41.99433467800003],[-122.28470525799997,42.000764495000055],[-123.22210283499999,42.002191939000056],[-123.51320444299995,41.997832705000064],[-123.81914619999998,41.992948846000047],[-124.20644434999997,41.997647822000033],[-124.20750097399997,41.84832719700006],[-124.24309910399995,41.776756958000078],[-124.14421043499999,41.727193055000043],[-124.05795490699995,41.458164152000052],[-124.07160253399996,41.313832732000037],[-124.14970319699995,41.128832333000048],[-124.10944612199995,40.978211207000072],[-124.39263779599997,40.435236883000073],[-124.33610680899994,40.327554950000035],[-124.34530618399998,40.252429797000048],[-124.09456067599996,40.100377539000078],[-124.00763830499994,39.998580783000079],[-123.83810855199999,39.826396828000043],[-123.78353174099999,39.687108341000055],[-123.75465155199998,39.551879377000034],[-123.81371822599999,39.347806539000032],[-123.68344739099996,39.04180578900008],[-123.72190146199995,38.924771202000045],[-123.52388656899996,38.757659150000052],[-123.29794118399997,38.547333476000063],[-123.12154442599996,38.433599919000073],[-123.04879641399998,38.294141297000067],[-122.99464888899996,38.29722742000007],[-122.93927197199997,38.153264713000056],[-123.01073001799995,37.994466071000033],[-122.95659776899998,37.99075735100007],[-122.92118083499997,38.030623064000054],[-122.82219314099996,38.007672297000056],[-122.69172372699995,37.894392783000058],[-122.66639265799995,37.906919523000056],[-122.51572517899996,37.822106188000078],[-122.45825924299999,37.834221024000044],[-122.49002223699995,37.931767580000042],[-122.44178095799998,37.982955397000069],[-122.50645048199999,38.018652025000051],[-122.47454474299997,38.08545692000007],[-122.52864854899997,38.150671611000064],[-122.48893506199994,38.113414275000025],[-122.42920259799996,38.113807217000044],[-122.39846409799998,38.161336881000068],[-122.27277214399999,38.097484319000046],[-122.28535419199994,38.159311596000066],[-122.33890756199997,38.193581835000032],[-122.31575926999994,38.20593370000006],[-122.27300179899999,38.159418523000056],[-122.23224327599996,38.07107977000004],[-121.98454912599999,38.139500678000047],[-121.90276607899995,38.072909637000066],[-121.78236251499999,38.066775842000027],[-121.66521994899995,38.169285267000078]]],[[[-119.86782332299998,34.07522854900003],[-119.92769062999997,34.059180078000054],[-119.87398661399999,34.031875343000024],[-119.88906168499994,34.004669635000027],[-119.84727550699995,33.968415724000067],[-119.71253956499999,33.965284302000043],[-119.53937746799994,34.006495815000051],[-119.52309565499996,34.034590647000073],[-119.57258950199997,34.055781076000073],[-119.66792220199994,34.021343337000076],[-119.86782332299998,34.07522854900003]]],[[[-120.16738582799996,33.924162333000027],[-120.10917930699998,33.894813879000026],[-119.96338567899994,33.947763088000045],[-120.04680106799998,34.041105268000024],[-120.23854890299998,34.010885073000054],[-120.16738582799996,33.924162333000027]]],[[[-118.59478051799999,33.480818317000058],[-118.55643389999994,33.434482755000033],[-118.48134245699998,33.419552536000026],[-118.45538668399996,33.324786072000052],[-118.30403655999999,33.307493987000043],[-118.29459067499994,33.334447918000023],[-118.36239583399998,33.411011577000068],[-118.59478051799999,33.480818317000058]]],[[[-118.35095837499995,32.819194973000037],[-118.54158479799997,32.987384193000025],[-118.57148579399995,33.035971534000055],[-118.59951741899999,33.021021826000037],[-118.51167695399994,32.89207624900007],[-118.42010564699996,32.806114637000064],[-118.35095837499995,32.819194973000037]]]]},"properties":{"objectid":25,"ss6.gdb.States.area":157776.31,"state_name":"California","sub_region":"Pacific","state_abbr":"CA","pop2000":33871648,"pop00_sqmi":215,"st_area(shape)":41.533617542218515,"st_length(shape)":42.260159745118777}},{"type":"Feature","id":26,"geometry":{"type":"Polygon","coordinates":[[[-83.27275470699999,38.609257145000072],[-83.245013311999969,38.624172615000077],[-83.181939259999979,38.609841291000066],[-83.143150186999947,38.619339849000028],[-83.111242868999966,38.66483316700004],[-83.060879913999941,38.68572651900007],[-83.026943623999955,38.714511897000079],[-82.972483219999958,38.719642793000048],[-82.921303830999989,38.746414475000051],[-82.890312498999947,38.742775283000071],[-82.873191074999966,38.719006501000024],[-82.880011727999943,38.683301444000051],[-82.860029621999956,38.652394917000038],[-82.853856849999943,38.600458613000058],[-82.826992463999943,38.571662174000039],[-82.802364054999941,38.557288711000069],[-82.741944731999979,38.553066427000033],[-82.695579146999989,38.539142793000053],[-82.669760322999934,38.502140922000081],[-82.613743426999974,38.472668686000077],[-82.586604086999955,38.412519577000069],[-82.575419458999988,38.403902241000026],[-82.547547960999964,38.400511140000049],[-82.494987479999963,38.405832714000042],[-82.414891556999976,38.430392648000065],[-82.394764072999976,38.428470076000053],[-82.329179615999976,38.441952308000054],[-82.31424044299996,38.465229650000026],[-82.289971264999963,38.580081459000041],[-82.270897245999947,38.594890002000056],[-82.213659383999982,38.584835215000055],[-82.184246668999947,38.595032220000064],[-82.173657247999984,38.632190530000059],[-82.188977775999945,38.67789401400006],[-82.18397276799999,38.710302781000053],[-82.216750247999983,38.778939650000041],[-82.197722053999939,38.804619942000045],[-82.146099682999989,38.838787468000078],[-82.13931695399998,38.89939852100008],[-82.101206839999975,38.952093845000036],[-82.085016677999988,38.977197893000039],[-82.058503621999989,38.989065692000054],[-82.042885490999936,39.014139189000048],[-81.999678716999938,39.015261129000066],[-81.975187258999938,38.99300670100007],[-81.937733451999975,38.991175781000038],[-81.92782983699999,38.984271377000027],[-81.898608324999941,38.932224987000041],[-81.931850908999934,38.894742210000061],[-81.915248841999983,38.884446706000062],[-81.892695230999948,38.873452755000073],[-81.866800557999966,38.88570928300004],[-81.840913259999979,38.937889990000031],[-81.823777086999939,38.948467822000055],[-81.783225042999959,38.923562352000033],[-81.762296926999966,38.930180740000026],[-81.781729650999978,38.968528938000077],[-81.775679606999972,39.01682973700008],[-81.81346156799998,39.044108134000055],[-81.824273268999946,39.066415762000076],[-81.819565864999959,39.077016770000057],[-81.786361204999935,39.077257487000054],[-81.75356160299998,39.09472076000003],[-81.744703550999986,39.125874852000038],[-81.75891056599994,39.175751106000064],[-81.723073826999951,39.213268121000056],[-81.69790341099997,39.220019772000057],[-81.689526264999984,39.26022628000004],[-81.66752203499999,39.27049544700003],[-81.572684988999981,39.265917619000049],[-81.557388164999963,39.332655093000028],[-81.540648620999946,39.352708834000055],[-81.465008323999939,39.406858465000028],[-81.447955900999943,39.411027549000039],[-81.43397801399999,39.406023068000025],[-81.375916343999961,39.345690130000037],[-81.33883598999995,39.353643783000052],[-81.284016882999936,39.387071777000074],[-81.237621272999945,39.388472357000069],[-81.224948627999936,39.408358071000066],[-81.200305469999989,39.415896133000047],[-81.180567767999946,39.437800284000048],[-81.117089712999984,39.467783977000067],[-81.09824482199997,39.496451367000077],[-81.037383043999967,39.532664193000073],[-81.032568713999979,39.544142737000072],[-80.983646370999963,39.581805130000077],[-80.932610778999958,39.606940781000048],[-80.912590748999946,39.607353213000067],[-80.881110082999953,39.624081168000032],[-80.872746104999976,39.662410930000078],[-80.863413993999984,39.680351422000058],[-80.832787687999939,39.703400162000037],[-80.832298353999988,39.718834463000064],[-80.856453230999989,39.736335661000055],[-80.870727667999972,39.759993830000042],[-80.819103716999962,39.809001503000047],[-80.825916468999935,39.839667314000053],[-80.798525350999967,39.856722897000054],[-80.790849284999979,39.872347349000052],[-80.812136105999969,39.904901494000057],[-80.807840078999959,39.915902819000053],[-80.796021266999958,39.919839614000068],[-80.768127118999985,39.913313405000054],[-80.758887185999981,39.921266531000072],[-80.763059956999939,39.947015299000043],[-80.738888224999982,39.983475689000045],[-80.738238763999959,40.035664297000039],[-80.702064916999973,40.154089983000063],[-80.700889776999986,40.168181118000064],[-80.678557393999938,40.19415164000003],[-80.650113337999983,40.245679726000049],[-80.614687975999971,40.276501977000066],[-80.60451730799997,40.306244953000032],[-80.609246834999965,40.373275289000048],[-80.629244741999969,40.388663765000047],[-80.627848375999974,40.398227112000029],[-80.601830447999987,40.480538997000053],[-80.625253166999983,40.504464218000066],[-80.633439635999935,40.53920430200003],[-80.668620593999947,40.568278856000063],[-80.667727782999975,40.582137702000068],[-80.637337979999984,40.613982339000074],[-80.611549706999938,40.620062933000042],[-80.574415626999951,40.615973913000062],[-80.521999469999969,40.637203320000026],[-80.520306026999947,40.854168978000075],[-80.520924409999964,40.897270405000029],[-80.522932838999964,41.129627699000025],[-80.519996307999975,41.489288746000057],[-80.523925728999984,41.495102288000055],[-80.522644189999937,41.850774920000049],[-80.520592568999973,41.986871939000025],[-80.999772797999981,41.850257143000078],[-81.362264503999938,41.724283387000071],[-81.478263007999942,41.631716030000064],[-81.738502860999972,41.491154958000038],[-81.961907817999986,41.501918727000032],[-82.015605512999969,41.515310361000047],[-82.341382416999977,41.431500977000042],[-82.548837927999955,41.39133766100008],[-82.716946557999961,41.450524957000027],[-82.908931948999964,41.429468845000031],[-83.070398487999967,41.456109897000033],[-82.784706943999936,41.507417282000063],[-82.795830470999988,41.537648539000031],[-83.003433466999979,41.538193707000062],[-83.153746454999975,41.626090005000037],[-83.482691124999974,41.725129846000073],[-83.763953906999973,41.717042402000061],[-83.868639787999939,41.715993152000067],[-84.359208489999958,41.708038972000054],[-84.384393127999942,41.707150375000026],[-84.790377621999937,41.697494851000044],[-84.79136998499996,41.530491832000052],[-84.791897243999983,41.427899710000077],[-84.790975462999938,41.283817962000057],[-84.791586471999949,41.253132661000052],[-84.790527213999951,40.988341317000049],[-84.791023395999957,40.937708675000067],[-84.793061321999971,40.728860485000041],[-84.793251998999949,40.588738181000053],[-84.794556186999955,40.353050887000052],[-84.795387896999955,40.31950069100003],[-84.80356435799996,40.013990855000031],[-84.806149558999948,39.917166449000035],[-84.80869630799998,39.733299051000074],[-84.811036578999961,39.564050574000078],[-84.811105053999938,39.513162994000027],[-84.812024727999983,39.312333245000048],[-84.812070553999945,39.303029050000077],[-84.811480613999947,39.102585396000052],[-84.789926739999942,39.107033648000026],[-84.742875348999974,39.14206396000003],[-84.667487355999981,39.089624628000024],[-84.62264823999999,39.074934599000073],[-84.593068549999941,39.070265646000053],[-84.51530078199994,39.094195082000056],[-84.49205346399998,39.107363382000074],[-84.444918322999968,39.111826909000058],[-84.425683649999939,39.084723913000062],[-84.419740005999984,39.047337001000074],[-84.391312278999976,39.035744683000075],[-84.345778929999938,39.037812106000047],[-84.313315382999974,39.014074401000073],[-84.290136013999984,38.944537874000048],[-84.261524983999948,38.917477544000064],[-84.235294255999975,38.874555732000033],[-84.22870220499999,38.812690530000054],[-84.176752206999936,38.788498782000033],[-84.08886696999997,38.765504823000072],[-84.053801365999959,38.763735003000079],[-83.962162636999949,38.777647576000049],[-83.912539740999989,38.757960440000033],[-83.857552605999956,38.744918556000073],[-83.837532047999957,38.711879817000067],[-83.790464855999971,38.693844512000055],[-83.770223070999975,38.650819461000026],[-83.712825609999982,38.635553187000028],[-83.678530088999935,38.620927946000052],[-83.655755776999968,38.623880806000045],[-83.643189530999962,38.635862379000059],[-83.633241142999964,38.664972224000053],[-83.618378345999986,38.677972497000042],[-83.526555787999939,38.696111040000062],[-83.50007328199996,38.690137373000027],[-83.45361604499999,38.66377443500005],[-83.371422147999965,38.654997500000036],[-83.330023117999986,38.631988265000075],[-83.320325981999986,38.606563437000034],[-83.306531396999958,38.596317446000057],[-83.290043631999936,38.596637699000041],[-83.27275470699999,38.609257145000072]]]},"properties":{"objectid":26,"ss6.gdb.States.area":41193.957000000002,"state_name":"Ohio","sub_region":"E N Cen","state_abbr":"OH","pop2000":11353140,"pop00_sqmi":276,"st_area(shape)":11.300200824582587,"st_length(shape)":16.13043717696355}},{"type":"Feature","id":27,"geometry":{"type":"Polygon","coordinates":[[[-88.071591502999979,37.51103880200003],[-88.134202029999983,37.583620367000037],[-88.157664254999986,37.628526378000061],[-88.159404576999975,37.660733407000066],[-88.133670557999949,37.700790850000033],[-88.072503802999961,37.735446130000071],[-88.035607277999986,37.805727983000054],[-88.086062410999943,37.817656882000051],[-88.089297598999963,37.831294501000059],[-88.042168778999951,37.827567345000034],[-88.034272012999963,37.843791218000035],[-88.07577006799994,37.867854444000045],[-88.101489864999962,37.895350908000069],[-88.100116674999981,37.906215283000051],[-88.044900410999958,37.896048828000062],[-88.026619649999986,37.90580337800003],[-88.030472694999958,37.917636413000025],[-88.084033439999985,37.923705946000041],[-88.078974704999951,37.944045703000029],[-88.064653914999951,37.929828152000027],[-88.041803226999946,37.934543457000075],[-88.042543285999955,37.956310131000066],[-88.021736843999975,37.975101296000048],[-88.029244881999944,38.008281725000074],[-88.021729469999968,38.033576977000052],[-88.041506149999975,38.038349169000071],[-88.043123216999959,38.045166135000045],[-88.034761346999971,38.054130587000031],[-87.975326485999972,38.073352618000058],[-87.964897191999967,38.096794300000056],[-88.012361013999964,38.092392401000041],[-88.018579085999988,38.103348427000071],[-87.973534016999963,38.131805650000047],[-87.95059957899997,38.136959196000078],[-87.932021739999982,38.157573907000028],[-87.93231934399995,38.171176762000073],[-87.977959619999979,38.200760665000075],[-87.986039688999938,38.234860242000025],[-87.980050745999961,38.241132040000025],[-87.925950100999955,38.304818155000078],[-87.913681457999985,38.302392027000053],[-87.914139188999968,38.281094145000054],[-87.888496293999935,38.300705958000037],[-87.883476537999968,38.315598252000029],[-87.874069103999943,38.316834492000055],[-87.863036701999988,38.285408607000079],[-87.850112277999983,38.28614445200003],[-87.83453312599994,38.352570626000045],[-87.784048495999969,38.378170855000064],[-87.748456686999987,38.418011812000032],[-87.738980777999984,38.445527239000057],[-87.758687928999962,38.457143260000066],[-87.756124324999973,38.466173027000025],[-87.692844320999939,38.481580465000036],[-87.679935171999944,38.504052960000024],[-87.653559592999954,38.500490144000025],[-87.651415793999945,38.515416676000029],[-87.672969140999953,38.547472006000078],[-87.652880635999963,38.57391922100004],[-87.640619367999989,38.593225003000043],[-87.619851904999962,38.599256084000046],[-87.628671505999989,38.622964292000063],[-87.625215089999983,38.642857907000064],[-87.588501341999972,38.672215842000071],[-87.54391347699999,38.686020962000043],[-87.508336415999963,38.736679940000045],[-87.508023537999975,38.769768192000072],[-87.519048564999935,38.776745284000071],[-87.507909236999978,38.795604924000031],[-87.550528703999987,38.857936284000061],[-87.559081778999939,38.869856756000047],[-87.539221874999953,38.904905504000055],[-87.530203695999944,38.93196320100003],[-87.533492610999986,38.963746738000054],[-87.547927701999981,38.977120463000063],[-87.591881380999951,38.994126007000034],[-87.581772339999986,38.995785739000041],[-87.585343056999989,39.062476860000061],[-87.612031514999956,39.08464753700008],[-87.63089168099998,39.089015199000073],[-87.631693366999968,39.103983869000047],[-87.662287542999991,39.113508764000073],[-87.659480060999954,39.130693923000081],[-87.67035233699994,39.146719218000044],[-87.64428226199999,39.168546466000066],[-87.607950394999989,39.196107192000056],[-87.594232185999942,39.198167241000078],[-87.588616695999974,39.208504883000046],[-87.584588776999965,39.24879145500006],[-87.606920633999948,39.258202049000033],[-87.615823984999963,39.281456214000059],[-87.610643575999973,39.297699049000073],[-87.625261968999951,39.307441484000037],[-87.597688601999948,39.338305874000071],[-87.540237940999987,39.350562401000047],[-87.53858979599994,39.477482694000059],[-87.535597958999972,39.609376390000079],[-87.535793375999958,39.887339195000038],[-87.535356714999978,40.166231683000035],[-87.535695403999966,40.483282217000067],[-87.537190795999948,40.494645934000062],[-87.532696191999946,40.745447803000047],[-87.532052524999983,41.009963139000035],[-87.53176545599996,41.173789964000036],[-87.532484445999955,41.301338649000058],[-87.532686183999942,41.469750149000049],[-87.529906091999976,41.723626026000034],[-87.612676234999981,41.847365384000057],[-87.670605694999949,42.059851713000057],[-87.760302362999937,42.156482281000081],[-87.837015086999941,42.314235359000065],[-87.797382189999951,42.489153054000042],[-88.19479043399997,42.489631326000051],[-88.297989350999956,42.491988452000044],[-88.706623306999973,42.489671358000066],[-88.765057903999946,42.490922346000048],[-88.939187079999954,42.490879681000081],[-89.359558732999972,42.497917874000052],[-89.400613279999959,42.497501756000077],[-89.834738958999935,42.503468576000046],[-89.92369135499996,42.504115930000069],[-90.420103094999945,42.508365077000065],[-90.63845616499998,42.509363761000031],[-90.651898892999952,42.49470059500004],[-90.648473553999963,42.47564711800004],[-90.605955218999952,42.460564673000079],[-90.563711837999961,42.421843550000062],[-90.491171358999964,42.388791642000058],[-90.441724917999977,42.360083694000025],[-90.427809183999955,42.340645176000066],[-90.418112574999952,42.263939299000072],[-90.407301926999935,42.242661960000078],[-90.367858126999977,42.210226856000077],[-90.323730098999988,42.197337196000035],[-90.23106318899994,42.159741699000051],[-90.191702611999972,42.122709804000067],[-90.176214583999979,42.120524393000039],[-90.166776599999935,42.10376694100006],[-90.168226165999954,42.06106688300008],[-90.150662813999986,42.033452958000055],[-90.142796597999961,41.983989661000066],[-90.154644907999966,41.930802369000048],[-90.195965453999975,41.806167040000048],[-90.255438765999941,41.781768813000042],[-90.305015836999985,41.756497264000075],[-90.326157279999961,41.722767979000025],[-90.341262373999939,41.649122416000068],[-90.339476225999988,41.602831626000068],[-90.34849440399995,41.586882181000078],[-90.423135490999982,41.567305659000056],[-90.435098101999984,41.543612726000049],[-90.455126032999942,41.527579530000025],[-90.540975450999952,41.526003548000062],[-90.60083801799999,41.509619022000038],[-90.658929711999974,41.462350618000073],[-90.70835455699995,41.450093564000042],[-90.780042783999988,41.449852320000048],[-90.844283546999975,41.444652422000047],[-90.949800610999944,41.421263940000074],[-91.00084252399995,41.431112776000077],[-91.027637907999974,41.423536262000027],[-91.055935531999978,41.401407197000026],[-91.073428828999965,41.334925189000046],[-91.10249653599999,41.267847974000063],[-91.101672199999939,41.23155192400003],[-91.056466477999948,41.176290361000042],[-91.018402188999971,41.165857907000031],[-90.990485391999982,41.144404639000072],[-90.957929666999974,41.104393021000078],[-90.954794030999949,41.070397210000067],[-90.960850921999963,40.950541447000035],[-90.983418755999935,40.923965183000064],[-91.049353488999941,40.879623302000027],[-91.089050120999957,40.833767593000061],[-91.092895263999935,40.761586871000077],[-91.120132576999936,40.705443033000051],[-91.129302980999967,40.682188868000026],[-91.162644590999946,40.656352136000066],[-91.215060220999987,40.643859632000044],[-91.26221116399995,40.639586782000038],[-91.375762470999973,40.603480356000034],[-91.411271056999965,40.573012596000069],[-91.413026127999956,40.548034437000069],[-91.38225549699996,40.528538505000029],[-91.37494656299998,40.503697823000039],[-91.385551258999953,40.447293779000063],[-91.372908110999958,40.403032488000065],[-91.385909436999953,40.392405143000076],[-91.418968717999974,40.386919229000057],[-91.448746985999946,40.371946871000034],[-91.486849199999938,40.309668185000078],[-91.499087290999967,40.25142268500008],[-91.506701202999977,40.200504028000069],[-91.516284037999981,40.134589837000078],[-91.504160247999948,40.066757288000076],[-91.487443353999936,40.005798592000076],[-91.447394864999978,39.946109847000059],[-91.430541020999954,39.921882808000078],[-91.43420286199995,39.901874365000026],[-91.451140982999959,39.885288101000071],[-91.449340612999947,39.863094248000039],[-91.381863081999938,39.803817934000051],[-91.373569685999939,39.761318034000055],[-91.367236786999968,39.72468540300008],[-91.317811941999935,39.685962699000072],[-91.203389418999961,39.600067455000044],[-91.156329600999982,39.552639451000061],[-91.093750676999946,39.528973382000061],[-91.064521790999947,39.474029965000057],[-91.036474890999955,39.444458703000066],[-90.94802447099994,39.400631966000049],[-90.850623820999942,39.350499720000073],[-90.779469172999939,39.296850484000061],[-90.738207619999969,39.247858086000065],[-90.732462553999937,39.224794598000074],[-90.718317165999963,39.19592125500003],[-90.71685969899994,39.144259379000061],[-90.690522570999974,39.093749466000077],[-90.707711943999982,39.058227186000067],[-90.706193374999941,39.037841603000061],[-90.668999773999985,38.93530320900004],[-90.627334744999985,38.880845439000041],[-90.570448213999953,38.871376905000034],[-90.530545103999941,38.891659247000064],[-90.46995775399995,38.959227377000047],[-90.413186049999979,38.962378288000025],[-90.319853877999947,38.924956085000076],[-90.279043207999962,38.924765408000042],[-90.24403870499998,38.91455734200008],[-90.13292037299999,38.85307928800006],[-90.113228495999977,38.830515668000032],[-90.121834770999953,38.800559365000026],[-90.13528539899994,38.785533281000028],[-90.163507700999958,38.773147178000045],[-90.196681809999973,38.724014669000042],[-90.202350499999966,38.700413387000026],[-90.18368891099999,38.658822101000055],[-90.183819013999937,38.610322724000071],[-90.24105687499997,38.56285732200007],[-90.261344485999984,38.532820955000034],[-90.26589966399996,38.518740882000031],[-90.301958157999991,38.427410291000058],[-90.339724842999942,38.390899861000037],[-90.358806763999951,38.365383909000059],[-90.369465712999954,38.323613007000063],[-90.364888937999979,38.234352999000066],[-90.336835190999977,38.188767504000054],[-90.28975324999999,38.16687072700006],[-90.254177242999958,38.122223342000041],[-90.207644156999947,38.088959161000048],[-90.134827142999939,38.054004171000031],[-90.119453414999953,38.032325462000074],[-90.042035923999947,37.993258802000071],[-90.010921863999954,37.969370978000029],[-89.958338732999948,37.963687013000026],[-89.979022972999985,37.911937173000069],[-89.937983700999951,37.878097274000027],[-89.900659470999983,37.87595663500008],[-89.866921231999982,37.891928730000075],[-89.861152988999947,37.905538959000069],[-89.851822458999948,37.905115466000041],[-89.728551364999987,37.841043784000078],[-89.691158658999939,37.804846233000035],[-89.675960333999967,37.784021883000037],[-89.666560800999946,37.745505131000073],[-89.58153519199999,37.706155616000046],[-89.52161995199998,37.694848260000072],[-89.513471407999987,37.679890651000051],[-89.51927757499999,37.650425788000064],[-89.513463506999983,37.61597856800006],[-89.525067939999985,37.572006453000029],[-89.494877767999981,37.491775159000042],[-89.453714187999935,37.453235231000065],[-89.427665182999988,37.411068226000054],[-89.435827948999986,37.355766632000041],[-89.468833502999985,37.339459009000052],[-89.500672346999977,37.329491132000044],[-89.51397759799994,37.305012842000053],[-89.513976543999945,37.276452378000045],[-89.489683663999983,37.256050994000077],[-89.465398156999981,37.253781306000064],[-89.468304137999951,37.224316444000067],[-89.440605934999951,37.16536775700007],[-89.423880612999938,37.137253436000037],[-89.380070203999935,37.099133313000038],[-89.383028857999989,37.049263379000024],[-89.311057775999984,37.009732141000029],[-89.28284337499997,36.999257022000052],[-89.262075911999943,37.008736618000057],[-89.264319790999991,37.027783248000048],[-89.309777289999943,37.060959464000064],[-89.303369594999936,37.085434593000059],[-89.284310850999987,37.09129396000003],[-89.264130166999962,37.08717438900004],[-89.237753534999968,37.041783785000064],[-89.210126440999943,37.029023702000075],[-89.193584421999958,36.986822459000052],[-89.129929910999977,36.988165626000068],[-89.150316546999989,36.998491680000029],[-89.17440400199996,37.025762704000044],[-89.169620748999989,37.064286830000071],[-89.146419783999988,37.093237075000047],[-89.116893293999965,37.112188366000055],[-89.065103947999944,37.185911359000045],[-88.993240318999938,37.22008783900003],[-88.932567638999956,37.218459710000047],[-88.863349784999969,37.202247426000042],[-88.746559601999991,37.152161532000036],[-88.739166390999969,37.141236583000079],[-88.688421028999983,37.13546518000004],[-88.614267695999956,37.10910277000005],[-88.559319011999946,37.072871508000048],[-88.517317400999957,37.06482673000005],[-88.490743243999987,37.068237320000037],[-88.476841732999958,37.072200452000061],[-88.450510925999936,37.098727203000067],[-88.422555150999983,37.156965328000069],[-88.450739000999988,37.205724384000064],[-88.501469087999965,37.257836616000077],[-88.511365328999943,37.296905909000031],[-88.467686076999939,37.400808540000071],[-88.419893573999957,37.420343450000075],[-88.359214045999977,37.409361088000026],[-88.311742322999976,37.442903382000054],[-88.087910713999975,37.476321895000069],[-88.071591502999979,37.51103880200003]]]},"properties":{"objectid":27,"ss6.gdb.States.area":56299.387000000002,"state_name":"Illinois","sub_region":"E N Cen","state_abbr":"IL","pop2000":12419293,"pop00_sqmi":221,"st_area(shape)":15.39686502976215,"st_length(shape)":19.999224104444185}},{"type":"Feature","id":28,"geometry":{"type":"Polygon","coordinates":[[[-77.007930533999968,38.966666940000039],[-77.04208805199994,38.993541334000042],[-77.122328299999936,38.932171260000075],[-77.078649047999988,38.915711411000075],[-77.067586094999967,38.886212838000063],[-77.038777014999937,38.862543082000059],[-77.040104378999956,38.838526209000065],[-77.044888158999981,38.829477480000037],[-77.034946618999982,38.814028430000064],[-77.045147311999983,38.788233836000074],[-76.910904916999982,38.890100121000046],[-77.007930533999968,38.966666940000039]]]},"properties":{"objectid":28,"ss6.gdb.States.area":66.063000000000002,"state_name":"District of Columbia","sub_region":"S Atl","state_abbr":"DC","pop2000":572059,"pop00_sqmi":8659,"st_area(shape)":0.017769813238315585,"st_length(shape)":0.63246209903154704}},{"type":"Feature","id":29,"geometry":{"type":"Polygon","coordinates":[[[-75.70707364499998,38.557591582000043],[-75.698802371999989,38.46318276900007],[-75.349842411999987,38.455322874000046],[-75.092721338999979,38.450563850000037],[-75.067924902999948,38.450075570000024],[-75.045623068999987,38.449602037000034],[-75.082762416999969,38.799924653000062],[-75.190570764999961,38.808782179000048],[-75.307535295999969,38.946023785000079],[-75.324488692999978,39.012498946000051],[-75.397368387999961,39.073148977000074],[-75.402122670999972,39.257750113000043],[-75.51521730199994,39.367051747000062],[-75.589835739999955,39.463879839000072],[-75.562643199999968,39.566835406000052],[-75.61037460099999,39.612905495000064],[-75.489280490999988,39.714858163000031],[-75.475974186999963,39.720084399000029],[-75.474768496999957,39.741832110000075],[-75.460393980999982,39.76336228100007],[-75.427647050999951,39.778242987000056],[-75.411754492999989,39.789770517000079],[-75.420467693999967,39.798983060000069],[-75.469986296999934,39.826547473000062],[-75.583443319999958,39.840119251000033],[-75.643994325999984,39.838306766000073],[-75.694770764999987,39.82045739800003],[-75.745591976999947,39.774929316000055],[-75.774927262999938,39.724552666000079],[-75.791094774999976,39.723865808000028],[-75.772353649999957,39.383118653000054],[-75.764319406999959,39.295959780000032],[-75.761312820999933,39.247863880000068],[-75.752576442999953,39.141660484000056],[-75.724590644999978,38.830283380000026],[-75.710712835999971,38.649665918000039],[-75.70707364499998,38.557591582000043]]]},"properties":{"objectid":29,"ss6.gdb.States.area":2054.5859999999998,"state_name":"Delaware","sub_region":"S Atl","state_abbr":"DE","pop2000":783600,"pop00_sqmi":381,"st_area(shape)":0.55334051232226888,"st_length(shape)":4.0753657372150647}},{"type":"Feature","id":30,"geometry":{"type":"Polygon","coordinates":[[[-79.23166299899998,38.480495924000024],[-79.127427473999944,38.658243749000064],[-79.121064024999953,38.663767588000042],[-79.088546749999978,38.65920503500007],[-79.087234133999971,38.707268805000069],[-79.056555154999955,38.762053675000061],[-79.054800609999972,38.790633100000036],[-79.033742390999976,38.799959944000079],[-78.987453181999967,38.846761137000044],[-78.866560809999953,38.763404216000026],[-78.815860746999988,38.833745589000046],[-78.793055356999957,38.880219155000077],[-78.749252849999948,38.911491235000028],[-78.73773216699999,38.929282662000048],[-78.72414353399995,38.930324011000039],[-78.718985774999965,38.904991362000032],[-78.680227252999941,38.921684026000037],[-78.646969392999949,38.950553154000033],[-78.63084770599994,38.979711985000051],[-78.59869598399996,38.967306919000066],[-78.553207933999943,39.013936398000055],[-78.549202136999952,39.023488156000042],[-78.564179234999983,39.035145789000069],[-78.536651166999945,39.057132637000052],[-78.501600837999945,39.093684151000048],[-78.485250549999989,39.111944897000058],[-78.447979518999944,39.119036290000054],[-78.430568918999938,39.148625988000049],[-78.402362419999974,39.170594400000027],[-78.424068518999945,39.197628394000049],[-78.423068781999973,39.212143021000031],[-78.399127231999955,39.244952632000036],[-78.413547573999949,39.25754100000006],[-78.34084644099994,39.341458365000051],[-78.343928876999939,39.350956396000072],[-78.365474849999941,39.361686981000048],[-78.350231224999959,39.380828422000036],[-78.347546471999976,39.456998086000056],[-78.27688115899997,39.423464745000047],[-78.229508460999966,39.391113392000079],[-78.033328175999941,39.265639505000024],[-77.830680147999942,39.132181414000058],[-77.82004490199995,39.141725272000031],[-77.805449157999988,39.196606007000071],[-77.768232379999972,39.246550210000066],[-77.759458077999966,39.284643469000059],[-77.727467535999949,39.317796509000061],[-77.750089095999954,39.326818375000073],[-77.754300844999989,39.338593996000043],[-77.745450166999944,39.360371731000043],[-77.756223416999944,39.378476037000041],[-77.737233147999973,39.396195302000081],[-77.740834414999938,39.403439448000029],[-77.756986124999969,39.425163983000061],[-77.802275596999948,39.432315950000032],[-77.804693823999969,39.44001782600003],[-77.79579784699996,39.450916438000036],[-77.804190267999957,39.463138727000057],[-77.785108873999945,39.459102907000045],[-77.799498138999979,39.48082691500008],[-77.771551318999968,39.498115313000028],[-77.825186859999974,39.493907251000053],[-77.847877420999964,39.502005756000074],[-77.825263235999955,39.512038421000057],[-77.828925603999949,39.529253603000029],[-77.835464454999965,39.525610725000035],[-77.843848974999958,39.53193150900006],[-77.864632239999935,39.514651012000058],[-77.869560871999965,39.545912030000068],[-77.889916956999969,39.558092181000063],[-77.885171101999958,39.564450890000046],[-77.852959331999955,39.565454315000068],[-77.839866880999978,39.572740598000053],[-77.84240783599995,39.605374280000035],[-77.855522936999989,39.60216648200003],[-77.88843683999994,39.616570496000065],[-77.890740765999965,39.600701641000057],[-77.903253284999948,39.596123813000077],[-77.938609117999988,39.618218114000058],[-77.947543019999955,39.615014003000056],[-77.935457679999956,39.591938927000058],[-77.944979414999978,39.586011085000052],[-77.964236736999965,39.611324772000046],[-77.995204892999936,39.598969219000026],[-78.026417978999973,39.622867577000079],[-78.094337964999966,39.675600300000042],[-78.18297221499995,39.694641662000038],[-78.204304333999971,39.675938462000033],[-78.227598003999958,39.673989026000072],[-78.229230346999941,39.658566313000051],[-78.257726548999983,39.64116782800005],[-78.273015998999938,39.618409844000041],[-78.34792308599998,39.640590530000054],[-78.356781137999974,39.632370350000031],[-78.377670802999944,39.631317412000044],[-78.384636306999937,39.614494645000036],[-78.43189364999995,39.620952380000062],[-78.403999502999966,39.587612877000026],[-78.450631614999963,39.592705322000029],[-78.461816241999941,39.580833836000068],[-78.420822269999974,39.549409531000038],[-78.445869956999957,39.548318669000025],[-78.455810970999948,39.533735039000078],[-78.481277936999959,39.519937821000042],[-78.508782828999983,39.525159315000053],[-78.564188716999979,39.521073455000078],[-78.604366253999956,39.535682894000047],[-78.637081579999972,39.529949416000079],[-78.649144269999965,39.537997881000081],[-78.666425293999964,39.536929669000074],[-78.71631524299994,39.559572825000032],[-78.732718731999967,39.576642629000048],[-78.761451435999959,39.581792488000076],[-78.773743254999943,39.601617101000045],[-78.736250996999956,39.608792245000075],[-78.730498555999986,39.62154442700006],[-78.732383202999983,39.62696502600005],[-78.767616307999958,39.626614222000057],[-78.772705592999955,39.644241309000051],[-78.798150435999958,39.630832819000034],[-78.798470688999942,39.615418007000073],[-78.822412765999957,39.585698733000072],[-78.806550757999958,39.566823818000046],[-78.838114647999987,39.563318416000072],[-78.870815750999952,39.525790340000071],[-78.955391003999978,39.460458715000073],[-78.970436576999987,39.438525067000057],[-79.048854332999952,39.483815066000034],[-79.064411362999977,39.485825602000034],[-79.070629960999952,39.470850084000062],[-79.104597327999954,39.470872734000068],[-79.096715836999977,39.464628326000025],[-79.104078496999989,39.44730674300007],[-79.131400613999972,39.417031241000075],[-79.158127522999962,39.413960393000025],[-79.163018229999977,39.393495801000029],[-79.260168155999963,39.348641409000038],[-79.27982263399997,39.325243446000059],[-79.295273263999945,39.300540768000076],[-79.346194554999954,39.292091987000049],[-79.384847730999979,39.26930081900008],[-79.449281804999941,39.212093508000066],[-79.461191741999983,39.213264434000052],[-79.489864925999939,39.197395578000055],[-79.480971055999987,39.720274022000069],[-79.76513244399996,39.721807339000065],[-79.918268715999943,39.721667228000058],[-80.429082362999964,39.719842629000027],[-80.524269684999979,39.721208971000067],[-80.524650512999983,39.958419574000061],[-80.524962337999966,40.022825204000071],[-80.526045298999975,40.162521382000079],[-80.523564390999979,40.403034068000068],[-80.524357649999956,40.478784979000068],[-80.521999469999969,40.637203320000026],[-80.574415626999951,40.615973913000062],[-80.611549706999938,40.620062933000042],[-80.637337979999984,40.613982339000074],[-80.667727782999975,40.582137702000068],[-80.668620593999947,40.568278856000063],[-80.633439635999935,40.53920430200003],[-80.625253166999983,40.504464218000066],[-80.601830447999987,40.480538997000053],[-80.627848375999974,40.398227112000029],[-80.629244741999969,40.388663765000047],[-80.609246834999965,40.373275289000048],[-80.60451730799997,40.306244953000032],[-80.614687975999971,40.276501977000066],[-80.650113337999983,40.245679726000049],[-80.678557393999938,40.19415164000003],[-80.700889776999986,40.168181118000064],[-80.702064916999973,40.154089983000063],[-80.738238763999959,40.035664297000039],[-80.738888224999982,39.983475689000045],[-80.763059956999939,39.947015299000043],[-80.758887185999981,39.921266531000072],[-80.768127118999985,39.913313405000054],[-80.796021266999958,39.919839614000068],[-80.807840078999959,39.915902819000053],[-80.812136105999969,39.904901494000057],[-80.790849284999979,39.872347349000052],[-80.798525350999967,39.856722897000054],[-80.825916468999935,39.839667314000053],[-80.819103716999962,39.809001503000047],[-80.870727667999972,39.759993830000042],[-80.856453230999989,39.736335661000055],[-80.832298353999988,39.718834463000064],[-80.832787687999939,39.703400162000037],[-80.863413993999984,39.680351422000058],[-80.872746104999976,39.662410930000078],[-80.881110082999953,39.624081168000032],[-80.912590748999946,39.607353213000067],[-80.932610778999958,39.606940781000048],[-80.983646370999963,39.581805130000077],[-81.032568713999979,39.544142737000072],[-81.037383043999967,39.532664193000073],[-81.09824482199997,39.496451367000077],[-81.117089712999984,39.467783977000067],[-81.180567767999946,39.437800284000048],[-81.200305469999989,39.415896133000047],[-81.224948627999936,39.408358071000066],[-81.237621272999945,39.388472357000069],[-81.284016882999936,39.387071777000074],[-81.33883598999995,39.353643783000052],[-81.375916343999961,39.345690130000037],[-81.43397801399999,39.406023068000025],[-81.447955900999943,39.411027549000039],[-81.465008323999939,39.406858465000028],[-81.540648620999946,39.352708834000055],[-81.557388164999963,39.332655093000028],[-81.572684988999981,39.265917619000049],[-81.66752203499999,39.27049544700003],[-81.689526264999984,39.26022628000004],[-81.69790341099997,39.220019772000057],[-81.723073826999951,39.213268121000056],[-81.75891056599994,39.175751106000064],[-81.744703550999986,39.125874852000038],[-81.75356160299998,39.09472076000003],[-81.786361204999935,39.077257487000054],[-81.819565864999959,39.077016770000057],[-81.824273268999946,39.066415762000076],[-81.81346156799998,39.044108134000055],[-81.775679606999972,39.01682973700008],[-81.781729650999978,38.968528938000077],[-81.762296926999966,38.930180740000026],[-81.783225042999959,38.923562352000033],[-81.823777086999939,38.948467822000055],[-81.840913259999979,38.937889990000031],[-81.866800557999966,38.88570928300004],[-81.892695230999948,38.873452755000073],[-81.915248841999983,38.884446706000062],[-81.931850908999934,38.894742210000061],[-81.898608324999941,38.932224987000041],[-81.92782983699999,38.984271377000027],[-81.937733451999975,38.991175781000038],[-81.975187258999938,38.99300670100007],[-81.999678716999938,39.015261129000066],[-82.042885490999936,39.014139189000048],[-82.058503621999989,38.989065692000054],[-82.085016677999988,38.977197893000039],[-82.101206839999975,38.952093845000036],[-82.13931695399998,38.89939852100008],[-82.146099682999989,38.838787468000078],[-82.197722053999939,38.804619942000045],[-82.216750247999983,38.778939650000041],[-82.18397276799999,38.710302781000053],[-82.188977775999945,38.67789401400006],[-82.173657247999984,38.632190530000059],[-82.184246668999947,38.595032220000064],[-82.213659383999982,38.584835215000055],[-82.270897245999947,38.594890002000056],[-82.289971264999963,38.580081459000041],[-82.31424044299996,38.465229650000026],[-82.329179615999976,38.441952308000054],[-82.394764072999976,38.428470076000053],[-82.414891556999976,38.430392648000065],[-82.494987479999963,38.405832714000042],[-82.547547960999964,38.400511140000049],[-82.575419458999988,38.403902241000026],[-82.586604086999955,38.412519577000069],[-82.598239069999977,38.368463711000061],[-82.572298044999968,38.30781104600004],[-82.580049433999989,38.292510535000076],[-82.574578794999979,38.255973768000047],[-82.58911343799997,38.245388035000076],[-82.61622854899997,38.238811786000042],[-82.60664518599998,38.193826238000042],[-82.613763442999982,38.178094860000044],[-82.647158252999986,38.16943591200004],[-82.646127964999948,38.146330812000031],[-82.593208778999951,38.109962600000074],[-82.524678836999954,38.015662294000037],[-82.475779670999941,37.975907196000037],[-82.48017419599995,37.954396514000052],[-82.493396222999934,37.942513966000035],[-82.500209501999962,37.922261647000028],[-82.437607401999969,37.894854727000052],[-82.421508363999976,37.872356422000053],[-82.405805955999938,37.811719559000039],[-82.339846465999983,37.784400077000043],[-82.319497754999986,37.75842692100008],[-82.329401369999971,37.744171446000053],[-82.295624679999946,37.669057880000025],[-82.238371016999963,37.656776070000035],[-82.205440784999951,37.624016499000049],[-82.18554927699995,37.640667551000035],[-82.159310121999965,37.593569281000043],[-82.131781525999941,37.590536885000063],[-82.137473391999947,37.569895838000036],[-82.146522647999973,37.565921118000063],[-82.142508949999979,37.557452320000039],[-82.084391973999971,37.548309833000076],[-82.05566558999999,37.525342737000074],[-82.04913411299998,37.551453896000055],[-82.026351372999954,37.530519459000061],[-81.976574143999983,37.543253206000031],[-81.959575447999953,37.53117260700003],[-81.935450068999955,37.506644804000075],[-81.947993137999958,37.49302614700008],[-81.976421917999971,37.482905519000042],[-81.988202279999939,37.466586307000057],[-81.920733175999942,37.415515951000032],[-81.926822724999965,37.371727665000037],[-81.897158230999935,37.340588849000028],[-81.86381556799995,37.325455838000039],[-81.858680983999989,37.307031279000057],[-81.838889028999972,37.285505322000063],[-81.81538097899994,37.279539028000045],[-81.792659339999943,37.287153466000063],[-81.751853937999954,37.272257485000068],[-81.738456508999946,37.250491338000074],[-81.701728538999987,37.235434703000067],[-81.665886004999948,37.204910056000074],[-81.556654426999955,37.206352775000028],[-81.505536137999968,37.234372285000063],[-81.495532970999989,37.252850570000078],[-81.475360187999968,37.25442233900003],[-81.40334433299995,37.28262462400005],[-81.390946114999963,37.31115453700005],[-81.35879491999998,37.338952292000045],[-81.311872577999964,37.293707066000024],[-81.222933350999938,37.240214269000035],[-81.14073734699997,37.274924856000041],[-81.024932152999952,37.286061024000048],[-80.985936601999981,37.306241181000075],[-80.978535489999956,37.296475569000052],[-80.967891815999963,37.291791342000067],[-80.934183600999972,37.301370490000068],[-80.855429263999952,37.33941160300003],[-80.84841793399994,37.350943347000054],[-80.877358697999966,37.388697391000051],[-80.850525388999984,37.423460650000038],[-80.799611471999981,37.41306243400004],[-80.799244865999981,37.391753490000042],[-80.770022300999983,37.38619594000005],[-80.762995168999964,37.371413733000054],[-80.747689916999946,37.379081898000038],[-80.746324100999971,37.38773715800005],[-80.729737309999962,37.392719516000057],[-80.705206872999952,37.38837871800007],[-80.597490702999949,37.446054293000032],[-80.542755344999989,37.469209959000068],[-80.508764801999973,37.475047204000077],[-80.487881456999958,37.46059736400008],[-80.486797442999944,37.433860447000029],[-80.474764776999962,37.422821198000065],[-80.425377855999955,37.434906537000074],[-80.388305929999945,37.46572562700004],[-80.352156838999974,37.476101721000077],[-80.347511062999956,37.491177318000041],[-80.287916075999988,37.511150996000026],[-80.280730397999946,37.53625925800003],[-80.308303764999948,37.528370392000056],[-80.325905568999985,37.533401737000077],[-80.316721468999958,37.56671859000005],[-80.246393263999948,37.596896647000051],[-80.218927876999942,37.624266696000063],[-80.25442223999994,37.640703896000048],[-80.300932676999935,37.640546930000028],[-80.304862624999942,37.652246174000027],[-80.295700647999979,37.671502443000065],[-80.303109660999951,37.682671796000079],[-80.250032981999937,37.726051864000056],[-80.254688766999948,37.75723281900008],[-80.220545996999988,37.778858329000059],[-80.223735886999975,37.802364272000034],[-80.171594683999956,37.842968463000034],[-80.172220441999968,37.860184172000061],[-80.160005526999953,37.877228166000066],[-80.118507470999987,37.891278216000046],[-80.106490606999955,37.914658797000072],[-80.054807134999976,37.955648029000031],[-80.00049895799998,37.989870335000035],[-79.966493664999973,38.038622016000033],[-79.957513937999977,38.067365256000073],[-79.928292425999985,38.103311029000054],[-79.935326931999953,38.121308408000061],[-79.910339818999944,38.162606305000054],[-79.916161260999957,38.179264732000036],[-79.831151980999948,38.250279269000032],[-79.793621797999947,38.268665903000056],[-79.786510915999941,38.28511837800005],[-79.802777980999963,38.298869770000067],[-79.800329203999979,38.314326721000043],[-79.764004709999938,38.353991222000047],[-79.732829548999973,38.351840049000032],[-79.720035228999961,38.394686011000033],[-79.684092615999987,38.430238315000054],[-79.692653591999942,38.500354247000075],[-79.66561485699998,38.520777754000051],[-79.669429976999936,38.550176775000068],[-79.642406517999973,38.592355368000028],[-79.536513893999938,38.553805432000047],[-79.486347409999951,38.462145107000026],[-79.31699937999997,38.412633351000068],[-79.27235884199996,38.437306532000036],[-79.23166299899998,38.480495924000024]]]},"properties":{"objectid":30,"ss6.gdb.States.area":24228.552,"state_name":"West Virginia","sub_region":"S Atl","state_abbr":"WV","pop2000":1808344,"pop00_sqmi":75,"st_area(shape)":6.4932943979597342,"st_length(shape)":18.196238220126226}},{"type":"Feature","id":31,"geometry":{"type":"MultiPolygon","coordinates":[[[[-75.710712835999971,38.649665918000039],[-75.724590644999978,38.830283380000026],[-75.752576442999953,39.141660484000056],[-75.761312820999933,39.247863880000068],[-75.764319406999959,39.295959780000032],[-75.772353649999957,39.383118653000054],[-75.791094774999976,39.723865808000028],[-76.139223025999968,39.722229251000044],[-76.233121961999984,39.721853691000035],[-76.569834348999962,39.720265594000068],[-76.790491344999964,39.721256377000032],[-76.996812274999968,39.720891879000078],[-77.221051047999936,39.720679079000035],[-77.46443284299994,39.720073337000031],[-77.47579339899994,39.719622981000043],[-78.095948184999941,39.725461279000058],[-78.33454988699998,39.72409599000008],[-78.384783264999953,39.723748346000036],[-78.817758561999938,39.723115741000072],[-78.930173181999976,39.722336705000032],[-79.39661018299995,39.719313790000058],[-79.480971055999987,39.720274022000069],[-79.489864925999939,39.197395578000055],[-79.461191741999983,39.213264434000052],[-79.449281804999941,39.212093508000066],[-79.384847730999979,39.26930081900008],[-79.346194554999954,39.292091987000049],[-79.295273263999945,39.300540768000076],[-79.27982263399997,39.325243446000059],[-79.260168155999963,39.348641409000038],[-79.163018229999977,39.393495801000029],[-79.158127522999962,39.413960393000025],[-79.131400613999972,39.417031241000075],[-79.104078496999989,39.44730674300007],[-79.096715836999977,39.464628326000025],[-79.104597327999954,39.470872734000068],[-79.070629960999952,39.470850084000062],[-79.064411362999977,39.485825602000034],[-79.048854332999952,39.483815066000034],[-78.970436576999987,39.438525067000057],[-78.955391003999978,39.460458715000073],[-78.870815750999952,39.525790340000071],[-78.838114647999987,39.563318416000072],[-78.806550757999958,39.566823818000046],[-78.822412765999957,39.585698733000072],[-78.798470688999942,39.615418007000073],[-78.798150435999958,39.630832819000034],[-78.772705592999955,39.644241309000051],[-78.767616307999958,39.626614222000057],[-78.732383202999983,39.62696502600005],[-78.730498555999986,39.62154442700006],[-78.736250996999956,39.608792245000075],[-78.773743254999943,39.601617101000045],[-78.761451435999959,39.581792488000076],[-78.732718731999967,39.576642629000048],[-78.71631524299994,39.559572825000032],[-78.666425293999964,39.536929669000074],[-78.649144269999965,39.537997881000081],[-78.637081579999972,39.529949416000079],[-78.604366253999956,39.535682894000047],[-78.564188716999979,39.521073455000078],[-78.508782828999983,39.525159315000053],[-78.481277936999959,39.519937821000042],[-78.455810970999948,39.533735039000078],[-78.445869956999957,39.548318669000025],[-78.420822269999974,39.549409531000038],[-78.461816241999941,39.580833836000068],[-78.450631614999963,39.592705322000029],[-78.403999502999966,39.587612877000026],[-78.43189364999995,39.620952380000062],[-78.384636306999937,39.614494645000036],[-78.377670802999944,39.631317412000044],[-78.356781137999974,39.632370350000031],[-78.34792308599998,39.640590530000054],[-78.273015998999938,39.618409844000041],[-78.257726548999983,39.64116782800005],[-78.229230346999941,39.658566313000051],[-78.227598003999958,39.673989026000072],[-78.204304333999971,39.675938462000033],[-78.18297221499995,39.694641662000038],[-78.094337964999966,39.675600300000042],[-78.026417978999973,39.622867577000079],[-77.995204892999936,39.598969219000026],[-77.964236736999965,39.611324772000046],[-77.944979414999978,39.586011085000052],[-77.935457679999956,39.591938927000058],[-77.947543019999955,39.615014003000056],[-77.938609117999988,39.618218114000058],[-77.903253284999948,39.596123813000077],[-77.890740765999965,39.600701641000057],[-77.88843683999994,39.616570496000065],[-77.855522936999989,39.60216648200003],[-77.84240783599995,39.605374280000035],[-77.839866880999978,39.572740598000053],[-77.852959331999955,39.565454315000068],[-77.885171101999958,39.564450890000046],[-77.889916956999969,39.558092181000063],[-77.869560871999965,39.545912030000068],[-77.864632239999935,39.514651012000058],[-77.843848974999958,39.53193150900006],[-77.835464454999965,39.525610725000035],[-77.828925603999949,39.529253603000029],[-77.825263235999955,39.512038421000057],[-77.847877420999964,39.502005756000074],[-77.825186859999974,39.493907251000053],[-77.771551318999968,39.498115313000028],[-77.799498138999979,39.48082691500008],[-77.785108873999945,39.459102907000045],[-77.804190267999957,39.463138727000057],[-77.79579784699996,39.450916438000036],[-77.804693823999969,39.44001782600003],[-77.802275596999948,39.432315950000032],[-77.756986124999969,39.425163983000061],[-77.740834414999938,39.403439448000029],[-77.737233147999973,39.396195302000081],[-77.756223416999944,39.378476037000041],[-77.745450166999944,39.360371731000043],[-77.754300844999989,39.338593996000043],[-77.750089095999954,39.326818375000073],[-77.727467535999949,39.317796509000061],[-77.679302106999955,39.318780971000081],[-77.616235955999969,39.299818619000064],[-77.568673108999974,39.298494941000058],[-77.541900900999963,39.269042194000065],[-77.493773396999984,39.250014526000029],[-77.464667238999937,39.229160679000074],[-77.461707004999937,39.21873559900007],[-77.478347522999968,39.177037913000049],[-77.516328060999967,39.157548828000074],[-77.512757871999952,39.116759228000035],[-77.478959058999976,39.104064459000028],[-77.459404658999972,39.080944611000064],[-77.432746751999957,39.066884027000071],[-77.346226804999958,39.06862013500006],[-77.324306324999952,39.062695980000058],[-77.255692632999967,39.027681996000069],[-77.24343189199999,38.975989570000024],[-77.151747862999969,38.964889219000042],[-77.122328299999936,38.932171260000075],[-77.04208805199994,38.993541334000042],[-77.007930533999968,38.966666940000039],[-76.910904916999982,38.890100121000046],[-77.045147311999983,38.788233836000074],[-77.046169697999972,38.718895887000031],[-77.056820745999971,38.712136335000025],[-77.081578730999979,38.71539417300005],[-77.092847635999988,38.704098931000033],[-77.124815528999989,38.677915610000071],[-77.12969043399994,38.648241635000034],[-77.277458779999961,38.487220711000077],[-77.255577277999976,38.413717365000025],[-77.220625974999962,38.390787667000041],[-77.002091709999945,38.42697731700008],[-76.972724819999939,38.331154756000046],[-76.908270202999972,38.29997854100003],[-76.863873541999965,38.391471366000076],[-76.759927718999961,38.234409360000029],[-76.576950498999963,38.222764368000071],[-76.329838386999938,38.04583034400008],[-76.343450722999989,38.213186800000074],[-76.646937380999987,38.45054804800003],[-76.519756882999957,38.410260950000065],[-76.471598827999969,38.335783150000054],[-76.421135793999952,38.320623803000046],[-76.405128934999937,38.346143442000027],[-76.385482357999933,38.391404471000044],[-76.508571201999985,38.522221000000059],[-76.524930970999947,38.709751293000068],[-76.548805099999981,38.759089227000061],[-76.471718395999972,38.90835138500006],[-76.423616701999947,39.118464786000061],[-76.563605742999982,39.196374245000072],[-76.594826202999968,39.158796130000042],[-76.607018468999968,39.181092696000064],[-76.576667642999951,39.19822834200005],[-76.564818806999938,39.231553096000027],[-76.603715331999979,39.259460938000075],[-76.530981014999952,39.242726136000044],[-76.398721239999986,39.231252332000054],[-76.363710415999947,39.393387821000033],[-76.226338179999971,39.374998552000079],[-76.154199596999945,39.40204624100005],[-76.078178471999934,39.542475104000061],[-76.031080728999939,39.570041097000058],[-75.974430173999963,39.524136929000065],[-75.952303215999962,39.471295173000044],[-75.978464414999962,39.394664092000028],[-75.849399268999946,39.37925086000007],[-76.037090740999986,39.35847971000004],[-76.112044706999939,39.321406730000035],[-76.218112732999941,39.204962610000052],[-76.238567843999988,39.130935166000029],[-76.22144641999995,39.093029424000065],[-76.110951737999983,39.118706029000066],[-76.199342110999964,38.973467050000068],[-76.113536411999974,38.92082914000008],[-76.095164525999962,38.948244488000057],[-76.102564583999936,38.898131730000046],[-76.075532170999963,38.889663460000065],[-76.114039440999989,38.885570225000038],[-76.165522754999984,38.788725277000026],[-76.194843292999963,38.765372613000068],[-76.272088015999941,38.834115882000049],[-76.350204480999935,38.699143437000032],[-76.337295332999986,38.679494225000042],[-76.266791198999954,38.770004168000071],[-76.222981316999949,38.762908561000074],[-76.173708170999987,38.709212972000046],[-76.123703393999961,38.708094720000076],[-76.075659112999972,38.610900549000064],[-76.046582451999939,38.591976121000073],[-76.027722285999971,38.622123101000057],[-76.031597452999961,38.572040368000046],[-76.250721131999967,38.595201828000029],[-76.191880951999963,38.543463049000025],[-76.291652949999957,38.478850940000029],[-76.293941600999972,38.437057914000036],[-76.065119731999971,38.259057258000041],[-76.020463918999951,38.322017535000043],[-75.994942698999978,38.282646424000063],[-75.949584751999964,38.282177106000063],[-75.886481729999957,38.375581441000065],[-75.872091937999983,38.357351246000064],[-75.894612891999941,38.258995103000075],[-75.793825880999975,38.26372463000007],[-75.861325007999937,38.240166014000067],[-75.837726886999974,38.231716179000045],[-75.897451449999949,38.175057196000068],[-75.769206426999972,38.097371072000044],[-75.865385058999948,37.979780256000026],[-75.647866858999976,37.970254834000059],[-75.626083856999969,37.996541396000055],[-75.37242077999997,38.016833746000032],[-75.373068659999944,38.069040790000031],[-75.262499181999942,38.201533381000047],[-75.150617088999979,38.273881077000055],[-75.154873609999981,38.369739456000048],[-75.092721338999979,38.450563850000037],[-75.349842411999987,38.455322874000046],[-75.698802371999989,38.46318276900007],[-75.70707364499998,38.557591582000043],[-75.710712835999971,38.649665918000039]]],[[[-76.292804385999943,38.907836768000038],[-76.273189412999955,38.949343251000073],[-76.246408776999942,38.92369403500004],[-76.247821998999939,38.97900932400006],[-76.299490195999965,39.040707552000072],[-76.356474698999989,38.958299802000056],[-76.375240579999968,38.854218609000043],[-76.329387504999943,38.876003719000039],[-76.342221329999973,38.924170728000036],[-76.322307699999953,38.912200743000028],[-76.314129658999946,38.942038531000037],[-76.338743318999946,38.956773859000066],[-76.29418653099998,38.967680372000075],[-76.292804385999943,38.907836768000038]]],[[[-75.270357496999964,38.027709182000081],[-75.242219472999977,38.028647292000073],[-75.172811994999961,38.124306567000076],[-75.094027107999977,38.320316718000072],[-75.164373221999938,38.20496240600005],[-75.20938879299996,38.094297064000045],[-75.244096218999971,38.038023649000024],[-75.270357496999964,38.027709182000081]]],[[[-75.067924902999948,38.450075570000024],[-75.087320228999943,38.323059411000031],[-75.045623068999987,38.449602037000034],[-75.067924902999948,38.450075570000024]]]]},"properties":{"objectid":31,"ss6.gdb.States.area":9739.8719999999994,"state_name":"Maryland","sub_region":"S Atl","state_abbr":"MD","pop2000":5296486,"pop00_sqmi":544,"st_area(shape)":2.6251530623631401,"st_length(shape)":21.880922652348819}},{"type":"Feature","id":32,"geometry":{"type":"Polygon","coordinates":[[[-102.04445607199995,37.641473978000079],[-102.04397674599994,37.734398460000079],[-102.04606102399998,38.253822068000034],[-102.04554956799996,38.263343803000055],[-102.04758433299997,38.615499446000058],[-102.04756853099997,38.692550332000053],[-102.04897279899996,39.037003046000052],[-102.04787456299994,39.126753441000062],[-102.04880161099999,39.562803272000053],[-102.04944264399995,39.568693190000033],[-102.05153534999994,39.998918418000073],[-102.04754482799996,40.342644242000063],[-102.04762067799999,40.431077807000065],[-102.04603152699997,40.697319245000074],[-102.04699228699997,40.743130182000073],[-102.04773919299998,40.998071111000058],[-102.62125712499994,41.000214910000068],[-102.65227110599994,40.998124311000026],[-103.38295639199998,41.000316569000063],[-103.57231655099997,40.999648673000024],[-104.05170536599996,41.003211488000034],[-104.93449294799996,40.994289175000063],[-105.27879764999994,40.996349224000028],[-106.20347148899998,41.000084807000064],[-106.32912551799996,41.001288917000068],[-106.86543878899994,40.998457205000079],[-107.30405117099997,41.000133266000034],[-107.91867158399998,41.003375302000052],[-109.04831475799995,40.998433502000069],[-109.04615568399998,40.665290778000042],[-109.05126340399994,40.210511410000038],[-109.05255179099998,39.657382219000056],[-109.05352887899994,39.518170108000049],[-109.05141668299996,39.360965885000041],[-109.05394868399998,38.494650793000062],[-109.05586124799999,38.244920297000078],[-109.04346408299995,38.15293392500007],[-109.04320651099994,37.887419904000069],[-109.04560261499995,37.630820823000079],[-109.04848015199997,36.996640744000047],[-108.37247281099997,36.99947140200004],[-107.47246003799995,36.998776642000053],[-107.41082080399997,36.997525654000071],[-106.89037006899997,36.999083727000027],[-106.86124863599997,36.989501418000032],[-106.47217697899998,36.991504053000028],[-105.99200017299995,36.992289411000058],[-105.71346006999994,36.994560152000076],[-105.21309151899999,36.992604397000036],[-105.14617232299997,36.993207505000044],[-103.99363526799999,36.994469028000026],[-103.07786583399997,36.999760051000067],[-102.99770933599996,36.998523811000041],[-102.03720771299999,36.988994175000073],[-102.04201045499997,37.386279691000027],[-102.04445607199995,37.641473978000079]]]},"properties":{"objectid":32,"ss6.gdb.States.area":104101.231,"state_name":"Colorado","sub_region":"Mtn","state_abbr":"CO","pop2000":4301261,"pop00_sqmi":41,"st_area(shape)":28.041598511765809,"st_length(shape)":22.025626604136512}},{"type":"Feature","id":43,"geometry":{"type":"Polygon","coordinates":[[[-85.070067054999981,31.980702920000056],[-85.056700176999982,32.017376637000041],[-85.062010688999976,32.050010319000023],[-85.056654877999961,32.069643728000074],[-85.046187131999943,32.090894731000049],[-85.053313816999946,32.126637712000047],[-85.024382533999983,32.166274823000037],[-85.007826292999937,32.178878467000061],[-84.960385120999945,32.191928252000025],[-84.975743572999988,32.21224852000006],[-84.928371401999982,32.217978311000024],[-84.916004260999955,32.228556143000048],[-84.923679799999945,32.247388920000049],[-84.905361113999959,32.249555895000071],[-84.894015832999969,32.259176129000025],[-84.894603665999966,32.268735261000074],[-84.921070896999936,32.293137175000027],[-85.005332216999989,32.32959229800008],[-85.002090181999961,32.347078747000069],[-84.97166350699996,32.371503311000026],[-84.984488903999988,32.387093525000068],[-84.970961899999963,32.396812784000076],[-84.965384860999961,32.429450153000062],[-84.989815218999979,32.454836003000025],[-84.995652462999942,32.51892822800005],[-85.070774455999981,32.58125379300003],[-85.084149234999984,32.603004139000063],[-85.086324111999943,32.628451089000066],[-85.10380371399998,32.645910148000041],[-85.09047475999995,32.676152467000065],[-85.107733134999989,32.68997233500005],[-85.113867981999988,32.734389012000065],[-85.12488510899999,32.744383225000036],[-85.133300706999989,32.756315286000074],[-85.12808974699999,32.77707063400004],[-85.162301517999936,32.807445689000076],[-85.180719755999974,32.871812868000063],[-85.233503044999964,33.120139623000057],[-85.233846473999961,33.129237339000042],[-85.293824921999942,33.425875954000048],[-85.304980052999952,33.490593937000028],[-85.335286632999953,33.654923264000047],[-85.384010923999938,33.905409620000057],[-85.39573755899994,33.959829465000041],[-85.41656717699999,34.08692041900008],[-85.460285933999955,34.290161547000025],[-85.511856157999944,34.523015023000028],[-85.525834045999943,34.584685861000025],[-85.534692624999934,34.622488364000048],[-85.583058211999969,34.862322619000054],[-85.608960258999957,34.990164166000056],[-85.869567770999936,34.992384341000047],[-86.303500665999991,34.995463617000041],[-86.313052424999967,34.995272940000063],[-86.782372229999964,34.997075417000076],[-86.833422043999974,34.998245815000075],[-87.207588237999971,35.007960334000074],[-87.222763913999984,35.007346164000069],[-87.607812917999979,35.010546588000068],[-87.986078139999961,35.016033555000035],[-88.194962148999934,35.013543693000031],[-88.19399348799999,35.004453879000039],[-88.14310485499999,34.930312660000027],[-88.108886762999987,34.899936552000042],[-88.090468524999949,34.895629464000024],[-88.136401662999958,34.580497288000061],[-88.151256559999979,34.465273079000042],[-88.167613168999935,34.324147350000032],[-88.199349299999938,34.090447943000072],[-88.20264453499999,34.059122137000031],[-88.248195792999979,33.742726330000039],[-88.274586646999978,33.538801504000048],[-88.304829491999953,33.288894553000034],[-88.339466335999987,32.987497440000027],[-88.348041533999947,32.924758390000079],[-88.393832454999938,32.580470016000049],[-88.425791919999938,32.309224098000072],[-88.437723979999987,32.227755510000065],[-88.472951816999966,31.888876674000073],[-88.46509666299994,31.702244987000029],[-88.450803262999955,31.435617455000056],[-88.434563060999949,31.12087927400006],[-88.429198821999989,31.000694830000043],[-88.417242531999989,30.736457081000026],[-88.401415288999942,30.393551905000038],[-88.320326474999945,30.404293551000023],[-88.135681093999949,30.337158395000074],[-88.019788988999949,30.744190033000052],[-87.913384907999955,30.621184413000037],[-87.903466017999961,30.421295934000057],[-87.75750278199996,30.299422260000028],[-87.779941565999991,30.272638464000067],[-88.002560637999977,30.233604461000027],[-87.795330568999987,30.233931562000066],[-87.593404689999943,30.278415134000056],[-87.587568499999975,30.31925424700006],[-87.466440151999961,30.359721488000048],[-87.405250746999968,30.440359946000058],[-87.418816729999946,30.481701035000071],[-87.445352961999959,30.531389773000058],[-87.422067192999975,30.556493820000071],[-87.393280761999961,30.620098291000033],[-87.398645000999977,30.668015103000073],[-87.418894159999979,30.692809959000044],[-87.46014043699995,30.705802858000027],[-87.526602955999977,30.748491854000065],[-87.541900306999935,30.785695463000025],[-87.615915109999946,30.848296509000079],[-87.625711797999941,30.876901745000055],[-87.589867157999947,30.954360848000078],[-87.598580358999982,31.002630570000065],[-87.163117833999991,31.003157302000034],[-86.779361956999935,30.99819179900004],[-86.701852286999952,30.998092247000045],[-86.383920002999957,30.99153812000003],[-86.18147634799999,30.995225244000039],[-86.03182177399998,30.993327429000033],[-85.486597250999978,31.000998227000025],[-85.485010207999949,31.001001914000028],[-85.001607167999964,31.001253166000026],[-85.016995643999962,31.080102841000041],[-85.038068084999964,31.126713357000028],[-85.068662260999986,31.162364160000038],[-85.093367045999969,31.172211415000049],[-85.102957254999978,31.196921994000036],[-85.093603021999968,31.227074242000072],[-85.103361258999939,31.271436139000059],[-85.081227979999937,31.303080618000024],[-85.08256324499996,31.332334261000028],[-85.087942232999978,31.367233944000077],[-85.061406526999974,31.440663547000042],[-85.066311981999945,31.476089436000052],[-85.042698585999972,31.519660181000063],[-85.042721235999977,31.554389730000025],[-85.059285376999981,31.621265207000079],[-85.111204824999959,31.684242340000026],[-85.118674411999962,31.708571565000057],[-85.115286997999988,31.731566051000073],[-85.130165070999965,31.77885341800004],[-85.131560910999951,31.783814707000033],[-85.135566707999942,31.854884551000055],[-85.115150047999975,31.90742448900005],[-85.070067054999981,31.980702920000056]]]},"properties":{"objectid":43,"ss6.gdb.States.area":51715.786,"state_name":"Alabama","sub_region":"E S Cen","state_abbr":"AL","pop2000":4447100,"pop00_sqmi":86,"st_area(shape)":12.897168303549524,"st_length(shape)":17.237659508959556}},{"type":"Feature","id":33,"geometry":{"type":"MultiPolygon","coordinates":[[[[-86.51066805499994,36.655073994000077],[-86.415443860999972,36.650932301000068],[-86.198992293999936,36.643290473000036],[-85.980610780999939,36.63311243000004],[-85.785476584999969,36.626685246000079],[-85.437374670999986,36.618199066000045],[-85.300094612999942,36.626101100000028],[-85.272498068999937,36.625617033000026],[-84.998460997999985,36.620982845000071],[-84.791057106999972,36.605438457000048],[-84.781870899999944,36.605076065000048],[-84.256777547999945,36.595498497000051],[-84.254488370999979,36.595452671000032],[-84.006746814999985,36.592087907000064],[-83.935600068999975,36.591290961000027],[-83.695608847999949,36.58424960800005],[-83.675176912999973,36.598703661000059],[-83.64680238599999,36.616977048000024],[-83.53089500599998,36.661481163000076],[-83.460221263999983,36.661832493000077],[-83.404150640999944,36.672327628000062],[-83.385854604999963,36.688219660000073],[-83.321383659999981,36.709532818000071],[-83.203656420999948,36.734260779000067],[-83.138513364999937,36.740059045000066],[-83.124390626999968,36.75116782300006],[-83.128220494999937,36.779152568000029],[-83.067951817999983,36.850996181000028],[-83.046633919999977,36.858793395000077],[-82.95080556399995,36.864078624000058],[-82.878042803999961,36.893694132000064],[-82.860632203999955,36.932162425000058],[-82.866560045999961,36.974585948000026],[-82.812222897999959,37.005600982000033],[-82.723598128999981,37.033992365000074],[-82.72005743699998,37.065929707000066],[-82.709169885999984,37.075482519000047],[-82.721377426999936,37.093117507000045],[-82.719095623999976,37.110017177000032],[-82.568022560999964,37.19391926600008],[-82.550039929999969,37.199378316000036],[-82.405884965999974,37.250704137000071],[-82.35384226299999,37.260519788000067],[-82.288950984999985,37.304861143000039],[-81.959575447999953,37.53117260700003],[-81.976574143999983,37.543253206000031],[-82.026351372999954,37.530519459000061],[-82.04913411299998,37.551453896000055],[-82.05566558999999,37.525342737000074],[-82.084391973999971,37.548309833000076],[-82.142508949999979,37.557452320000039],[-82.146522647999973,37.565921118000063],[-82.137473391999947,37.569895838000036],[-82.131781525999941,37.590536885000063],[-82.159310121999965,37.593569281000043],[-82.18554927699995,37.640667551000035],[-82.205440784999951,37.624016499000049],[-82.238371016999963,37.656776070000035],[-82.295624679999946,37.669057880000025],[-82.329401369999971,37.744171446000053],[-82.319497754999986,37.75842692100008],[-82.339846465999983,37.784400077000043],[-82.405805955999938,37.811719559000039],[-82.421508363999976,37.872356422000053],[-82.437607401999969,37.894854727000052],[-82.500209501999962,37.922261647000028],[-82.493396222999934,37.942513966000035],[-82.48017419599995,37.954396514000052],[-82.475779670999941,37.975907196000037],[-82.524678836999954,38.015662294000037],[-82.593208778999951,38.109962600000074],[-82.646127964999948,38.146330812000031],[-82.647158252999986,38.16943591200004],[-82.613763442999982,38.178094860000044],[-82.60664518599998,38.193826238000042],[-82.61622854899997,38.238811786000042],[-82.58911343799997,38.245388035000076],[-82.574578794999979,38.255973768000047],[-82.580049433999989,38.292510535000076],[-82.572298044999968,38.30781104600004],[-82.598239069999977,38.368463711000061],[-82.586604086999955,38.412519577000069],[-82.613743426999974,38.472668686000077],[-82.669760322999934,38.502140922000081],[-82.695579146999989,38.539142793000053],[-82.741944731999979,38.553066427000033],[-82.802364054999941,38.557288711000069],[-82.826992463999943,38.571662174000039],[-82.853856849999943,38.600458613000058],[-82.860029621999956,38.652394917000038],[-82.880011727999943,38.683301444000051],[-82.873191074999966,38.719006501000024],[-82.890312498999947,38.742775283000071],[-82.921303830999989,38.746414475000051],[-82.972483219999958,38.719642793000048],[-83.026943623999955,38.714511897000079],[-83.060879913999941,38.68572651900007],[-83.111242868999966,38.66483316700004],[-83.143150186999947,38.619339849000028],[-83.181939259999979,38.609841291000066],[-83.245013311999969,38.624172615000077],[-83.27275470699999,38.609257145000072],[-83.290043631999936,38.596637699000041],[-83.306531396999958,38.596317446000057],[-83.320325981999986,38.606563437000034],[-83.330023117999986,38.631988265000075],[-83.371422147999965,38.654997500000036],[-83.45361604499999,38.66377443500005],[-83.50007328199996,38.690137373000027],[-83.526555787999939,38.696111040000062],[-83.618378345999986,38.677972497000042],[-83.633241142999964,38.664972224000053],[-83.643189530999962,38.635862379000059],[-83.655755776999968,38.623880806000045],[-83.678530088999935,38.620927946000052],[-83.712825609999982,38.635553187000028],[-83.770223070999975,38.650819461000026],[-83.790464855999971,38.693844512000055],[-83.837532047999957,38.711879817000067],[-83.857552605999956,38.744918556000073],[-83.912539740999989,38.757960440000033],[-83.962162636999949,38.777647576000049],[-84.053801365999959,38.763735003000079],[-84.08886696999997,38.765504823000072],[-84.176752206999936,38.788498782000033],[-84.22870220499999,38.812690530000054],[-84.235294255999975,38.874555732000033],[-84.261524983999948,38.917477544000064],[-84.290136013999984,38.944537874000048],[-84.313315382999974,39.014074401000073],[-84.345778929999938,39.037812106000047],[-84.391312278999976,39.035744683000075],[-84.419740005999984,39.047337001000074],[-84.425683649999939,39.084723913000062],[-84.444918322999968,39.111826909000058],[-84.49205346399998,39.107363382000074],[-84.51530078199994,39.094195082000056],[-84.593068549999941,39.070265646000053],[-84.62264823999999,39.074934599000073],[-84.667487355999981,39.089624628000024],[-84.742875348999974,39.14206396000003],[-84.789926739999942,39.107033648000026],[-84.811480613999947,39.102585396000052],[-84.827861452999969,39.103687846000071],[-84.886707952999984,39.065045205000047],[-84.889996340999971,39.050648566000064],[-84.876293407999981,39.032895590000066],[-84.844225435999988,39.005831045000036],[-84.834444548999954,38.982775458000049],[-84.846316035999962,38.954631113000062],[-84.875879922999957,38.927603967000039],[-84.875254165999991,38.909431186000063],[-84.859743487999935,38.902042716000039],[-84.803224088999968,38.897190987000045],[-84.788666796999962,38.884385078000037],[-84.787446358999944,38.866643691000036],[-84.824426105999976,38.834462998000049],[-84.818780065999988,38.793410032000054],[-84.975611362999985,38.780640994000066],[-85.02507307999997,38.764291232000062],[-85.068454727999949,38.750424485000053],[-85.119657293999978,38.714139497000076],[-85.160933067999963,38.695176618000062],[-85.205161701999941,38.69581712400003],[-85.271394038999972,38.744376548000048],[-85.335009044999936,38.737006514000029],[-85.418186876999982,38.738417102000028],[-85.446690453999963,38.724840585000038],[-85.45367913399997,38.694674642000052],[-85.424404421999952,38.584839956000053],[-85.417461566999975,38.561475704000031],[-85.432369663999964,38.537015849000056],[-85.466382329999988,38.518175172000042],[-85.507199846999981,38.47141980400005],[-85.612640534999969,38.446670247000043],[-85.64359288899999,38.383687847000033],[-85.654228134999983,38.337753128000031],[-85.681389070999955,38.300953522000043],[-85.746926121999991,38.270315101000051],[-85.786210848999986,38.282391486000051],[-85.806551132999971,38.28617921600005],[-85.839907490999963,38.276291402000027],[-85.852335732999961,38.238561062000031],[-85.91207451799994,38.180001630000049],[-85.914751369999976,38.064874867000071],[-85.93087200299999,38.034048929000051],[-85.958582320999938,38.01184085400007],[-86.006663472999946,38.001767104000066],[-86.031620035999936,37.992950663000045],[-86.05271565299995,37.966784724000036],[-86.104986430999986,38.011336244000063],[-86.19062146899995,38.017758688000072],[-86.252154828999949,38.040721570000073],[-86.277698698999984,38.058172728000045],[-86.291440082999941,38.078489309000076],[-86.29767448399997,38.150303952000058],[-86.341606040999977,38.177287906000061],[-86.364349801999936,38.193290025000067],[-86.388307153999961,38.194808067000054],[-86.387100937999946,38.168021637000038],[-86.343124081999974,38.155559684000025],[-86.335417992999965,38.144028467000055],[-86.344039015999954,38.134270229000037],[-86.39367718699998,38.123294188000045],[-86.407181015999981,38.108218591000025],[-86.452524214999983,38.129755083000077],[-86.464846056999988,38.129156188000024],[-86.474336713999946,38.11170766400005],[-86.442521046999957,38.088698429000033],[-86.442467319999935,38.075995233000071],[-86.458367252999949,38.059160878000057],[-86.503114717999949,38.051648626000031],[-86.519091026999945,38.047048148000044],[-86.527834250999945,38.018693110000072],[-86.530847684999969,37.987477391000027],[-86.516900874999976,37.942242172000078],[-86.522737591999942,37.927871870000047],[-86.541087355999935,37.921515794000072],[-86.58178372499998,37.925665389000073],[-86.598309941999958,37.921072286000026],[-86.61478243199997,37.857975585000077],[-86.645568337999975,37.846000332000074],[-86.665923896999971,37.84738089700005],[-86.670669751999981,37.860640849000049],[-86.660308406999945,37.902572931000066],[-86.668655528999977,37.913196589000052],[-86.689125914999977,37.911853422000036],[-86.728876799999966,37.894621384000061],[-86.753825461999952,37.898359601000038],[-86.802815752999948,37.978800008000064],[-86.826306947999967,37.991559564000056],[-86.863272473999984,37.986920109000039],[-86.900077872999987,37.953697013000067],[-86.931572760999984,37.938040958000045],[-86.989031322999949,37.930616143000066],[-87.013156175999939,37.924764151000034],[-87.036479868999947,37.90800564500006],[-87.071308443999953,37.807135937000055],[-87.106427246999942,37.784251011000038],[-87.13187946499994,37.789736399000049],[-87.158079641999961,37.826967398000079],[-87.175780471999985,37.838640306000059],[-87.226761809999971,37.849118586000031],[-87.272746040999948,37.870819418000053],[-87.310559078999972,37.893718566000075],[-87.387550444999988,37.934969057000046],[-87.452288442999986,37.936520809000058],[-87.504803097999968,37.91562693000003],[-87.604325951999954,37.971157126000037],[-87.627137661999939,37.923454695000032],[-87.594718359999945,37.89076675900003],[-87.593634344999941,37.864910538000061],[-87.607588529999987,37.843819135000047],[-87.65169601499997,37.828175194000039],[-87.684717371999966,37.836372724000057],[-87.679720791999955,37.897049092000032],[-87.709407934999945,37.899753861000079],[-87.728200153999978,37.894585040000038],[-87.753782473999991,37.898128893000035],[-87.823647154999946,37.878254767000044],[-87.857187342999964,37.890946902000053],[-87.899036200999944,37.924597177000066],[-87.921894790999943,37.919908735000035],[-87.934483685999965,37.904203693000056],[-87.936848712999961,37.875223424000069],[-87.910228729999972,37.838613442000053],[-87.920169742999974,37.809728512000049],[-87.939610368999979,37.79955099600005],[-87.95873811499996,37.776224142000046],[-88.011222745999987,37.801352420000057],[-88.035607277999986,37.805727983000054],[-88.072503802999961,37.735446130000071],[-88.133670557999949,37.700790850000033],[-88.159404576999975,37.660733407000066],[-88.157664254999986,37.628526378000061],[-88.134202029999983,37.583620367000037],[-88.071591502999979,37.51103880200003],[-88.087910713999975,37.476321895000069],[-88.311742322999976,37.442903382000054],[-88.359214045999977,37.409361088000026],[-88.419893573999957,37.420343450000075],[-88.467686076999939,37.400808540000071],[-88.511365328999943,37.296905909000031],[-88.501469087999965,37.257836616000077],[-88.450739000999988,37.205724384000064],[-88.422555150999983,37.156965328000069],[-88.450510925999936,37.098727203000067],[-88.476841732999958,37.072200452000061],[-88.490743243999987,37.068237320000037],[-88.517317400999957,37.06482673000005],[-88.559319011999946,37.072871508000048],[-88.614267695999956,37.10910277000005],[-88.688421028999983,37.13546518000004],[-88.739166390999969,37.141236583000079],[-88.746559601999991,37.152161532000036],[-88.863349784999969,37.202247426000042],[-88.932567638999956,37.218459710000047],[-88.993240318999938,37.22008783900003],[-89.065103947999944,37.185911359000045],[-89.116893293999965,37.112188366000055],[-89.146419783999988,37.093237075000047],[-89.169620748999989,37.064286830000071],[-89.17440400199996,37.025762704000044],[-89.150316546999989,36.998491680000029],[-89.129929910999977,36.988165626000068],[-89.107216172999983,36.977504043000067],[-89.105033921999961,36.953922251000051],[-89.129653902999962,36.866494744000079],[-89.166565702999947,36.843477082000049],[-89.17353120699994,36.829439147000073],[-89.164444025999956,36.804476263000026],[-89.125906731999976,36.792467827000053],[-89.125540125999976,36.768088562000059],[-89.151434798999958,36.759097773000065],[-89.177268896999976,36.760981894000054],[-89.196365566999987,36.727478051000048],[-89.197563354999943,36.713424840000073],[-89.167899387999967,36.671628655000063],[-89.177161443999978,36.653062932000068],[-89.200187533999951,36.631357886000046],[-89.210128546999954,36.581954636000034],[-89.24168453599998,36.569328343000052],[-89.283494942999937,36.575309385000025],[-89.322345115999951,36.622076341000025],[-89.342395696999972,36.628908582000065],[-89.363620889999936,36.625761358000034],[-89.373951684999952,36.616247524000073],[-89.418210342999942,36.51062511400005],[-89.414784477999945,36.502679361000048],[-89.346667493999973,36.50261088600007],[-88.830372672999943,36.499854497000058],[-88.826359501999946,36.49990822400008],[-88.81071872199999,36.499045964000061],[-88.512681105999945,36.499546886000076],[-88.496025839999959,36.498207406000063],[-88.042763459999946,36.496570323000071],[-88.035079492999955,36.538200061000055],[-88.041091084999948,36.582721031000062],[-88.071341304999976,36.679683441000066],[-87.870711186999984,36.669423228000028],[-87.853537616999972,36.641522233000046],[-87.693528544999936,36.644488788000046],[-87.640655185999947,36.645216732000051],[-87.346610724999948,36.64927730900007],[-87.112702731999946,36.651307861000078],[-87.068183868999938,36.650811152000074],[-86.770534981999958,36.652100592000068],[-86.51066805499994,36.655073994000077]]],[[[-89.533272317999945,36.498170008000045],[-89.475897506999956,36.498608776000026],[-89.481757399999935,36.504757846000075],[-89.47144978099999,36.525616433000039],[-89.481750025999986,36.54783662400007],[-89.493201706999969,36.559177164000062],[-89.530441659999951,36.564616725000064],[-89.556214657999988,36.557803447000026],[-89.568230994999965,36.541469487000029],[-89.567063756999971,36.518799468000054],[-89.533272317999945,36.498170008000045]]]]},"properties":{"objectid":33,"ss6.gdb.States.area":40319.790999999997,"state_name":"Kentucky","sub_region":"E S Cen","state_abbr":"KY","pop2000":4041769,"pop00_sqmi":100,"st_area(shape)":10.645396115695819,"st_length(shape)":21.152349690416251}},{"type":"Feature","id":34,"geometry":{"type":"Polygon","coordinates":[[[-95.071931092999989,37.001478251000037],[-95.032744863999937,37.000779277000049],[-94.620379537999952,36.997046854000075],[-94.620663972999978,37.060147770000071],[-94.618977376999965,37.32773237400005],[-94.618764577999968,37.360766372000057],[-94.61899581299997,37.650374169000031],[-94.619293416999938,37.67986905500004],[-94.616735078999966,38.030387615000052],[-94.617330285999969,38.055785052000033],[-94.619053753999935,38.39203180800007],[-94.618717698999944,38.471473531000072],[-94.613148033999948,38.737222474000077],[-94.612469602999965,38.837108773000068],[-94.60928129499996,39.044667524000033],[-94.608136705999982,39.112800837000066],[-94.601224401999957,39.141227510000078],[-94.612653432999991,39.151649430000077],[-94.646406946999946,39.158427944000039],[-94.675513631999991,39.174922557000059],[-94.730530790999978,39.171256502000062],[-94.790049400999976,39.196883068000034],[-94.820819504999974,39.211004753000054],[-94.833476348999966,39.261765918000037],[-94.881107671999985,39.286045630000046],[-94.907681301999958,39.323028538000074],[-94.911343669999951,39.340121519000036],[-94.898281768999937,39.380640906000053],[-94.925748209999938,39.381266137000068],[-94.958494085999973,39.411447354000074],[-94.986204403999977,39.439461597000047],[-95.040511527999968,39.462940676000073],[-95.047599233999961,39.485328894000077],[-95.102036987999952,39.53284854900005],[-95.108988269999941,39.560692130000064],[-95.053612932999954,39.586776426000029],[-95.056016937999971,39.625689808000061],[-95.028291871999954,39.661913695000067],[-94.978570476999948,39.684988244000067],[-94.961786160999964,39.732038055000032],[-94.953141961999961,39.736501582000074],[-94.93085592999995,39.727025673000071],[-94.905678139999964,39.726754933000052],[-94.877860895999959,39.739305376000061],[-94.871185093999941,39.754118134000066],[-94.877067636999982,39.760679108000033],[-94.921799826999973,39.757841076000034],[-94.935114031999944,39.775426551000066],[-94.93326783599997,39.782773936000069],[-94.899323644999981,39.793775261000064],[-94.88850509599996,39.817399719000036],[-94.89832443399996,39.828332568000064],[-94.923876203999953,39.833131624000032],[-94.936510924999936,39.849386047000053],[-94.938243873999966,39.89608189300003],[-94.96502398299998,39.900823535000029],[-95.021772509999948,39.896978918000059],[-95.033506518999957,39.87784432400008],[-95.063246334999974,39.866538021000054],[-95.100722790999953,39.869864861000053],[-95.150551639999946,39.908054512000035],[-95.193963311999937,39.910179876000029],[-95.207597770999939,39.938176209000062],[-95.240961502999937,39.942105630000071],[-95.308697132999953,39.999407752000025],[-95.329701098999976,39.992595001000041],[-95.780700111999977,39.993489392000072],[-96.001253867999992,39.995159132000026],[-96.240598788999989,39.994503351000048],[-96.454038501999946,39.994172563000063],[-96.801420372999985,39.994475961000035],[-96.908287451999968,39.996154656000044],[-97.361911696999982,39.997380361000069],[-97.816589405999991,39.99972905900006],[-97.929588697999975,39.998452787000076],[-98.264165713999944,39.998434878000069],[-98.504479294999953,39.997129637000057],[-98.720632204999959,39.998461215000077],[-99.064746756999966,39.998337960000072],[-99.178201145999992,39.999576833000049],[-99.627859625999974,40.002987950000033],[-100.18091085999998,40.000478599000076],[-100.19111155199994,40.000585525000076],[-100.73504926799995,39.99917230300008],[-100.75485597199997,40.000198377000061],[-101.32214845999994,40.001821239000037],[-101.40739318899995,40.001003751000042],[-102.05153534999994,39.998918418000073],[-102.04944264399995,39.568693190000033],[-102.04880161099999,39.562803272000053],[-102.04787456299994,39.126753441000062],[-102.04897279899996,39.037003046000052],[-102.04756853099997,38.692550332000053],[-102.04758433299997,38.615499446000058],[-102.04554956799996,38.263343803000055],[-102.04606102399998,38.253822068000034],[-102.04397674599994,37.734398460000079],[-102.04445607199995,37.641473978000079],[-102.04201045499997,37.386279691000027],[-102.03720771299999,36.988994175000073],[-102.02451926499998,36.988875661000066],[-101.55367614999994,36.996692890000077],[-101.07160416299996,36.997466660000043],[-100.95058695499995,36.99666181300006],[-100.63424540199998,36.997832212000048],[-100.08857421099998,36.99765259600008],[-99.999261529999956,36.995417672000031],[-99.544639654999969,36.995462971000052],[-99.437473392999948,36.994558572000074],[-98.999516264999954,36.998072928000056],[-98.540219641999954,36.99837579900003],[-98.347143388999939,36.999061604000076],[-98.104529041999967,36.998671296000055],[-97.804250181999976,36.998567530000059],[-97.465405056999941,36.996466922000025],[-97.137692938999976,36.999807984000029],[-96.748696078999956,37.000166161000038],[-96.519187877999968,37.000577539000062],[-96.006049762999965,36.998333661000061],[-95.957960709999952,37.000082938000048],[-95.785748837999961,36.998114013000077],[-95.526018861999944,37.001018940000051],[-95.406622408999965,37.000615464000077],[-95.071931092999989,37.001478251000037]]]},"properties":{"objectid":34,"ss6.gdb.States.area":82196.955000000002,"state_name":"Kansas","sub_region":"W N Cen","state_abbr":"KS","pop2000":2688418,"pop00_sqmi":33,"st_area(shape)":21.982305888001179,"st_length(shape)":21.104871161112193}},{"type":"Feature","id":35,"geometry":{"type":"MultiPolygon","coordinates":[[[[-79.144062724999969,36.546198487000026],[-78.796428548999984,36.543673860000069],[-78.737115890999974,36.546214816000031],[-78.458529434999946,36.541623293000043],[-78.320969681999941,36.545675442000061],[-78.051381915999968,36.552621457000043],[-77.898568529999977,36.553092356000036],[-77.763638749999984,36.55358906400005],[-77.319746405999979,36.554068390000054],[-77.177042061999941,36.556437631000051],[-76.923816171999988,36.554298045000053],[-76.921313667999982,36.554309633000059],[-76.563255465999987,36.555404182000075],[-76.497228554999936,36.555964625000058],[-76.329916343999969,36.556209029000058],[-76.127050248999979,36.557315693000078],[-76.045611157999986,36.557106580000038],[-76.061512144999938,36.603743960000031],[-76.026819466999939,36.556870078000031],[-75.998314836999953,36.556805290000057],[-75.950448064999989,36.721716129000072],[-75.892498588999956,36.599175613000057],[-75.901631068999961,36.556352300000071],[-75.877811193999946,36.556028360000028],[-75.995013807999953,36.923281196000062],[-76.118087903999935,36.931764742000041],[-76.191325249999977,36.904589057000067],[-76.201991572999987,36.935216943000057],[-76.283888919999981,36.962881436000032],[-76.307281615999955,36.942148737000025],[-76.292364564999957,36.828490503000069],[-76.31709989999996,36.845992227000067],[-76.400850817999981,36.826286129000039],[-76.393755736999935,36.836074390000078],[-76.341583984999943,36.860335667000072],[-76.347809956999981,36.913489248000076],[-76.410472630999948,36.90156087500003],[-76.506866169999967,36.869621425000048],[-76.56152409799995,36.795765169000049],[-76.560189885999989,36.841949559000057],[-76.486289383999974,36.895717310000066],[-76.481849032999946,36.919234841000048],[-76.516846161999979,36.912334125000029],[-76.489181669999937,36.961871164000058],[-76.554720826999983,37.006343148000042],[-76.613049549999971,36.994991019000054],[-76.577503039999954,37.024642345000075],[-76.66532032899994,37.05428260900004],[-76.671217619999936,37.147860238000078],[-76.685645336999983,37.198133649000056],[-76.728890034999949,37.150816785000075],[-76.797076020999953,37.207449958000041],[-76.900548838999953,37.201202389000059],[-76.941177258999971,37.23675890700008],[-76.878110581999977,37.25957377800006],[-76.875173523999933,37.323091865000038],[-76.85685431099995,37.24404835200005],[-76.79561117999998,37.240534522000075],[-76.745781803999989,37.193537912000068],[-76.696829964999949,37.232667780000043],[-76.647771724999984,37.225984077000078],[-76.609707435999951,37.178724101000057],[-76.624592882999934,37.13242172300005],[-76.568118255999934,37.080320552000046],[-76.564166185999966,37.117917630000079],[-76.514939918999971,37.088514395000061],[-76.530794551999975,37.06778907100005],[-76.425786310999968,36.965407116000051],[-76.384219780999956,36.990561203000027],[-76.293006650999985,37.020634967000035],[-76.27859368299994,37.074489629000027],[-76.395359109999958,37.107852835000074],[-76.285338486999933,37.122240520000048],[-76.336984033999954,37.177152332000048],[-76.363451790999989,37.146570798000027],[-76.396541622999962,37.173174452000069],[-76.412663309999971,37.152537618000053],[-76.424336744999948,37.20744153000004],[-76.594715061999977,37.291442645000075],[-76.669661126999983,37.371791400000063],[-76.704361178999989,37.418636312000046],[-76.653165986999966,37.412344498000039],[-76.460807142999954,37.255575355000076],[-76.392406249999965,37.293567482000071],[-76.455221675999951,37.377631278000024],[-76.403423376999967,37.373167224000042],[-76.416752329999952,37.412274442000069],[-76.463606196999933,37.419031361000066],[-76.446538498999985,37.458103815000072],[-76.33868537799998,37.393684489000066],[-76.300636364999946,37.334709993000047],[-76.274855465999963,37.330459792000056],[-76.25425497699996,37.390325519000044],[-76.35533326999996,37.515890004000028],[-76.433850577999976,37.515338516000043],[-76.512528012999951,37.552712786000029],[-76.348306664999939,37.525285323000048],[-76.314309273999982,37.55133485500005],[-76.569171192999988,37.642047062000074],[-76.681411991999937,37.774893090000035],[-76.732034625999972,37.798619734000056],[-76.818187966999972,37.919641682000076],[-76.771532151999963,37.916810497000029],[-76.63145303999994,37.796486996000056],[-76.580135646999963,37.770254162000072],[-76.506760296999971,37.656522712000026],[-76.344538424999939,37.623059427000044],[-76.322725924999986,37.677948590000028],[-76.356670642999973,37.700265698000067],[-76.309610824999936,37.71924596000008],[-76.324207094999963,37.798945254000046],[-76.251587605999987,37.850306893000038],[-76.258866515999955,37.890158384000074],[-76.367414395999958,37.957079686000043],[-76.524220409999941,38.012874302000057],[-76.573369773999957,38.003300421000063],[-76.557721619999938,38.025459510000076],[-76.548711867999941,38.074240689000078],[-76.595283405999965,38.120352916000058],[-76.936155395999947,38.202603174000046],[-76.999054045999969,38.280402019000064],[-77.05423185899997,38.375476621000075],[-77.240401601999963,38.331497658000046],[-77.321526759999983,38.344108676000076],[-77.289184887999966,38.36279660100007],[-77.338189400999966,38.436948881000035],[-77.303322901999934,38.502032942000028],[-77.227296509999974,38.650839477000034],[-77.194451080999954,38.660883203000026],[-77.196960958999966,38.622817334000047],[-77.12969043399994,38.648241635000034],[-77.124815528999989,38.677915610000071],[-77.092847635999988,38.704098931000033],[-77.081578730999979,38.71539417300005],[-77.056820745999971,38.712136335000025],[-77.046169697999972,38.718895887000031],[-77.045147311999983,38.788233836000074],[-77.034946618999982,38.814028430000064],[-77.044888158999981,38.829477480000037],[-77.040104378999956,38.838526209000065],[-77.038777014999937,38.862543082000059],[-77.067586094999967,38.886212838000063],[-77.078649047999988,38.915711411000075],[-77.122328299999936,38.932171260000075],[-77.151747862999969,38.964889219000042],[-77.24343189199999,38.975989570000024],[-77.255692632999967,39.027681996000069],[-77.324306324999952,39.062695980000058],[-77.346226804999958,39.06862013500006],[-77.432746751999957,39.066884027000071],[-77.459404658999972,39.080944611000064],[-77.478959058999976,39.104064459000028],[-77.512757871999952,39.116759228000035],[-77.516328060999967,39.157548828000074],[-77.478347522999968,39.177037913000049],[-77.461707004999937,39.21873559900007],[-77.464667238999937,39.229160679000074],[-77.493773396999984,39.250014526000029],[-77.541900900999963,39.269042194000065],[-77.568673108999974,39.298494941000058],[-77.616235955999969,39.299818619000064],[-77.679302106999955,39.318780971000081],[-77.727467535999949,39.317796509000061],[-77.759458077999966,39.284643469000059],[-77.768232379999972,39.246550210000066],[-77.805449157999988,39.196606007000071],[-77.82004490199995,39.141725272000031],[-77.830680147999942,39.132181414000058],[-78.033328175999941,39.265639505000024],[-78.229508460999966,39.391113392000079],[-78.27688115899997,39.423464745000047],[-78.347546471999976,39.456998086000056],[-78.350231224999959,39.380828422000036],[-78.365474849999941,39.361686981000048],[-78.343928876999939,39.350956396000072],[-78.34084644099994,39.341458365000051],[-78.413547573999949,39.25754100000006],[-78.399127231999955,39.244952632000036],[-78.423068781999973,39.212143021000031],[-78.424068518999945,39.197628394000049],[-78.402362419999974,39.170594400000027],[-78.430568918999938,39.148625988000049],[-78.447979518999944,39.119036290000054],[-78.485250549999989,39.111944897000058],[-78.501600837999945,39.093684151000048],[-78.536651166999945,39.057132637000052],[-78.564179234999983,39.035145789000069],[-78.549202136999952,39.023488156000042],[-78.553207933999943,39.013936398000055],[-78.59869598399996,38.967306919000066],[-78.63084770599994,38.979711985000051],[-78.646969392999949,38.950553154000033],[-78.680227252999941,38.921684026000037],[-78.718985774999965,38.904991362000032],[-78.72414353399995,38.930324011000039],[-78.73773216699999,38.929282662000048],[-78.749252849999948,38.911491235000028],[-78.793055356999957,38.880219155000077],[-78.815860746999988,38.833745589000046],[-78.866560809999953,38.763404216000026],[-78.987453181999967,38.846761137000044],[-79.033742390999976,38.799959944000079],[-79.054800609999972,38.790633100000036],[-79.056555154999955,38.762053675000061],[-79.087234133999971,38.707268805000069],[-79.088546749999978,38.65920503500007],[-79.121064024999953,38.663767588000042],[-79.127427473999944,38.658243749000064],[-79.23166299899998,38.480495924000024],[-79.27235884199996,38.437306532000036],[-79.31699937999997,38.412633351000068],[-79.486347409999951,38.462145107000026],[-79.536513893999938,38.553805432000047],[-79.642406517999973,38.592355368000028],[-79.669429976999936,38.550176775000068],[-79.66561485699998,38.520777754000051],[-79.692653591999942,38.500354247000075],[-79.684092615999987,38.430238315000054],[-79.720035228999961,38.394686011000033],[-79.732829548999973,38.351840049000032],[-79.764004709999938,38.353991222000047],[-79.800329203999979,38.314326721000043],[-79.802777980999963,38.298869770000067],[-79.786510915999941,38.28511837800005],[-79.793621797999947,38.268665903000056],[-79.831151980999948,38.250279269000032],[-79.916161260999957,38.179264732000036],[-79.910339818999944,38.162606305000054],[-79.935326931999953,38.121308408000061],[-79.928292425999985,38.103311029000054],[-79.957513937999977,38.067365256000073],[-79.966493664999973,38.038622016000033],[-80.00049895799998,37.989870335000035],[-80.054807134999976,37.955648029000031],[-80.106490606999955,37.914658797000072],[-80.118507470999987,37.891278216000046],[-80.160005526999953,37.877228166000066],[-80.172220441999968,37.860184172000061],[-80.171594683999956,37.842968463000034],[-80.223735886999975,37.802364272000034],[-80.220545996999988,37.778858329000059],[-80.254688766999948,37.75723281900008],[-80.250032981999937,37.726051864000056],[-80.303109660999951,37.682671796000079],[-80.295700647999979,37.671502443000065],[-80.304862624999942,37.652246174000027],[-80.300932676999935,37.640546930000028],[-80.25442223999994,37.640703896000048],[-80.218927876999942,37.624266696000063],[-80.246393263999948,37.596896647000051],[-80.316721468999958,37.56671859000005],[-80.325905568999985,37.533401737000077],[-80.308303764999948,37.528370392000056],[-80.280730397999946,37.53625925800003],[-80.287916075999988,37.511150996000026],[-80.347511062999956,37.491177318000041],[-80.352156838999974,37.476101721000077],[-80.388305929999945,37.46572562700004],[-80.425377855999955,37.434906537000074],[-80.474764776999962,37.422821198000065],[-80.486797442999944,37.433860447000029],[-80.487881456999958,37.46059736400008],[-80.508764801999973,37.475047204000077],[-80.542755344999989,37.469209959000068],[-80.597490702999949,37.446054293000032],[-80.705206872999952,37.38837871800007],[-80.729737309999962,37.392719516000057],[-80.746324100999971,37.38773715800005],[-80.747689916999946,37.379081898000038],[-80.762995168999964,37.371413733000054],[-80.770022300999983,37.38619594000005],[-80.799244865999981,37.391753490000042],[-80.799611471999981,37.41306243400004],[-80.850525388999984,37.423460650000038],[-80.877358697999966,37.388697391000051],[-80.84841793399994,37.350943347000054],[-80.855429263999952,37.33941160300003],[-80.934183600999972,37.301370490000068],[-80.967891815999963,37.291791342000067],[-80.978535489999956,37.296475569000052],[-80.985936601999981,37.306241181000075],[-81.024932152999952,37.286061024000048],[-81.14073734699997,37.274924856000041],[-81.222933350999938,37.240214269000035],[-81.311872577999964,37.293707066000024],[-81.35879491999998,37.338952292000045],[-81.390946114999963,37.31115453700005],[-81.40334433299995,37.28262462400005],[-81.475360187999968,37.25442233900003],[-81.495532970999989,37.252850570000078],[-81.505536137999968,37.234372285000063],[-81.556654426999955,37.206352775000028],[-81.665886004999948,37.204910056000074],[-81.701728538999987,37.235434703000067],[-81.738456508999946,37.250491338000074],[-81.751853937999954,37.272257485000068],[-81.792659339999943,37.287153466000063],[-81.81538097899994,37.279539028000045],[-81.838889028999972,37.285505322000063],[-81.858680983999989,37.307031279000057],[-81.86381556799995,37.325455838000039],[-81.897158230999935,37.340588849000028],[-81.926822724999965,37.371727665000037],[-81.920733175999942,37.415515951000032],[-81.988202279999939,37.466586307000057],[-81.976421917999971,37.482905519000042],[-81.947993137999958,37.49302614700008],[-81.935450068999955,37.506644804000075],[-81.959575447999953,37.53117260700003],[-82.288950984999985,37.304861143000039],[-82.35384226299999,37.260519788000067],[-82.405884965999974,37.250704137000071],[-82.550039929999969,37.199378316000036],[-82.568022560999964,37.19391926600008],[-82.719095623999976,37.110017177000032],[-82.721377426999936,37.093117507000045],[-82.709169885999984,37.075482519000047],[-82.72005743699998,37.065929707000066],[-82.723598128999981,37.033992365000074],[-82.812222897999959,37.005600982000033],[-82.866560045999961,36.974585948000026],[-82.860632203999955,36.932162425000058],[-82.878042803999961,36.893694132000064],[-82.95080556399995,36.864078624000058],[-83.046633919999977,36.858793395000077],[-83.067951817999983,36.850996181000028],[-83.128220494999937,36.779152568000029],[-83.124390626999968,36.75116782300006],[-83.138513364999937,36.740059045000066],[-83.203656420999948,36.734260779000067],[-83.321383659999981,36.709532818000071],[-83.385854604999963,36.688219660000073],[-83.404150640999944,36.672327628000062],[-83.460221263999983,36.661832493000077],[-83.53089500599998,36.661481163000076],[-83.64680238599999,36.616977048000024],[-83.675176912999973,36.598703661000059],[-83.464209678999964,36.598840085000063],[-83.275031241999955,36.600467686000059],[-83.248388609999949,36.589935680000053],[-83.210926375999975,36.588089484000079],[-82.986697083999957,36.591289908000078],[-82.849822608999943,36.591041290000078],[-82.61083902699994,36.591545373000031],[-82.296857759999966,36.59180083800004],[-82.216661229999943,36.594072106000056],[-82.154181331999951,36.595150327000056],[-81.929303105999963,36.595950433000041],[-81.918293879999965,36.613608597000052],[-81.828897975999951,36.61159648000006],[-81.65227208999994,36.607673907000049],[-81.669834914999967,36.589767652000035],[-81.345120956999949,36.572988077000048],[-80.903240728999947,36.565342035000072],[-80.837953348999974,36.563568529000065],[-80.610841251999943,36.557430520000025],[-80.435091847999956,36.55118137200003],[-80.047863226999937,36.547272494000026],[-80.023822123999935,36.545162932000039],[-79.717201410999962,36.548027827000055],[-79.510047716999964,36.547795538000059],[-79.216803361999951,36.549921429000051],[-79.144062724999969,36.546198487000026]]],[[[-75.867024775999937,37.552314576000072],[-75.930411705999973,37.557020927000053],[-75.954360630999986,37.521964278000041],[-75.965102803999969,37.479484921000051],[-75.93410357099998,37.484775944000035],[-76.018126808999966,37.308918033000054],[-75.970638229999963,37.126374313000042],[-75.931040097999983,37.142644011000073],[-75.896761957999956,37.367530665000061],[-75.826326299999948,37.418284981000056],[-75.790420557999937,37.408244943000057],[-75.820138778999933,37.426341348000051],[-75.812677619999988,37.469179409000049],[-75.704918256999974,37.493609240000069],[-75.756150846999958,37.510675357000025],[-75.727174264999974,37.55831616100005],[-75.649917426999934,37.55988792900007],[-75.699143693999986,37.589645128000029],[-75.589554464999935,37.67732335900007],[-75.617570286999978,37.697262273000035],[-75.37242077999997,38.016833746000032],[-75.626083856999969,37.996541396000055],[-75.647866858999976,37.970254834000059],[-75.65809810199994,37.941305643000078],[-75.73363041999994,37.930694100000039],[-75.686358327999983,37.858250539000039],[-75.695734684999934,37.824643983000044],[-75.782254104999936,37.789961313000049],[-75.799374475999969,37.711921751000034],[-75.905646346999958,37.592306178000058],[-75.886930504999953,37.580477357000063],[-75.929213917999959,37.586015944000053],[-75.940757249999933,37.561686192000025],[-75.867024775999937,37.552314576000072]]],[[[-75.270357496999964,38.027709182000081],[-75.346328055999948,37.91892058600007],[-75.378212724999969,37.901098608000041],[-75.344451309999954,37.902036718000033],[-75.385720762999938,37.875777020000044],[-75.338820544999976,37.888906869000039],[-75.298496574999945,37.962998047000042],[-75.242219472999977,38.028647292000073],[-75.270357496999964,38.027709182000081]]]]},"properties":{"objectid":35,"ss6.gdb.States.area":39819.881999999998,"state_name":"Virginia","sub_region":"S Atl","state_abbr":"VA","pop2000":7078515,"pop00_sqmi":178,"st_area(shape)":10.512334809670238,"st_length(shape)":31.199593580418497}},{"type":"Feature","id":36,"geometry":{"type":"Polygon","coordinates":[[[-89.105033921999961,36.953922251000051],[-89.107216172999983,36.977504043000067],[-89.129929910999977,36.988165626000068],[-89.193584421999958,36.986822459000052],[-89.210126440999943,37.029023702000075],[-89.237753534999968,37.041783785000064],[-89.264130166999962,37.08717438900004],[-89.284310850999987,37.09129396000003],[-89.303369594999936,37.085434593000059],[-89.309777289999943,37.060959464000064],[-89.264319790999991,37.027783248000048],[-89.262075911999943,37.008736618000057],[-89.28284337499997,36.999257022000052],[-89.311057775999984,37.009732141000029],[-89.383028857999989,37.049263379000024],[-89.380070203999935,37.099133313000038],[-89.423880612999938,37.137253436000037],[-89.440605934999951,37.16536775700007],[-89.468304137999951,37.224316444000067],[-89.465398156999981,37.253781306000064],[-89.489683663999983,37.256050994000077],[-89.513976543999945,37.276452378000045],[-89.51397759799994,37.305012842000053],[-89.500672346999977,37.329491132000044],[-89.468833502999985,37.339459009000052],[-89.435827948999986,37.355766632000041],[-89.427665182999988,37.411068226000054],[-89.453714187999935,37.453235231000065],[-89.494877767999981,37.491775159000042],[-89.525067939999985,37.572006453000029],[-89.513463506999983,37.61597856800006],[-89.51927757499999,37.650425788000064],[-89.513471407999987,37.679890651000051],[-89.52161995199998,37.694848260000072],[-89.58153519199999,37.706155616000046],[-89.666560800999946,37.745505131000073],[-89.675960333999967,37.784021883000037],[-89.691158658999939,37.804846233000035],[-89.728551364999987,37.841043784000078],[-89.851822458999948,37.905115466000041],[-89.861152988999947,37.905538959000069],[-89.866921231999982,37.891928730000075],[-89.900659470999983,37.87595663500008],[-89.937983700999951,37.878097274000027],[-89.979022972999985,37.911937173000069],[-89.958338732999948,37.963687013000026],[-90.010921863999954,37.969370978000029],[-90.042035923999947,37.993258802000071],[-90.119453414999953,38.032325462000074],[-90.134827142999939,38.054004171000031],[-90.207644156999947,38.088959161000048],[-90.254177242999958,38.122223342000041],[-90.28975324999999,38.16687072700006],[-90.336835190999977,38.188767504000054],[-90.364888937999979,38.234352999000066],[-90.369465712999954,38.323613007000063],[-90.358806763999951,38.365383909000059],[-90.339724842999942,38.390899861000037],[-90.301958157999991,38.427410291000058],[-90.26589966399996,38.518740882000031],[-90.261344485999984,38.532820955000034],[-90.24105687499997,38.56285732200007],[-90.183819013999937,38.610322724000071],[-90.18368891099999,38.658822101000055],[-90.202350499999966,38.700413387000026],[-90.196681809999973,38.724014669000042],[-90.163507700999958,38.773147178000045],[-90.13528539899994,38.785533281000028],[-90.121834770999953,38.800559365000026],[-90.113228495999977,38.830515668000032],[-90.13292037299999,38.85307928800006],[-90.24403870499998,38.91455734200008],[-90.279043207999962,38.924765408000042],[-90.319853877999947,38.924956085000076],[-90.413186049999979,38.962378288000025],[-90.46995775399995,38.959227377000047],[-90.530545103999941,38.891659247000064],[-90.570448213999953,38.871376905000034],[-90.627334744999985,38.880845439000041],[-90.668999773999985,38.93530320900004],[-90.706193374999941,39.037841603000061],[-90.707711943999982,39.058227186000067],[-90.690522570999974,39.093749466000077],[-90.71685969899994,39.144259379000061],[-90.718317165999963,39.19592125500003],[-90.732462553999937,39.224794598000074],[-90.738207619999969,39.247858086000065],[-90.779469172999939,39.296850484000061],[-90.850623820999942,39.350499720000073],[-90.94802447099994,39.400631966000049],[-91.036474890999955,39.444458703000066],[-91.064521790999947,39.474029965000057],[-91.093750676999946,39.528973382000061],[-91.156329600999982,39.552639451000061],[-91.203389418999961,39.600067455000044],[-91.317811941999935,39.685962699000072],[-91.367236786999968,39.72468540300008],[-91.373569685999939,39.761318034000055],[-91.381863081999938,39.803817934000051],[-91.449340612999947,39.863094248000039],[-91.451140982999959,39.885288101000071],[-91.43420286199995,39.901874365000026],[-91.430541020999954,39.921882808000078],[-91.447394864999978,39.946109847000059],[-91.487443353999936,40.005798592000076],[-91.504160247999948,40.066757288000076],[-91.516284037999981,40.134589837000078],[-91.506701202999977,40.200504028000069],[-91.499087290999967,40.25142268500008],[-91.486849199999938,40.309668185000078],[-91.448746985999946,40.371946871000034],[-91.47703828899995,40.391011936000041],[-91.490314042999955,40.390805984000053],[-91.500377257999958,40.405160485000067],[-91.527691999999945,40.410168653000028],[-91.529607197999951,40.435086238000054],[-91.538846603999957,40.441288507000024],[-91.533208464999973,40.455441270000051],[-91.579382846999977,40.463759949000064],[-91.586028623999937,40.48451951100003],[-91.616860355999961,40.504874016000031],[-91.62253641999996,40.532903533000081],[-91.692080847999989,40.55167784300005],[-91.689959698999985,40.581202752000024],[-91.71697630999995,40.593435577000037],[-91.741711645999942,40.609784285000046],[-91.946370209999941,40.608266770000057],[-92.19317418299994,40.600088729000049],[-92.361512993999952,40.599576218000038],[-92.646432348999952,40.591461912000057],[-92.717815597999959,40.589667336000048],[-93.100938342999939,40.584347342000058],[-93.370271170999956,40.580491137000081],[-93.562910237999972,40.580814024000063],[-93.78630360599999,40.578448471000058],[-94.018058844999985,40.574022341000045],[-94.238391899999954,40.570966242000054],[-94.48523116399997,40.574205117000076],[-94.639876523999988,40.575744755000073],[-94.920615732999977,40.577218551000044],[-95.217428169999948,40.581892771000071],[-95.382554969999944,40.584334174000048],[-95.767479664999939,40.589047899000036],[-95.763412240999969,40.549707338000076],[-95.737036134999983,40.532373114000052],[-95.69206638899999,40.524129758000072],[-95.687412711999968,40.561170080000068],[-95.67569397799997,40.565835872000036],[-95.662944428999936,40.558729204000031],[-95.658060569999975,40.53033255400004],[-95.684970254999939,40.512205072000029],[-95.695361624999975,40.485338052000031],[-95.636817467999947,40.396390397000062],[-95.634184860999937,40.358800167000027],[-95.616201703999991,40.346497287000034],[-95.617933598999969,40.331418003000067],[-95.645552791999989,40.322346624000033],[-95.646826956999973,40.309109849000038],[-95.595532212999956,40.309776691000025],[-95.547137128999964,40.266215954000074],[-95.476822091999964,40.226854850000052],[-95.466636674999961,40.213255683000057],[-95.460952709999958,40.17399518600007],[-95.422476515999961,40.131743377000078],[-95.392813075999982,40.115416265000079],[-95.384542329999988,40.095362524000052],[-95.403784376999965,40.080379105000077],[-95.41376384199998,40.04811150200004],[-95.390531799999962,40.043750687000056],[-95.371244452999974,40.028750940000066],[-95.345067451999967,40.024974271000076],[-95.308697132999953,39.999407752000025],[-95.240961502999937,39.942105630000071],[-95.207597770999939,39.938176209000062],[-95.193963311999937,39.910179876000029],[-95.150551639999946,39.908054512000035],[-95.100722790999953,39.869864861000053],[-95.063246334999974,39.866538021000054],[-95.033506518999957,39.87784432400008],[-95.021772509999948,39.896978918000059],[-94.96502398299998,39.900823535000029],[-94.938243873999966,39.89608189300003],[-94.936510924999936,39.849386047000053],[-94.923876203999953,39.833131624000032],[-94.89832443399996,39.828332568000064],[-94.88850509599996,39.817399719000036],[-94.899323644999981,39.793775261000064],[-94.93326783599997,39.782773936000069],[-94.935114031999944,39.775426551000066],[-94.921799826999973,39.757841076000034],[-94.877067636999982,39.760679108000033],[-94.871185093999941,39.754118134000066],[-94.877860895999959,39.739305376000061],[-94.905678139999964,39.726754933000052],[-94.93085592999995,39.727025673000071],[-94.953141961999961,39.736501582000074],[-94.961786160999964,39.732038055000032],[-94.978570476999948,39.684988244000067],[-95.028291871999954,39.661913695000067],[-95.056016937999971,39.625689808000061],[-95.053612932999954,39.586776426000029],[-95.108988269999941,39.560692130000064],[-95.102036987999952,39.53284854900005],[-95.047599233999961,39.485328894000077],[-95.040511527999968,39.462940676000073],[-94.986204403999977,39.439461597000047],[-94.958494085999973,39.411447354000074],[-94.925748209999938,39.381266137000068],[-94.898281768999937,39.380640906000053],[-94.911343669999951,39.340121519000036],[-94.907681301999958,39.323028538000074],[-94.881107671999985,39.286045630000046],[-94.833476348999966,39.261765918000037],[-94.820819504999974,39.211004753000054],[-94.790049400999976,39.196883068000034],[-94.730530790999978,39.171256502000062],[-94.675513631999991,39.174922557000059],[-94.646406946999946,39.158427944000039],[-94.612653432999991,39.151649430000077],[-94.601224401999957,39.141227510000078],[-94.608136705999982,39.112800837000066],[-94.60928129499996,39.044667524000033],[-94.612469602999965,38.837108773000068],[-94.613148033999948,38.737222474000077],[-94.618717698999944,38.471473531000072],[-94.619053753999935,38.39203180800007],[-94.617330285999969,38.055785052000033],[-94.616735078999966,38.030387615000052],[-94.619293416999938,37.67986905500004],[-94.61899581299997,37.650374169000031],[-94.618764577999968,37.360766372000057],[-94.618977376999965,37.32773237400005],[-94.620663972999978,37.060147770000071],[-94.620379537999952,36.997046854000075],[-94.621684252999955,36.763607653000065],[-94.621073243999945,36.670543060000057],[-94.617257070999983,36.489414142000044],[-94.081052306999936,36.491024362000076],[-93.857519880999973,36.489786542000047],[-93.596449898999936,36.489958783000077],[-93.328346462999946,36.490261654000051],[-93.297324580999941,36.490680933000078],[-92.852275532999954,36.489884514000039],[-92.777635499999974,36.489983539000036],[-92.523050641999987,36.490921122000032],[-92.146319262999953,36.491660654000043],[-92.127642398999967,36.491435213000045],[-91.688560697999947,36.491018568000072],[-91.452988758999936,36.490438109000024],[-91.411796734999939,36.491101791000062],[-91.13395613199998,36.488015669000049],[-90.804433636999988,36.489265604000025],[-90.581732393999971,36.491022255000075],[-90.224473243999967,36.492811037000024],[-90.150259336999966,36.491872927000031],[-90.137372837999976,36.457476273000054],[-90.117322257999945,36.453955596000071],[-90.123929056999941,36.422626103000027],[-90.116925101999982,36.404975840000077],[-90.080272453999953,36.397449893000044],[-90.052157079999972,36.382615012000031],[-90.050295081999991,36.362668197000062],[-90.067728857999953,36.32539558700006],[-90.049845252999944,36.300535942000067],[-90.066187639999953,36.272338397000055],[-90.11001227099996,36.258059746000072],[-90.131313839999962,36.212135562000071],[-90.161404986999969,36.197006765000026],[-90.219321278999985,36.172631187000036],[-90.232322077999982,36.161213744000065],[-90.234938882999984,36.137155259000053],[-90.26380168999998,36.118829726000058],[-90.284852008999962,36.115972731000056],[-90.315339783999946,36.091723570000056],[-90.379062242999964,35.989656600000046],[-90.283554140999968,35.991227842000058],[-89.963291594999987,35.996908647000055],[-89.721836584999949,35.999951051000039],[-89.688922681999941,36.025867319000042],[-89.678248983999936,36.083040919000041],[-89.667468359999987,36.099386467000045],[-89.58950148699995,36.129861601000073],[-89.589532037999959,36.152089166000053],[-89.618639248999955,36.183811601000059],[-89.676868945999956,36.220935674000032],[-89.695737013999974,36.240862999000058],[-89.694622975999948,36.252204066000047],[-89.670666149999988,36.254962035000062],[-89.618158868999956,36.240966239000045],[-89.541725312999972,36.257346024000071],[-89.535454041999969,36.264605445000029],[-89.542313145999969,36.280932030000031],[-89.606844138999975,36.308103501000062],[-89.622874173999946,36.334847266000054],[-89.605768551999972,36.354816730000039],[-89.544632346999947,36.345788017000075],[-89.519408730999942,36.355996083000036],[-89.520080314999973,36.401122795000049],[-89.545258104999959,36.441023272000052],[-89.516098220999936,36.47187238600003],[-89.533272317999945,36.498170008000045],[-89.567063756999971,36.518799468000054],[-89.568230994999965,36.541469487000029],[-89.556214657999988,36.557803447000026],[-89.530441659999951,36.564616725000064],[-89.493201706999969,36.559177164000062],[-89.481750025999986,36.54783662400007],[-89.47144978099999,36.525616433000039],[-89.481757399999935,36.504757846000075],[-89.475897506999956,36.498608776000026],[-89.49206449199994,36.465524738000056],[-89.470907773999954,36.446017218000065],[-89.448591191999981,36.45644229800007],[-89.414784477999945,36.502679361000048],[-89.418210342999942,36.51062511400005],[-89.373951684999952,36.616247524000073],[-89.363620889999936,36.625761358000034],[-89.342395696999972,36.628908582000065],[-89.322345115999951,36.622076341000025],[-89.283494942999937,36.575309385000025],[-89.24168453599998,36.569328343000052],[-89.210128546999954,36.581954636000034],[-89.200187533999951,36.631357886000046],[-89.177161443999978,36.653062932000068],[-89.167899387999967,36.671628655000063],[-89.197563354999943,36.713424840000073],[-89.196365566999987,36.727478051000048],[-89.177268896999976,36.760981894000054],[-89.151434798999958,36.759097773000065],[-89.125540125999976,36.768088562000059],[-89.125906731999976,36.792467827000053],[-89.164444025999956,36.804476263000026],[-89.17353120699994,36.829439147000073],[-89.166565702999947,36.843477082000049],[-89.129653902999962,36.866494744000079],[-89.105033921999961,36.953922251000051]]]},"properties":{"objectid":36,"ss6.gdb.States.area":69832.745999999999,"state_name":"Missouri","sub_region":"W N Cen","state_abbr":"MO","pop2000":5595211,"pop00_sqmi":80,"st_area(shape)":18.647904151976235,"st_length(shape)":23.595944008870909}},{"type":"Feature","id":37,"geometry":{"type":"Polygon","coordinates":[[[-114.52062742199996,33.027707636000059],[-114.46838719399994,32.977789243000075],[-114.47644408699995,32.935908780000034],[-114.46143643799996,32.845422541000062],[-114.52621973599997,32.809912375000067],[-114.53507726099997,32.78804720200003],[-114.53009542999996,32.771411425000053],[-114.54318788099999,32.771232336000025],[-114.54300457799997,32.760749842000052],[-114.56158294299996,32.760753530000045],[-114.56075123299996,32.74893577000006],[-114.57221081499995,32.748829370000067],[-114.57195903699994,32.737438790000056],[-114.60352292599998,32.735886511000047],[-114.60394220499995,32.726285240000038],[-114.69404076999996,32.741425625000034],[-114.71269498399994,32.735013189000028],[-114.72204921799994,32.720857267000042],[-114.80939402699994,32.616044443000078],[-114.82176116799997,32.487169448000031],[-113.32911114399997,32.043621059000031],[-111.36952108999998,31.431531594000035],[-111.07196490699994,31.335634237000079],[-110.45257862399995,31.337660048000032],[-109.04561525699995,31.343453047000025],[-109.04949516499994,32.442044316000079],[-109.05134610099998,32.779550488000041],[-109.05052597899999,33.205164705000072],[-109.05034899699996,33.783302078000077],[-109.04865291999994,34.591780414000027],[-109.04664080399999,34.954646099000058],[-109.04784649399994,35.996664243000055],[-109.04848015199997,36.996640744000047],[-109.99707657899995,36.992067657000064],[-110.45223572099997,36.991746350000028],[-110.48408878599997,37.003925974000026],[-110.74006316299995,37.00248799600007],[-111.35616421899999,37.001710013000036],[-112.23725783099997,36.995491941000068],[-112.54252168399995,36.997994445000074],[-112.89998362499995,36.996226733000071],[-114.04393916199996,36.996538031000057],[-114.04371635399997,36.841848953000067],[-114.03739188299994,36.216022844000065],[-114.04510534699995,36.193978056000049],[-114.10777539499998,36.121090460000062],[-114.12902323799995,36.041730381000036],[-114.20676888299994,36.017255251000051],[-114.23347261599997,36.018330838000054],[-114.30758749799998,36.062232898000047],[-114.30385718199994,36.087108344000058],[-114.31609527399996,36.111438096000029],[-114.34423382499995,36.137480253000035],[-114.38080324799995,36.150991456000042],[-114.44394577499997,36.121053062000044],[-114.46661368699995,36.124711216000037],[-114.53057370299996,36.155089958000076],[-114.59893508999994,36.138335666000046],[-114.62161090399997,36.141966430000025],[-114.71276187899997,36.105181046000041],[-114.72815035499997,36.085962702000074],[-114.72896626299996,36.058752779000031],[-114.71767365499994,36.036758030000044],[-114.73621251499998,35.987648171000046],[-114.69927595899998,35.911611771000025],[-114.66159987199995,35.880473481000024],[-114.66246213199997,35.870959647000063],[-114.68986747199995,35.847442643000079],[-114.68273973399994,35.764703578000024],[-114.68881980199995,35.732595575000062],[-114.66509157799999,35.693099628000027],[-114.66848583899997,35.656399048000026],[-114.65406602399997,35.646583924000026],[-114.63986690899998,35.611348712000051],[-114.65313423499998,35.584833023000044],[-114.64979211999997,35.54663757700007],[-114.67221510199994,35.51575422600007],[-114.64539601499996,35.450760763000062],[-114.58958401699999,35.358378815000037],[-114.58789004699997,35.304768030000048],[-114.55958294199996,35.220182770000065],[-114.56103988199999,35.174346023000055],[-114.57225505999997,35.140067883000029],[-114.58261640599994,35.132560372000057],[-114.62644103599996,35.133906699000079],[-114.63590904399996,35.118655700000033],[-114.59563195399994,35.076057829000035],[-114.63377999299996,35.041863440000043],[-114.62106836999999,34.998914238000054],[-114.63227669999998,34.997651661000077],[-114.62100726899996,34.943610010000043],[-114.63047580399996,34.919501486000058],[-114.62726326499995,34.875533584000038],[-114.57021660799995,34.831860653000035],[-114.54204065899995,34.759958572000073],[-114.52555341999999,34.748911422000049],[-114.49780412399997,34.744757613000047],[-114.46563765299999,34.709873205000065],[-114.42227022599997,34.610894992000055],[-114.43430236499995,34.598962932000063],[-114.40974243199997,34.583723521000024],[-114.37682800199997,34.536563624000053],[-114.38386198099994,34.477085571000032],[-114.37650669499999,34.459679185000027],[-114.33263623899995,34.454873282000051],[-114.30286534599998,34.435753963000025],[-114.28339416999995,34.412068932000068],[-114.25784239999996,34.405488995000042],[-114.18207989999996,34.365206111000077],[-114.15341514399995,34.336447596000028],[-114.13412727099995,34.314547659000027],[-114.12523076699995,34.272620845000063],[-114.14991237599997,34.266979018000029],[-114.23577601499994,34.186222572000077],[-114.28536836099994,34.171230726000033],[-114.32279951899994,34.141297072000043],[-114.41016645099995,34.102654431000076],[-114.42402898399996,34.078332054000043],[-114.42898026499995,34.029843738000068],[-114.51820866899999,33.965063074000057],[-114.52563190299998,33.952413605000061],[-114.49818811099999,33.925036182000042],[-114.52096242399995,33.862926576000064],[-114.51172249099994,33.841965276000053],[-114.52112202299998,33.826031106000073],[-114.50455788199997,33.771715027000027],[-114.51028767299999,33.743200389000037],[-114.49567665299998,33.70836918100008],[-114.53643359599994,33.682735241000046],[-114.52526371699997,33.665504783000074],[-114.52717048699998,33.622136303000048],[-114.54024713599995,33.58050761800007],[-114.52942068599998,33.560073050000028],[-114.58706149699998,33.509445675000052],[-114.59808652499999,33.486126722000051],[-114.62108943899995,33.468598661000044],[-114.63057324899995,33.439425082000071],[-114.64509208999999,33.419115875000045],[-114.72493623599996,33.41105950900004],[-114.70360358899995,33.352417907000074],[-114.73542715799999,33.305708366000033],[-114.67769364199995,33.268016476000071],[-114.68771103099999,33.239258488000075],[-114.68005076699995,33.224594796000076],[-114.67812029399994,33.167250008000053],[-114.70946295599998,33.122375074000047],[-114.71135497799997,33.095382692000044],[-114.66395172999995,33.038922814000045],[-114.64515951199996,33.04441188800007],[-114.63396698299999,33.03356700300003],[-114.60992588099998,33.027001815000062],[-114.55908886699996,33.036782702000039],[-114.52062742199996,33.027707636000059]]]},"properties":{"objectid":37,"ss6.gdb.States.area":113712.679,"state_name":"Arizona","sub_region":"Mtn","state_abbr":"AZ","pop2000":5130632,"pop00_sqmi":45,"st_area(shape)":28.859089511886836,"st_length(shape)":23.257270755158743}},{"type":"Feature","id":38,"geometry":{"type":"Polygon","coordinates":[[[-94.439322254999979,34.929150690000029],[-94.428552165999974,35.400546346000056],[-94.468485299999941,35.64108800200006],[-94.485934877999966,35.760310633000074],[-94.54241740599997,36.10683603800004],[-94.553113752999991,36.164525308000066],[-94.607453007999936,36.478790484000058],[-94.617257070999983,36.489414142000044],[-94.621073243999945,36.670543060000057],[-94.621684252999955,36.763607653000065],[-94.620379537999952,36.997046854000075],[-95.032744863999937,37.000779277000049],[-95.071931092999989,37.001478251000037],[-95.406622408999965,37.000615464000077],[-95.526018861999944,37.001018940000051],[-95.785748837999961,36.998114013000077],[-95.957960709999952,37.000082938000048],[-96.006049762999965,36.998333661000061],[-96.519187877999968,37.000577539000062],[-96.748696078999956,37.000166161000038],[-97.137692938999976,36.999807984000029],[-97.465405056999941,36.996466922000025],[-97.804250181999976,36.998567530000059],[-98.104529041999967,36.998671296000055],[-98.347143388999939,36.999061604000076],[-98.540219641999954,36.99837579900003],[-98.999516264999954,36.998072928000056],[-99.437473392999948,36.994558572000074],[-99.544639654999969,36.995462971000052],[-99.999261529999956,36.995417672000031],[-100.08857421099998,36.99765259600008],[-100.63424540199998,36.997832212000048],[-100.95058695499995,36.99666181300006],[-101.07160416299996,36.997466660000043],[-101.55367614999994,36.996692890000077],[-102.02451926499998,36.988875661000066],[-102.03720771299999,36.988994175000073],[-102.99770933599996,36.998523811000041],[-102.99740119799998,36.492370162000043],[-102.16567343699995,36.490234264000037],[-102.03465832999996,36.492981171000054],[-101.62075547299997,36.492031473000054],[-101.09010246399998,36.488050433000069],[-100.95734123999995,36.489637476000041],[-100.54983922999998,36.489478930000075],[-100.00727312399994,36.493912960000046],[-100.00155070799997,36.492555045000074],[-99.997553864999986,36.057591335000041],[-99.998123261999979,35.883837719000041],[-100.00039242399998,35.618856224000069],[-99.994743222999944,35.424622213000077],[-99.997570193999991,35.182234888000039],[-99.99645510199997,35.031051212000079],[-99.999259949999953,34.747243261000051],[-99.996475117999978,34.562384027000064],[-99.972479840999938,34.561926824000068],[-99.945119799999986,34.579634501000044],[-99.932287027999962,34.579173083000057],[-99.880977534999943,34.548241799000039],[-99.860949076999987,34.518694767000056],[-99.830308548999938,34.501846190000037],[-99.778060419999974,34.444064214000036],[-99.685277102999976,34.377520579000077],[-99.601817467999979,34.368634083000074],[-99.585589381999966,34.38493380500006],[-99.578219346999958,34.408988603000068],[-99.554232497999976,34.415256187000068],[-99.502504253999973,34.404145302000074],[-99.47980579099999,34.38360012000004],[-99.438743342999942,34.364783145000047],[-99.410322990999987,34.36918557100006],[-99.394522610999957,34.39682214700008],[-99.39315732099999,34.429070788000047],[-99.364569467999956,34.450272278000057],[-99.32365871899998,34.412786867000079],[-99.26753542299997,34.398364418000028],[-99.254465620999952,34.368294341000023],[-99.205849309999962,34.332075721000024],[-99.196662576999984,34.305205540000031],[-99.204955444999939,34.255730656000026],[-99.190840607999974,34.223821757000053],[-99.176511916999971,34.212816745000055],[-99.128300134999961,34.201556268000047],[-99.078784164999945,34.208445923000056],[-99.035570016999941,34.199008992000074],[-98.996544441999959,34.209583664000036],[-98.952856761999954,34.194653445000029],[-98.891689479999968,34.160909939000078],[-98.811409726999955,34.146026072000041],[-98.778877177999959,34.132053452000036],[-98.705632456999979,34.130806150000069],[-98.682552640999972,34.150089283000057],[-98.662059604999968,34.147129576000054],[-98.626329791999979,34.158527530000072],[-98.607583926999951,34.151489863000052],[-98.576668443999949,34.142021855000053],[-98.557914150999977,34.105428202000041],[-98.499851953999951,34.066507973000057],[-98.448519285999964,34.054469513000072],[-98.421670700999982,34.065924881000058],[-98.407464211999979,34.08254854300003],[-98.391281950999939,34.087324423000041],[-98.384582972999965,34.115873298000054],[-98.350730433999956,34.142213059000028],[-98.320814161999976,34.139512504000038],[-98.277324532999955,34.12296469100005],[-98.173164330999953,34.115461393000032],[-98.137182739999957,34.138524881000023],[-98.115186410999968,34.149079538000024],[-98.094441070999949,34.134649187000036],[-98.111005211999952,34.069915403000039],[-98.086522181999953,34.005410220000044],[-98.055873751999968,33.98989638200004],[-98.023806306999973,33.987081526000054],[-97.98299511099998,34.001382300000046],[-97.950538937999966,33.971258496000075],[-97.948066983999979,33.959848954000051],[-97.963311134999969,33.948748604000059],[-97.950996667999959,33.932616382000049],[-97.976442037999959,33.912150737000047],[-97.976693815999965,33.902602665000074],[-97.955048289999979,33.883579212000029],[-97.909377463999988,33.874123319000034],[-97.870062186999974,33.855214166000053],[-97.852857538999956,33.857170976000077],[-97.790515643999981,33.890556831000026],[-97.756670478999979,33.932197104000068],[-97.72932571299998,33.939391736000061],[-97.704567727999972,33.971644591000029],[-97.671370969999941,33.988711235000039],[-97.600484427999959,33.969535556000039],[-97.592656663999946,33.917985347000069],[-97.575970846999951,33.902631636000024],[-97.554889977999949,33.904004826000062],[-97.518504383999982,33.916871836000041],[-97.477830664999942,33.907808358000068],[-97.463060045999953,33.902483097000072],[-97.457360804999951,33.890532074000078],[-97.453035281999973,33.836315021000075],[-97.410416340999973,33.82081224500007],[-97.363616201999946,33.831127238000079],[-97.342100251999966,33.862017964000074],[-97.315251667999974,33.870494135000058],[-97.314382032999958,33.895941085000061],[-97.272572152999942,33.872675859000026],[-97.264202380999961,33.858832815000028],[-97.250980353999978,33.873072488000048],[-97.246356700999968,33.894338767000079],[-97.211626624999951,33.905790447000072],[-97.18805905499994,33.899305850000076],[-97.164460406999979,33.863249990000043],[-97.16888548299994,33.847896278000064],[-97.195306886999958,33.836261821000051],[-97.208612664999976,33.819751933000077],[-97.189454893999937,33.752874349000024],[-97.152763795999988,33.728773726000043],[-97.115851995999947,33.726038933000041],[-97.090788506999957,33.731776099000058],[-97.083754000999988,33.742517745000043],[-97.08795837599996,33.807675022000069],[-97.050313891999963,33.823551778000024],[-97.078535666999983,33.837913653000044],[-97.082465087999992,33.851203629000054],[-97.07118828199998,33.856830180000031],[-97.025883533999945,33.840663721000055],[-97.006138457999953,33.850616322000064],[-96.987995173999991,33.876525217000051],[-96.988147925999954,33.944302985000036],[-96.968471324999939,33.937421232000077],[-96.936487629999988,33.947949551000079],[-96.929849752999985,33.961873185000059],[-96.898735692999992,33.950127588000043],[-96.883132837999938,33.924692226000047],[-96.879218691999938,33.884104364000052],[-96.861296634999974,33.861781461000078],[-96.844290038999986,33.858134895000035],[-96.814396942999963,33.871871013000032],[-96.797871252999983,33.870051680000074],[-96.749101661999987,33.831840433000025],[-96.711953359999939,33.833972644000028],[-96.693657323999957,33.84800636500006],[-96.677979144999938,33.90442463100004],[-96.666512188999945,33.913644549000026],[-96.584760219999964,33.896245537000027],[-96.61443946199995,33.863001372000042],[-96.601468686999965,33.843058771000074],[-96.56240465999997,33.825522809000063],[-96.510843389999991,33.815787221000051],[-96.501016150999988,33.788192784000046],[-96.487641370999938,33.778232282000033],[-96.419730338999955,33.788428234000037],[-96.371083476999956,33.740497727000047],[-96.34785038199999,33.70563175500007],[-96.316538796999964,33.701904599000045],[-96.301050768999971,33.714153225000075],[-96.289943043999983,33.762034219000043],[-96.278338610999981,33.773489587000029],[-96.212807353999949,33.756792709000024],[-96.187286134999965,33.758684730000027],[-96.16907437499998,33.769456927000078],[-96.161574764999955,33.798329742000078],[-96.141677462999951,33.820420356000056],[-96.154777287999991,33.824044272000037],[-96.180984839999951,33.808534121000037],[-96.18338831799997,33.815892568000038],[-96.16946468399999,33.829082991000064],[-96.149223425999992,33.835690317000058],[-96.109701668999946,33.829357945000027],[-96.091780138999979,33.84467741900005],[-96.048229935999984,33.841377443000056],[-96.027004742999964,33.856121199000029],[-96.014323669999953,33.844307126000047],[-96.002048179999974,33.857078271000034],[-96.002872515999968,33.873489133000078],[-95.994464818999973,33.875476493000065],[-95.977648372999965,33.858051145000047],[-95.959016807999944,33.865139377000048],[-95.943322827999964,33.890071711000076],[-95.933328087999939,33.890628993000064],[-95.846805506999942,33.841138306000062],[-95.826220819999946,33.843125666000049],[-95.79572514299997,33.86477435200004],[-95.768761730999984,33.851503339000033],[-95.764497308999978,33.879106204000038],[-95.760941866999985,33.893541294000045],[-95.747109357999989,33.903497583000046],[-95.699950513999966,33.894926600000076],[-95.633732924999947,33.92020762900006],[-95.613224087999981,33.920341419000067],[-95.615070809999963,33.936794421000059],[-95.606311782999967,33.944656423000026],[-95.563013357999978,33.936177091000047],[-95.546555615999978,33.904137562000074],[-95.519813958999976,33.906747520000067],[-95.526970139999946,33.897920018000036],[-95.547730755999964,33.893262126000025],[-95.544274339999959,33.885846266000044],[-95.51312235499995,33.89784048100006],[-95.499091267999972,33.881822561000035],[-95.46835961499994,33.886537866000026],[-95.451841298999966,33.865858367000044],[-95.330272076999961,33.871025081000028],[-95.336460124999974,33.897219991000043],[-95.302187778999951,33.886730123000063],[-95.286661825999943,33.887008764000029],[-95.27758307299996,33.918044868000038],[-95.26384958999995,33.897907376000035],[-95.25122276999997,33.905128872000034],[-95.251520899999946,33.936550017000059],[-95.234270425999966,33.964969316000065],[-95.148544263999952,33.943653525000059],[-95.128195552999955,33.940975619000028],[-95.126906112999961,33.917252136000059],[-95.119451801999958,33.912388293000049],[-95.095586626999989,33.921845239000049],[-95.082494176999944,33.918560538000065],[-95.089940586999944,33.897022993000064],[-95.083829441999967,33.888569471000039],[-95.063702484999965,33.917755692000071],[-95.063366429999974,33.896801766000067],[-95.043087247999949,33.884553139000047],[-95.037586057999988,33.866558920000045],[-95.012996100999942,33.870053260000077],[-94.989503852999974,33.856290280000053],[-94.968927066999981,33.866322944000046],[-94.960129588999962,33.848183874000028],[-94.940109031999953,33.840932354000074],[-94.940620487999979,33.815915744000051],[-94.91845613199996,33.816304999000067],[-94.908765842999969,33.803586528000039],[-94.914099004999969,33.789705032000029],[-94.881855630999951,33.775071890000049],[-94.858096329999967,33.749429522000071],[-94.819375732999958,33.749513799000056],[-94.803436821999981,33.739690774000053],[-94.783721769999943,33.75337053100003],[-94.764388070999985,33.752950726000051],[-94.782241652999971,33.742376580000041],[-94.78337096599995,33.733774520000054],[-94.749983003999944,33.736814817000038],[-94.762930603999962,33.716906454000025],[-94.742323266999961,33.719157180000025],[-94.754690407999988,33.707880901000067],[-94.74186500999997,33.701377340000079],[-94.69119707699997,33.690399719000027],[-94.668667168999946,33.696648867000079],[-94.655689544999973,33.692403407000029],[-94.64453494199995,33.677762891000043],[-94.66816361299999,33.671571156000027],[-94.669636355999955,33.666173206000053],[-94.658748804999959,33.663850318000073],[-94.63897265099996,33.670217455000056],[-94.631946045999939,33.68401151300003],[-94.601153292999982,33.665720743000065],[-94.585313933999942,33.679095523000058],[-94.578714508999951,33.670585114000062],[-94.56092992899994,33.672027306000075],[-94.565416105999986,33.663127642000063],[-94.585367660999964,33.662245892000044],[-94.588594947999979,33.655562717000066],[-94.576669734999939,33.65227064100003],[-94.545625203999975,33.661736016000077],[-94.54213823799995,33.648361763000025],[-94.562402144999965,33.642944324000041],[-94.562356318999946,33.63565066600006],[-94.550400555999943,33.632808947000058],[-94.518196687999989,33.643124467000064],[-94.525261216999979,33.621136565000029],[-94.510765025999945,33.630925353000066],[-94.500816110999949,33.623162904000026],[-94.47669125799996,33.632082057000048],[-94.468584851999935,33.939311673000077],[-94.46169151099997,34.196765114000073],[-94.452623818999939,34.508432447000075],[-94.445961185999977,34.735608278000029],[-94.439322254999979,34.929150690000029]]]},"properties":{"objectid":38,"ss6.gdb.States.area":70003.324999999997,"state_name":"Oklahoma","sub_region":"W S Cen","state_abbr":"OK","pop2000":3450654,"pop00_sqmi":49,"st_area(shape)":18.031461098459562,"st_length(shape)":25.557265101192201}},{"type":"Feature","id":39,"geometry":{"type":"MultiPolygon","coordinates":[[[[-83.988454465999951,34.989151787000026],[-83.937899253999944,34.989477307000072],[-83.549297441999954,34.989628479000032],[-83.512887617999979,34.992115708000028],[-83.106156743999975,35.000366965000069],[-83.007146400999943,35.024293240000077],[-82.887556110999981,35.055473142000039],[-82.771201008999981,35.085537425000041],[-82.697208328999977,35.091349386000047],[-82.68788464499994,35.097918261000075],[-82.685900445999948,35.121580643000073],[-82.654343930999971,35.119573794000075],[-82.569876130999944,35.149607527000057],[-82.524479732999964,35.154677323000044],[-82.466586089999964,35.173617026000045],[-82.437761206999937,35.169676017000029],[-82.389450926999984,35.208356582000079],[-82.371215990999985,35.182839577000038],[-82.359962361999976,35.183064491000039],[-82.350699778999967,35.192787964000047],[-82.320608632999949,35.184303892000059],[-82.278165620999971,35.195121387000029],[-82.210010184999987,35.193240954000032],[-81.971272585999941,35.188400286000046],[-81.870416573999989,35.183237786000063],[-81.765181310999935,35.182596226000044],[-81.36198006799998,35.162986520000061],[-81.322625812999945,35.163891973000034],[-81.049099143999968,35.151672843000028],[-81.048839991999955,35.132153208000034],[-81.028240556999947,35.105551135000042],[-81.065349880999975,35.066625112000054],[-81.039685389999988,35.037345133000031],[-80.927592075999939,35.101394692000042],[-80.89451014499997,35.059880835000058],[-80.839959143999977,35.002166282000076],[-80.785444487999939,34.940788307000048],[-80.799855875999981,34.816259904000049],[-80.56133476399998,34.815379735000079],[-80.325065430999985,34.814916737000033],[-79.919736717999967,34.808073962000037],[-79.685738653999977,34.805412912000065],[-79.66728249099998,34.800820335000026],[-79.455740592999973,34.634251870000071],[-79.446913090999942,34.619222099000069],[-79.074257563999936,34.304738329000031],[-78.655452938999986,33.948844996000048],[-78.579453409999985,33.88216441000003],[-78.03451806299995,33.914465724000024],[-77.958236732999978,33.992753376000053],[-77.960442159999957,34.189414042000067],[-77.926466891999951,34.062206680000031],[-77.894109216999937,34.069351800000049],[-77.864094446999957,34.192907855000044],[-77.750228679999964,34.305215022000027],[-77.602309688999981,34.412796349000075],[-77.609420570999987,34.435210903000041],[-77.586455054999988,34.42110449300003],[-77.538326496999957,34.457175628000073],[-77.156274597999982,34.660799690000033],[-77.129067309999982,34.685075715000039],[-77.148630136999941,34.764492681000036],[-77.050199197999973,34.699079413000049],[-76.624963174999948,34.719915351000054],[-76.469545626999945,34.785223273000042],[-76.314348778999943,34.948978990000057],[-76.329044075999946,34.976120437000077],[-76.363653002999968,34.943275535000055],[-76.423699398999986,34.946410118000074],[-76.444674920999944,35.016821546000074],[-76.529426101999945,34.974797813000066],[-76.669712219999951,34.970158884000057],[-76.64670087899998,34.906495419000066],[-76.912772708999967,34.936629757000048],[-77.000858629999982,35.053046487000074],[-77.110260342999936,35.066195299000071],[-77.10434777599994,35.088145275000045],[-77.047552369999948,35.092314886000054],[-76.942910207999944,35.070194775000061],[-76.941155662999961,35.027587422000067],[-76.849125045999983,34.982380120000073],[-76.677662186999953,35.024247941000056],[-76.623872839999933,35.064513443000067],[-76.604874669999958,35.138726297000062],[-76.639741168999933,35.172686290000058],[-76.506775045999973,35.248932856000067],[-76.540627058999974,35.303854150000063],[-76.590859383999941,35.312247625000055],[-76.614167275999989,35.273086680000063],[-76.694552374999944,35.350594242000057],[-76.982853875999979,35.436663834000058],[-77.10344390399996,35.55034893100003],[-76.70502907499997,35.412101266000036],[-76.628421170999957,35.438063361000047],[-76.637852833999943,35.520501662000072],[-76.492188255999963,35.541952296000034],[-76.518595438999967,35.577810105000026],[-76.446173473999977,35.551031576000071],[-76.458082357999956,35.504591721000054],[-76.533401875999971,35.450365187000045],[-76.498451099999954,35.416383598000039],[-76.181252026999971,35.341701952000051],[-76.052608266999982,35.414774958000066],[-75.891121711999972,35.63143721800003],[-75.778672853999979,35.578859882000074],[-75.728988856999933,35.665346118000059],[-75.748584340999969,35.869507974000044],[-75.817681046999951,35.923684469000079],[-75.98749154799998,35.892868012000065],[-76.020844745999966,35.669259737000061],[-76.10438180999995,35.663804900000059],[-76.166946511999981,35.69700798000008],[-76.042704123999954,35.684014554000044],[-76.075551659999974,35.756964831000062],[-76.025686992999965,35.92058465100007],[-76.089281982999978,35.963073489000067],[-76.213420076999967,35.977037155000062],[-76.371139444999983,35.932505650000053],[-76.409128410999983,35.977628675000062],[-76.69688632499998,35.941705024000044],[-76.740794705999974,35.936787454000068],[-76.693430962999969,35.993130398000062],[-76.760344890999988,36.144750208000062],[-76.744736240999941,36.234073423000041],[-76.707168660999969,36.266288354000039],[-76.741022253999972,36.315321837000056],[-76.923760864999963,36.392598691000046],[-76.776318039999978,36.358484892000035],[-76.68840804599995,36.294673415000034],[-76.726179998999953,36.156979872000079],[-76.689822848999938,36.049769891000039],[-76.632875216999935,36.037277388000064],[-76.648684550999974,36.065867875000038],[-76.593666338999981,36.010292907000064],[-76.522672870999941,36.007329513000059],[-76.420085490999952,36.05876594700004],[-76.480191933999947,36.07995216300003],[-76.275161496999942,36.110530536000056],[-76.29858526999999,36.214387341000077],[-76.234633155999973,36.163519250000036],[-76.141587525999967,36.147848446000069],[-76.112358638999979,36.174577989000056],[-76.218558347999988,36.296764541000073],[-76.182821160999936,36.31539557900004],[-75.980981139999983,36.169886387000076],[-75.956825736999974,36.193931177000024],[-76.008619295999949,36.319753233000029],[-75.941575790999934,36.294497487000058],[-75.957155470999965,36.259612552000078],[-75.913406162999934,36.244960974000037],[-75.854797218999977,36.105828926000072],[-75.798480084999937,36.072982445000036],[-75.799686827999949,36.112978787000031],[-75.924234719999959,36.351106430000073],[-75.927768564999951,36.423400926000056],[-75.950900527999977,36.365628431000061],[-76.001257688999942,36.419070662000024],[-75.969411470999944,36.415275557000029],[-75.975721193999959,36.436370121000039],[-76.090717327999982,36.503720184000031],[-76.032861609999941,36.514527671000053],[-76.045611157999986,36.557106580000038],[-76.127050248999979,36.557315693000078],[-76.329916343999969,36.556209029000058],[-76.497228554999936,36.555964625000058],[-76.563255465999987,36.555404182000075],[-76.921313667999982,36.554309633000059],[-76.923816171999988,36.554298045000053],[-77.177042061999941,36.556437631000051],[-77.319746405999979,36.554068390000054],[-77.763638749999984,36.55358906400005],[-77.898568529999977,36.553092356000036],[-78.051381915999968,36.552621457000043],[-78.320969681999941,36.545675442000061],[-78.458529434999946,36.541623293000043],[-78.737115890999974,36.546214816000031],[-78.796428548999984,36.543673860000069],[-79.144062724999969,36.546198487000026],[-79.216803361999951,36.549921429000051],[-79.510047716999964,36.547795538000059],[-79.717201410999962,36.548027827000055],[-80.023822123999935,36.545162932000039],[-80.047863226999937,36.547272494000026],[-80.435091847999956,36.55118137200003],[-80.610841251999943,36.557430520000025],[-80.837953348999974,36.563568529000065],[-80.903240728999947,36.565342035000072],[-81.345120956999949,36.572988077000048],[-81.669834914999967,36.589767652000035],[-81.702632937999965,36.519460516000038],[-81.698115156999961,36.471899776000043],[-81.740907919999984,36.391907618000062],[-81.740213159999939,36.361982392000073],[-81.709289776999981,36.333850162000033],[-81.730324819999964,36.32946722500003],[-81.830410223999934,36.334778791000076],[-81.910993900999983,36.29087515100008],[-81.93295177899995,36.263444001000039],[-82.020295007999948,36.129834211000059],[-82.077601870999956,36.100260315000071],[-82.117925840999987,36.09637461300008],[-82.153901110999982,36.139737826000044],[-82.20758458399996,36.147127350000062],[-82.262159814999961,36.120487352000055],[-82.311783764999973,36.122260332000053],[-82.373713227999986,36.098807062000049],[-82.40828264999999,36.075426481000079],[-82.475055413999939,35.993284204000076],[-82.50679417799995,35.972650530000067],[-82.554005168999936,35.956215965000069],[-82.599165064999966,35.963405857000055],[-82.605666517999964,36.003653977000056],[-82.592094213999985,36.022556282000039],[-82.604264357999966,36.043094090000068],[-82.627908830999957,36.054446218000066],[-82.643755563999946,36.051828887000056],[-82.763095129999954,35.999649760000068],[-82.773463322999987,35.987607086000025],[-82.776308201999939,35.956677382000066],[-82.808535246999952,35.920974959000034],[-82.856137072999957,35.947528574000046],[-82.895841604999987,35.948462469000049],[-82.913938536999979,35.927969960000041],[-82.906689123999968,35.872317036000027],[-82.962619636999989,35.791951952000034],[-82.986874065999984,35.774090996000041],[-83.059828556999946,35.782676728000069],[-83.11805772799994,35.763907686000039],[-83.143533121999951,35.762782060000063],[-83.185220799999968,35.728983247000031],[-83.243724397999983,35.718313236000029],[-83.25317765799997,35.700803611000026],[-83.258998572999985,35.691107001000034],[-83.298291727999981,35.656423278000034],[-83.342902768999977,35.653355591000036],[-83.386972329999935,35.625313432000041],[-83.458173329999966,35.597373459000039],[-83.505683504999979,35.559645225000054],[-83.560922417999961,35.555268608000063],[-83.613750478999975,35.571830643000055],[-83.672766059999958,35.565062137000041],[-83.775774826999964,35.55269288900007],[-83.830098279999959,35.519149541000047],[-83.881125442999974,35.510671789000071],[-83.909912401999975,35.476564311000061],[-83.954607719999956,35.45554454300003],[-84.012556668999935,35.407706741000027],[-84.006217449999951,35.372943482000039],[-84.029115016999981,35.325373787000046],[-84.030771588999983,35.29260578800006],[-84.042689954999958,35.272658447000026],[-84.101560684999981,35.245633934000068],[-84.179642911999963,35.24106927400004],[-84.225863119999985,35.261682932000042],[-84.290959295999983,35.21062205700008],[-84.323773646999939,34.989090686000054],[-84.118152216999988,34.988306909000073],[-83.988454465999951,34.989151787000026]]],[[[-75.901631068999961,36.556352300000071],[-75.782806119999975,36.225355482000055],[-75.740492156999949,36.050488881000035],[-75.702358866999987,36.050027990000046],[-75.544578924999939,35.788538202000041],[-75.772788203999937,36.229418166000073],[-75.877811193999946,36.556028360000028],[-75.901631068999961,36.556352300000071]]],[[[-75.490823815999988,35.670677700000056],[-75.475020274999963,35.564674989000025],[-75.52108035599997,35.281534934000035],[-75.691171604999965,35.235164608000048],[-75.748898799999949,35.190001552000069],[-75.525893633999942,35.228094284000065],[-75.456580440999971,35.617577319000077],[-75.533232590999944,35.769034369000053],[-75.490823815999988,35.670677700000056]]],[[[-76.543919133999964,34.587994264000031],[-76.468904066999983,34.693446541000071],[-76.287339014999986,34.877175408000028],[-76.37431879899998,34.813033670000038],[-76.431938540999965,34.760847696000042],[-76.484125568999957,34.697795240000062],[-76.537395557999957,34.614086461000056],[-76.554791408999961,34.610824937000075],[-76.543919133999964,34.587994264000031]]],[[[-76.026819466999939,36.556870078000031],[-75.975936100999945,36.518079425000053],[-75.976927410999963,36.478170520000049],[-75.924450152999952,36.474131539000041],[-75.911564707999958,36.542684658000042],[-75.998314836999953,36.556805290000057],[-76.026819466999939,36.556870078000031]]],[[[-76.016627728999936,35.069605362000061],[-76.002497615999971,35.069605362000061],[-75.903562594999983,35.132664138000052],[-75.811150096999938,35.164194317000067],[-75.763311768999984,35.192458230000057],[-75.853549389999955,35.167455315000041],[-75.975312976999987,35.116354935000061],[-76.016627728999936,35.069605362000061]]]]},"properties":{"objectid":39,"ss6.gdb.States.area":49048.023999999998,"state_name":"North Carolina","sub_region":"S Atl","state_abbr":"NC","pop2000":8049313,"pop00_sqmi":164,"st_area(shape)":12.6281361886284,"st_length(shape)":34.583494376471762}},{"type":"Feature","id":40,"geometry":{"type":"Polygon","coordinates":[[[-83.954607719999956,35.45554454300003],[-83.909912401999975,35.476564311000061],[-83.881125442999974,35.510671789000071],[-83.830098279999959,35.519149541000047],[-83.775774826999964,35.55269288900007],[-83.672766059999958,35.565062137000041],[-83.613750478999975,35.571830643000055],[-83.560922417999961,35.555268608000063],[-83.505683504999979,35.559645225000054],[-83.458173329999966,35.597373459000039],[-83.386972329999935,35.625313432000041],[-83.342902768999977,35.653355591000036],[-83.298291727999981,35.656423278000034],[-83.258998572999985,35.691107001000034],[-83.25317765799997,35.700803611000026],[-83.243724397999983,35.718313236000029],[-83.185220799999968,35.728983247000031],[-83.143533121999951,35.762782060000063],[-83.11805772799994,35.763907686000039],[-83.059828556999946,35.782676728000069],[-82.986874065999984,35.774090996000041],[-82.962619636999989,35.791951952000034],[-82.906689123999968,35.872317036000027],[-82.913938536999979,35.927969960000041],[-82.895841604999987,35.948462469000049],[-82.856137072999957,35.947528574000046],[-82.808535246999952,35.920974959000034],[-82.776308201999939,35.956677382000066],[-82.773463322999987,35.987607086000025],[-82.763095129999954,35.999649760000068],[-82.643755563999946,36.051828887000056],[-82.627908830999957,36.054446218000066],[-82.604264357999966,36.043094090000068],[-82.592094213999985,36.022556282000039],[-82.605666517999964,36.003653977000056],[-82.599165064999966,35.963405857000055],[-82.554005168999936,35.956215965000069],[-82.50679417799995,35.972650530000067],[-82.475055413999939,35.993284204000076],[-82.40828264999999,36.075426481000079],[-82.373713227999986,36.098807062000049],[-82.311783764999973,36.122260332000053],[-82.262159814999961,36.120487352000055],[-82.20758458399996,36.147127350000062],[-82.153901110999982,36.139737826000044],[-82.117925840999987,36.09637461300008],[-82.077601870999956,36.100260315000071],[-82.020295007999948,36.129834211000059],[-81.93295177899995,36.263444001000039],[-81.910993900999983,36.29087515100008],[-81.830410223999934,36.334778791000076],[-81.730324819999964,36.32946722500003],[-81.709289776999981,36.333850162000033],[-81.740213159999939,36.361982392000073],[-81.740907919999984,36.391907618000062],[-81.698115156999961,36.471899776000043],[-81.702632937999965,36.519460516000038],[-81.669834914999967,36.589767652000035],[-81.65227208999994,36.607673907000049],[-81.828897975999951,36.61159648000006],[-81.918293879999965,36.613608597000052],[-81.929303105999963,36.595950433000041],[-82.154181331999951,36.595150327000056],[-82.216661229999943,36.594072106000056],[-82.296857759999966,36.59180083800004],[-82.61083902699994,36.591545373000031],[-82.849822608999943,36.591041290000078],[-82.986697083999957,36.591289908000078],[-83.210926375999975,36.588089484000079],[-83.248388609999949,36.589935680000053],[-83.275031241999955,36.600467686000059],[-83.464209678999964,36.598840085000063],[-83.675176912999973,36.598703661000059],[-83.695608847999949,36.58424960800005],[-83.935600068999975,36.591290961000027],[-84.006746814999985,36.592087907000064],[-84.254488370999979,36.595452671000032],[-84.256777547999945,36.595498497000051],[-84.781870899999944,36.605076065000048],[-84.791057106999972,36.605438457000048],[-84.998460997999985,36.620982845000071],[-85.272498068999937,36.625617033000026],[-85.300094612999942,36.626101100000028],[-85.437374670999986,36.618199066000045],[-85.785476584999969,36.626685246000079],[-85.980610780999939,36.63311243000004],[-86.198992293999936,36.643290473000036],[-86.415443860999972,36.650932301000068],[-86.51066805499994,36.655073994000077],[-86.770534981999958,36.652100592000068],[-87.068183868999938,36.650811152000074],[-87.112702731999946,36.651307861000078],[-87.346610724999948,36.64927730900007],[-87.640655185999947,36.645216732000051],[-87.693528544999936,36.644488788000046],[-87.853537616999972,36.641522233000046],[-87.870711186999984,36.669423228000028],[-88.071341304999976,36.679683441000066],[-88.041091084999948,36.582721031000062],[-88.035079492999955,36.538200061000055],[-88.042763459999946,36.496570323000071],[-88.496025839999959,36.498207406000063],[-88.512681105999945,36.499546886000076],[-88.81071872199999,36.499045964000061],[-88.826359501999946,36.49990822400008],[-88.830372672999943,36.499854497000058],[-89.346667493999973,36.50261088600007],[-89.414784477999945,36.502679361000048],[-89.448591191999981,36.45644229800007],[-89.470907773999954,36.446017218000065],[-89.49206449199994,36.465524738000056],[-89.475897506999956,36.498608776000026],[-89.533272317999945,36.498170008000045],[-89.516098220999936,36.47187238600003],[-89.545258104999959,36.441023272000052],[-89.520080314999973,36.401122795000049],[-89.519408730999942,36.355996083000036],[-89.544632346999947,36.345788017000075],[-89.605768551999972,36.354816730000039],[-89.622874173999946,36.334847266000054],[-89.606844138999975,36.308103501000062],[-89.542313145999969,36.280932030000031],[-89.535454041999969,36.264605445000029],[-89.541725312999972,36.257346024000071],[-89.618158868999956,36.240966239000045],[-89.670666149999988,36.254962035000062],[-89.694622975999948,36.252204066000047],[-89.695737013999974,36.240862999000058],[-89.676868945999956,36.220935674000032],[-89.618639248999955,36.183811601000059],[-89.589532037999959,36.152089166000053],[-89.58950148699995,36.129861601000073],[-89.667468359999987,36.099386467000045],[-89.678248983999936,36.083040919000041],[-89.688922681999941,36.025867319000042],[-89.721836584999949,35.999951051000039],[-89.713215035999951,35.966397695000069],[-89.664271096999983,35.937894645000029],[-89.645479405999936,35.913873558000034],[-89.649416200999951,35.894361824000043],[-89.664728826999976,35.885721839000041],[-89.714763627999957,35.911501157000032],[-89.738056770999947,35.915087149000044],[-89.76299015799998,35.896887504000063],[-89.766354921999948,35.884176934000038],[-89.75779447299999,35.87149322700003],[-89.701518424999961,35.842113169000072],[-89.700907941999958,35.827590640000039],[-89.736019371999987,35.807113933000039],[-89.759877170999971,35.817497401000026],[-89.790464499999985,35.805630129000065],[-89.799986233999959,35.77430010900008],[-89.827124520999973,35.758347503000039],[-89.859955200999991,35.748269013000026],[-89.90986832699997,35.754913737000038],[-89.951121450999949,35.734345379000047],[-89.952121188999968,35.712563956000054],[-89.929827255999953,35.676344283000049],[-89.893487487999948,35.656050352000079],[-89.865265185999988,35.673384049000049],[-89.857330494999985,35.671141224000053],[-89.849280976999978,35.645300805000034],[-89.863922545999969,35.629824891000055],[-89.877525926999965,35.63341457000007],[-89.957133570999986,35.603183839000053],[-89.958118032999948,35.578674472000046],[-89.921747186999937,35.54613981600005],[-89.931261546999963,35.52931336100005],[-89.94763448499998,35.526983099000063],[-89.962359805999938,35.532373148000033],[-89.989674020999985,35.561756893000052],[-90.033139946999938,35.55249483700004],[-90.040990887999953,35.542927804000044],[-90.041906347999941,35.512521672000048],[-89.999653485999943,35.445537161000061],[-90.046873430999938,35.41718686400003],[-90.06038568699995,35.413494473000071],[-90.074027519999959,35.426590084000054],[-90.074935078999943,35.472426304000066],[-90.082320387999971,35.47828935800004],[-90.102050715999951,35.473650956000029],[-90.137368624999965,35.44260747800007],[-90.172769756999969,35.423801565000076],[-90.167910126999971,35.384339855000064],[-90.140260382999941,35.383130479000044],[-90.132561667999937,35.407685145000073],[-90.112335685999938,35.417774697000027],[-90.085250598999949,35.41836569000003],[-90.075568736999969,35.406612719000066],[-90.087226896999937,35.381592948000048],[-90.105713083999945,35.366067522000037],[-90.098793404999981,35.345678252000027],[-90.106438393999952,35.314772251000079],[-90.157083676999946,35.306330844000058],[-90.169840072999989,35.282653713000059],[-90.15221614699999,35.264144877000035],[-90.106033863999983,35.263935238000045],[-90.09019503199994,35.254486192000059],[-90.069053588999964,35.212826957000061],[-90.073394913999948,35.191922543000032],[-90.062522638999951,35.167005485000061],[-90.064628512999946,35.147474789000057],[-90.083016200999964,35.125140298000076],[-90.143823724999947,35.136626216000025],[-90.164568538999958,35.129702851000047],[-90.17843897299997,35.108737863000044],[-90.169176917999948,35.077919826000027],[-90.195803747999946,35.040990645000079],[-90.291906003999941,35.048551356000075],[-90.305448283999965,35.000788877000048],[-89.717269818999966,34.999261354000055],[-89.646558678999952,35.000733044000071],[-89.342373047999956,34.999804942000026],[-89.198134858999936,35.000883689000034],[-89.006196346999957,35.000234755000065],[-88.812548061999962,35.002438602000041],[-88.785043169999938,35.003182348000053],[-88.383146114999988,35.005041712000036],[-88.351727603999962,35.003832335000027],[-88.19399348799999,35.004453879000039],[-88.194962148999934,35.013543693000031],[-87.986078139999961,35.016033555000035],[-87.607812917999979,35.010546588000068],[-87.222763913999984,35.007346164000069],[-87.207588237999971,35.007960334000074],[-86.833422043999974,34.998245815000075],[-86.782372229999964,34.997075417000076],[-86.313052424999967,34.995272940000063],[-86.303500665999991,34.995463617000041],[-85.869567770999936,34.992384341000047],[-85.608960258999957,34.990164166000056],[-85.467383647999952,34.990123607000044],[-85.359944011999971,34.98997822900003],[-85.267717449999964,34.989149680000025],[-84.972793346999936,34.992629272000045],[-84.967857340999956,34.992682998000078],[-84.800417133999986,34.992832063000037],[-84.771134521999954,34.99075726600006],[-84.618684580999968,34.988759898000069],[-84.323773646999939,34.989090686000054],[-84.290959295999983,35.21062205700008],[-84.225863119999985,35.261682932000042],[-84.179642911999963,35.24106927400004],[-84.101560684999981,35.245633934000068],[-84.042689954999958,35.272658447000026],[-84.030771588999983,35.29260578800006],[-84.029115016999981,35.325373787000046],[-84.006217449999951,35.372943482000039],[-84.012556668999935,35.407706741000027],[-83.954607719999956,35.45554454300003]]]},"properties":{"objectid":40,"ss6.gdb.States.area":42091.813000000002,"state_name":"Tennessee","sub_region":"E S Cen","state_abbr":"TN","pop2000":5689283,"pop00_sqmi":135,"st_area(shape)":10.876611889909027,"st_length(shape)":21.4603345529117}},{"type":"Feature","id":46,"geometry":{"type":"MultiPolygon","coordinates":[[[[-81.759593737999978,33.195381185000031],[-81.763408330999937,33.169834682000044],[-81.740374866999957,33.144696923000026],[-81.704279501999963,33.122938677000036],[-81.610962077999943,33.087875707000023],[-81.595825379999951,33.070790101000057],[-81.560034992999988,33.060814850000042],[-81.547659950999957,33.043683944000065],[-81.529600943999981,33.043927821000068],[-81.508749203999969,33.012793219000059],[-81.492734969999958,33.004813229000035],[-81.497899577999988,32.959675982000078],[-81.509840065999981,32.955418934000079],[-81.510236694999946,32.947221404000061],[-81.477048363999984,32.897571644000038],[-81.465031499999952,32.897728083000061],[-81.483204807999982,32.876092039000071],[-81.458539000999963,32.871400437000034],[-81.455319087999953,32.844576609000057],[-81.432331449999936,32.84168169000003],[-81.423961677999955,32.831771754000044],[-81.430309325999986,32.820304798000052],[-81.420833416999983,32.809494677000032],[-81.430240323999953,32.786153601000024],[-81.416071758999976,32.756728244000044],[-81.423037789999967,32.749812779000024],[-81.407626137999955,32.74180592600004],[-81.420535285999961,32.701566760000048],[-81.407191583999975,32.68670185600007],[-81.399478119999969,32.650815077000061],[-81.412105466999947,32.625608843000066],[-81.384906605999959,32.595883248000064],[-81.366267666999988,32.588364676000026],[-81.366702747999966,32.581979630000035],[-81.351489146999938,32.583528222000041],[-81.340404071999956,32.571360186000049],[-81.298983445999966,32.56728696700003],[-81.274302363999936,32.554813953000064],[-81.267985266999972,32.53393008200004],[-81.236239654999963,32.520613770000068],[-81.195157191999954,32.464560529000039],[-81.199926749999975,32.420316620000051],[-81.178252780999969,32.386829632000058],[-81.179122941999935,32.371781426000041],[-81.157478996999942,32.338740580000035],[-81.141884041999958,32.348467213000049],[-81.131889828999988,32.332618373000059],[-81.124048369999969,32.276644669000063],[-81.148173222999958,32.257713394000064],[-81.147692315999961,32.224446580000063],[-81.114717838999979,32.190592987000059],[-81.119112363999989,32.117614266000032],[-81.104875850999974,32.105446230000041],[-80.89291467399994,32.068173619000049],[-80.780561681999984,32.248123711000062],[-80.821866425999985,32.400710075000063],[-80.867176967999967,32.532694896000066],[-80.830517472999986,32.516281399000036],[-80.784786598999972,32.505052000000035],[-80.799381816999983,32.473307968000029],[-80.741963286999976,32.360212810000064],[-80.678014332999965,32.28566548200007],[-80.626027989999955,32.272821648000047],[-80.46039236699994,32.318685258000073],[-80.442797410999958,32.373507526000026],[-80.486072132999936,32.431030876000079],[-80.643558157999962,32.498460475000059],[-80.646411464999971,32.518879768000033],[-80.538882284999943,32.509865803000025],[-80.550394539999957,32.557841609000036],[-80.48070736699998,32.510434147000069],[-80.399802909999948,32.504959821000057],[-80.415992544999938,32.669160626000064],[-80.390868481999973,32.655401859000051],[-80.34717395399997,32.511955349000061],[-80.290654028999938,32.504070698000078],[-80.210803034999969,32.561600895000026],[-79.996617468999943,32.605787391000035],[-79.896393534999959,32.677421364000054],[-79.891655053999955,32.734029781000061],[-79.947983775999944,32.810799392000035],[-79.962119155999972,32.90441020600008],[-79.930250288999957,32.914221116000078],[-79.907140974999948,32.859389893000071],[-79.799859884999989,32.929956182000069],[-79.907485984999937,32.790707726000051],[-79.752320740999949,32.79423577700004],[-79.606812074999937,32.89924349100005],[-79.587645876999943,32.925106560000074],[-79.617233994999935,32.980968070000074],[-79.582357487999957,33.016013131000079],[-79.410618620999969,33.013868279000064],[-79.287877419999973,33.104697947000034],[-79.297834234999982,33.138961338000058],[-79.348754999999983,33.154994534000025],[-79.229562391999934,33.14150598100008],[-79.201911594999956,33.183688261000043],[-79.270846066999979,33.297037830000079],[-79.158115407999958,33.342433702000051],[-79.150150166999936,33.317256438000072],[-79.120865972999979,33.430778776000068],[-79.000695750999967,33.572629287000041],[-78.854881053999975,33.716362340000046],[-78.585931160999962,33.85353178400004],[-78.622591708999948,33.865708248000033],[-78.579453409999985,33.88216441000003],[-78.655452938999986,33.948844996000048],[-79.074257563999936,34.304738329000031],[-79.446913090999942,34.619222099000069],[-79.455740592999973,34.634251870000071],[-79.66728249099998,34.800820335000026],[-79.685738653999977,34.805412912000065],[-79.919736717999967,34.808073962000037],[-80.325065430999985,34.814916737000033],[-80.56133476399998,34.815379735000079],[-80.799855875999981,34.816259904000049],[-80.785444487999939,34.940788307000048],[-80.839959143999977,35.002166282000076],[-80.89451014499997,35.059880835000058],[-80.927592075999939,35.101394692000042],[-81.039685389999988,35.037345133000031],[-81.065349880999975,35.066625112000054],[-81.028240556999947,35.105551135000042],[-81.048839991999955,35.132153208000034],[-81.049099143999968,35.151672843000028],[-81.322625812999945,35.163891973000034],[-81.36198006799998,35.162986520000061],[-81.765181310999935,35.182596226000044],[-81.870416573999989,35.183237786000063],[-81.971272585999941,35.188400286000046],[-82.210010184999987,35.193240954000032],[-82.278165620999971,35.195121387000029],[-82.320608632999949,35.184303892000059],[-82.350699778999967,35.192787964000047],[-82.359962361999976,35.183064491000039],[-82.371215990999985,35.182839577000038],[-82.389450926999984,35.208356582000079],[-82.437761206999937,35.169676017000029],[-82.466586089999964,35.173617026000045],[-82.524479732999964,35.154677323000044],[-82.569876130999944,35.149607527000057],[-82.654343930999971,35.119573794000075],[-82.685900445999948,35.121580643000073],[-82.68788464499994,35.097918261000075],[-82.697208328999977,35.091349386000047],[-82.771201008999981,35.085537425000041],[-82.887556110999981,35.055473142000039],[-83.007146400999943,35.024293240000077],[-83.106156743999975,35.000366965000069],[-83.100450129999956,34.98416205500007],[-83.115542055999981,34.954687184000079],[-83.12140194899996,34.960893141000042],[-83.127314515999956,34.954374306000034],[-83.113101178999955,34.936125148000031],[-83.125636347999944,34.940790414000048],[-83.137562086999935,34.930475947000048],[-83.155025886999965,34.932280004000063],[-83.158352726999965,34.917651076000027],[-83.182180502999984,34.910647647000076],[-83.203513149999935,34.884169882000037],[-83.21942835699997,34.889182264000056],[-83.23280366299997,34.873821179000061],[-83.243072830999949,34.878081914000063],[-83.235688047999986,34.862384773000031],[-83.250306441999953,34.85016617000008],[-83.250421268999958,34.839710540000056],[-83.267770767999934,34.839230160000056],[-83.270113671999979,34.815079497000056],[-83.302753674999963,34.805531426000073],[-83.322690481999985,34.787244344000044],[-83.323424219999936,34.752233521000051],[-83.350333904999957,34.727381777000062],[-83.350685234999958,34.70964723700007],[-83.339789782999958,34.677692513000068],[-83.298894835999988,34.662945596000043],[-83.236987495999983,34.613321647000078],[-83.16487893599998,34.598937122000052],[-83.158950567999966,34.576831759000072],[-83.137366142999952,34.567867834000026],[-83.108120927999948,34.535016612000049],[-83.079021090999959,34.518972355000074],[-83.054994736999959,34.490061614000069],[-83.007949666999934,34.470828522000033],[-82.981962815999964,34.476497212000027],[-82.905055201999971,34.477985230000058],[-82.868042795999941,34.457542760000024],[-82.844092817999979,34.412675200000024],[-82.836439401999939,34.371045989000038],[-82.808583179999971,34.339899798000033],[-82.782870229999958,34.290515511000024],[-82.764170189999959,34.280960066000034],[-82.758027967999965,34.233372989000031],[-82.742593665999948,34.205553637000037],[-82.735780913999974,34.169795908000026],[-82.660355522999964,34.108356305000029],[-82.602943840999956,34.034636473000035],[-82.596138462999988,34.01342023400008],[-82.573608553999975,33.968904531000078],[-82.576614613999936,33.95928798500006],[-82.51753845799999,33.931029865000028],[-82.456630854999958,33.878224981000074],[-82.424525484999947,33.860254465000025],[-82.390596568999968,33.854140159000053],[-82.365708481999945,33.836009517000036],[-82.351311841999973,33.835392187000025],[-82.311118501999943,33.803914155000029],[-82.30551038599998,33.782647877000045],[-82.266217757999982,33.761595978000059],[-82.234898272999942,33.690339671000061],[-82.214206658999956,33.680734713000049],[-82.192187679999961,33.623839754000073],[-82.167132091999974,33.615215044000024],[-82.138978792999978,33.593906627000024],[-82.116403057999946,33.594776789000036],[-82.06568139899997,33.573865001000058],[-82.038543111999957,33.547505751000074],[-82.020140675999983,33.538731975000076],[-81.996534653999959,33.520490719000065],[-81.98091704899997,33.490736681000044],[-81.93638343799995,33.471019521000073],[-81.91663783499996,33.451332912000055],[-81.92727360799995,33.436143014000038],[-81.913563826999962,33.415441920000035],[-81.940336034999973,33.408163537000064],[-81.925809292999986,33.376559616000065],[-81.945066087999976,33.377146922000065],[-81.936712118999935,33.350437395000029],[-81.911412652999957,33.349495598000033],[-81.912091610999937,33.332196665000026],[-81.893483221999986,33.335236962000067],[-81.876873780999972,33.306837679000068],[-81.865544301999989,33.315668341000048],[-81.84010735999999,33.308344659000056],[-81.860714696999935,33.297091556000055],[-81.82657298099997,33.269424957000069],[-81.839840833999972,33.273308026000052],[-81.836796322999987,33.260613258000035],[-81.85396304599999,33.243500788000063],[-81.810764699999936,33.226442572000053],[-81.801563744999953,33.207926888000031],[-81.779834468999979,33.217368032000024],[-81.769878179999978,33.213881593000053],[-81.759593737999978,33.195381185000031]]],[[[-80.767804758999944,32.258648343000061],[-80.819267003999983,32.104698270000029],[-80.666616378999947,32.220113156000025],[-80.719083627999964,32.272204845000033],[-80.767804758999944,32.258648343000061]]]]},"properties":{"objectid":46,"ss6.gdb.States.area":30867.398000000001,"state_name":"South Carolina","sub_region":"S Atl","state_abbr":"SC","pop2000":4012012,"pop00_sqmi":130,"st_area(shape)":7.7945039929455309,"st_length(shape)":16.127081398813139}},{"type":"Feature","id":41,"geometry":{"type":"MultiPolygon","coordinates":[[[[-105.99888666799995,31.393940311000051],[-105.77024968199999,31.170908807000046],[-105.60373388999994,31.086558469000067],[-105.55489687799997,30.99841882100003],[-105.40957520199998,30.902645245000031],[-105.39082143499996,30.853217240000049],[-105.31428832699999,30.816644656000051],[-105.28810395199997,30.832086331000028],[-105.25869176299994,30.797790810000038],[-105.21484395599998,30.812223794000033],[-105.06105980399997,30.688010904000066],[-104.99803895199994,30.684474952000073],[-104.98742582799997,30.641467283000054],[-104.89116923999995,30.570700310000063],[-104.85348577799999,30.392411530000061],[-104.80696006599999,30.376595875000078],[-104.81444440099995,30.350618505000057],[-104.70309746699996,30.238641600000051],[-104.67524071699995,30.149120333000042],[-104.69697736799998,30.057462642000075],[-104.67485198899999,29.909448839000049],[-104.57804127899999,29.808107179000046],[-104.53572994899997,29.679643035000026],[-104.37807378999997,29.550794376000056],[-104.20521192999996,29.484228618000031],[-104.16485899099996,29.400905407000039],[-104.04610515099995,29.32831330700003],[-103.78746287599995,29.267457851000074],[-103.76822925699997,29.281438372000025],[-103.78262536899996,29.229994563000048],[-103.74031930699999,29.230548158000033],[-103.72077912999998,29.190832564000061],[-103.52669681799995,29.146848334000026],[-103.47453138599997,29.07233840300006],[-103.37590344999995,29.032314671000051],[-103.33597084199994,29.050544866000052],[-103.28080040399999,28.986582744000032],[-103.26703742399997,29.007662033000031],[-103.15391171499999,28.978891403000034],[-102.98853945899998,29.191067487000055],[-102.86660942499998,29.22924133600003],[-102.90876378799999,29.269406759000049],[-102.88344852099999,29.353572214000053],[-102.82263994299996,29.412045262000049],[-102.80516034099998,29.530344005000075],[-102.67679048199994,29.74441895800004],[-102.63803933399998,29.732532723000077],[-102.57692577899996,29.778441632000067],[-102.55237374599994,29.749694706000071],[-102.50352093199996,29.785649960000057],[-102.38521534099999,29.768141914000068],[-102.36798014299995,29.845483556000033],[-102.32475071999994,29.880308970000044],[-102.06440288699997,29.784768737000036],[-101.97372438999997,29.818971554000029],[-101.92462717199999,29.788701318000051],[-101.81949883599998,29.814324724000073],[-101.80560469899996,29.780199864000053],[-101.75949141799998,29.787367633000031],[-101.64006441499998,29.757163239000079],[-101.58188106999995,29.765353922000031],[-101.54434403899995,29.810322614000029],[-101.53873592399998,29.763222237000036],[-101.47085596899996,29.788895156000024],[-101.44881381399995,29.760791896000057],[-101.40166339799998,29.770111365000048],[-101.41648721699994,29.745640976000061],[-101.36878689199995,29.65737280500008],[-101.30624747299998,29.652643805000025],[-101.30931357999998,29.581124659000068],[-101.25496905799997,29.628964041000074],[-101.26181183399996,29.526692172000025],[-101.06773794999998,29.473776147000024],[-101.00943134899995,29.373482685000056],[-100.79735745199997,29.242736210000032],[-100.76897449699999,29.166807264000056],[-100.66913244399996,29.080312599000024],[-100.64758488999996,28.922595866000052],[-100.59014897799995,28.894469430000072],[-100.49826426499999,28.661243555000055],[-100.40352677199996,28.589991988000065],[-100.41988443399998,28.544451265000077],[-100.34615195999999,28.50107225000005],[-100.37712011599996,28.478913161000037],[-100.35191862199997,28.394446942000059],[-100.29323909599998,28.320627557000023],[-100.29826622599995,28.28062226000003],[-100.22380844199995,28.241727315000048],[-100.21441628299999,28.202206085000057],[-100.09726265499995,28.154555273000028],[-99.993643406999979,28.003739782000025],[-99.942189062999944,27.987161946000072],[-99.875062861999936,27.797971921000055],[-99.816055180999967,27.780394873000034],[-99.714817813999957,27.661849093000058],[-99.549507184999982,27.612919902000044],[-99.527061553999943,27.504579554000031],[-99.490813436999986,27.491051496000068],[-99.543908023999961,27.318953925000073],[-99.465590347999978,27.270186441000078],[-99.437474972999951,27.199502692000067],[-99.455381227999965,27.028957927000079],[-99.393032485999981,26.995861774000048],[-99.39083495999995,26.946943645000033],[-99.285837252999954,26.857678897000028],[-99.166128447999938,26.58022070100003],[-99.168989129999943,26.546061604000045],[-99.101780758999951,26.488676784000063],[-99.107036490999974,26.419869254000048],[-98.939576794999937,26.395651170000065],[-98.909203319999961,26.360671423000042],[-98.820136622999939,26.375413599000069],[-98.678219215999945,26.242404811000029],[-98.600268145999962,26.260803033000059],[-98.488815337999938,26.201894905000074],[-98.453689159999954,26.221261788000049],[-98.384815788999958,26.156383152000046],[-98.347484183999939,26.159032614000068],[-98.328226334999954,26.112000712000054],[-98.292566050999937,26.133162171000038],[-98.271645834999958,26.121249600000056],[-98.29223789699995,26.098458959000027],[-98.200979467999957,26.055732038000031],[-98.083498212999984,26.066113399000074],[-98.076631733999989,26.034982484000068],[-98.040352539999958,26.059750477000023],[-97.867707694999979,26.060496329000046],[-97.648240059999978,26.02380101600005],[-97.613189204999969,25.962358780000045],[-97.575200764999977,25.95452943600003],[-97.590353264999976,25.933589204000043],[-97.434607035999989,25.845557536000058],[-97.385899072999962,25.845721877000074],[-97.381245921999948,25.917379553000046],[-97.304689637999957,25.939022445000035],[-97.307398619999958,25.965482301000065],[-97.172474633999968,25.954927118000057],[-97.213347984999984,26.009425446000023],[-97.276575315999992,26.002633237000055],[-97.253373297999985,26.068672263000053],[-97.353619880999986,26.182802449000064],[-97.368955156999959,26.359409373000062],[-97.421446635999985,26.385407812000039],[-97.474968402999991,26.477150834000042],[-97.426115588999949,26.51856987900004],[-97.451958114999968,26.601326853000046],[-97.495837524999956,26.794117092000079],[-97.558317423999938,26.846386816000063],[-97.56883204799999,26.978188862000025],[-97.479260215999943,26.996837809000056],[-97.50376747599995,27.081868685000074],[-97.42748140499998,27.265455334000023],[-97.548424342999965,27.230529841000077],[-97.785017615999948,27.288040550000062],[-97.680279060999965,27.294693175000077],[-97.750349694999954,27.419982706000042],[-97.600382768999964,27.300455097000054],[-97.528650295999967,27.34442036400003],[-97.507808563999959,27.43953183800005],[-97.500702948999958,27.319987900000058],[-97.412528536999957,27.321344762000024],[-97.331727318999981,27.562636484000052],[-97.250061206999987,27.689142765000042],[-97.309480264999991,27.708173066000029],[-97.347772102999954,27.631752152000047],[-97.399485071999948,27.633498269000029],[-97.35363199599999,27.641112707000048],[-97.320283538999945,27.690944189000049],[-97.349778951999951,27.715637386000026],[-97.318063362999965,27.712534934000075],[-97.396830341999987,27.771145986000079],[-97.38881190099994,27.831730175000075],[-97.480083497999942,27.820585053000059],[-97.499805923999986,27.843544248000057],[-97.52196975399994,27.863927197000066],[-97.496952616999977,27.875769712000078],[-97.479625767999948,27.853264034000063],[-97.34588903599996,27.873480535000056],[-97.361315435999984,27.84025796700007],[-97.283754146999968,27.871447876000047],[-97.213608717999989,27.831414663000032],[-97.247292702999971,27.822624559000076],[-97.195732486999987,27.812525526000059],[-97.114891236999938,27.915687045000027],[-97.024071049999975,28.020532526000068],[-97.026673105999976,28.10804114900003],[-97.123345812999958,28.054559941000036],[-97.236483108999948,28.040814342000033],[-97.270563723999942,28.026227552000023],[-97.24150339199997,28.048947084000076],[-97.260554234999972,28.065017678000061],[-97.157327401999964,28.116672180000023],[-97.16826077799999,28.159749377000026],[-97.135682929999973,28.162099129000069],[-97.132104838999965,28.130716962000065],[-97.023835599999984,28.200083881000069],[-97.033883013999969,28.137687734000053],[-96.975372040999957,28.11533638700007],[-96.941337251999983,28.187059379000061],[-96.975571145999936,28.211037274000034],[-96.912985900999956,28.25708260600004],[-96.951171338999984,28.114646368000024],[-96.803951846999951,28.211734140000033],[-96.77819412499997,28.229635654000049],[-96.793598402999976,28.271656754000048],[-96.786532819999991,28.31314216800007],[-96.788493315999972,28.352752942000052],[-96.853756465999936,28.405277605000038],[-96.775622092999981,28.391911780000044],[-96.759362928999963,28.411192279000034],[-96.788599188999967,28.446534417000066],[-96.824138324999979,28.44991972400004],[-96.787355574999935,28.477785428000061],[-96.741029493999974,28.403738494000038],[-96.704071341999963,28.396166722000032],[-96.702622302999941,28.340479559000073],[-96.661567755999954,28.306546956000034],[-96.390975511999955,28.434338991000061],[-96.47675434699994,28.499733297000034],[-96.518755430999988,28.461106458000074],[-96.563449695999964,28.469906570000035],[-96.486832837999941,28.506500223000046],[-96.566958257999943,28.574374384000066],[-96.610599585999978,28.559217144000058],[-96.60695986799999,28.62390879000003],[-96.660267780999959,28.679347861000053],[-96.646770799999956,28.714413465000064],[-96.591753640999968,28.717630744000076],[-96.576738617999979,28.690961248000065],[-96.572465241999964,28.80844197700003],[-96.570810775999973,28.692113211000049],[-96.570650649999948,28.636540877000073],[-96.511986397999976,28.649815577000027],[-96.512147051999989,28.608456052000065],[-96.483520746999943,28.598330156000031],[-96.454634762999945,28.656206416000032],[-96.437407992999965,28.597265631000027],[-96.491455964999943,28.557220303000065],[-96.375646029999984,28.610362296000062],[-96.419035579999957,28.638937507000037],[-96.403646050999953,28.719764008000027],[-96.432508857999949,28.697519589000024],[-96.44992683199996,28.755304724000041],[-96.427335822999964,28.712283887000069],[-96.392979726999954,28.726298119000035],[-96.392026341999951,28.670523519000028],[-96.364407675999985,28.618254321000052],[-96.326405013999988,28.634360733000051],[-96.27062409399997,28.709249384000032],[-96.286219574999961,28.661995201000025],[-96.212418625999987,28.686989162000032],[-96.15130454399997,28.762938125000062],[-96.240701501999979,28.635130815000025],[-96.157715398999983,28.61150267000005],[-96.239275637999981,28.59738941300003],[-96.237833445999968,28.571595873000035],[-95.983990225999946,28.653401569000039],[-95.991888045999985,28.596694653000043],[-96.206828418999976,28.488663497000061],[-95.702384542999937,28.719247811000059],[-95.956387361999987,28.622942236000029],[-95.937549317999981,28.690720532000057],[-95.786592662999965,28.739132471000062],[-95.671552283999972,28.752941278000037],[-95.683264169999973,28.727214106000076],[-95.52680737999998,28.803496490000043],[-95.248618079999972,28.978637519000074],[-95.197551410999949,29.105465107000043],[-95.164987783999948,29.117790109000055],[-95.160730208999951,29.200271602000043],[-95.066572120999979,29.196116740000036],[-94.951334743999951,29.326157393000074],[-94.89898758999999,29.309011213000076],[-94.891671808999945,29.394064738000054],[-94.815550604999942,29.37116611700003],[-94.891336280999951,29.399558026000079],[-94.917193554999983,29.448054243000058],[-94.913645487999986,29.420345505000057],[-94.952709514999981,29.424466657000039],[-94.943958915999985,29.464912828000024],[-94.983015040999987,29.460758492000025],[-94.911357364999958,29.500564158000032],[-95.014327679999951,29.559494409000024],[-94.989539670999989,29.679928524000047],[-95.040604759999951,29.71180634500007],[-95.088472584999977,29.804205675000048],[-94.932790089999969,29.682436295000059],[-94.88736314099998,29.668766019000032],[-94.829614876999983,29.760081334000063],[-94.73592294599996,29.793207511000048],[-94.700475987999937,29.754790838000076],[-94.706617156999982,29.65874178200005],[-94.788283795999973,29.538786466000033],[-94.564630221999948,29.579227370000069],[-94.53389066799997,29.554213393000055],[-94.511002054999949,29.545377464000069],[-94.469985432999977,29.557009814000025],[-94.501472418999981,29.517754057000047],[-94.572885165999992,29.533283170000061],[-94.682109896999975,29.475342648000037],[-94.785444182999981,29.383494807000034],[-94.766743616999975,29.364227476000053],[-94.682711950999987,29.433138246000055],[-94.377194213999985,29.552198644000043],[-94.357182084999977,29.560129121000045],[-94.065581660999953,29.674296705000074],[-93.835125342999959,29.674791833000029],[-93.95193659499995,29.818579138000075],[-93.856500127999936,29.964815221000038],[-93.857447191999938,29.99086686000004],[-93.760367321999979,30.006176326000059],[-93.712643820999972,30.060731014000055],[-93.71602385999995,30.09587878800005],[-93.708546898999941,30.114950174000057],[-93.697086790999947,30.11813901000005],[-93.698803409999982,30.141434787000037],[-93.686122863999969,30.141461123000056],[-93.683307480999986,30.148440322000056],[-93.69982579699996,30.151017095000043],[-93.696331456999985,30.175884114000041],[-93.704525826999941,30.181068210000035],[-93.715008847999968,30.220513591000042],[-93.707523985999956,30.239578656000049],[-93.699377021999965,30.297593447000054],[-93.729941172999986,30.305122028000028],[-93.759347041999945,30.341077282000072],[-93.759507694999968,30.35435040200008],[-93.748002286999963,30.367615621000027],[-93.755113695999967,30.381992771000057],[-93.742731806999984,30.409027292000076],[-93.721705191999945,30.433183222000025],[-93.69674125399996,30.442835586000058],[-93.703593510999951,30.462716033000049],[-93.698146048999945,30.470249881000029],[-93.715023068999983,30.488830879000034],[-93.707447082999977,30.496443210000052],[-93.714809742999989,30.505316011000048],[-93.705631963999963,30.523060032000046],[-93.735479233999968,30.545719517000066],[-93.718053884999961,30.568355825000026],[-93.717985409999983,30.587582071000043],[-93.693594030999975,30.599036912000031],[-93.671758354999952,30.598033487000066],[-93.692869773999973,30.615997156000049],[-93.684759680999946,30.62362634200008],[-93.693053076999945,30.640243157000043],[-93.678144980999946,30.639893934000042],[-93.660162875999958,30.673060669000051],[-93.617780964999952,30.687003265000044],[-93.612585806999959,30.710530277000032],[-93.617964794999978,30.732748887000071],[-93.607825202999948,30.732211094000036],[-93.618629003999956,30.745989877000056],[-93.585348494999948,30.772384418000058],[-93.582044830999962,30.802239589000067],[-93.550855448999982,30.828543005000029],[-93.555814630999976,30.842540382000038],[-93.566617903999941,30.845346283000026],[-93.552976071999979,30.860480347000077],[-93.561017688999982,30.872076880000066],[-93.568670051999959,30.886431380000033],[-93.564649506999956,30.902128521000066],[-93.546688997999979,30.905530683000052],[-93.549794083999984,30.925080342000058],[-93.530155933999936,30.927166728000032],[-93.525791431999949,30.936014772000078],[-93.532360306999976,30.960926036000046],[-93.537510692999945,30.957079312000076],[-93.548848072999988,30.970384563000039],[-93.57262949699998,30.976371925000024],[-93.561124088999975,30.991883657000074],[-93.571019803999945,30.99746490900003],[-93.568066943999952,31.013117804000046],[-93.565114610999956,31.018256075000068],[-93.547291579999978,31.014334555000062],[-93.507388995999975,31.039099914000076],[-93.525913633999949,31.057171563000054],[-93.517170409999949,31.074861331000079],[-93.544278672999951,31.082563733000029],[-93.543294210999989,31.094941936000055],[-93.56015595599996,31.100727033000055],[-93.556852292999963,31.109532939000076],[-93.535260493999942,31.116261414000064],[-93.52826443899994,31.126114463000079],[-93.537679246999971,31.132629611000027],[-93.544362949999936,31.159354414000063],[-93.528500941999937,31.163131082000064],[-93.537191492999966,31.176527458000066],[-93.52710510199995,31.178263040000047],[-93.52909614899994,31.185961228000053],[-93.550764323999942,31.191116881000028],[-93.577117252999983,31.172328350000043],[-93.594115948999956,31.180386823000049],[-93.60309620299995,31.199253837000072],[-93.590721160999976,31.229873296000051],[-93.611176271999966,31.24237370000003],[-93.612054334999982,31.270217808000041],[-93.616632162999963,31.275989737000032],[-93.631006151999941,31.274088235000079],[-93.645769923999978,31.290446951000035],[-93.656306144999974,31.286855692000074],[-93.681766789999983,31.312863612000058],[-93.677219512999955,31.32857023400004],[-93.635035651999942,31.374008771000035],[-93.661251104999963,31.372577114000023],[-93.66419658999996,31.398510238000028],[-93.687673035999978,31.406311139000024],[-93.694623791999959,31.416103614000065],[-93.696309860999975,31.42791715900006],[-93.687184755999965,31.438311689000045],[-93.702108653999971,31.446431263000079],[-93.698599037999941,31.461638016000052],[-93.726966190999974,31.459654870000065],[-93.751427098999955,31.485680172000059],[-93.75061803899996,31.490736273000039],[-93.719176350999987,31.495582207000041],[-93.70597749999996,31.520746829000075],[-93.731842148999988,31.522055758000079],[-93.747726806999935,31.537895644000059],[-93.763489788999948,31.530901696000058],[-93.780313082999953,31.533913550000079],[-93.810701832999939,31.55924093200008],[-93.816507999999942,31.577287297000055],[-93.832805087999986,31.590360259000079],[-93.835765321999986,31.61536475500003],[-93.819773737999981,31.618267575000061],[-93.814914108999972,31.648141181000028],[-93.806612811999969,31.653941554000028],[-93.812030250999953,31.674740094000072],[-93.792452675999982,31.711568143000079],[-93.808955715999957,31.707738275000054],[-93.815135335999969,31.712523635000025],[-93.810176153999976,31.730524702000025],[-93.831348673999969,31.753452293000066],[-93.822254118999979,31.774808116000031],[-93.834514860999946,31.80218764600005],[-93.865010010999981,31.817442332000041],[-93.877591004999942,31.850282493000066],[-93.881451423999977,31.871588803000066],[-93.89271295399999,31.87023457500004],[-93.899449856999979,31.89462332100004],[-93.923650558999952,31.892761850000056],[-93.918111444999965,31.909870632000036],[-93.93591920099999,31.909624649000079],[-93.970175744999949,31.923332849000076],[-93.977400927999952,31.946327335000035],[-94.004584512999941,31.978108765000059],[-94.010077801999955,31.989300767000032],[-94.035255591999942,31.994679227000063],[-94.034954827999968,32.199609058000078],[-94.035418351999965,32.389381122000032],[-94.040382800999964,32.694957853000062],[-94.041785488999949,32.882485512000073],[-94.038931654999942,33.023422671000048],[-94.036691462999954,33.27045313800005],[-94.036116271999958,33.556034595000028],[-94.061622742999987,33.577335638000079],[-94.086846358999992,33.584075701000074],[-94.098893773999976,33.573120202000041],[-94.155360498999983,33.56720658100005],[-94.15970972599996,33.593893986000069],[-94.205541204999975,33.585200274000044],[-94.211080318999961,33.558108339000057],[-94.235563875999958,33.561655879000057],[-94.223234659999946,33.585840780000069],[-94.237433247999945,33.592542918000049],[-94.274742203999949,33.561857618000033],[-94.272277623999969,33.584726215000046],[-94.279182553999988,33.589452581000046],[-94.299019808999958,33.57997298500004],[-94.302582623999967,33.557054349000055],[-94.32895082899995,33.573254518000056],[-94.37095876099994,33.547802301000047],[-94.39546549399995,33.560420693000026],[-94.372507878999954,33.572780986000055],[-94.370829710999942,33.590160509000043],[-94.379313783999976,33.59344468300003],[-94.393619298999965,33.575077011000076],[-94.406772850999971,33.573604268000054],[-94.428670153999974,33.597258750000037],[-94.443532423999955,33.596621404000075],[-94.451757344999976,33.604463917000032],[-94.436536369999942,33.616961161000063],[-94.436117090999971,33.636560859000042],[-94.47669125799996,33.632082057000048],[-94.500816110999949,33.623162904000026],[-94.510765025999945,33.630925353000066],[-94.525261216999979,33.621136565000029],[-94.518196687999989,33.643124467000064],[-94.550400555999943,33.632808947000058],[-94.562356318999946,33.63565066600006],[-94.562402144999965,33.642944324000041],[-94.54213823799995,33.648361763000025],[-94.545625203999975,33.661736016000077],[-94.576669734999939,33.65227064100003],[-94.588594947999979,33.655562717000066],[-94.585367660999964,33.662245892000044],[-94.565416105999986,33.663127642000063],[-94.56092992899994,33.672027306000075],[-94.578714508999951,33.670585114000062],[-94.585313933999942,33.679095523000058],[-94.601153292999982,33.665720743000065],[-94.631946045999939,33.68401151300003],[-94.63897265099996,33.670217455000056],[-94.658748804999959,33.663850318000073],[-94.669636355999955,33.666173206000053],[-94.66816361299999,33.671571156000027],[-94.64453494199995,33.677762891000043],[-94.655689544999973,33.692403407000029],[-94.668667168999946,33.696648867000079],[-94.69119707699997,33.690399719000027],[-94.74186500999997,33.701377340000079],[-94.754690407999988,33.707880901000067],[-94.742323266999961,33.719157180000025],[-94.762930603999962,33.716906454000025],[-94.749983003999944,33.736814817000038],[-94.78337096599995,33.733774520000054],[-94.782241652999971,33.742376580000041],[-94.764388070999985,33.752950726000051],[-94.783721769999943,33.75337053100003],[-94.803436821999981,33.739690774000053],[-94.819375732999958,33.749513799000056],[-94.858096329999967,33.749429522000071],[-94.881855630999951,33.775071890000049],[-94.914099004999969,33.789705032000029],[-94.908765842999969,33.803586528000039],[-94.91845613199996,33.816304999000067],[-94.940620487999979,33.815915744000051],[-94.940109031999953,33.840932354000074],[-94.960129588999962,33.848183874000028],[-94.968927066999981,33.866322944000046],[-94.989503852999974,33.856290280000053],[-95.012996100999942,33.870053260000077],[-95.037586057999988,33.866558920000045],[-95.043087247999949,33.884553139000047],[-95.063366429999974,33.896801766000067],[-95.063702484999965,33.917755692000071],[-95.083829441999967,33.888569471000039],[-95.089940586999944,33.897022993000064],[-95.082494176999944,33.918560538000065],[-95.095586626999989,33.921845239000049],[-95.119451801999958,33.912388293000049],[-95.126906112999961,33.917252136000059],[-95.128195552999955,33.940975619000028],[-95.148544263999952,33.943653525000059],[-95.234270425999966,33.964969316000065],[-95.251520899999946,33.936550017000059],[-95.25122276999997,33.905128872000034],[-95.26384958999995,33.897907376000035],[-95.27758307299996,33.918044868000038],[-95.286661825999943,33.887008764000029],[-95.302187778999951,33.886730123000063],[-95.336460124999974,33.897219991000043],[-95.330272076999961,33.871025081000028],[-95.451841298999966,33.865858367000044],[-95.46835961499994,33.886537866000026],[-95.499091267999972,33.881822561000035],[-95.51312235499995,33.89784048100006],[-95.544274339999959,33.885846266000044],[-95.547730755999964,33.893262126000025],[-95.526970139999946,33.897920018000036],[-95.519813958999976,33.906747520000067],[-95.546555615999978,33.904137562000074],[-95.563013357999978,33.936177091000047],[-95.606311782999967,33.944656423000026],[-95.615070809999963,33.936794421000059],[-95.613224087999981,33.920341419000067],[-95.633732924999947,33.92020762900006],[-95.699950513999966,33.894926600000076],[-95.747109357999989,33.903497583000046],[-95.760941866999985,33.893541294000045],[-95.764497308999978,33.879106204000038],[-95.768761730999984,33.851503339000033],[-95.79572514299997,33.86477435200004],[-95.826220819999946,33.843125666000049],[-95.846805506999942,33.841138306000062],[-95.933328087999939,33.890628993000064],[-95.943322827999964,33.890071711000076],[-95.959016807999944,33.865139377000048],[-95.977648372999965,33.858051145000047],[-95.994464818999973,33.875476493000065],[-96.002872515999968,33.873489133000078],[-96.002048179999974,33.857078271000034],[-96.014323669999953,33.844307126000047],[-96.027004742999964,33.856121199000029],[-96.048229935999984,33.841377443000056],[-96.091780138999979,33.84467741900005],[-96.109701668999946,33.829357945000027],[-96.149223425999992,33.835690317000058],[-96.16946468399999,33.829082991000064],[-96.18338831799997,33.815892568000038],[-96.180984839999951,33.808534121000037],[-96.154777287999991,33.824044272000037],[-96.141677462999951,33.820420356000056],[-96.161574764999955,33.798329742000078],[-96.16907437499998,33.769456927000078],[-96.187286134999965,33.758684730000027],[-96.212807353999949,33.756792709000024],[-96.278338610999981,33.773489587000029],[-96.289943043999983,33.762034219000043],[-96.301050768999971,33.714153225000075],[-96.316538796999964,33.701904599000045],[-96.34785038199999,33.70563175500007],[-96.371083476999956,33.740497727000047],[-96.419730338999955,33.788428234000037],[-96.487641370999938,33.778232282000033],[-96.501016150999988,33.788192784000046],[-96.510843389999991,33.815787221000051],[-96.56240465999997,33.825522809000063],[-96.601468686999965,33.843058771000074],[-96.61443946199995,33.863001372000042],[-96.584760219999964,33.896245537000027],[-96.666512188999945,33.913644549000026],[-96.677979144999938,33.90442463100004],[-96.693657323999957,33.84800636500006],[-96.711953359999939,33.833972644000028],[-96.749101661999987,33.831840433000025],[-96.797871252999983,33.870051680000074],[-96.814396942999963,33.871871013000032],[-96.844290038999986,33.858134895000035],[-96.861296634999974,33.861781461000078],[-96.879218691999938,33.884104364000052],[-96.883132837999938,33.924692226000047],[-96.898735692999992,33.950127588000043],[-96.929849752999985,33.961873185000059],[-96.936487629999988,33.947949551000079],[-96.968471324999939,33.937421232000077],[-96.988147925999954,33.944302985000036],[-96.987995173999991,33.876525217000051],[-97.006138457999953,33.850616322000064],[-97.025883533999945,33.840663721000055],[-97.07118828199998,33.856830180000031],[-97.082465087999992,33.851203629000054],[-97.078535666999983,33.837913653000044],[-97.050313891999963,33.823551778000024],[-97.08795837599996,33.807675022000069],[-97.083754000999988,33.742517745000043],[-97.090788506999957,33.731776099000058],[-97.115851995999947,33.726038933000041],[-97.152763795999988,33.728773726000043],[-97.189454893999937,33.752874349000024],[-97.208612664999976,33.819751933000077],[-97.195306886999958,33.836261821000051],[-97.16888548299994,33.847896278000064],[-97.164460406999979,33.863249990000043],[-97.18805905499994,33.899305850000076],[-97.211626624999951,33.905790447000072],[-97.246356700999968,33.894338767000079],[-97.250980353999978,33.873072488000048],[-97.264202380999961,33.858832815000028],[-97.272572152999942,33.872675859000026],[-97.314382032999958,33.895941085000061],[-97.315251667999974,33.870494135000058],[-97.342100251999966,33.862017964000074],[-97.363616201999946,33.831127238000079],[-97.410416340999973,33.82081224500007],[-97.453035281999973,33.836315021000075],[-97.457360804999951,33.890532074000078],[-97.463060045999953,33.902483097000072],[-97.477830664999942,33.907808358000068],[-97.518504383999982,33.916871836000041],[-97.554889977999949,33.904004826000062],[-97.575970846999951,33.902631636000024],[-97.592656663999946,33.917985347000069],[-97.600484427999959,33.969535556000039],[-97.671370969999941,33.988711235000039],[-97.704567727999972,33.971644591000029],[-97.72932571299998,33.939391736000061],[-97.756670478999979,33.932197104000068],[-97.790515643999981,33.890556831000026],[-97.852857538999956,33.857170976000077],[-97.870062186999974,33.855214166000053],[-97.909377463999988,33.874123319000034],[-97.955048289999979,33.883579212000029],[-97.976693815999965,33.902602665000074],[-97.976442037999959,33.912150737000047],[-97.950996667999959,33.932616382000049],[-97.963311134999969,33.948748604000059],[-97.948066983999979,33.959848954000051],[-97.950538937999966,33.971258496000075],[-97.98299511099998,34.001382300000046],[-98.023806306999973,33.987081526000054],[-98.055873751999968,33.98989638200004],[-98.086522181999953,34.005410220000044],[-98.111005211999952,34.069915403000039],[-98.094441070999949,34.134649187000036],[-98.115186410999968,34.149079538000024],[-98.137182739999957,34.138524881000023],[-98.173164330999953,34.115461393000032],[-98.277324532999955,34.12296469100005],[-98.320814161999976,34.139512504000038],[-98.350730433999956,34.142213059000028],[-98.384582972999965,34.115873298000054],[-98.391281950999939,34.087324423000041],[-98.407464211999979,34.08254854300003],[-98.421670700999982,34.065924881000058],[-98.448519285999964,34.054469513000072],[-98.499851953999951,34.066507973000057],[-98.557914150999977,34.105428202000041],[-98.576668443999949,34.142021855000053],[-98.607583926999951,34.151489863000052],[-98.626329791999979,34.158527530000072],[-98.662059604999968,34.147129576000054],[-98.682552640999972,34.150089283000057],[-98.705632456999979,34.130806150000069],[-98.778877177999959,34.132053452000036],[-98.811409726999955,34.146026072000041],[-98.891689479999968,34.160909939000078],[-98.952856761999954,34.194653445000029],[-98.996544441999959,34.209583664000036],[-99.035570016999941,34.199008992000074],[-99.078784164999945,34.208445923000056],[-99.128300134999961,34.201556268000047],[-99.176511916999971,34.212816745000055],[-99.190840607999974,34.223821757000053],[-99.204955444999939,34.255730656000026],[-99.196662576999984,34.305205540000031],[-99.205849309999962,34.332075721000024],[-99.254465620999952,34.368294341000023],[-99.26753542299997,34.398364418000028],[-99.32365871899998,34.412786867000079],[-99.364569467999956,34.450272278000057],[-99.39315732099999,34.429070788000047],[-99.394522610999957,34.39682214700008],[-99.410322990999987,34.36918557100006],[-99.438743342999942,34.364783145000047],[-99.47980579099999,34.38360012000004],[-99.502504253999973,34.404145302000074],[-99.554232497999976,34.415256187000068],[-99.578219346999958,34.408988603000068],[-99.585589381999966,34.38493380500006],[-99.601817467999979,34.368634083000074],[-99.685277102999976,34.377520579000077],[-99.778060419999974,34.444064214000036],[-99.830308548999938,34.501846190000037],[-99.860949076999987,34.518694767000056],[-99.880977534999943,34.548241799000039],[-99.932287027999962,34.579173083000057],[-99.945119799999986,34.579634501000044],[-99.972479840999938,34.561926824000068],[-99.996475117999978,34.562384027000064],[-99.999259949999953,34.747243261000051],[-99.99645510199997,35.031051212000079],[-99.997570193999991,35.182234888000039],[-99.994743222999944,35.424622213000077],[-100.00039242399998,35.618856224000069],[-99.998123261999979,35.883837719000041],[-99.997553864999986,36.057591335000041],[-100.00155070799997,36.492555045000074],[-100.00727312399994,36.493912960000046],[-100.54983922999998,36.489478930000075],[-100.95734123999995,36.489637476000041],[-101.09010246399998,36.488050433000069],[-101.62075547299997,36.492031473000054],[-102.03465832999996,36.492981171000054],[-102.16567343699995,36.490234264000037],[-102.99740119799998,36.492370162000043],[-103.02728691899995,36.491591652000068],[-103.02404804399998,36.056061705000047],[-103.02261217199998,35.742327476000071],[-103.02229402599994,35.623647905000041],[-103.02615128499997,35.177265698000042],[-103.02525109999999,34.964779897000028],[-103.02265694499994,34.745332804000043],[-103.02964562499994,34.307820238000033],[-103.03325847999997,33.826181751000036],[-103.03873649299999,33.565843399000073],[-103.04310099399999,33.37783167300006],[-103.04933065399996,32.953639106000026],[-103.06001804699997,32.515545555000074],[-103.05564037699997,32.085117007000065],[-103.05841362099994,32.002022925000063],[-103.33254919099994,32.004281552000066],[-103.72944439799994,32.006228880000037],[-103.98137716099995,32.006015027000046],[-104.01929712499998,32.007403493000027],[-104.85106807799997,32.003264959000035],[-104.92230489599996,32.004382158000055],[-106.00324063399995,32.001657900000055],[-106.37838707699996,32.000747180000076],[-106.62362560199995,32.00108902900007],[-106.65006175499997,31.980329467000047],[-106.63260532899994,31.972219901000074],[-106.63374886399998,31.914100817000076],[-106.64407913299999,31.895205360000034],[-106.61612388399999,31.844740745000024],[-106.61498666999995,31.817834221000055],[-106.53951492699997,31.786305096000035],[-106.38358118099995,31.733872611000038],[-106.21328555999997,31.478246403000071],[-105.99888666799995,31.393940311000051]]],[[[-96.398132746999977,28.346128760000056],[-96.422806453999954,28.391720577000058],[-96.463305298999956,28.326115577000053],[-96.532390942999939,28.318528530000037],[-96.739169076999985,28.183823137000047],[-96.804104072999962,28.172449940000035],[-96.83488945199997,28.066615783000032],[-96.398132746999977,28.346128760000056]]],[[[-97.35938022299996,27.284040547000075],[-97.223982704999969,27.574323614000036],[-97.053831934999948,27.830777844000067],[-97.113303666999968,27.819521054000063],[-97.075560683999981,27.811579515000062],[-97.170447769999953,27.707771170000058],[-97.203848899999969,27.612378948000071],[-97.258949282999936,27.652061885000023],[-97.248939267999958,27.581449245000044],[-97.335769459999938,27.441138370000033],[-97.376355741999987,27.284965488000068],[-97.379643076999969,27.210777391000079],[-97.35938022299996,27.284040547000075]]],[[[-97.301387554999963,26.601365305000058],[-97.278803392999976,26.540307583000072],[-97.26750341099995,26.479250915000023],[-97.251503925999941,26.419651714000054],[-97.226562637999962,26.34890054300007],[-97.209166786999958,26.250894151000068],[-97.179586569999969,26.07227669100007],[-97.172048507999989,26.078076537000072],[-97.195242625999981,26.259593130000042],[-97.232361430999958,26.418490270000063],[-97.296092317999978,26.601012394000065],[-97.358283039999947,26.802999900000032],[-97.381593038999938,26.949354498000048],[-97.387187458999961,27.097571619000064],[-97.378796091999959,27.204773173000035],[-97.389050509999947,27.201975172000061],[-97.401172720999966,27.111554247000072],[-97.395570398999951,26.922319977000029],[-97.381591984999943,26.820711264000067],[-97.358282512999949,26.706985082000074],[-97.301387554999963,26.601365305000058]]],[[[-96.940230060999966,28.046227040000076],[-96.973266166999963,28.001148787000034],[-96.949652243999992,27.98482272900003],[-97.024695753999936,27.914681513000062],[-97.049872490999974,27.84125823100004],[-96.854069871999968,28.049696097000037],[-96.837689559999944,28.102132796000035],[-96.87268616199998,28.131695104000073],[-96.940230060999966,28.046227040000076]]],[[[-94.913628105999976,29.25781022700005],[-95.105621398999972,29.097200681000061],[-94.748599805999959,29.319727049000051],[-94.767575325999985,29.342686771000047],[-94.913628105999976,29.25781022700005]]]]},"properties":{"objectid":41,"ss6.gdb.States.area":264435.87300000002,"state_name":"Texas","sub_region":"W S Cen","state_abbr":"TX","pop2000":20851820,"pop00_sqmi":79,"st_area(shape)":65.059642464377191,"st_length(shape)":64.807459854658205}},{"type":"Feature","id":42,"geometry":{"type":"Polygon","coordinates":[[[-109.04949516499994,32.442044316000079],[-109.04561525699995,31.343453047000025],[-108.21064756699997,31.343853363000051],[-108.20325488399999,31.786903463000044],[-107.28356708999996,31.785083077000024],[-106.53951492699997,31.786305096000035],[-106.61498666999995,31.817834221000055],[-106.61612388399999,31.844740745000024],[-106.64407913299999,31.895205360000034],[-106.63374886399998,31.914100817000076],[-106.63260532899994,31.972219901000074],[-106.65006175499997,31.980329467000047],[-106.62362560199995,32.00108902900007],[-106.37838707699996,32.000747180000076],[-106.00324063399995,32.001657900000055],[-104.92230489599996,32.004382158000055],[-104.85106807799997,32.003264959000035],[-104.01929712499998,32.007403493000027],[-103.98137716099995,32.006015027000046],[-103.72944439799994,32.006228880000037],[-103.33254919099994,32.004281552000066],[-103.05841362099994,32.002022925000063],[-103.05564037699997,32.085117007000065],[-103.06001804699997,32.515545555000074],[-103.04933065399996,32.953639106000026],[-103.04310099399999,33.37783167300006],[-103.03873649299999,33.565843399000073],[-103.03325847999997,33.826181751000036],[-103.02964562499994,34.307820238000033],[-103.02265694499994,34.745332804000043],[-103.02525109999999,34.964779897000028],[-103.02615128499997,35.177265698000042],[-103.02229402599994,35.623647905000041],[-103.02261217199998,35.742327476000071],[-103.02404804399998,36.056061705000047],[-103.02728691899995,36.491591652000068],[-102.99740119799998,36.492370162000043],[-102.99770933599996,36.998523811000041],[-103.07786583399997,36.999760051000067],[-103.99363526799999,36.994469028000026],[-105.14617232299997,36.993207505000044],[-105.21309151899999,36.992604397000036],[-105.71346006999994,36.994560152000076],[-105.99200017299995,36.992289411000058],[-106.47217697899998,36.991504053000028],[-106.86124863599997,36.989501418000032],[-106.89037006899997,36.999083727000027],[-107.41082080399997,36.997525654000071],[-107.47246003799995,36.998776642000053],[-108.37247281099997,36.99947140200004],[-109.04848015199997,36.996640744000047],[-109.04784649399994,35.996664243000055],[-109.04664080399999,34.954646099000058],[-109.04865291999994,34.591780414000027],[-109.05034899699996,33.783302078000077],[-109.05052597899999,33.205164705000072],[-109.05134610099998,32.779550488000041],[-109.04949516499994,32.442044316000079]]]},"properties":{"objectid":42,"ss6.gdb.States.area":121757.34299999999,"state_name":"New Mexico","sub_region":"Mtn","state_abbr":"NM","pop2000":1819046,"pop00_sqmi":15,"st_area(shape)":30.936646977064168,"st_length(shape)":23.537711866608767}},{"type":"Feature","id":44,"geometry":{"type":"Polygon","coordinates":[[[-88.450803262999955,31.435617455000056],[-88.46509666299994,31.702244987000029],[-88.472951816999966,31.888876674000073],[-88.437723979999987,32.227755510000065],[-88.425791919999938,32.309224098000072],[-88.393832454999938,32.580470016000049],[-88.348041533999947,32.924758390000079],[-88.339466335999987,32.987497440000027],[-88.304829491999953,33.288894553000034],[-88.274586646999978,33.538801504000048],[-88.248195792999979,33.742726330000039],[-88.20264453499999,34.059122137000031],[-88.199349299999938,34.090447943000072],[-88.167613168999935,34.324147350000032],[-88.151256559999979,34.465273079000042],[-88.136401662999958,34.580497288000061],[-88.090468524999949,34.895629464000024],[-88.108886762999987,34.899936552000042],[-88.14310485499999,34.930312660000027],[-88.19399348799999,35.004453879000039],[-88.351727603999962,35.003832335000027],[-88.383146114999988,35.005041712000036],[-88.785043169999938,35.003182348000053],[-88.812548061999962,35.002438602000041],[-89.006196346999957,35.000234755000065],[-89.198134858999936,35.000883689000034],[-89.342373047999956,34.999804942000026],[-89.646558678999952,35.000733044000071],[-89.717269818999966,34.999261354000055],[-90.305448283999965,35.000788877000048],[-90.299604191999947,34.978576061000069],[-90.248264675999962,34.94985652500003],[-90.241992877999962,34.93900005200004],[-90.242939414999967,34.920827270000075],[-90.266804589999936,34.89660813200004],[-90.296369530999982,34.882787738000047],[-90.299543090999975,34.865057411000066],[-90.301648965999959,34.851873836000038],[-90.322920511999939,34.850363168000058],[-90.341521525999951,34.860673947000066],[-90.40403039399996,34.841135350000059],[-90.422410180999975,34.832365262000053],[-90.433648535999964,34.835451385000056],[-90.427941920999956,34.872739271000057],[-90.438188438999987,34.886277337000024],[-90.470629336999991,34.881020552000052],[-90.474817909999956,34.857823800000062],[-90.452005672999974,34.825316007000026],[-90.466806842999972,34.799761604000025],[-90.448969062999936,34.760848749000047],[-90.45153266799997,34.74129909100003],[-90.486025713999936,34.726933002000067],[-90.504520327999955,34.729954336000048],[-90.517070771999954,34.74847002000007],[-90.498835835999955,34.765884307000078],[-90.50138416599998,34.789931204000027],[-90.516147936999971,34.805701034000037],[-90.527363115999947,34.807421341000065],[-90.547848776999956,34.790434760000039],[-90.533383135999941,34.713352797000027],[-90.51366808299997,34.702168169000061],[-90.47007995499996,34.704354634000026],[-90.466325935999976,34.672140231000071],[-90.508914326999957,34.638166542000079],[-90.539067100999944,34.636995617000025],[-90.547650198999975,34.651906874000076],[-90.539166126999987,34.686047536000046],[-90.561162454999987,34.700386762000051],[-90.57940529199999,34.645711452000057],[-90.588095316999954,34.627916337000045],[-90.577718695999977,34.604845475000047],[-90.530719978999969,34.555751944000065],[-90.537250928999981,34.543430629000056],[-90.565786108999987,34.532611553000038],[-90.580450327999984,34.520324476000042],[-90.590154838999979,34.49660889300003],[-90.574505630999965,34.454049473000055],[-90.579227782999965,34.433103448000054],[-90.603894116999982,34.40470311100006],[-90.657346354999959,34.366014118000066],[-90.657917858999951,34.330111010000053],[-90.67944065599994,34.318079398000066],[-90.689481221999984,34.320250060000035],[-90.681242605999955,34.363504240000054],[-90.687590780999983,34.377976729000068],[-90.75541806199999,34.372269061000054],[-90.761963760999947,34.364017804000071],[-90.74786314499994,34.317822879000062],[-90.758360386999982,34.279081739000048],[-90.792633258999956,34.300061476000053],[-90.806526342999973,34.29945099300005],[-90.823944316999984,34.277444656000057],[-90.83146604999996,34.229639512000062],[-90.863518219999946,34.219267105000029],[-90.928545920999966,34.25029846800004],[-90.933817454999939,34.234780417000024],[-90.921594638999977,34.204934727000079],[-90.823027276999937,34.190650282000036],[-90.807615097999985,34.166278391000048],[-90.828969866999955,34.148765605000051],[-90.846716521999952,34.147651040000028],[-90.929025773999967,34.185754834000079],[-90.95345507799999,34.155908618000069],[-90.942353673999946,34.126047653000057],[-90.90641790899997,34.102855116000057],[-90.866438422999977,34.101058960000046],[-90.886450551999985,34.040818200000047],[-90.950577540999973,34.031394964000071],[-90.973473527999943,34.011104720000048],[-90.975380824999945,33.994713346000026],[-90.961235436999971,33.978981968000028],[-90.964897803999975,33.96756821200006],[-90.986924156999976,33.960922961000051],[-91.000367937999954,33.968479458000047],[-91.009653169999979,33.990634860000057],[-91.031168592999961,33.98580525400007],[-91.069805439999982,34.006201371000031],[-91.088963209999974,33.994573762000073],[-91.075817558999972,33.974749676000044],[-91.018571796999936,33.936413593000054],[-91.061480439999968,33.867188892000058],[-91.054926313999943,33.843633436000061],[-91.028962638999985,33.816694781000024],[-90.990478544999974,33.799007119000066],[-90.984145645999945,33.78545009100003],[-90.995483551999939,33.771660247000057],[-91.018540192999978,33.764083733000064],[-91.043512030999977,33.769664459000069],[-91.066500195999936,33.786635238000031],[-91.105525770999975,33.776548847000072],[-91.137097561999951,33.780194886000061],[-91.143002753999951,33.771928353000078],[-91.138111520999985,33.72333416500004],[-91.129055416999961,33.712550380000039],[-91.104678259999957,33.708343371000069],[-91.056321626999988,33.719467425000062],[-91.038933675999942,33.705601204000061],[-91.037941839999974,33.683327815000041],[-91.083879718999981,33.662697828000034],[-91.121158123999976,33.67763910900004],[-91.163411512999971,33.718424495000079],[-91.211791321999954,33.709073949000071],[-91.215255110999976,33.690832692000072],[-91.205419970999969,33.670054694000044],[-91.154515008999965,33.637142371000039],[-91.150760989999981,33.616272722000076],[-91.168133138999963,33.57735565400003],[-91.187917192999976,33.57479257600005],[-91.226843742999961,33.590591903000075],[-91.227743927999938,33.556462828000065],[-91.213598012999967,33.539388810000048],[-91.204213754999955,33.538618201000077],[-91.182957483999985,33.523463068000069],[-91.18051608199994,33.512125688000026],[-91.207753393999951,33.473510437000073],[-91.227262493999945,33.45956784100008],[-91.232961734999947,33.44355782100007],[-91.181881370999974,33.447502517000032],[-91.171840804999988,33.466758786000071],[-91.174290108999969,33.504481226000053],[-91.165088627999978,33.51189339900003],[-91.128908985999942,33.49330502600003],[-91.11906647099994,33.469787495000048],[-91.119821804999958,33.452946292000036],[-91.130625078999969,33.443238095000027],[-91.198941166999987,33.422226755000054],[-91.204274328999986,33.414414265000062],[-91.18509338299998,33.391945985000064],[-91.137743334999982,33.388994178000075],[-91.099236590999965,33.415013686000066],[-91.085908163999989,33.462971056000072],[-91.073868123999944,33.466320545000031],[-91.061088551999944,33.460125650000066],[-91.061622657999976,33.431912830000044],[-91.078796754999985,33.410295221000069],[-91.107049606999965,33.393521967000027],[-91.130533426999989,33.359518255000069],[-91.141855531999965,33.322501109000029],[-91.122613484999988,33.268623798000078],[-91.103013259999955,33.249329604000025],[-91.076431727999989,33.292476857000054],[-91.053939217999982,33.293693608000069],[-91.04053388799997,33.282040189000043],[-91.054648725999982,33.245900052000025],[-91.092110433999949,33.225816287000043],[-91.086425941999948,33.16172300900007],[-91.095962951999979,33.145205746000045],[-91.121438345999991,33.131190461000074],[-91.177737569999977,33.150408278000043],[-91.195613800999979,33.140585780000038],[-91.190646717999982,33.113345834000029],[-91.146898463999946,33.090774840000051],[-91.117898179999941,33.065693968000062],[-91.124093074999962,33.047395298000026],[-91.156793651999976,33.040555156000039],[-91.160784173999957,33.021832993000032],[-91.162241113999983,33.013162458000068],[-91.161974060999967,33.000418177000029],[-91.209270381999943,32.935978309000063],[-91.198420755999962,32.914288538000051],[-91.169809726999972,32.905148684000039],[-91.137284550999937,32.917912454000032],[-91.130044092999981,32.937591689000044],[-91.132462846999942,32.975348366000048],[-91.111923984999976,32.987475318000065],[-91.092781489999936,32.987746058000027],[-91.075698517999967,32.953838211000061],[-91.079635312999983,32.877290881000079],[-91.142259008999986,32.841341948000036],[-91.156450222999979,32.762810945000069],[-91.136575042999937,32.75125655100004],[-91.097817047999968,32.749528870000063],[-91.059134902999972,32.723650526000029],[-91.13966537999994,32.663308107000034],[-91.146371731999977,32.64498678700005],[-91.111100702999977,32.59766307600006],[-91.063919208999948,32.606524289000049],[-91.047736947999965,32.614489003000074],[-91.027572066999937,32.641637298000035],[-91.007986589999973,32.642808750000029],[-90.996237305999955,32.626112399000078],[-90.998762985999974,32.615603042000032],[-91.032432222999944,32.582809233000035],[-91.058975302999954,32.576526374000025],[-91.073372468999935,32.561748907000037],[-91.063194952999936,32.542298274000075],[-90.99517752099996,32.511782055000026],[-90.992156185999988,32.49542123100008],[-91.019790654999952,32.490954544000033],[-91.03730765499995,32.497095712000032],[-91.088891047999937,32.548775497000065],[-91.118852617999949,32.524206083000024],[-91.117791779999948,32.498709093000059],[-91.058617124999955,32.447140448000027],[-91.027015837999954,32.442558933000043],[-90.987555708999992,32.453106215000048],[-90.965590456999962,32.440179158000035],[-90.970091908999962,32.419160970000064],[-91.009315007999987,32.397226796000041],[-90.998969464999959,32.366378735000069],[-90.984671850999973,32.356540961000064],[-90.915029450999953,32.346043719000079],[-90.885259083999983,32.381500158000051],[-90.875455020999937,32.379795126000033],[-90.916479543999969,32.305464285000028],[-90.929350240999952,32.297552770000038],[-90.971762702999968,32.303846691000047],[-90.980872532999967,32.297800861000042],[-90.983924417999958,32.287280442000053],[-90.971122196999943,32.269214587000079],[-90.977324992999968,32.223554296000032],[-91.041756432999989,32.249588552000034],[-91.062569721999978,32.232892201000027],[-91.088022465999984,32.23253718400008],[-91.100679836999973,32.215035986000032],[-91.116060937999976,32.225754982000069],[-91.157375163999973,32.206014646000028],[-91.166957999999966,32.172141037000074],[-91.156650380999963,32.144935329000077],[-91.108820479999963,32.135143381000034],[-91.083116483999959,32.14873096000008],[-91.054154124999968,32.134544486000038],[-91.045418273999985,32.158824725000045],[-91.05458183099995,32.184683580000069],[-91.024521234999952,32.17005096500003],[-91.003936547999956,32.169413619000068],[-91.011390332999952,32.134212645000048],[-91.041191775999948,32.107823371000052],[-91.073922376999974,32.094148355000073],[-91.065118051999946,32.058707191000053],[-91.089410404999967,32.056997946000024],[-91.125727523999956,32.088399601000049],[-91.145694354999989,32.085828622000065],[-91.143122848999951,32.066260001000046],[-91.086992178999935,32.043811210000058],[-91.073243419999983,32.032149889000038],[-91.072488085999964,32.021213353000064],[-91.108110444999966,31.991984466000076],[-91.163142879999953,31.988447988000075],[-91.201542169999982,31.914448987000071],[-91.244481363999967,31.878671768000061],[-91.264692070999956,31.865586165000025],[-91.241383652999957,31.835387565000076],[-91.250729458999956,31.818820790000075],[-91.276800059999971,31.827533464000055],[-91.29264679299996,31.861492930000054],[-91.303473242999985,31.863144762000047],[-91.33484645499999,31.843478169000036],[-91.347236771999974,31.795832098000062],[-91.367134600999975,31.770867634000069],[-91.336257569999987,31.763621908000061],[-91.262684695999951,31.773926893000066],[-91.263989410999955,31.759763596000028],[-91.282620975999976,31.749887371000057],[-91.339912036999976,31.758542631000068],[-91.370499364999944,31.753474943000072],[-91.365074551999953,31.751741468000034],[-91.387947889999964,31.716682711000033],[-91.389183602999935,31.654605236000066],[-91.408403000999954,31.625529629000027],[-91.457377489999942,31.626966027000037],[-91.497768880999956,31.65089546300004],[-91.507809446999943,31.643870965000076],[-91.50887765899995,31.62194627100007],[-91.497151024999937,31.604358689000037],[-91.415383779999956,31.602592557000037],[-91.404252352999947,31.586353409000026],[-91.423578149999969,31.562746333000064],[-91.464473096999939,31.542866414000059],[-91.50295719199994,31.534880630000032],[-91.506482081999991,31.525687049000055],[-91.507900571999983,31.453083362000029],[-91.473292697999966,31.420374884000069],[-91.46592213699995,31.404068841000026],[-91.480838133999953,31.377780699000027],[-91.494708567999965,31.375249752000059],[-91.523014619999969,31.392092008000077],[-91.534169223999982,31.409238715000072],[-91.534802355999943,31.434335389000069],[-91.552472634999958,31.43309967600004],[-91.567731533999961,31.421406225000055],[-91.55937703799998,31.388230536000037],[-91.534573226999953,31.382749889000024],[-91.544407840999952,31.368874714000071],[-91.542790246999971,31.346986365000078],[-91.505756245999976,31.323456720000024],[-91.502475231999938,31.298857808000037],[-91.517078349999963,31.283069542000078],[-91.556919305999941,31.27046905900005],[-91.634214068999938,31.277694242000052],[-91.643682603999991,31.271117993000075],[-91.63699890099997,31.241104276000044],[-91.600964110999939,31.213929644000075],[-91.591488201999937,31.178482160000044],[-91.620113979999985,31.127694132000045],[-91.564975145999938,31.082134974000041],[-91.552081272999942,31.058159712000077],[-91.572787634999941,31.032647974000042],[-91.627773189999971,31.011960047000059],[-91.632297290999986,31.001364833000025],[-91.179207678999944,31.000461487000052],[-91.057012172999976,31.000418295000031],[-90.829714139999965,31.001546029000053],[-90.560254895999947,31.001706155000079],[-90.542653618999964,31.002329806000034],[-90.343660057999955,31.005390119000026],[-90.259376614999951,31.007370105000064],[-89.833558552999989,31.007184695000035],[-89.732717288999936,31.007444900000053],[-89.723622733999946,31.001524959000051],[-89.726781545999984,30.984616335000055],[-89.719822888999943,30.975493863000054],[-89.739522665999971,30.965400098000032],[-89.748540317999982,30.949847808000072],[-89.740475523999976,30.926109576000044],[-89.758054151999943,30.92104346800005],[-89.745754958999953,30.910107458000027],[-89.746800521999944,30.902794310000047],[-89.763310936999972,30.900471422000066],[-89.765850838999938,30.862084773000049],[-89.785023884999987,30.861579110000037],[-89.774800015999972,30.830531945000075],[-89.796094210999968,30.829105028000072],[-89.796567216999961,30.812652554000067],[-89.810933305999981,30.811699169000065],[-89.82468943899994,30.789724436000029],[-89.813351005999948,30.748168440000029],[-89.825565920999964,30.742648289000044],[-89.823398945999941,30.733054392000042],[-89.835613860999956,30.729362000000037],[-89.844052107999971,30.712424932000033],[-89.830723153999941,30.703780733000031],[-89.84134312499998,30.700549759000069],[-89.841785579999964,30.679519983000034],[-89.835391579999964,30.675882372000046],[-89.84544742099996,30.66625265700003],[-89.82952431199999,30.670874204000029],[-89.819353643999989,30.651245536000033],[-89.805536408999956,30.649456754000028],[-89.820307028999991,30.62427053600004],[-89.79084796099994,30.553943911000033],[-89.77279632799997,30.551247043000046],[-89.755178721999982,30.515622050000047],[-89.732319605999976,30.497837997000033],[-89.71905912699998,30.496037627000078],[-89.713183958999991,30.481416073000048],[-89.695681706999949,30.478246199000068],[-89.694597692999935,30.468186671000069],[-89.683450989999983,30.462718666000058],[-89.675462044999961,30.445352312000068],[-89.675369866999972,30.400074428000039],[-89.654669825999974,30.379065195000067],[-89.646688781999956,30.355290618000026],[-89.633451479999962,30.355308000000036],[-89.620198375999962,30.343429140000069],[-89.618588155999987,30.323760967000055],[-89.637082243999942,30.311843655000075],[-89.639172315999986,30.295829948000062],[-89.625942387999942,30.29035562200005],[-89.621661636999988,30.256964500000038],[-89.606310558999951,30.247828333000029],[-89.610003477999953,30.241420111000025],[-89.573883882999951,30.194935484000041],[-89.438121339999952,30.200967092000042],[-89.415614080999944,30.256485173000044],[-89.31854263799994,30.318853404000038],[-89.357530814999961,30.365284832000043],[-89.335046731999967,30.380423110000038],[-89.27352811999998,30.372386233000043],[-89.276121220999983,30.314840760000038],[-88.885726413999976,30.398288806000039],[-88.930223154999965,30.416801330000055],[-88.87378645299998,30.430276715000048],[-88.683264322999946,30.342323003000047],[-88.577760952999938,30.380749684000079],[-88.464237035999986,30.32607648100003],[-88.399225136999974,30.352886087000059],[-88.401415288999942,30.393551905000038],[-88.417242531999989,30.736457081000026],[-88.429198821999989,31.000694830000043],[-88.434563060999949,31.12087927400006],[-88.450803262999955,31.435617455000056]]]},"properties":{"objectid":44,"ss6.gdb.States.area":47618.964999999997,"state_name":"Mississippi","sub_region":"E S Cen","state_abbr":"MS","pop2000":2844658,"pop00_sqmi":60,"st_area(shape)":11.871068927827093,"st_length(shape)":22.060015780384454}},{"type":"Feature","id":45,"geometry":{"type":"MultiPolygon","coordinates":[[[[-85.130165070999965,31.77885341800004],[-85.115286997999988,31.731566051000073],[-85.118674411999962,31.708571565000057],[-85.111204824999959,31.684242340000026],[-85.059285376999981,31.621265207000079],[-85.042721235999977,31.554389730000025],[-85.042698585999972,31.519660181000063],[-85.066311981999945,31.476089436000052],[-85.061406526999974,31.440663547000042],[-85.087942232999978,31.367233944000077],[-85.08256324499996,31.332334261000028],[-85.081227979999937,31.303080618000024],[-85.103361258999939,31.271436139000059],[-85.093603021999968,31.227074242000072],[-85.102957254999978,31.196921994000036],[-85.093367045999969,31.172211415000049],[-85.068662260999986,31.162364160000038],[-85.038068084999964,31.126713357000028],[-85.016995643999962,31.080102841000041],[-85.001607167999964,31.001253166000026],[-85.000141799999938,30.979319518000068],[-84.973567642999967,30.963664516000051],[-84.969012463999945,30.927094039000053],[-84.937776201999952,30.894957592000026],[-84.926926049999963,30.846922265000046],[-84.932564188999947,30.802625156000033],[-84.926894971999957,30.776088924000078],[-84.915343212999971,30.754089962000023],[-84.888288675999945,30.743889269000078],[-84.864583101999983,30.71450341700006],[-84.863003958999968,30.712664596000025],[-84.37444789999995,30.694092025000032],[-84.281663528999957,30.690419122000037],[-84.075562245999947,30.67857766000003],[-84.00072995499994,30.675537889000054],[-83.73784380099994,30.66049126300004],[-83.609056242999941,30.650784645000044],[-83.310600928999975,30.634303200000033],[-83.30131569699995,30.633285027000056],[-83.132440144999975,30.621341379000057],[-82.696356075999972,30.595720080000035],[-82.582957520999969,30.58905376000007],[-82.463134941999954,30.582689784000024],[-82.41209250299994,30.577307636000057],[-82.221039426999937,30.567075867000028],[-82.238396299999977,30.531444553000028],[-82.219367578999936,30.502970473000062],[-82.199187421999966,30.490014446000032],[-82.205564566999954,30.423853218000033],[-82.180234023999958,30.368631160000064],[-82.164639068999975,30.361291676000064],[-82.05276698299997,30.363794707000068],[-82.038354541999979,30.378904541000054],[-82.046099609999942,30.43406813200005],[-82.035120933999963,30.442878251000025],[-82.022509389999982,30.47771788700004],[-82.005801449999979,30.570990539000036],[-82.013652916999945,30.598690322000039],[-82.044911828999943,30.650910534000047],[-82.031881005999935,30.757532682000033],[-82.012967111999956,30.764256416000023],[-82.015538617999937,30.791319380000061],[-81.981480125999951,30.778351765000025],[-81.96155121999999,30.796007822000036],[-81.953029222999987,30.820430805000058],[-81.943805091999934,30.824249613000063],[-81.907518522999965,30.813475309000069],[-81.89914085099997,30.828308083000024],[-81.873001773999988,30.799084464000032],[-81.803198193999947,30.78808471900004],[-81.776707787999953,30.76158483100005],[-81.757710143999986,30.769631716000049],[-81.736675100999946,30.763888757000075],[-81.71676884499999,30.745368860000042],[-81.642477507999956,30.729080726000063],[-81.627980788999935,30.731774433000055],[-81.604770869999982,30.716321169000025],[-81.601170129999957,30.724886885000046],[-81.536591204999979,30.706577154000058],[-81.528595412999948,30.721452592000048],[-81.498382063999941,30.757514773000025],[-81.52926910299999,30.86477848100003],[-81.484827142999961,30.944900214000029],[-81.528561174999936,30.962119084000051],[-81.490855589999967,30.985812017000057],[-81.535429233999935,31.076756513000078],[-81.475337538999952,31.04382312000007],[-81.525259091999942,31.086548461000064],[-81.528387879999968,31.131127898000045],[-81.381006154999966,31.148945662000074],[-81.310249716999976,31.242695007000066],[-81.300834908999946,31.275819076000062],[-81.388813376999963,31.297149089000072],[-81.394771769999977,31.264089808000051],[-81.410344601999952,31.311480414000073],[-81.365581334999945,31.344554970000047],[-81.313066152999966,31.337597367000058],[-81.208572002999972,31.466897435000078],[-81.194770569999946,31.505152401000032],[-81.239145108999935,31.556883279000033],[-81.240719510999952,31.640173833000063],[-81.187189842999942,31.599898323000048],[-81.13493697399997,31.646070071000054],[-81.289729290999958,31.799665126000036],[-81.175177719999965,31.735802557000056],[-81.196366567999974,31.784843941000076],[-81.174012587999982,31.799811031000047],[-81.136824254999965,31.727074081000069],[-81.061042792999956,31.777542909000033],[-81.039011172999949,31.823360166000043],[-81.141467923999983,31.853516628000079],[-81.18025014899996,31.897672572000033],[-81.22010585299995,31.893140043000074],[-81.206488250999939,31.920650730000034],[-81.244947061999937,31.894691796000075],[-81.284294469999963,31.949428207000039],[-81.239683428999967,31.903415532000054],[-81.20390989699996,31.928432669000074],[-81.197302570999966,31.91989592300007],[-81.20725833299997,31.900120823000066],[-81.179998370999954,31.905891172000054],[-81.139850856999942,31.86434044400005],[-80.970875752999973,31.890314126000078],[-80.973556291999955,31.947928601000058],[-80.894753495999964,32.005993958000033],[-81.104875850999974,32.105446230000041],[-81.119112363999989,32.117614266000032],[-81.114717838999979,32.190592987000059],[-81.147692315999961,32.224446580000063],[-81.148173222999958,32.257713394000064],[-81.124048369999969,32.276644669000063],[-81.131889828999988,32.332618373000059],[-81.141884041999958,32.348467213000049],[-81.157478996999942,32.338740580000035],[-81.179122941999935,32.371781426000041],[-81.178252780999969,32.386829632000058],[-81.199926749999975,32.420316620000051],[-81.195157191999954,32.464560529000039],[-81.236239654999963,32.520613770000068],[-81.267985266999972,32.53393008200004],[-81.274302363999936,32.554813953000064],[-81.298983445999966,32.56728696700003],[-81.340404071999956,32.571360186000049],[-81.351489146999938,32.583528222000041],[-81.366702747999966,32.581979630000035],[-81.366267666999988,32.588364676000026],[-81.384906605999959,32.595883248000064],[-81.412105466999947,32.625608843000066],[-81.399478119999969,32.650815077000061],[-81.407191583999975,32.68670185600007],[-81.420535285999961,32.701566760000048],[-81.407626137999955,32.74180592600004],[-81.423037789999967,32.749812779000024],[-81.416071758999976,32.756728244000044],[-81.430240323999953,32.786153601000024],[-81.420833416999983,32.809494677000032],[-81.430309325999986,32.820304798000052],[-81.423961677999955,32.831771754000044],[-81.432331449999936,32.84168169000003],[-81.455319087999953,32.844576609000057],[-81.458539000999963,32.871400437000034],[-81.483204807999982,32.876092039000071],[-81.465031499999952,32.897728083000061],[-81.477048363999984,32.897571644000038],[-81.510236694999946,32.947221404000061],[-81.509840065999981,32.955418934000079],[-81.497899577999988,32.959675982000078],[-81.492734969999958,33.004813229000035],[-81.508749203999969,33.012793219000059],[-81.529600943999981,33.043927821000068],[-81.547659950999957,33.043683944000065],[-81.560034992999988,33.060814850000042],[-81.595825379999951,33.070790101000057],[-81.610962077999943,33.087875707000023],[-81.704279501999963,33.122938677000036],[-81.740374866999957,33.144696923000026],[-81.763408330999937,33.169834682000044],[-81.759593737999978,33.195381185000031],[-81.769878179999978,33.213881593000053],[-81.779834468999979,33.217368032000024],[-81.801563744999953,33.207926888000031],[-81.810764699999936,33.226442572000053],[-81.85396304599999,33.243500788000063],[-81.836796322999987,33.260613258000035],[-81.839840833999972,33.273308026000052],[-81.82657298099997,33.269424957000069],[-81.860714696999935,33.297091556000055],[-81.84010735999999,33.308344659000056],[-81.865544301999989,33.315668341000048],[-81.876873780999972,33.306837679000068],[-81.893483221999986,33.335236962000067],[-81.912091610999937,33.332196665000026],[-81.911412652999957,33.349495598000033],[-81.936712118999935,33.350437395000029],[-81.945066087999976,33.377146922000065],[-81.925809292999986,33.376559616000065],[-81.940336034999973,33.408163537000064],[-81.913563826999962,33.415441920000035],[-81.92727360799995,33.436143014000038],[-81.91663783499996,33.451332912000055],[-81.93638343799995,33.471019521000073],[-81.98091704899997,33.490736681000044],[-81.996534653999959,33.520490719000065],[-82.020140675999983,33.538731975000076],[-82.038543111999957,33.547505751000074],[-82.06568139899997,33.573865001000058],[-82.116403057999946,33.594776789000036],[-82.138978792999978,33.593906627000024],[-82.167132091999974,33.615215044000024],[-82.192187679999961,33.623839754000073],[-82.214206658999956,33.680734713000049],[-82.234898272999942,33.690339671000061],[-82.266217757999982,33.761595978000059],[-82.30551038599998,33.782647877000045],[-82.311118501999943,33.803914155000029],[-82.351311841999973,33.835392187000025],[-82.365708481999945,33.836009517000036],[-82.390596568999968,33.854140159000053],[-82.424525484999947,33.860254465000025],[-82.456630854999958,33.878224981000074],[-82.51753845799999,33.931029865000028],[-82.576614613999936,33.95928798500006],[-82.573608553999975,33.968904531000078],[-82.596138462999988,34.01342023400008],[-82.602943840999956,34.034636473000035],[-82.660355522999964,34.108356305000029],[-82.735780913999974,34.169795908000026],[-82.742593665999948,34.205553637000037],[-82.758027967999965,34.233372989000031],[-82.764170189999959,34.280960066000034],[-82.782870229999958,34.290515511000024],[-82.808583179999971,34.339899798000033],[-82.836439401999939,34.371045989000038],[-82.844092817999979,34.412675200000024],[-82.868042795999941,34.457542760000024],[-82.905055201999971,34.477985230000058],[-82.981962815999964,34.476497212000027],[-83.007949666999934,34.470828522000033],[-83.054994736999959,34.490061614000069],[-83.079021090999959,34.518972355000074],[-83.108120927999948,34.535016612000049],[-83.137366142999952,34.567867834000026],[-83.158950567999966,34.576831759000072],[-83.16487893599998,34.598937122000052],[-83.236987495999983,34.613321647000078],[-83.298894835999988,34.662945596000043],[-83.339789782999958,34.677692513000068],[-83.350685234999958,34.70964723700007],[-83.350333904999957,34.727381777000062],[-83.323424219999936,34.752233521000051],[-83.322690481999985,34.787244344000044],[-83.302753674999963,34.805531426000073],[-83.270113671999979,34.815079497000056],[-83.267770767999934,34.839230160000056],[-83.250421268999958,34.839710540000056],[-83.250306441999953,34.85016617000008],[-83.235688047999986,34.862384773000031],[-83.243072830999949,34.878081914000063],[-83.23280366299997,34.873821179000061],[-83.21942835699997,34.889182264000056],[-83.203513149999935,34.884169882000037],[-83.182180502999984,34.910647647000076],[-83.158352726999965,34.917651076000027],[-83.155025886999965,34.932280004000063],[-83.137562086999935,34.930475947000048],[-83.125636347999944,34.940790414000048],[-83.113101178999955,34.936125148000031],[-83.127314515999956,34.954374306000034],[-83.12140194899996,34.960893141000042],[-83.115542055999981,34.954687184000079],[-83.100450129999956,34.98416205500007],[-83.106156743999975,35.000366965000069],[-83.512887617999979,34.992115708000028],[-83.549297441999954,34.989628479000032],[-83.937899253999944,34.989477307000072],[-83.988454465999951,34.989151787000026],[-84.118152216999988,34.988306909000073],[-84.323773646999939,34.989090686000054],[-84.618684580999968,34.988759898000069],[-84.771134521999954,34.99075726600006],[-84.800417133999986,34.992832063000037],[-84.967857340999956,34.992682998000078],[-84.972793346999936,34.992629272000045],[-85.267717449999964,34.989149680000025],[-85.359944011999971,34.98997822900003],[-85.467383647999952,34.990123607000044],[-85.608960258999957,34.990164166000056],[-85.583058211999969,34.862322619000054],[-85.534692624999934,34.622488364000048],[-85.525834045999943,34.584685861000025],[-85.511856157999944,34.523015023000028],[-85.460285933999955,34.290161547000025],[-85.41656717699999,34.08692041900008],[-85.39573755899994,33.959829465000041],[-85.384010923999938,33.905409620000057],[-85.335286632999953,33.654923264000047],[-85.304980052999952,33.490593937000028],[-85.293824921999942,33.425875954000048],[-85.233846473999961,33.129237339000042],[-85.233503044999964,33.120139623000057],[-85.180719755999974,32.871812868000063],[-85.162301517999936,32.807445689000076],[-85.12808974699999,32.77707063400004],[-85.133300706999989,32.756315286000074],[-85.12488510899999,32.744383225000036],[-85.113867981999988,32.734389012000065],[-85.107733134999989,32.68997233500005],[-85.09047475999995,32.676152467000065],[-85.10380371399998,32.645910148000041],[-85.086324111999943,32.628451089000066],[-85.084149234999984,32.603004139000063],[-85.070774455999981,32.58125379300003],[-84.995652462999942,32.51892822800005],[-84.989815218999979,32.454836003000025],[-84.965384860999961,32.429450153000062],[-84.970961899999963,32.396812784000076],[-84.984488903999988,32.387093525000068],[-84.97166350699996,32.371503311000026],[-85.002090181999961,32.347078747000069],[-85.005332216999989,32.32959229800008],[-84.921070896999936,32.293137175000027],[-84.894603665999966,32.268735261000074],[-84.894015832999969,32.259176129000025],[-84.905361113999959,32.249555895000071],[-84.923679799999945,32.247388920000049],[-84.916004260999955,32.228556143000048],[-84.928371401999982,32.217978311000024],[-84.975743572999988,32.21224852000006],[-84.960385120999945,32.191928252000025],[-85.007826292999937,32.178878467000061],[-85.024382533999983,32.166274823000037],[-85.053313816999946,32.126637712000047],[-85.046187131999943,32.090894731000049],[-85.056654877999961,32.069643728000074],[-85.062010688999976,32.050010319000023],[-85.056700176999982,32.017376637000041],[-85.070067054999981,31.980702920000056],[-85.115150047999975,31.90742448900005],[-85.135566707999942,31.854884551000055],[-85.131560910999951,31.783814707000033],[-85.130165070999965,31.77885341800004]]],[[[-81.485055743999965,30.903883066000049],[-81.503305427999976,30.881735038000045],[-81.46988691599995,30.860259120000023],[-81.479460269999947,30.736883207000062],[-81.45571677099997,30.716427569000075],[-81.403052523999975,30.938803291000056],[-81.416405180999959,30.970599996000033],[-81.485055743999965,30.903883066000049]]]]},"properties":{"objectid":45,"ss6.gdb.States.area":58629.222000000002,"state_name":"Georgia","sub_region":"S Atl","state_abbr":"GA","pop2000":8186453,"pop00_sqmi":140,"st_area(shape)":14.598827152233847,"st_length(shape)":20.103468936089889}},{"type":"Feature","id":47,"geometry":{"type":"Polygon","coordinates":[[[-94.46169151099997,34.196765114000073],[-94.468584851999935,33.939311673000077],[-94.47669125799996,33.632082057000048],[-94.436117090999971,33.636560859000042],[-94.436536369999942,33.616961161000063],[-94.451757344999976,33.604463917000032],[-94.443532423999955,33.596621404000075],[-94.428670153999974,33.597258750000037],[-94.406772850999971,33.573604268000054],[-94.393619298999965,33.575077011000076],[-94.379313783999976,33.59344468300003],[-94.370829710999942,33.590160509000043],[-94.372507878999954,33.572780986000055],[-94.39546549399995,33.560420693000026],[-94.37095876099994,33.547802301000047],[-94.32895082899995,33.573254518000056],[-94.302582623999967,33.557054349000055],[-94.299019808999958,33.57997298500004],[-94.279182553999988,33.589452581000046],[-94.272277623999969,33.584726215000046],[-94.274742203999949,33.561857618000033],[-94.237433247999945,33.592542918000049],[-94.223234659999946,33.585840780000069],[-94.235563875999958,33.561655879000057],[-94.211080318999961,33.558108339000057],[-94.205541204999975,33.585200274000044],[-94.15970972599996,33.593893986000069],[-94.155360498999983,33.56720658100005],[-94.098893773999976,33.573120202000041],[-94.086846358999992,33.584075701000074],[-94.061622742999987,33.577335638000079],[-94.036116271999958,33.556034595000028],[-94.036691462999954,33.27045313800005],[-94.038931654999942,33.023422671000048],[-93.809931223999968,33.022728965000056],[-93.511915730999988,33.021287826000048],[-93.479070302999958,33.021528016000048],[-93.232543390999979,33.019374735000042],[-92.978989346999981,33.018274919000078],[-92.71723671999996,33.016839574000073],[-92.063441667999939,33.010151658000041],[-91.454470455999967,33.013999435000073],[-91.427644520999991,33.013544865000028],[-91.254727354999943,33.013601226000048],[-91.162241113999983,33.013162458000068],[-91.160784173999957,33.021832993000032],[-91.156793651999976,33.040555156000039],[-91.124093074999962,33.047395298000026],[-91.117898179999941,33.065693968000062],[-91.146898463999946,33.090774840000051],[-91.190646717999982,33.113345834000029],[-91.195613800999979,33.140585780000038],[-91.177737569999977,33.150408278000043],[-91.121438345999991,33.131190461000074],[-91.095962951999979,33.145205746000045],[-91.086425941999948,33.16172300900007],[-91.092110433999949,33.225816287000043],[-91.054648725999982,33.245900052000025],[-91.04053388799997,33.282040189000043],[-91.053939217999982,33.293693608000069],[-91.076431727999989,33.292476857000054],[-91.103013259999955,33.249329604000025],[-91.122613484999988,33.268623798000078],[-91.141855531999965,33.322501109000029],[-91.130533426999989,33.359518255000069],[-91.107049606999965,33.393521967000027],[-91.078796754999985,33.410295221000069],[-91.061622657999976,33.431912830000044],[-91.061088551999944,33.460125650000066],[-91.073868123999944,33.466320545000031],[-91.085908163999989,33.462971056000072],[-91.099236590999965,33.415013686000066],[-91.137743334999982,33.388994178000075],[-91.18509338299998,33.391945985000064],[-91.204274328999986,33.414414265000062],[-91.198941166999987,33.422226755000054],[-91.130625078999969,33.443238095000027],[-91.119821804999958,33.452946292000036],[-91.11906647099994,33.469787495000048],[-91.128908985999942,33.49330502600003],[-91.165088627999978,33.51189339900003],[-91.174290108999969,33.504481226000053],[-91.171840804999988,33.466758786000071],[-91.181881370999974,33.447502517000032],[-91.232961734999947,33.44355782100007],[-91.227262493999945,33.45956784100008],[-91.207753393999951,33.473510437000073],[-91.18051608199994,33.512125688000026],[-91.182957483999985,33.523463068000069],[-91.204213754999955,33.538618201000077],[-91.213598012999967,33.539388810000048],[-91.227743927999938,33.556462828000065],[-91.226843742999961,33.590591903000075],[-91.187917192999976,33.57479257600005],[-91.168133138999963,33.57735565400003],[-91.150760989999981,33.616272722000076],[-91.154515008999965,33.637142371000039],[-91.205419970999969,33.670054694000044],[-91.215255110999976,33.690832692000072],[-91.211791321999954,33.709073949000071],[-91.163411512999971,33.718424495000079],[-91.121158123999976,33.67763910900004],[-91.083879718999981,33.662697828000034],[-91.037941839999974,33.683327815000041],[-91.038933675999942,33.705601204000061],[-91.056321626999988,33.719467425000062],[-91.104678259999957,33.708343371000069],[-91.129055416999961,33.712550380000039],[-91.138111520999985,33.72333416500004],[-91.143002753999951,33.771928353000078],[-91.137097561999951,33.780194886000061],[-91.105525770999975,33.776548847000072],[-91.066500195999936,33.786635238000031],[-91.043512030999977,33.769664459000069],[-91.018540192999978,33.764083733000064],[-90.995483551999939,33.771660247000057],[-90.984145645999945,33.78545009100003],[-90.990478544999974,33.799007119000066],[-91.028962638999985,33.816694781000024],[-91.054926313999943,33.843633436000061],[-91.061480439999968,33.867188892000058],[-91.018571796999936,33.936413593000054],[-91.075817558999972,33.974749676000044],[-91.088963209999974,33.994573762000073],[-91.069805439999982,34.006201371000031],[-91.031168592999961,33.98580525400007],[-91.009653169999979,33.990634860000057],[-91.000367937999954,33.968479458000047],[-90.986924156999976,33.960922961000051],[-90.964897803999975,33.96756821200006],[-90.961235436999971,33.978981968000028],[-90.975380824999945,33.994713346000026],[-90.973473527999943,34.011104720000048],[-90.950577540999973,34.031394964000071],[-90.886450551999985,34.040818200000047],[-90.866438422999977,34.101058960000046],[-90.90641790899997,34.102855116000057],[-90.942353673999946,34.126047653000057],[-90.95345507799999,34.155908618000069],[-90.929025773999967,34.185754834000079],[-90.846716521999952,34.147651040000028],[-90.828969866999955,34.148765605000051],[-90.807615097999985,34.166278391000048],[-90.823027276999937,34.190650282000036],[-90.921594638999977,34.204934727000079],[-90.933817454999939,34.234780417000024],[-90.928545920999966,34.25029846800004],[-90.863518219999946,34.219267105000029],[-90.83146604999996,34.229639512000062],[-90.823944316999984,34.277444656000057],[-90.806526342999973,34.29945099300005],[-90.792633258999956,34.300061476000053],[-90.758360386999982,34.279081739000048],[-90.74786314499994,34.317822879000062],[-90.761963760999947,34.364017804000071],[-90.75541806199999,34.372269061000054],[-90.687590780999983,34.377976729000068],[-90.681242605999955,34.363504240000054],[-90.689481221999984,34.320250060000035],[-90.67944065599994,34.318079398000066],[-90.657917858999951,34.330111010000053],[-90.657346354999959,34.366014118000066],[-90.603894116999982,34.40470311100006],[-90.579227782999965,34.433103448000054],[-90.574505630999965,34.454049473000055],[-90.590154838999979,34.49660889300003],[-90.580450327999984,34.520324476000042],[-90.565786108999987,34.532611553000038],[-90.537250928999981,34.543430629000056],[-90.530719978999969,34.555751944000065],[-90.577718695999977,34.604845475000047],[-90.588095316999954,34.627916337000045],[-90.57940529199999,34.645711452000057],[-90.561162454999987,34.700386762000051],[-90.539166126999987,34.686047536000046],[-90.547650198999975,34.651906874000076],[-90.539067100999944,34.636995617000025],[-90.508914326999957,34.638166542000079],[-90.466325935999976,34.672140231000071],[-90.47007995499996,34.704354634000026],[-90.51366808299997,34.702168169000061],[-90.533383135999941,34.713352797000027],[-90.547848776999956,34.790434760000039],[-90.527363115999947,34.807421341000065],[-90.516147936999971,34.805701034000037],[-90.50138416599998,34.789931204000027],[-90.498835835999955,34.765884307000078],[-90.517070771999954,34.74847002000007],[-90.504520327999955,34.729954336000048],[-90.486025713999936,34.726933002000067],[-90.45153266799997,34.74129909100003],[-90.448969062999936,34.760848749000047],[-90.466806842999972,34.799761604000025],[-90.452005672999974,34.825316007000026],[-90.474817909999956,34.857823800000062],[-90.470629336999991,34.881020552000052],[-90.438188438999987,34.886277337000024],[-90.427941920999956,34.872739271000057],[-90.433648535999964,34.835451385000056],[-90.422410180999975,34.832365262000053],[-90.40403039399996,34.841135350000059],[-90.341521525999951,34.860673947000066],[-90.322920511999939,34.850363168000058],[-90.301648965999959,34.851873836000038],[-90.299543090999975,34.865057411000066],[-90.296369530999982,34.882787738000047],[-90.266804589999936,34.89660813200004],[-90.242939414999967,34.920827270000075],[-90.241992877999962,34.93900005200004],[-90.248264675999962,34.94985652500003],[-90.299604191999947,34.978576061000069],[-90.305448283999965,35.000788877000048],[-90.291906003999941,35.048551356000075],[-90.195803747999946,35.040990645000079],[-90.169176917999948,35.077919826000027],[-90.17843897299997,35.108737863000044],[-90.164568538999958,35.129702851000047],[-90.143823724999947,35.136626216000025],[-90.083016200999964,35.125140298000076],[-90.064628512999946,35.147474789000057],[-90.062522638999951,35.167005485000061],[-90.073394913999948,35.191922543000032],[-90.069053588999964,35.212826957000061],[-90.09019503199994,35.254486192000059],[-90.106033863999983,35.263935238000045],[-90.15221614699999,35.264144877000035],[-90.169840072999989,35.282653713000059],[-90.157083676999946,35.306330844000058],[-90.106438393999952,35.314772251000079],[-90.098793404999981,35.345678252000027],[-90.105713083999945,35.366067522000037],[-90.087226896999937,35.381592948000048],[-90.075568736999969,35.406612719000066],[-90.085250598999949,35.41836569000003],[-90.112335685999938,35.417774697000027],[-90.132561667999937,35.407685145000073],[-90.140260382999941,35.383130479000044],[-90.167910126999971,35.384339855000064],[-90.172769756999969,35.423801565000076],[-90.137368624999965,35.44260747800007],[-90.102050715999951,35.473650956000029],[-90.082320387999971,35.47828935800004],[-90.074935078999943,35.472426304000066],[-90.074027519999959,35.426590084000054],[-90.06038568699995,35.413494473000071],[-90.046873430999938,35.41718686400003],[-89.999653485999943,35.445537161000061],[-90.041906347999941,35.512521672000048],[-90.040990887999953,35.542927804000044],[-90.033139946999938,35.55249483700004],[-89.989674020999985,35.561756893000052],[-89.962359805999938,35.532373148000033],[-89.94763448499998,35.526983099000063],[-89.931261546999963,35.52931336100005],[-89.921747186999937,35.54613981600005],[-89.958118032999948,35.578674472000046],[-89.957133570999986,35.603183839000053],[-89.877525926999965,35.63341457000007],[-89.863922545999969,35.629824891000055],[-89.849280976999978,35.645300805000034],[-89.857330494999985,35.671141224000053],[-89.865265185999988,35.673384049000049],[-89.893487487999948,35.656050352000079],[-89.929827255999953,35.676344283000049],[-89.952121188999968,35.712563956000054],[-89.951121450999949,35.734345379000047],[-89.90986832699997,35.754913737000038],[-89.859955200999991,35.748269013000026],[-89.827124520999973,35.758347503000039],[-89.799986233999959,35.77430010900008],[-89.790464499999985,35.805630129000065],[-89.759877170999971,35.817497401000026],[-89.736019371999987,35.807113933000039],[-89.700907941999958,35.827590640000039],[-89.701518424999961,35.842113169000072],[-89.75779447299999,35.87149322700003],[-89.766354921999948,35.884176934000038],[-89.76299015799998,35.896887504000063],[-89.738056770999947,35.915087149000044],[-89.714763627999957,35.911501157000032],[-89.664728826999976,35.885721839000041],[-89.649416200999951,35.894361824000043],[-89.645479405999936,35.913873558000034],[-89.664271096999983,35.937894645000029],[-89.713215035999951,35.966397695000069],[-89.721836584999949,35.999951051000039],[-89.963291594999987,35.996908647000055],[-90.283554140999968,35.991227842000058],[-90.379062242999964,35.989656600000046],[-90.315339783999946,36.091723570000056],[-90.284852008999962,36.115972731000056],[-90.26380168999998,36.118829726000058],[-90.234938882999984,36.137155259000053],[-90.232322077999982,36.161213744000065],[-90.219321278999985,36.172631187000036],[-90.161404986999969,36.197006765000026],[-90.131313839999962,36.212135562000071],[-90.11001227099996,36.258059746000072],[-90.066187639999953,36.272338397000055],[-90.049845252999944,36.300535942000067],[-90.067728857999953,36.32539558700006],[-90.050295081999991,36.362668197000062],[-90.052157079999972,36.382615012000031],[-90.080272453999953,36.397449893000044],[-90.116925101999982,36.404975840000077],[-90.123929056999941,36.422626103000027],[-90.117322257999945,36.453955596000071],[-90.137372837999976,36.457476273000054],[-90.150259336999966,36.491872927000031],[-90.224473243999967,36.492811037000024],[-90.581732393999971,36.491022255000075],[-90.804433636999988,36.489265604000025],[-91.13395613199998,36.488015669000049],[-91.411796734999939,36.491101791000062],[-91.452988758999936,36.490438109000024],[-91.688560697999947,36.491018568000072],[-92.127642398999967,36.491435213000045],[-92.146319262999953,36.491660654000043],[-92.523050641999987,36.490921122000032],[-92.777635499999974,36.489983539000036],[-92.852275532999954,36.489884514000039],[-93.297324580999941,36.490680933000078],[-93.328346462999946,36.490261654000051],[-93.596449898999936,36.489958783000077],[-93.857519880999973,36.489786542000047],[-94.081052306999936,36.491024362000076],[-94.617257070999983,36.489414142000044],[-94.607453007999936,36.478790484000058],[-94.553113752999991,36.164525308000066],[-94.54241740599997,36.10683603800004],[-94.485934877999966,35.760310633000074],[-94.468485299999941,35.64108800200006],[-94.428552165999974,35.400546346000056],[-94.439322254999979,34.929150690000029],[-94.445961185999977,34.735608278000029],[-94.452623818999939,34.508432447000075],[-94.46169151099997,34.196765114000073]]]},"properties":{"objectid":47,"ss6.gdb.States.area":52913.232000000004,"state_name":"Arkansas","sub_region":"W S Cen","state_abbr":"AR","pop2000":2673400,"pop00_sqmi":51,"st_area(shape)":13.517464664935735,"st_length(shape)":20.877176886934706}},{"type":"Feature","id":48,"geometry":{"type":"MultiPolygon","coordinates":[[[[-93.707523985999956,30.239578656000049],[-93.715008847999968,30.220513591000042],[-93.704525826999941,30.181068210000035],[-93.696331456999985,30.175884114000041],[-93.69982579699996,30.151017095000043],[-93.683307480999986,30.148440322000056],[-93.686122863999969,30.141461123000056],[-93.698803409999982,30.141434787000037],[-93.697086790999947,30.11813901000005],[-93.708546898999941,30.114950174000057],[-93.71602385999995,30.09587878800005],[-93.712643820999972,30.060731014000055],[-93.760367321999979,30.006176326000059],[-93.791454517999966,29.85052016800006],[-93.89990179299997,29.809981292000032],[-93.801820603999943,29.72586534900006],[-93.721991733999971,29.758793474000072],[-93.233657428999948,29.78899365500007],[-92.607425735999982,29.588626376000036],[-92.29737388999996,29.541571298000065],[-92.059757176999938,29.607014591000052],[-92.199698811999951,29.763120578000041],[-92.130101183999955,29.773526169000036],[-92.137151491999987,29.730741834000071],[-91.973327827999981,29.806057138000028],[-91.967086579999943,29.841888084000061],[-91.827503648999937,29.83904162400006],[-91.82393293299998,29.78689199400003],[-91.846630868999966,29.808396882000068],[-91.881178168999952,29.765955976000043],[-91.863256111999988,29.725839539000049],[-91.615767913999946,29.769137965000027],[-91.643547233999982,29.643964315000062],[-91.548490540999978,29.64212918100003],[-91.547865309999963,29.531686119000028],[-91.433025088999955,29.552582104000066],[-91.262725253999974,29.489587589000053],[-91.213735489999976,29.40592358300006],[-91.102190503999964,29.314134208000041],[-91.078385903999958,29.360018361000073],[-90.936527490999936,29.343516900000054],[-90.897349163999991,29.267664330000059],[-90.818550054999946,29.256802062000077],[-90.814293006999947,29.221006935000048],[-90.920413705999977,29.181909724000036],[-90.882639118999975,29.137411930000042],[-90.83937967199995,29.18234059100007],[-90.772689604999982,29.160625537000044],[-90.782898197999941,29.126943131000075],[-90.67679435499997,29.140277352000055],[-90.683858357999952,29.181920785000045],[-90.638120109999988,29.16257128500007],[-90.650051116999975,29.254292711000062],[-90.621265738999966,29.222965851000026],[-90.583132974999955,29.260928481000064],[-90.611095069999976,29.305035966000048],[-90.476472374999958,29.30394194400003],[-90.450516074999939,29.352441848000069],[-90.406828921999988,29.325991999000053],[-90.396430177999946,29.272347504000038],[-90.347645838999938,29.312951695000038],[-90.284099308999942,29.24553473800006],[-90.278819346999967,29.275158673000078],[-90.24291465899995,29.254741486000057],[-90.26395707599994,29.184649784000044],[-90.227762685999949,29.098673951000023],[-90.077802607999956,29.176441719000024],[-90.043110456999955,29.223676412000032],[-90.077878983999938,29.214574483000035],[-90.111639872999945,29.321725470000047],[-90.033001415999991,29.308872682000072],[-90.055943755999976,29.351431576000039],[-90.029942156999937,29.374207995000063],[-90.055325898999968,29.428282830000057],[-90.03608385199999,29.447157218000029],[-90.174133465999944,29.495941557000037],[-90.208146131999968,29.544730110000046],[-90.151793707999957,29.59530744500006],[-90.137290141999983,29.533810956000025],[-90.11308153799996,29.553848895000044],[-90.006694838999977,29.49393681500004],[-89.971926838999991,29.503541774000041],[-89.96673852899994,29.472678438000059],[-89.817526936999968,29.477625505000049],[-89.82174658699995,29.420912269000041],[-89.753706505999958,29.374288058000047],[-89.794944881999982,29.322540325000034],[-89.610718252999959,29.33175813500003],[-89.61959210699996,29.279574794000041],[-89.493197492999968,29.234995357000059],[-89.459116877999975,29.255736483000078],[-89.467073691999985,29.216321127000072],[-89.39313421199995,29.146265242000027],[-89.388662256999964,29.100378982000052],[-89.339734646999943,29.104495393000036],[-89.319090438999979,29.180188891000057],[-89.26328792299995,29.148212570000055],[-89.394892442999947,28.939655662000064],[-89.25749650399996,29.059463493000067],[-89.241162017999955,29.121169095000027],[-89.144395025999984,29.016678631000048],[-89.154023686999949,29.057217508000065],[-89.111404745999948,29.083016842000063],[-89.126542496999946,29.135309216000053],[-89.057753402999936,29.085278629000072],[-89.021802889999947,29.147118548000037],[-89.098274896999953,29.163443026000039],[-89.033262997999941,29.223413573000073],[-89.120225399999981,29.211884463000047],[-89.12993781199998,29.290887418000068],[-89.193400591999989,29.34904758600004],[-89.262555764999945,29.297809203000043],[-89.264775413999985,29.350663600000075],[-89.337058321999962,29.340893248000043],[-89.38452214299997,29.397938325000041],[-89.537076376999948,29.401453208000078],[-89.544629713999939,29.471685548000039],[-89.771778154999936,29.610246619000065],[-89.723208195999973,29.606027495000035],[-89.748545585999977,29.637378058000024],[-89.728319602999989,29.646176063000041],[-89.635260803999984,29.626531592000049],[-89.695328269999948,29.694079179000028],[-89.67670407899999,29.702961461000029],[-89.597951848999969,29.66515737800006],[-89.479189054999949,29.636170788000072],[-89.511942831999988,29.664614844000027],[-89.611837557999991,29.697747868000079],[-89.592877839999971,29.710864022000067],[-89.650587125999948,29.766900934000034],[-89.540500134999945,29.754730790000053],[-89.482238306999989,29.830948386000046],[-89.417424985999958,29.782936763000066],[-89.364039641999966,29.796774013000061],[-89.421155301999988,29.828098766000039],[-89.402202429999988,29.845944974000076],[-89.431048381999972,29.940277410000078],[-89.377793141999973,29.951286109000023],[-89.45362358999995,29.985732803000076],[-89.435854284999948,30.044405482000059],[-89.574378483999965,30.008960104000039],[-89.585862822999957,29.898156758000027],[-89.627414077999958,29.875679523000031],[-89.71220212999998,29.897527840000066],[-89.715016458999969,29.969403584000077],[-89.820847981999975,29.951290323000023],[-89.848963356999946,30.010685679000062],[-89.716840004999938,30.055226138000023],[-89.649394604999941,30.122426608000069],[-89.669201308999959,30.16338212900007],[-89.724927975999947,30.121095030000049],[-89.740088902999958,30.158928083000035],[-89.798264873999983,30.105371552000065],[-89.89122569999995,30.156091632000027],[-89.990548395999951,30.053663851000067],[-90.111546640999961,30.041610115000026],[-90.275980260999972,30.062053638000066],[-90.395567390999986,30.092079997000042],[-90.424530803999971,30.185877274000063],[-90.309027427999979,30.303846283000041],[-90.239751106999961,30.380950895000069],[-90.075561362999963,30.368978803000061],[-89.943536509999944,30.269853632000036],[-89.759217175999936,30.231093003000069],[-89.728560319999985,30.181012903000067],[-89.573883882999951,30.194935484000041],[-89.610003477999953,30.241420111000025],[-89.606310558999951,30.247828333000029],[-89.621661636999988,30.256964500000038],[-89.625942387999942,30.29035562200005],[-89.639172315999986,30.295829948000062],[-89.637082243999942,30.311843655000075],[-89.618588155999987,30.323760967000055],[-89.620198375999962,30.343429140000069],[-89.633451479999962,30.355308000000036],[-89.646688781999956,30.355290618000026],[-89.654669825999974,30.379065195000067],[-89.675369866999972,30.400074428000039],[-89.675462044999961,30.445352312000068],[-89.683450989999983,30.462718666000058],[-89.694597692999935,30.468186671000069],[-89.695681706999949,30.478246199000068],[-89.713183958999991,30.481416073000048],[-89.71905912699998,30.496037627000078],[-89.732319605999976,30.497837997000033],[-89.755178721999982,30.515622050000047],[-89.77279632799997,30.551247043000046],[-89.79084796099994,30.553943911000033],[-89.820307028999991,30.62427053600004],[-89.805536408999956,30.649456754000028],[-89.819353643999989,30.651245536000033],[-89.82952431199999,30.670874204000029],[-89.84544742099996,30.66625265700003],[-89.835391579999964,30.675882372000046],[-89.841785579999964,30.679519983000034],[-89.84134312499998,30.700549759000069],[-89.830723153999941,30.703780733000031],[-89.844052107999971,30.712424932000033],[-89.835613860999956,30.729362000000037],[-89.823398945999941,30.733054392000042],[-89.825565920999964,30.742648289000044],[-89.813351005999948,30.748168440000029],[-89.82468943899994,30.789724436000029],[-89.810933305999981,30.811699169000065],[-89.796567216999961,30.812652554000067],[-89.796094210999968,30.829105028000072],[-89.774800015999972,30.830531945000075],[-89.785023884999987,30.861579110000037],[-89.765850838999938,30.862084773000049],[-89.763310936999972,30.900471422000066],[-89.746800521999944,30.902794310000047],[-89.745754958999953,30.910107458000027],[-89.758054151999943,30.92104346800005],[-89.740475523999976,30.926109576000044],[-89.748540317999982,30.949847808000072],[-89.739522665999971,30.965400098000032],[-89.719822888999943,30.975493863000054],[-89.726781545999984,30.984616335000055],[-89.723622733999946,31.001524959000051],[-89.732717288999936,31.007444900000053],[-89.833558552999989,31.007184695000035],[-90.259376614999951,31.007370105000064],[-90.343660057999955,31.005390119000026],[-90.542653618999964,31.002329806000034],[-90.560254895999947,31.001706155000079],[-90.829714139999965,31.001546029000053],[-91.057012172999976,31.000418295000031],[-91.179207678999944,31.000461487000052],[-91.632297290999986,31.001364833000025],[-91.627773189999971,31.011960047000059],[-91.572787634999941,31.032647974000042],[-91.552081272999942,31.058159712000077],[-91.564975145999938,31.082134974000041],[-91.620113979999985,31.127694132000045],[-91.591488201999937,31.178482160000044],[-91.600964110999939,31.213929644000075],[-91.63699890099997,31.241104276000044],[-91.643682603999991,31.271117993000075],[-91.634214068999938,31.277694242000052],[-91.556919305999941,31.27046905900005],[-91.517078349999963,31.283069542000078],[-91.502475231999938,31.298857808000037],[-91.505756245999976,31.323456720000024],[-91.542790246999971,31.346986365000078],[-91.544407840999952,31.368874714000071],[-91.534573226999953,31.382749889000024],[-91.55937703799998,31.388230536000037],[-91.567731533999961,31.421406225000055],[-91.552472634999958,31.43309967600004],[-91.534802355999943,31.434335389000069],[-91.534169223999982,31.409238715000072],[-91.523014619999969,31.392092008000077],[-91.494708567999965,31.375249752000059],[-91.480838133999953,31.377780699000027],[-91.46592213699995,31.404068841000026],[-91.473292697999966,31.420374884000069],[-91.507900571999983,31.453083362000029],[-91.506482081999991,31.525687049000055],[-91.50295719199994,31.534880630000032],[-91.464473096999939,31.542866414000059],[-91.423578149999969,31.562746333000064],[-91.404252352999947,31.586353409000026],[-91.415383779999956,31.602592557000037],[-91.497151024999937,31.604358689000037],[-91.50887765899995,31.62194627100007],[-91.507809446999943,31.643870965000076],[-91.497768880999956,31.65089546300004],[-91.457377489999942,31.626966027000037],[-91.408403000999954,31.625529629000027],[-91.389183602999935,31.654605236000066],[-91.387947889999964,31.716682711000033],[-91.365074551999953,31.751741468000034],[-91.370499364999944,31.753474943000072],[-91.339912036999976,31.758542631000068],[-91.282620975999976,31.749887371000057],[-91.263989410999955,31.759763596000028],[-91.262684695999951,31.773926893000066],[-91.336257569999987,31.763621908000061],[-91.367134600999975,31.770867634000069],[-91.347236771999974,31.795832098000062],[-91.33484645499999,31.843478169000036],[-91.303473242999985,31.863144762000047],[-91.29264679299996,31.861492930000054],[-91.276800059999971,31.827533464000055],[-91.250729458999956,31.818820790000075],[-91.241383652999957,31.835387565000076],[-91.264692070999956,31.865586165000025],[-91.244481363999967,31.878671768000061],[-91.201542169999982,31.914448987000071],[-91.163142879999953,31.988447988000075],[-91.108110444999966,31.991984466000076],[-91.072488085999964,32.021213353000064],[-91.073243419999983,32.032149889000038],[-91.086992178999935,32.043811210000058],[-91.143122848999951,32.066260001000046],[-91.145694354999989,32.085828622000065],[-91.125727523999956,32.088399601000049],[-91.089410404999967,32.056997946000024],[-91.065118051999946,32.058707191000053],[-91.073922376999974,32.094148355000073],[-91.041191775999948,32.107823371000052],[-91.011390332999952,32.134212645000048],[-91.003936547999956,32.169413619000068],[-91.024521234999952,32.17005096500003],[-91.05458183099995,32.184683580000069],[-91.045418273999985,32.158824725000045],[-91.054154124999968,32.134544486000038],[-91.083116483999959,32.14873096000008],[-91.108820479999963,32.135143381000034],[-91.156650380999963,32.144935329000077],[-91.166957999999966,32.172141037000074],[-91.157375163999973,32.206014646000028],[-91.116060937999976,32.225754982000069],[-91.100679836999973,32.215035986000032],[-91.088022465999984,32.23253718400008],[-91.062569721999978,32.232892201000027],[-91.041756432999989,32.249588552000034],[-90.977324992999968,32.223554296000032],[-90.971122196999943,32.269214587000079],[-90.983924417999958,32.287280442000053],[-90.980872532999967,32.297800861000042],[-90.971762702999968,32.303846691000047],[-90.929350240999952,32.297552770000038],[-90.916479543999969,32.305464285000028],[-90.875455020999937,32.379795126000033],[-90.885259083999983,32.381500158000051],[-90.915029450999953,32.346043719000079],[-90.984671850999973,32.356540961000064],[-90.998969464999959,32.366378735000069],[-91.009315007999987,32.397226796000041],[-90.970091908999962,32.419160970000064],[-90.965590456999962,32.440179158000035],[-90.987555708999992,32.453106215000048],[-91.027015837999954,32.442558933000043],[-91.058617124999955,32.447140448000027],[-91.117791779999948,32.498709093000059],[-91.118852617999949,32.524206083000024],[-91.088891047999937,32.548775497000065],[-91.03730765499995,32.497095712000032],[-91.019790654999952,32.490954544000033],[-90.992156185999988,32.49542123100008],[-90.99517752099996,32.511782055000026],[-91.063194952999936,32.542298274000075],[-91.073372468999935,32.561748907000037],[-91.058975302999954,32.576526374000025],[-91.032432222999944,32.582809233000035],[-90.998762985999974,32.615603042000032],[-90.996237305999955,32.626112399000078],[-91.007986589999973,32.642808750000029],[-91.027572066999937,32.641637298000035],[-91.047736947999965,32.614489003000074],[-91.063919208999948,32.606524289000049],[-91.111100702999977,32.59766307600006],[-91.146371731999977,32.64498678700005],[-91.13966537999994,32.663308107000034],[-91.059134902999972,32.723650526000029],[-91.097817047999968,32.749528870000063],[-91.136575042999937,32.75125655100004],[-91.156450222999979,32.762810945000069],[-91.142259008999986,32.841341948000036],[-91.079635312999983,32.877290881000079],[-91.075698517999967,32.953838211000061],[-91.092781489999936,32.987746058000027],[-91.111923984999976,32.987475318000065],[-91.132462846999942,32.975348366000048],[-91.130044092999981,32.937591689000044],[-91.137284550999937,32.917912454000032],[-91.169809726999972,32.905148684000039],[-91.198420755999962,32.914288538000051],[-91.209270381999943,32.935978309000063],[-91.161974060999967,33.000418177000029],[-91.162241113999983,33.013162458000068],[-91.254727354999943,33.013601226000048],[-91.427644520999991,33.013544865000028],[-91.454470455999967,33.013999435000073],[-92.063441667999939,33.010151658000041],[-92.71723671999996,33.016839574000073],[-92.978989346999981,33.018274919000078],[-93.232543390999979,33.019374735000042],[-93.479070302999958,33.021528016000048],[-93.511915730999988,33.021287826000048],[-93.809931223999968,33.022728965000056],[-94.038931654999942,33.023422671000048],[-94.041785488999949,32.882485512000073],[-94.040382800999964,32.694957853000062],[-94.035418351999965,32.389381122000032],[-94.034954827999968,32.199609058000078],[-94.035255591999942,31.994679227000063],[-94.010077801999955,31.989300767000032],[-94.004584512999941,31.978108765000059],[-93.977400927999952,31.946327335000035],[-93.970175744999949,31.923332849000076],[-93.93591920099999,31.909624649000079],[-93.918111444999965,31.909870632000036],[-93.923650558999952,31.892761850000056],[-93.899449856999979,31.89462332100004],[-93.89271295399999,31.87023457500004],[-93.881451423999977,31.871588803000066],[-93.877591004999942,31.850282493000066],[-93.865010010999981,31.817442332000041],[-93.834514860999946,31.80218764600005],[-93.822254118999979,31.774808116000031],[-93.831348673999969,31.753452293000066],[-93.810176153999976,31.730524702000025],[-93.815135335999969,31.712523635000025],[-93.808955715999957,31.707738275000054],[-93.792452675999982,31.711568143000079],[-93.812030250999953,31.674740094000072],[-93.806612811999969,31.653941554000028],[-93.814914108999972,31.648141181000028],[-93.819773737999981,31.618267575000061],[-93.835765321999986,31.61536475500003],[-93.832805087999986,31.590360259000079],[-93.816507999999942,31.577287297000055],[-93.810701832999939,31.55924093200008],[-93.780313082999953,31.533913550000079],[-93.763489788999948,31.530901696000058],[-93.747726806999935,31.537895644000059],[-93.731842148999988,31.522055758000079],[-93.70597749999996,31.520746829000075],[-93.719176350999987,31.495582207000041],[-93.75061803899996,31.490736273000039],[-93.751427098999955,31.485680172000059],[-93.726966190999974,31.459654870000065],[-93.698599037999941,31.461638016000052],[-93.702108653999971,31.446431263000079],[-93.687184755999965,31.438311689000045],[-93.696309860999975,31.42791715900006],[-93.694623791999959,31.416103614000065],[-93.687673035999978,31.406311139000024],[-93.66419658999996,31.398510238000028],[-93.661251104999963,31.372577114000023],[-93.635035651999942,31.374008771000035],[-93.677219512999955,31.32857023400004],[-93.681766789999983,31.312863612000058],[-93.656306144999974,31.286855692000074],[-93.645769923999978,31.290446951000035],[-93.631006151999941,31.274088235000079],[-93.616632162999963,31.275989737000032],[-93.612054334999982,31.270217808000041],[-93.611176271999966,31.24237370000003],[-93.590721160999976,31.229873296000051],[-93.60309620299995,31.199253837000072],[-93.594115948999956,31.180386823000049],[-93.577117252999983,31.172328350000043],[-93.550764323999942,31.191116881000028],[-93.52909614899994,31.185961228000053],[-93.52710510199995,31.178263040000047],[-93.537191492999966,31.176527458000066],[-93.528500941999937,31.163131082000064],[-93.544362949999936,31.159354414000063],[-93.537679246999971,31.132629611000027],[-93.52826443899994,31.126114463000079],[-93.535260493999942,31.116261414000064],[-93.556852292999963,31.109532939000076],[-93.56015595599996,31.100727033000055],[-93.543294210999989,31.094941936000055],[-93.544278672999951,31.082563733000029],[-93.517170409999949,31.074861331000079],[-93.525913633999949,31.057171563000054],[-93.507388995999975,31.039099914000076],[-93.547291579999978,31.014334555000062],[-93.565114610999956,31.018256075000068],[-93.568066943999952,31.013117804000046],[-93.571019803999945,30.99746490900003],[-93.561124088999975,30.991883657000074],[-93.57262949699998,30.976371925000024],[-93.548848072999988,30.970384563000039],[-93.537510692999945,30.957079312000076],[-93.532360306999976,30.960926036000046],[-93.525791431999949,30.936014772000078],[-93.530155933999936,30.927166728000032],[-93.549794083999984,30.925080342000058],[-93.546688997999979,30.905530683000052],[-93.564649506999956,30.902128521000066],[-93.568670051999959,30.886431380000033],[-93.561017688999982,30.872076880000066],[-93.552976071999979,30.860480347000077],[-93.566617903999941,30.845346283000026],[-93.555814630999976,30.842540382000038],[-93.550855448999982,30.828543005000029],[-93.582044830999962,30.802239589000067],[-93.585348494999948,30.772384418000058],[-93.618629003999956,30.745989877000056],[-93.607825202999948,30.732211094000036],[-93.617964794999978,30.732748887000071],[-93.612585806999959,30.710530277000032],[-93.617780964999952,30.687003265000044],[-93.660162875999958,30.673060669000051],[-93.678144980999946,30.639893934000042],[-93.693053076999945,30.640243157000043],[-93.684759680999946,30.62362634200008],[-93.692869773999973,30.615997156000049],[-93.671758354999952,30.598033487000066],[-93.693594030999975,30.599036912000031],[-93.717985409999983,30.587582071000043],[-93.718053884999961,30.568355825000026],[-93.735479233999968,30.545719517000066],[-93.705631963999963,30.523060032000046],[-93.714809742999989,30.505316011000048],[-93.707447082999977,30.496443210000052],[-93.715023068999983,30.488830879000034],[-93.698146048999945,30.470249881000029],[-93.703593510999951,30.462716033000049],[-93.69674125399996,30.442835586000058],[-93.721705191999945,30.433183222000025],[-93.742731806999984,30.409027292000076],[-93.755113695999967,30.381992771000057],[-93.748002286999963,30.367615621000027],[-93.759507694999968,30.35435040200008],[-93.759347041999945,30.341077282000072],[-93.729941172999986,30.305122028000028],[-93.699377021999965,30.297593447000054],[-93.707523985999956,30.239578656000049]]],[[[-92.016367626999966,29.596478370000057],[-91.849088600999949,29.487082978000046],[-91.758113026999979,29.494513587000029],[-91.764964230999965,29.534253937000074],[-91.701615750999963,29.577266874000031],[-91.769847035999987,29.578615308000053],[-91.902548739999986,29.65093087300005],[-92.016367626999966,29.596478370000057]]],[[[-90.934574368999961,29.259094400000038],[-90.998953135999955,29.32380026800007],[-91.007368733999954,29.297544257000027],[-91.127513672999953,29.293514230000028],[-91.122561864999966,29.227085422000073],[-91.055557338999961,29.190915788000041],[-91.067689556999937,29.253119152000068],[-91.033103805999986,29.275629045000073],[-91.044448560999967,29.211258705000034],[-90.994565984999952,29.224802039000053],[-91.003240207999966,29.184316889000058],[-90.962025534999952,29.185799640000027],[-90.94498101399995,29.226391716000023],[-90.980382671999962,29.219952417000059],[-90.981382409999981,29.276348560000031],[-90.953625738999961,29.273057012000038],[-90.970845661999988,29.242095704000064],[-90.934574368999961,29.259094400000038]]],[[[-91.341318937999972,29.341910894000023],[-91.276162714999941,29.254027765000046],[-91.128306930999941,29.226999565000028],[-91.134693029999937,29.259925056000043],[-91.16366276399998,29.245267158000047],[-91.152592436999953,29.266533963000029],[-91.195059152999988,29.273672762000047],[-91.200460788999976,29.307985139000039],[-91.188024645999974,29.284758364000027],[-91.171224001999974,29.283676456000023],[-91.161564263999935,29.323720731000037],[-91.189275634999944,29.297611678000067],[-91.226553512999942,29.381399467000051],[-91.300492992999978,29.316457623000076],[-91.341318937999972,29.341910894000023]]]]},"properties":{"objectid":48,"ss6.gdb.States.area":45835.843999999997,"state_name":"Louisiana","sub_region":"W S Cen","state_abbr":"LA","pop2000":4468976,"pop00_sqmi":97,"st_area(shape)":11.224653390221953,"st_length(shape)":32.570279467671064}},{"type":"Feature","id":49,"geometry":{"type":"MultiPolygon","coordinates":[[[[-80.785662554999988,28.785194133000061],[-81.097054406999973,29.351799235000044],[-81.109880331999989,29.430239113000027],[-81.233765594999966,29.669024117000049],[-81.243784564999942,29.737943314000063],[-81.316489910999962,29.829240194000079],[-81.302758007999955,29.913052212000025],[-81.432767583999976,30.246781716000044],[-81.443260085999952,30.357187380000028],[-81.480798168999968,30.38054057100004],[-81.457528728999989,30.454764486000045],[-81.518117658999984,30.556213072000048],[-81.498784486999966,30.598605518000056],[-81.528595412999948,30.721452592000048],[-81.536591204999979,30.706577154000058],[-81.601170129999957,30.724886885000046],[-81.604770869999982,30.716321169000025],[-81.627980788999935,30.731774433000055],[-81.642477507999956,30.729080726000063],[-81.71676884499999,30.745368860000042],[-81.736675100999946,30.763888757000075],[-81.757710143999986,30.769631716000049],[-81.776707787999953,30.76158483100005],[-81.803198193999947,30.78808471900004],[-81.873001773999988,30.799084464000032],[-81.89914085099997,30.828308083000024],[-81.907518522999965,30.813475309000069],[-81.943805091999934,30.824249613000063],[-81.953029222999987,30.820430805000058],[-81.96155121999999,30.796007822000036],[-81.981480125999951,30.778351765000025],[-82.015538617999937,30.791319380000061],[-82.012967111999956,30.764256416000023],[-82.031881005999935,30.757532682000033],[-82.044911828999943,30.650910534000047],[-82.013652916999945,30.598690322000039],[-82.005801449999979,30.570990539000036],[-82.022509389999982,30.47771788700004],[-82.035120933999963,30.442878251000025],[-82.046099609999942,30.43406813200005],[-82.038354541999979,30.378904541000054],[-82.05276698299997,30.363794707000068],[-82.164639068999975,30.361291676000064],[-82.180234023999958,30.368631160000064],[-82.205564566999954,30.423853218000033],[-82.199187421999966,30.490014446000032],[-82.219367578999936,30.502970473000062],[-82.238396299999977,30.531444553000028],[-82.221039426999937,30.567075867000028],[-82.41209250299994,30.577307636000057],[-82.463134941999954,30.582689784000024],[-82.582957520999969,30.58905376000007],[-82.696356075999972,30.595720080000035],[-83.132440144999975,30.621341379000057],[-83.30131569699995,30.633285027000056],[-83.310600928999975,30.634303200000033],[-83.609056242999941,30.650784645000044],[-83.73784380099994,30.66049126300004],[-84.00072995499994,30.675537889000054],[-84.075562245999947,30.67857766000003],[-84.281663528999957,30.690419122000037],[-84.37444789999995,30.694092025000032],[-84.863003958999968,30.712664596000025],[-84.864583101999983,30.71450341700006],[-84.888288675999945,30.743889269000078],[-84.915343212999971,30.754089962000023],[-84.926894971999957,30.776088924000078],[-84.932564188999947,30.802625156000033],[-84.926926049999963,30.846922265000046],[-84.937776201999952,30.894957592000026],[-84.969012463999945,30.927094039000053],[-84.973567642999967,30.963664516000051],[-85.000141799999938,30.979319518000068],[-85.001607167999964,31.001253166000026],[-85.485010207999949,31.001001914000028],[-85.486597250999978,31.000998227000025],[-86.03182177399998,30.993327429000033],[-86.18147634799999,30.995225244000039],[-86.383920002999957,30.99153812000003],[-86.701852286999952,30.998092247000045],[-86.779361956999935,30.99819179900004],[-87.163117833999991,31.003157302000034],[-87.598580358999982,31.002630570000065],[-87.589867157999947,30.954360848000078],[-87.625711797999941,30.876901745000055],[-87.615915109999946,30.848296509000079],[-87.541900306999935,30.785695463000025],[-87.526602955999977,30.748491854000065],[-87.46014043699995,30.705802858000027],[-87.418894159999979,30.692809959000044],[-87.398645000999977,30.668015103000073],[-87.393280761999961,30.620098291000033],[-87.422067192999975,30.556493820000071],[-87.445352961999959,30.531389773000058],[-87.418816729999946,30.481701035000071],[-87.347395028999983,30.457169018000059],[-87.346807195999986,30.431498733000069],[-87.409256016999962,30.402238770000054],[-87.424080362999973,30.323671422000075],[-87.273897477999981,30.357384378000063],[-87.160102819999963,30.465033127000027],[-87.171555026999954,30.557735854000043],[-87.12453365999994,30.564666594000073],[-87.069272097999942,30.450564325000073],[-87.019580198999961,30.587466716000051],[-86.98619329099995,30.590430637000054],[-87.01439978999997,30.514434796000046],[-86.932510870999977,30.463565125000059],[-87.193382274999976,30.355221616000051],[-86.79034747999998,30.417963300000054],[-86.610235680999949,30.423651479000057],[-86.452639041999987,30.501236998000024],[-86.387878920999981,30.46216770500007],[-86.219608057999949,30.487854318000075],[-86.122933770999964,30.426461595000035],[-86.114640901999962,30.385802097000067],[-86.24156646299997,30.428527964000068],[-86.240033145999973,30.399887965000062],[-86.388108049999971,30.406012804000056],[-86.505313823999984,30.409972776000075],[-86.387459642999943,30.387658827000052],[-85.987013207999951,30.274430406000079],[-85.72639305499996,30.12884220400008],[-85.757919018999985,30.228945517000056],[-85.82994277499995,30.232813837000037],[-85.850420534999955,30.280359302000079],[-85.752708058999985,30.296929238000075],[-85.717131525999946,30.265061951000064],[-85.569475373999978,30.311004044000072],[-85.600176475999945,30.251150958000039],[-85.66605853599998,30.251689278000072],[-85.709829439999965,30.178773239000066],[-85.529716587999985,30.131686557000023],[-85.464315959999965,30.051163454000061],[-85.395672243999968,30.058567199000038],[-85.382656168999972,30.036286435000079],[-85.382694620999985,30.024270097000056],[-85.432385991999979,30.045754443000078],[-85.415013316999989,30.031552167000029],[-85.471357840999985,30.021863459000031],[-85.568528835999984,30.098293854000076],[-85.628497275999962,30.092591453000068],[-85.384792593999975,29.923801233000063],[-85.300523899999973,29.809796409000057],[-85.306589218999989,29.701710473000048],[-85.35804303599997,29.691254842000035],[-85.402546623999967,29.794364741000038],[-85.392994338999983,29.875413523000077],[-85.414052030999983,29.863067451000063],[-85.409603778999951,29.776766098000053],[-85.364878963999956,29.683018860000061],[-85.214759812999944,29.701557720000039],[-84.988282954999988,29.719921705000047],[-84.928513092999935,29.77797178700007],[-84.85803055599996,29.746860887000025],[-84.464538036999954,29.929627416000073],[-84.346910876999971,29.910168881000061],[-84.33893878799995,29.947141255000076],[-84.433104250999975,29.959545267000067],[-84.437689979999959,29.991791274000036],[-84.360416812999972,29.97739094800005],[-84.35392484099998,30.069624357000066],[-84.233071446999986,30.108111612000073],[-84.147854634999987,30.081724972000075],[-84.074625189999949,30.099948320000067],[-83.971738098999936,30.077483199000028],[-83.654182954999953,29.91096161300004],[-83.550448351999989,29.737323351000043],[-83.404973923999989,29.66960246900004],[-83.38003105599995,29.519874680000044],[-83.234328025999957,29.433937298000046],[-83.17463295999994,29.34367913400007],[-83.108995302999972,29.328182678000076],[-83.14220628399994,29.299651185000073],[-83.073928645999956,29.265652213000067],[-83.036747686999945,29.179387731000077],[-82.802157048999959,29.155132249000076],[-82.75532214499998,29.008660190000057],[-82.636619397999937,28.884708032000049],[-82.636518792999937,28.814278168000044],[-82.681380557999944,28.808382456000061],[-82.636075810999955,28.692748977000065],[-82.673475890999953,28.42851070100005],[-82.779144126999938,28.173027238000032],[-82.844285601999957,27.850641435000057],[-82.741003461999981,27.685868072000062],[-82.728162788999953,27.717773284000032],[-82.793838369999946,27.829653798000038],[-82.678326565999953,27.70558786600003],[-82.64461887799996,27.715724823000073],[-82.62365336299996,27.848527133000061],[-82.564264327999979,27.878461840000057],[-82.725484882999979,27.940563018000034],[-82.644741078999971,27.966584106000028],[-82.700665797999989,27.975353667000036],[-82.672718976999988,28.010514083000032],[-82.698339221999959,28.046169100000043],[-82.650684722999983,28.007163014000071],[-82.645565414999965,28.028846990000034],[-82.538995413999942,27.935728144000052],[-82.510598236999954,27.831231887000058],[-82.483131795999952,27.821947708000039],[-82.46099851699995,27.94015532700007],[-82.398817802999986,27.906219563000036],[-82.404379565999989,27.791627960000028],[-82.552499768999951,27.644013947000076],[-82.54004097699999,27.608106098000064],[-82.626376567999955,27.555194287000063],[-82.554262213999948,27.582239869000034],[-82.569605390999982,27.552713379000068],[-82.638766884999939,27.536638045000075],[-82.575571684999943,27.512324622000051],[-82.427177053999969,27.522859262000054],[-82.514199503999976,27.511989620000065],[-82.488266906999968,27.47806702500003],[-82.68170607899998,27.524429450000071],[-82.665828795999971,27.493587184000035],[-82.638889086999939,27.503459195000062],[-82.685925201999964,27.47384474100005],[-82.565562195999973,27.386681654000029],[-82.532740470999954,27.331801972000051],[-82.56995724799998,27.274280203000046],[-82.514483411999947,27.210453451000035],[-82.531130777999977,27.260277032000033],[-82.506930074999957,27.236991790000047],[-82.380036645999951,26.947296029000029],[-82.343628928999976,26.903632579000032],[-82.368668714999956,26.947938642000054],[-82.398172028999966,26.99851545000007],[-82.355431412999963,26.948896241000057],[-82.289840635999951,26.849885897000036],[-82.153828947999955,26.790128677000041],[-82.176495279999983,26.913693160000037],[-82.25758198699998,26.997907075000057],[-82.282179318999965,27.024557608000066],[-82.25745978499998,27.004409055000053],[-82.153210037999941,26.937064786000064],[-82.01268847099999,26.976550725000038],[-81.992851216999952,27.031676391000076],[-81.979194108999934,27.031680078000079],[-81.991440101999956,26.963056378000033],[-82.097872625999969,26.921785344000057],[-82.051767772999938,26.866709191000041],[-82.068270813999959,26.766970377000064],[-82.083660342999963,26.71579046100004],[-82.021472780999943,26.524679971000069],[-81.94445191899996,26.550719495000067],[-81.897101870999961,26.663767247000067],[-81.773914527999978,26.710265569000057],[-81.88427699999994,26.642987669000036],[-81.928773213999989,26.534980742000073],[-81.968119041999955,26.517382626000028],[-81.942018943999983,26.467562731000044],[-81.864212196999972,26.439553756000066],[-81.84935097999994,26.332196817000067],[-81.813858723999942,26.284466996000049],[-81.794717281999965,26.111162155000045],[-81.705695883999965,26.000171818000069],[-81.71829268099998,25.923581823000063],[-81.530742371999963,25.914658456000041],[-81.256207011999948,25.803102936000073],[-81.19994729299998,25.710422331000075],[-81.258375040999965,25.681100213000036],[-81.143322546999968,25.396827158000065],[-80.974281601999962,25.322459972000047],[-80.915274447999934,25.246725389000062],[-80.951026909999939,25.20253731400004],[-81.011560533999955,25.214429869000071],[-81.140569318999951,25.320764948000033],[-81.183783993999953,25.268879738000066],[-81.148230109999986,25.16469003800006],[-81.119015971999943,25.13418856800007],[-80.975877072999936,25.13050144400006],[-80.856801399999938,25.185630796000055],[-80.693824720999942,25.152299194000022],[-80.551876236999988,25.212318727000024],[-80.420806875999972,25.192219687000033],[-80.416816880999988,25.249902637000048],[-80.301975606999974,25.401200614000061],[-80.329991428999961,25.490015006000078],[-80.301455721999957,25.613751731000036],[-80.193099045999986,25.760032586000023],[-80.127781114999948,25.977536563000058],[-80.084695489999945,26.326377482000055],[-80.050910898999973,26.797197947000029],[-80.114610180999989,26.973837528000047],[-80.090363125999943,26.974043481000024],[-80.147967065999978,27.109069126000065],[-80.221273413999938,27.202842173000079],[-80.290420685999948,27.212853242000051],[-80.326791004999961,27.248262275000059],[-80.289634801999966,27.241338909000035],[-80.223989770999935,27.215066043000036],[-80.190090878999968,27.185684404000028],[-80.239638452999941,27.264647854000032],[-80.357377806999978,27.555662025000061],[-80.401377311999966,27.703585757000042],[-80.481853009999952,27.845721758000025],[-80.509357901999977,27.825708575000078],[-80.492244378999942,27.870178452000061],[-80.747190047999936,28.39899211200003],[-80.850705003999963,28.785699795000028],[-80.83210398999995,28.78618596900003],[-80.762415236999971,28.736334471000077],[-80.785662554999988,28.785194133000061]]],[[[-80.725899539999943,28.784366110000065],[-80.641197871999964,28.657346265000058],[-80.754068641999936,28.736883852000062],[-80.734994621999988,28.706617304000076],[-80.785930134999944,28.687716052000042],[-80.780445273999987,28.618960669000046],[-80.691881606999971,28.588350165000065],[-80.660043289999976,28.618650951000063],[-80.599128838999945,28.603922997000041],[-80.577446442999985,28.548653533000049],[-80.62163030399995,28.412659228000052],[-80.58765608899995,28.409260226000072],[-80.525947852999934,28.463462531000062],[-80.579689267999981,28.590154222000024],[-80.725899539999943,28.784366110000065]]],[[[-80.688623768999946,28.581764434000036],[-80.721043597999937,28.385400846000039],[-80.60557182499997,28.14494452100007],[-80.667110452999964,28.301841133000039],[-80.662730676999956,28.427410358000031],[-80.609192580999945,28.573566377000077],[-80.653794667999989,28.600890600000071],[-80.688623768999946,28.581764434000036]]],[[[-80.24945357699994,25.354937741000072],[-80.361601143999962,25.296499458000028],[-80.330296933999989,25.267981660000032],[-80.353063870999961,25.211532317000035],[-80.587819902999968,24.956376481000063],[-80.355665400999953,25.158233357000029],[-80.24945357699994,25.354937741000072]]],[[[-86.833882407999965,30.399735212000053],[-86.929122929999949,30.381394404000048],[-87.047641320999958,30.369401242000038],[-87.139349051999943,30.351765728000032],[-87.202140774999975,30.334834454000031],[-87.28608974399998,30.339772566000079],[-87.290324141999974,30.332719625000038],[-87.267045747999987,30.321431758000074],[-87.24234886399995,30.321431758000074],[-86.834584014999962,30.387038337000035],[-86.792964283999936,30.390564808000079],[-86.738641884999936,30.402557969000043],[-86.532642787999976,30.393388618000074],[-86.522770249999951,30.401147908000041],[-86.534756563999963,30.406791314000031],[-86.620825627999977,30.414551657000061],[-86.79155316899994,30.403969611000036],[-86.833882407999965,30.399735212000053]]],[[[-82.101941630999988,26.58607743500005],[-82.128651684999966,26.693691419000061],[-82.183310138999957,26.683432260000075],[-82.135709366999947,26.642630018000034],[-82.097455980999939,26.493942524000033],[-82.066952929999957,26.497564333000071],[-82.101941630999988,26.58607743500005]]],[[[-80.73583317899994,28.788844385000061],[-80.862437959999966,28.991625677000059],[-80.899097980999954,29.061511427000028],[-80.916287353999962,29.071822206000036],[-80.891079539999964,29.013393931000053],[-80.817179564999947,28.895390684000063],[-80.76333017099995,28.822068007000041],[-80.73583317899994,28.788844385000061]]]]},"properties":{"objectid":49,"ss6.gdb.States.area":55814.731,"state_name":"Florida","sub_region":"S Atl","state_abbr":"FL","pop2000":15982378,"pop00_sqmi":286,"st_area(shape)":13.347672492388416,"st_length(shape)":41.085008657270251}},{"type":"Feature","id":50,"geometry":{"type":"MultiPolygon","coordinates":[[[[-86.834829471999967,41.765504908000025],[-86.525181101999976,41.765540199000043],[-86.234565140999962,41.764864402000057],[-86.068302179999989,41.764628426000058],[-85.799226923999981,41.763534930000048],[-85.659458583999935,41.762627371000065],[-85.297209701999975,41.763580756000067],[-85.193140623999966,41.762867561000064],[-84.826007882999988,41.761875198000041],[-84.788477699999987,41.760959211000056],[-84.790377621999937,41.697494851000044],[-84.384393127999942,41.707150375000026],[-84.359208489999958,41.708038972000054],[-83.868639787999939,41.715993152000067],[-83.763953906999973,41.717042402000061],[-83.482691124999974,41.725129846000073],[-83.190066207999962,42.033979690000081],[-83.193872899999974,42.115749568000069],[-83.107588401999976,42.292705715000068],[-82.929389166999954,42.363040241000078],[-82.874907167999936,42.458067437000068],[-82.888138149999975,42.495756166000035],[-82.802361420999944,42.612926123000079],[-82.82040673299997,42.635794720000035],[-82.729805665999947,42.68122693600003],[-82.634014708999985,42.669382840000026],[-82.645877239999948,42.63172834900007],[-82.518179490999955,42.634052290000056],[-82.473238188999971,42.762896209000075],[-82.471952962999978,42.89868192800003],[-82.419835989999967,42.972464968000054],[-82.503820775999941,43.172253368000042],[-82.605738153999937,43.694568209000067],[-82.618487701999982,43.787866144000077],[-82.727902056999937,43.972506258000067],[-82.805977962999975,44.033564506000062],[-82.940153989999942,44.069959581000035],[-83.326025748999939,43.94045935500003],[-83.367162992999965,43.844451911000078],[-83.466408258999934,43.745740751000028],[-83.494248152999944,43.702841589000059],[-83.530909753999936,43.725943528000073],[-83.654614874999936,43.607419870000058],[-83.699164814999961,43.599642145000075],[-83.938121534999937,43.698283776000039],[-83.918376457999955,43.916997658000071],[-83.873614771999939,43.962842305000038],[-83.704801900999939,43.997165217000031],[-83.598404667999944,44.070493161000059],[-83.568237144999955,44.170118201000037],[-83.529150468999944,44.26127391700004],[-83.356962826999961,44.335133860000042],[-83.320036278999964,44.515460039000061],[-83.280812125999944,44.703183642000056],[-83.319724453999982,44.860646490000079],[-83.429355821999934,44.926296789000048],[-83.464902858999949,44.997883357000035],[-83.433972627999935,45.011128033000034],[-83.444440899999961,45.052773573000081],[-83.312707329999967,45.098620328000038],[-83.398695804999988,45.213641218000078],[-83.420761661999961,45.257182466000074],[-83.394019477999962,45.272907524000061],[-83.489598161999936,45.328937588000031],[-83.495832035999968,45.360801715000036],[-83.592363051999939,45.349501733000068],[-83.712318893999964,45.41239458900003],[-83.782809332999989,45.409449104000032],[-83.922892131999959,45.491773631000058],[-84.105907803999969,45.498749669000063],[-84.135228868999945,45.571343349000074],[-84.205560233999961,45.63090567900008],[-84.321458132999965,45.665607310000041],[-84.465274934999968,45.653637325000034],[-84.724185843999976,45.780304787000034],[-84.972038012999974,45.737745367000059],[-84.98341226399998,45.683713723000039],[-85.078019654999935,45.630185109000081],[-85.120446864999963,45.569779482000058],[-85.081815812999935,45.464650619000054],[-84.921674004999943,45.409898933000079],[-84.985893698999973,45.37317833700007],[-85.092862962999959,45.370224951000068],[-85.305475180999963,45.320383987000071],[-85.373252948999948,45.273541182000031],[-85.390244797999969,45.21159328400006],[-85.384869496999954,45.010603408000065],[-85.451350978999983,44.860540617000026],[-85.526081082999951,44.763162089000048],[-85.638039552999942,44.778435738000042],[-85.653006116999961,44.958362127000044],[-85.565514875999952,45.180560340000056],[-85.610214934999988,45.196527695000043],[-85.795756813999958,44.985974999000064],[-86.067454140999985,44.898256737000054],[-86.097964566999963,44.850612246000026],[-86.082918466999956,44.77792902200008],[-86.108484458999953,44.734442026000067],[-86.258626785999979,44.70073117700008],[-86.238038410999991,44.52227384400004],[-86.271954158999961,44.351228683000045],[-86.386423033999961,44.18320433100007],[-86.518602218999945,44.053619301000026],[-86.438147063999963,43.945592359000045],[-86.45954818599995,43.950184935000038],[-86.428814426999963,43.820123739000053],[-86.434100708999949,43.78145844900007],[-86.404345090999982,43.766642531000059],[-86.447811016999935,43.772665184000061],[-86.541301208999982,43.663187096000058],[-86.463201072999937,43.475166416000036],[-86.273836698999958,43.121045009000056],[-86.217854566999961,42.774825108000073],[-86.284980768999958,42.422324983000067],[-86.374277646999985,42.249421511000037],[-86.498833439999942,42.126446968000039],[-86.617592019999961,41.90744812500003],[-86.834829471999967,41.765504908000025]]],[[[-85.859844824999982,45.969469529000037],[-85.655381150999972,45.972870637000028],[-85.509546438999962,46.101911553000036],[-85.37824268199995,46.100047449000044],[-85.061629861999961,46.02475163400004],[-84.851099815999987,45.890636708000045],[-84.731732332999968,45.855679612000074],[-84.689022793999982,46.035918353000056],[-84.616845232999935,46.038230179000038],[-84.50163471999997,45.97834285600004],[-84.354485283999963,45.999189856000044],[-84.113272570999982,45.97853880100007],[-83.906460726999967,45.960239604000037],[-83.901952426999969,46.005902002000028],[-83.989501608999944,46.025985767000066],[-84.061980987999959,46.09447093700004],[-84.029578540999978,46.128943967000055],[-84.11973504599996,46.176108605000081],[-84.247031425999978,46.171447554000054],[-84.273134157999948,46.20730904900006],[-84.181646600999954,46.248720720000051],[-84.311614037999959,46.488669276000053],[-84.415967024999986,46.480658736000066],[-84.572666638999976,46.40792652500005],[-84.629814955999962,46.482943172000034],[-84.803652848999945,46.444054021000056],[-84.931320574999972,46.487843360000056],[-85.016639572999964,46.476444353000034],[-85.051655136999955,46.505576847000043],[-85.018975629999943,46.549024337000048],[-85.026971421999974,46.694339692000028],[-84.954759622999973,46.770951284000034],[-85.230094561999977,46.756785353000055],[-85.503850358999955,46.674174811000057],[-85.857536684999957,46.694815331000029],[-86.096738860999949,46.655268292000073],[-86.148108927999942,46.673052871000039],[-86.462392011999953,46.561085447000039],[-86.638220425999975,46.422263644000054],[-86.759495731999948,46.486631350000039],[-86.871382566999955,46.444359526000028],[-87.006401890999939,46.536293751000073],[-87.110679027999936,46.501473605000058],[-87.371538844999975,46.507991387000061],[-87.663766079999959,46.836851780000075],[-87.90065432199998,46.909762025000077],[-88.036684971999989,46.911865266000063],[-88.189188638999951,46.900958226000057],[-88.177827028999957,46.945890047000034],[-88.44661679699999,46.799396920000049],[-88.476523059999977,46.855151503000059],[-88.445964701999969,46.928304572000059],[-88.441164066999988,46.990734431000078],[-88.512995037999985,47.032589610000059],[-88.511215737999976,47.106505914000081],[-88.61810441199998,47.131114307000075],[-88.62950025899994,47.22581282200008],[-88.884832022999944,47.10455489900005],[-88.929688521999935,47.030926191000049],[-88.994875821999983,46.997103148000065],[-89.125187742999969,46.996606439000061],[-89.214592074999985,46.923378575000072],[-89.386718088999942,46.85020865000007],[-89.791244589999962,46.824712714000043],[-89.886251769999944,46.768935480000039],[-90.01886445599996,46.678633597000044],[-90.408200004999969,46.568610867000075],[-90.38552524499994,46.539657989000034],[-90.31370796899995,46.551563186000067],[-90.302393764999977,46.544296391000046],[-90.300180963999935,46.525051710000071],[-90.269784838999954,46.52248073100003],[-90.258401633999938,46.508789912000054],[-90.211525644999938,46.506294783000044],[-90.161391291999962,46.442380067000045],[-90.14179738699994,46.393899125000075],[-90.115176877999943,46.365155886000025],[-90.111659361999955,46.340428978000034],[-89.925136180999971,46.30402547500006],[-89.099806106999949,46.14564295200006],[-88.985300887999983,46.100391405000039],[-88.925195497999937,46.073601288000077],[-88.804397410999968,46.026804835000064],[-88.793815364999944,46.036360281000043],[-88.777480877999949,46.032614163000062],[-88.773017350999964,46.021147734000067],[-88.726409468999975,46.029581767000082],[-88.703605659999937,46.018923871000027],[-88.677383885999973,46.020144309000045],[-88.643669349999982,45.993388430000039],[-88.615502355999979,45.994120587000054],[-88.597536052999942,46.015516442000035],[-88.575357474999976,46.00895915500007],[-88.548357718999966,46.019300484000041],[-88.515613422999991,46.018609412000046],[-88.494083251999939,46.012960211000063],[-88.483814084999949,45.99915087800008],[-88.45431919899994,46.000760571000058],[-88.403522216999988,45.983422133000033],[-88.369938309999952,45.994587272000047],[-88.321323051999968,45.966712613000027],[-88.299151847999951,45.961944108000068],[-88.25716814599997,45.967054989000076],[-88.214991659999953,45.947901433000027],[-88.180194162999953,45.953516923000052],[-88.150438544999986,45.936293313000078],[-88.111390319999941,45.926287511000055],[-88.093850143999987,45.920615134000059],[-88.095764287999941,45.891803420000031],[-88.065420836999976,45.873642227000062],[-88.121786429999986,45.834877911000035],[-88.129949722999982,45.819401997000057],[-88.088733995999974,45.791532607000079],[-88.051639420999948,45.786112007000042],[-87.990069714999947,45.795046436000064],[-87.969179523999969,45.766448575000027],[-87.87362875599996,45.750699287000032],[-87.842362469999955,45.72241851900003],[-87.801552853999965,45.711390857000026],[-87.801155697999945,45.701324482000075],[-87.777473826999938,45.68410192500005],[-87.780944990999956,45.675915456000041],[-87.817054049999967,45.665390824000042],[-87.819937907999986,45.654450600000075],[-87.776044802999991,45.613200109000047],[-87.775075615999981,45.600386826000033],[-87.786312389999978,45.568519539000079],[-87.828602122999939,45.568591701000059],[-87.805140951999988,45.544525842000041],[-87.789384817999974,45.499067816000036],[-87.813614489999964,45.466460470000072],[-87.860267144999966,45.445098327000039],[-87.849531819999982,45.406117524000081],[-87.883610853999983,45.365854655000078],[-87.873974818999955,45.362085888000081],[-87.868535256999962,45.372072200000048],[-87.862095958999987,45.370164903000045],[-87.841282669999941,45.346149084000047],[-87.828007968999941,45.358321334000038],[-87.760037942999986,45.352897574000053],[-87.689598070999978,45.391269475000058],[-87.643683894999981,45.361855706000028],[-87.645362062999936,45.348169101000053],[-87.704471402999957,45.272205390000067],[-87.705141932999936,45.247086067000055],[-87.719668147999982,45.236771601000044],[-87.721628117999956,45.211671767000041],[-87.736200158999964,45.199072337000075],[-87.729668681999954,45.176604583000028],[-87.67281428199999,45.140672505000055],[-87.592514512999969,45.108501820000072],[-87.583863992999966,45.162733095000078],[-87.332226727999966,45.423942662000059],[-87.260707053999965,45.554802384000027],[-87.123759363999966,45.696246785000028],[-86.901624358999982,45.714778271000057],[-86.761469396999985,45.826067791000071],[-86.584735530999978,45.813879739000072],[-86.696919441999967,45.692511202000048],[-86.685053222999954,45.650048173000073],[-86.629784285999961,45.621233299000039],[-86.576124515999936,45.710174106000068],[-86.522010701999989,45.724094053000044],[-86.529389690999949,45.748961072000043],[-86.458275601999958,45.76274722900007],[-86.343795664999959,45.834395951000033],[-86.31563867899996,45.905682808000051],[-86.259319437999977,45.946929612000076],[-86.067891328999963,45.964210636000075],[-85.917104281999968,45.918192167000029],[-85.914955214999964,45.957978343000036],[-85.859844824999982,45.969469529000037]]],[[[-88.500681096999983,47.290180001000067],[-88.595632443999989,47.243593188000034],[-88.594261886999959,47.134765087000062],[-88.470664219999946,47.111472470000081],[-88.412843265999982,46.988094450000062],[-88.222279523999987,47.200752493000039],[-87.917042008999942,47.358007283000063],[-87.73751066899996,47.393024954000055],[-87.704383438999969,47.415950438000039],[-87.788120660999937,47.470793249000053],[-88.21139197399998,47.44783510700006],[-88.437900961999958,47.355896141000073],[-88.500681096999983,47.290180001000067]]],[[[-88.497527552999941,48.173795079000058],[-89.156099010999981,47.939228145000072],[-89.201787218999982,47.883857022000029],[-89.192916524999987,47.844613380000055],[-89.139884618999986,47.824076099000081],[-89.028622488999986,47.85065499600006],[-88.901547863999951,47.960248439000054],[-88.625326960999985,48.033167639000055],[-88.497527552999941,48.173795079000058]]],[[[-83.854680335999944,46.014031584000065],[-83.885891841999978,45.970852200000081],[-83.85281043699996,45.997449007000057],[-83.804880983999965,45.936764738000079],[-83.629704664999963,45.953595933000031],[-83.579813661999935,45.917501095000034],[-83.516159150999954,45.925714954000057],[-83.47318940699995,45.987548025000081],[-83.533991136999987,46.011789813000064],[-83.589498155999991,46.088518338000029],[-83.649887454999941,46.103971602000058],[-83.732448484999964,46.084108011000069],[-83.68031465699994,46.071794597000064],[-83.673591975999955,46.036192253000081],[-83.756420058999936,46.027337888000034],[-83.80110536899997,45.988412392000043],[-83.854680335999944,46.014031584000065]]]]},"properties":{"objectid":50,"ss6.gdb.States.area":57899.398000000001,"state_name":"Michigan","sub_region":"E N Cen","state_abbr":"MI","pop2000":9938444,"pop00_sqmi":172,"st_area(shape)":16.928260121382554,"st_length(shape)":40.823280794356549}},{"type":"Feature","id":51,"geometry":{"type":"MultiPolygon","coordinates":[[[[-161.33378514799998,58.73324814700004],[-161.26568607299998,58.774635062000073],[-161.29972981699999,58.809207644000082],[-160.89887990599996,58.884774199000049],[-160.83570630199998,58.836056755000072],[-160.32887106199996,59.058947095000065],[-160.25528923299998,58.981439005000027],[-160.32221422199999,58.949776091000047],[-160.25192868199997,58.894775260000074],[-160.01803859799998,58.88478262700005],[-159.92135324999998,58.770333768000057],[-159.76498336999998,58.85339730000004],[-159.77081376699996,58.933668099000045],[-159.62938938099998,58.951728686000081],[-159.65276732799998,58.835614301000078],[-159.43190754099996,58.782004043000029],[-159.05883958299998,58.42423027600006],[-158.84048177299996,58.401725651000049],[-158.70632576199998,58.491457083000057],[-158.91441229799997,58.768124654000076],[-158.84773276599998,58.814788370000031],[-158.80412040799996,58.790076211000041],[-158.88663771899996,58.732845724000072],[-158.78162684399996,58.770346410000059],[-158.76469925699996,58.917300428000033],[-158.82552521699998,58.970348136000041],[-158.74663656299998,58.992299693000064],[-158.79079461499998,58.960910679000051],[-158.72911218899998,58.872851094000055],[-158.44801901599996,59.053965790000063],[-158.53915155499996,59.17452632100003],[-158.42552808499997,59.076198622000049],[-158.13160635299997,59.027587051000069],[-157.99493783099996,58.904250116000071],[-158.02578957899996,58.870084170000041],[-158.18189872599996,59.008695807000038],[-158.49467851799997,58.998688952000066],[-158.42219597799996,58.971185640000044],[-158.49690290699996,58.948409748000074],[-158.56690348499998,58.81174069900004],[-158.36825914699997,58.74729767000008],[-158.33578243099998,58.658679749000044],[-158.20104174799997,58.606190377000075],[-157.15562302199996,58.863481585000045],[-157.11408862299996,58.873705980000068],[-156.88548640199997,59.00871266200005],[-156.86715033299998,59.102882866000073],[-156.78133725999996,59.150660093000056],[-156.85742475299998,58.997070305000079],[-156.94827127799996,58.898965413000042],[-157.07379941799996,58.763429365000036],[-156.94046510899997,58.735095396000077],[-157.22714585599996,58.640370544000064],[-157.26552144399997,58.610999967000055],[-157.55129357799999,58.392309262000083],[-157.56712292799997,58.302863319000039],[-157.46738358699997,58.211472680000043],[-157.33710695799996,58.238421344000074],[-157.14072335399996,58.161756552000043],[-157.39572959799997,58.205919345000041],[-157.61209530799997,58.08897272300004],[-157.70876274699998,57.64257998100004],[-157.60237236099996,57.62118834100005],[-157.59458462799998,57.488409734000072],[-157.42237064999998,57.492579345000081],[-157.45124293799998,57.544528817000071],[-157.39905801699996,57.559247816000038],[-157.39432480299996,57.494251192000036],[-157.65931367199997,57.473958315000061],[-157.68071215999998,57.566749533000063],[-157.94014611299997,57.49118087100004],[-158.05708483499998,57.362849463000032],[-158.28737259799996,57.323400396000068],[-158.65097676199997,57.052545839000061],[-158.70205870599997,56.976433063000059],[-158.64262647899997,56.760329139000078],[-158.79840799999997,56.800971781000044],[-158.94817687399998,56.840043182000045],[-159.02764229899998,56.79421170300003],[-158.86401247199998,56.892543089000071],[-159.23760136799996,56.727251422000052],[-159.26625611599997,56.69697749900007],[-159.21123210899998,56.693362011000033],[-159.83927997399996,56.540029268000069],[-160.36954530799997,56.269175238000059],[-160.57149541599998,55.928897402000075],[-160.24061237199996,55.845284488000061],[-160.31675464499997,55.821402985000077],[-160.25174695999996,55.769730048000042],[-160.46620115899998,55.79278984900003],[-160.50316247099997,55.866390640000077],[-160.78954298099998,55.87916494500007],[-160.76066595199998,55.77583171200007],[-160.66148020599996,55.730835103000061],[-160.79813714099998,55.709997057000066],[-160.94813988399997,55.823055344000068],[-160.93038269399997,55.875271342000076],[-161.02788816399996,55.895831273000056],[-160.86315535999998,55.93194402000006],[-160.87646429799997,55.989721781000071],[-161.24618487399997,55.941656958000067],[-161.37008804599998,55.950550301000078],[-161.19870366999996,56.005828719000078],[-161.78399933099996,55.891092791000062],[-162.61201152399997,55.42662260700007],[-162.50370383299997,55.443844637000041],[-162.49005831399998,55.373569632000056],[-162.89230722499997,55.265230338000038],[-162.83477860799997,55.226336446000062],[-162.88061430099998,55.185502073000066],[-163.07507269999996,55.172726715000067],[-163.01898574799998,55.243277728000066],[-163.32506761499997,55.120781457000078],[-163.24031274699996,54.956614363000028],[-163.33781558299998,54.95799966800007],[-163.35419852899997,54.918272486000035],[-163.27671361599997,54.911884280000038],[-163.38782352099997,54.855770992000032],[-163.36224857399998,54.811048284000037],[-163.04646799099999,54.936609608000026],[-163.21090108399997,55.014663918000053],[-163.24117869399998,55.096886786000027],[-163.18646124599996,55.138834670000051],[-162.91951609399996,55.018558048000045],[-162.97670549599997,54.994111362000069],[-162.87977784999998,54.931054165000035],[-162.73753702999997,54.947165317000042],[-162.65450141499997,55.049671055000033],[-162.56449766199998,54.954394188000038],[-162.65035129399996,55.066341596000029],[-162.60698913399997,55.161620570000082],[-162.72366290899998,55.218564515000082],[-162.64813533199998,55.294402864000062],[-162.56424166999997,55.292459223000037],[-162.60034282899997,55.268845300000066],[-162.36339769999998,55.101906542000052],[-162.52672412899997,55.106903122000062],[-162.43792185199996,55.033652607000079],[-162.22616030699996,55.02384169700008],[-162.22508629999996,55.110229961000073],[-162.10201536499997,55.165224471000045],[-162.14096087699997,55.112447503000055],[-162.08979465499996,55.07800713000006],[-161.96977823899996,55.101073779000046],[-162.04425867299997,55.231899789000067],[-161.90813637099998,55.209690134000027],[-161.70117493499998,55.404698968000048],[-161.71341723999998,55.513312689000031],[-161.56452432199998,55.62192219700006],[-161.14061987699998,55.532219208000072],[-161.37588999899998,55.571930588000043],[-161.48755033899997,55.480258675000073],[-161.50509367499998,55.358590427000081],[-161.24560599499998,55.348036824000076],[-160.90145035799998,55.518056965000028],[-160.81228305599998,55.450834371000042],[-160.67367879299997,55.461113020000028],[-160.65869484699996,55.502502568000068],[-160.76202649999996,55.543615055000032],[-160.59424444499996,55.607507122000072],[-160.50979929499997,55.477220485000032],[-160.36728984099997,55.601673038000058],[-160.43592144299998,55.645282762000079],[-160.15010032299998,55.658064441000079],[-160.15619671899998,55.730286775000081],[-160.06702362199997,55.695841134000034],[-160.04148027999997,55.787237040000036],[-159.86565555299998,55.782800376000068],[-159.84316040899998,55.85029897700008],[-159.62399775199998,55.813075352000055],[-159.68182765999998,55.737235423000072],[-159.63376336399998,55.694181929000081],[-159.70959539199998,55.660846640000045],[-159.61709966999996,55.634182938000038],[-159.75795834499996,55.601678832000061],[-159.62570278399997,55.572513154000035],[-159.56444701099997,55.667569847000038],[-159.50574325399998,55.758636018000061],[-159.54562898299997,55.88030268600005],[-159.46840216799998,55.896142571000041],[-159.42652328599996,55.785585208000043],[-159.36171839299996,55.874468076000028],[-158.92948947499997,55.913649037000027],[-158.85670775199998,56.010039415000051],[-158.67202655299997,55.954208982000068],[-158.64981268399998,56.017816087000028],[-158.73812720799998,56.036155842000028],[-158.66229570599998,56.059762391000049],[-158.69840160599998,56.144486182000037],[-158.65787326399996,56.108933878000073],[-158.56593377099998,56.160319746000027],[-158.63062857699998,56.199213111000063],[-158.47591052899998,56.18393472300005],[-158.60450161599996,56.093371054000045],[-158.59729908199998,56.035326766000082],[-158.51094979599998,56.056713139000067],[-158.56843522199998,56.023097102000065],[-158.44203323299996,55.99282686600003],[-158.50344070499997,56.093929916000036],[-158.41813382099997,56.061988360000043],[-158.41258206599997,56.171988967000061],[-158.35950591399998,56.124215427000081],[-158.12257553299997,56.232832836000057],[-158.33952012099996,56.172272876000079],[-158.40178195299998,56.233383271000037],[-158.20924823299998,56.282558972000061],[-158.45980306399997,56.340323038000065],[-158.56230827499996,56.293659322000053],[-158.53981523699997,56.246433583000055],[-158.65202601199996,56.263658773000031],[-158.42510985999996,56.443100042000083],[-158.14288263199998,56.458661286000051],[-158.13733087699998,56.511998170000027],[-157.87896987699997,56.466722920000052],[-157.85093035199998,56.556445398000051],[-158.12536879299998,56.525052696000046],[-158.11231005299996,56.567281856000079],[-157.78929164499996,56.677564264000068],[-157.68704927299999,56.608399083000052],[-157.48315499699996,56.615073305000067],[-157.48175336299997,56.66868566900007],[-157.60233285599998,56.718121576000044],[-157.39844437399998,56.764520872000048],[-157.45234433499996,56.848681587000044],[-157.21869338699997,56.770629910000082],[-157.14902412399996,56.818141665000041],[-157.19010289999997,56.847300496000059],[-157.08954449099997,56.822866451000039],[-156.94620438099997,56.90730528000006],[-156.95731684599997,56.978137568000079],[-156.81567597399996,56.897038746000078],[-156.78177866199997,57.044265612000061],[-156.55066234899996,56.976757530000043],[-156.64789602499997,57.052317764000065],[-156.50928333499996,57.048155001000055],[-156.47538391599997,57.120650182000077],[-156.37037462099997,57.14121380000006],[-156.34510886699996,57.17899523400007],[-156.38215761699996,57.195226481000077],[-156.44844420699997,57.224266797000041],[-156.33705829499996,57.283717986000056],[-156.56011244799998,57.27065187200003],[-156.54790859399998,57.315101206000065],[-156.20401368899996,57.476768957000047],[-156.03125190799997,57.438715202000083],[-156.10513976899998,57.525667597000052],[-156.01709598599996,57.527888826000037],[-156.03626481699996,57.572894389000055],[-155.73876130799997,57.548449283000082],[-155.77211713899996,57.642896547000078],[-155.58986312099998,57.668449371000065],[-155.63765457099998,57.719003529000076],[-155.60542489199997,57.790127100000063],[-155.31320977199996,57.733729903000039],[-155.32986398499997,57.835119495000072],[-155.08239264299996,57.881792166000082],[-155.12207663299998,57.949846469000079],[-155.03626355999998,58.019016390000047],[-154.78491546999996,58.001524147000055],[-154.66937469499996,58.068748847000052],[-154.57747523399996,58.021521001000053],[-154.54273620399997,58.063186030000054],[-154.60268304799996,58.123742830000083],[-154.46468768799997,58.091239250000058],[-154.49346779799998,58.195408934000056],[-154.33554458599997,58.076521304000039],[-154.33885825699997,58.155130264000036],[-154.22633249599997,58.139025959000037],[-154.30382267699997,58.188466079000079],[-154.20880654199996,58.18958169800004],[-154.15573355099997,58.222635185000058],[-154.24542073799998,58.255144032000032],[-154.11429343599997,58.280697909000082],[-154.35652168799996,58.287087695000082],[-154.00264679199998,58.377365875000066],[-154.10538692499998,58.481255864000047],[-153.93206206799996,58.504595886000061],[-153.97289064699996,58.528483183000048],[-153.89818529799996,58.613483509000048],[-153.61068337599997,58.634049234000031],[-153.44985418299996,58.713772758000061],[-153.36483278899996,58.842941670000073],[-153.27355750499996,58.855462616000068],[-153.26153431999998,58.857110234000061],[-153.36205585699997,58.867661203000068],[-153.29263152399997,58.878213752000079],[-153.42902193199998,58.98182668000004],[-153.70488412999998,59.068489899000042],[-154.04266156899996,59.078755379000029],[-154.15737116099996,59.023194106000062],[-154.17349864199997,59.121804660000066],[-154.26294879899996,59.141532881000046],[-154.12849255099997,59.20180945900006],[-154.11406641499997,59.303200104000041],[-153.94963753499997,59.358215683000083],[-154.14465110899997,59.376810377000027],[-153.74935084699996,59.435158589000082],[-153.76715333499996,59.519885541000065],[-153.87683526999996,59.54460718100006],[-153.59109421299996,59.555461021000042],[-153.56529066499996,59.607421554000041],[-153.70776798799997,59.63212212500008],[-153.59359039599997,59.693244108000044],[-153.55809919299998,59.627978324000082],[-153.49053791099996,59.642981759000065],[-153.45103406299998,59.788514654000039],[-153.32547379199997,59.72018329000008],[-153.42746912599998,59.650746842000046],[-153.22826118499998,59.643249866000076],[-153.04667822399998,59.70632760500007],[-153.01027366699998,59.829381158000047],[-153.27412532199997,59.833241577000081],[-153.22025433199997,59.867419637000069],[-152.70938379799998,59.921607193000057],[-152.58212744999997,60.081056348000061],[-152.92390173199996,60.233348269000032],[-152.94003869399998,60.283835533000058],[-153.10531877199998,60.28882105100007],[-152.91449851199997,60.307442608000031],[-152.88867284099996,60.249948755000048],[-152.62356651099998,60.219385130000035],[-152.42448551199996,60.291348311000036],[-152.24474137199996,60.393298873000049],[-152.33336982799997,60.42996468900003],[-152.32418783499998,60.498296053000047],[-152.06087924199997,60.670256674000029],[-151.86975242299997,60.752760289000037],[-151.71224111499998,60.72275342000006],[-151.80696701999997,60.833316577000062],[-151.74528354099996,60.91582651300007],[-151.17029918599997,61.04943630300005],[-150.97180285999997,61.194435092000049],[-150.95278994099996,61.208329229000071],[-150.58999641799997,61.283889990000034],[-150.57278544899998,61.364449965000063],[-150.50109827599996,61.252226022000059],[-149.99804444499998,61.239724564000028],[-149.88219237199996,61.381941681000058],[-149.69833340099996,61.471671007000054],[-149.24443104199997,61.492229357000042],[-149.24469072099998,61.492172470000071],[-149.68889910399997,61.393894811000052],[-150.06639213799997,61.153881994000074],[-149.35355621999997,60.927496261000044],[-149.16413179999998,60.944144153000082],[-149.03023388799997,60.84719438500008],[-149.03125627399996,60.847358199000041],[-149.81746069399998,60.97387554200003],[-150.05580324399997,60.904982155000027],[-150.44112509499996,61.029716510000071],[-151.05417426599996,60.787210143000038],[-151.41114581999997,60.72692513700008],[-151.27752812899996,60.538589472000069],[-151.30610808199998,60.384968080000078],[-151.39390640799996,60.35968652300005],[-151.43416822299997,60.206074085000068],[-151.72107282999997,60.021332312000027],[-151.87130101499997,59.743269955000073],[-151.41102045799997,59.602440776000037],[-151.47322276799997,59.63355272900003],[-151.42961567799998,59.65937998000004],[-150.99489110399998,59.776616305000061],[-151.19432606699996,59.644665195000073],[-151.17237398299997,59.597163975000058],[-151.44043317299997,59.533270328000071],[-151.37319109099997,59.440488590000029],[-151.68518605199998,59.476322696000068],[-151.90126785299998,59.407427729000062],[-151.81459462699996,59.352697112000044],[-151.93932845499998,59.343520913000077],[-151.97403588099996,59.270435793000047],[-151.76075049999997,59.22098724500006],[-151.72544259899996,59.160144956000067],[-151.41682767799998,59.257972787000028],[-151.11346374799996,59.213270094000052],[-151.25794265299996,59.313541434000058],[-151.04653612499996,59.296888275000072],[-150.95946837599996,59.201779962000046],[-150.88290050399996,59.256618032000063],[-150.92345886899997,59.316897770000082],[-150.60181891799996,59.433290271000033],[-150.63737280199996,59.459130163000054],[-150.57319893399998,59.488018254000053],[-150.65682027499997,59.545517901000039],[-150.49237243299996,59.596634082000037],[-150.55489236299996,59.520795207000049],[-150.48375193699997,59.461081705000026],[-150.23461032699998,59.717474308000078],[-150.37596781799996,59.464968461000069],[-150.17795713899997,59.529976146000081],[-150.18656815399996,59.591362022000055],[-150.08906847799997,59.587473686000067],[-150.13127920099998,59.694420301000036],[-150.02657277699998,59.62830858500007],[-149.95879553499998,59.666373928000041],[-149.91796484999998,59.714149575000079],[-150.03631205199997,59.795815160000075],[-149.74572558799997,59.658044715000074],[-149.76687387799998,59.779430107000053],[-149.86574885199997,59.845531288000075],[-149.76104400799997,59.835258960000033],[-149.72573400099998,59.962480017000075],[-149.64965493499997,59.899705149000056],[-149.63241394299996,59.743051888000082],[-149.52797878699997,59.716106385000046],[-149.63018481299997,59.824155976000043],[-149.39242693599996,59.996925131000069],[-149.41910643899996,60.117762722000066],[-149.29742607699998,60.014987298000051],[-149.27742500799997,59.866935570000066],[-149.10988946299997,60.05054434300007],[-149.03990890099996,60.048050267000065],[-149.11852576099997,59.984438948000047],[-149.07268638099998,59.96111051400004],[-148.64573268499996,59.920555309000065],[-148.58483877699996,59.944318297000052],[-148.54543184799996,59.959693078000043],[-148.54377527599996,60.028562762000035],[-148.43206963699998,59.952165551000064],[-148.44375202599997,60.026593311000056],[-148.32787308999997,60.173773825000069],[-148.20473051899998,60.128593386000034],[-148.11231117299997,60.22742622100003],[-148.20787300199996,60.149612627000067],[-148.18175341499997,60.196291618000032],[-148.26175663399997,60.224037227000053],[-148.21314927699996,60.254900036000038],[-148.43787580399996,60.176564451000047],[-148.36065004299996,60.231262937000054],[-148.39123315699996,60.283497371000067],[-148.31565817499998,60.251265058000058],[-148.21535839099997,60.337960408000072],[-148.25203421399996,60.377114505000065],[-148.13848079999997,60.35329041600005],[-148.18204838499997,60.413824566000073],[-148.08652184699997,60.389425813000059],[-147.93903846299997,60.46167975000003],[-148.09620265499996,60.600791782000044],[-148.16901703499997,60.498272877000034],[-148.18262515699996,60.556882348000045],[-148.23648139799997,60.514644234000059],[-148.24840713799998,60.444066358000043],[-148.45372833099998,60.540477279000072],[-148.66237056899996,60.457223070000055],[-148.68625259899997,60.447700809000082],[-148.65587016899997,60.467503299000043],[-148.48983897099998,60.575759370000071],[-148.33426972399997,60.533807272000047],[-148.19956222499997,60.625481819000072],[-148.23235129199998,60.766890402000058],[-148.42318998899998,60.624645895000072],[-148.37372932599996,60.774110318000055],[-148.65639374099996,60.673203212000033],[-148.67017304999996,60.66828511600005],[-148.64379536499996,60.726381550000042],[-148.63322227299997,60.749678380000034],[-148.44960612599996,60.803564119000043],[-148.70186862299997,60.789147464000052],[-148.34235505999996,60.813284431000056],[-148.39515889099997,60.854122491000055],[-148.31430710699996,60.840784057000064],[-148.27625019199996,60.918019299000036],[-148.33320625199997,60.963863420000052],[-148.24621803999997,60.950524458000075],[-148.15069466199998,61.065818722000074],[-148.41989106599996,60.982474969000066],[-148.35876592299996,61.045265639000036],[-148.40629242599996,61.053872967000075],[-148.15207364599996,61.117492713000047],[-148.05872830499996,61.018028853000033],[-147.72758926999998,61.276950296000052],[-147.76203385599996,61.211949985000047],[-147.70146441499998,61.20362340500003],[-148.05427057199998,60.94913546600003],[-147.86733706699997,60.831966563000037],[-147.75149921599996,60.836979998000061],[-147.81097305499998,60.873354004000078],[-147.71679178999997,60.948910024000043],[-147.73123530899997,60.88698056100003],[-147.60040455699996,60.864474356000073],[-147.61095973999997,61.005035428000042],[-147.66957553199998,61.018358060000082],[-147.59707139699998,61.023084954000069],[-147.54872161199998,61.153904117000081],[-147.48122775199997,61.073640166000075],[-147.54623227699997,60.91029740700003],[-147.43374602099996,61.01141467900004],[-147.45650927199998,60.95502696300008],[-147.38067513699997,60.983631672000058],[-147.45235440999997,60.901962400000059],[-147.36482576999998,60.883910240000034],[-147.25373956899998,60.930841009000062],[-147.27459078199996,61.001388862000056],[-147.20289992099998,61.013607991000072],[-147.15927913599998,60.945279787000061],[-147.09983216099997,61.010832640000046],[-146.98730323999996,61.002781015000039],[-147.03289610999997,60.952776764000077],[-146.96480809599996,60.939726452000059],[-146.58702535999996,61.13085432400004],[-146.30287081999998,61.130300728000066],[-146.24560767599996,61.085026532000029],[-146.64509703799996,61.068074188000082],[-146.56370061299998,61.033353067000064],[-146.66258243399997,61.03557851000005],[-146.70423798199997,60.974732535000044],[-146.58532296199996,60.936952681000037],[-146.75621695099997,60.949184452000054],[-146.61839909899996,60.875834912000073],[-146.62588870199997,60.819174349000036],[-146.36527855599996,60.819998158000033],[-146.23308409499998,60.89223471300005],[-146.09185723399997,60.833693190000076],[-146.68863512599998,60.744585408000034],[-146.65537515999998,60.69917057400005],[-146.48780959099997,60.678052834000027],[-146.30447208499996,60.773338129000081],[-146.26841306499998,60.721949627000072],[-146.04283323199996,60.798086106000028],[-146.01866307999998,60.742800314000078],[-146.25562401199997,60.637775744000066],[-145.92504963299996,60.705840055000067],[-145.99087322599996,60.628608500000041],[-145.84920074899998,60.69610552000006],[-145.87334298499997,60.649714652000057],[-145.80640324599997,60.657216896000079],[-145.87419734399998,60.620545813000035],[-145.62777156499996,60.67138704000007],[-145.94228114399996,60.467498559000035],[-145.65561830599998,60.466943910000055],[-145.35140001699997,60.351658074000056],[-145.22531459399997,60.368344944000057],[-144.82603592499996,60.592911344000072],[-144.76030819699997,60.679081542000063],[-144.61338578299996,60.715027315000043],[-144.76367875499997,60.662798148000036],[-144.88418081799998,60.478063223000049],[-144.78838301299996,60.493062443000042],[-144.79643779899996,60.451669735000053],[-144.93837838199997,60.301119190000065],[-144.70084647299996,60.276921121000044],[-144.57612686699997,60.185268171000075],[-144.18975155099997,60.202513377000059],[-144.25255433599997,60.145010569000078],[-144.00309563399998,60.04251800000003],[-144.14860219299996,60.031653626000036],[-143.88893121099994,59.990012300000046],[-142.71905097699999,60.109490923000067],[-141.71758751199997,59.952061785000069],[-141.38679295899999,60.023758966000059],[-141.47901793999995,60.116252055000075],[-141.39265706599997,60.138200451000046],[-141.28151871799997,60.071268087000078],[-141.26095088599999,59.97654218200006],[-141.45032895499997,59.88096981800004],[-141.00170918999999,59.802316613000073],[-140.40505613399995,59.697711322000032],[-139.83613288399999,59.823019815000066],[-139.58947165599994,59.948572185000046],[-139.51534887299999,60.050525381000057],[-139.23307160599995,59.869128882000041],[-138.89449616799999,59.806340319000071],[-139.28031367399996,59.829966884000044],[-139.22612032399996,59.615799753000033],[-139.28724388699999,59.571081786000036],[-139.34223049499997,59.604694662000043],[-139.26392756799999,59.622460280000041],[-139.34113489299995,59.723849872000073],[-139.294474337,59.854688524000039],[-139.48781553699996,59.984691253000051],[-139.61946693699997,59.884965080000029],[-139.47141836999998,59.707466926000052],[-139.57251035799999,59.609975678000069],[-139.83748289799996,59.533034352000072],[-139.30031474199996,59.343597290000048],[-139.22698469099998,59.377486701000066],[-139.115023587,59.306932527000072],[-139.19808764599998,59.314431611000032],[-138.62755944399998,59.139147838000042],[-138.44533860999996,59.191365416000053],[-138.50006132599998,59.11942014400006],[-138.60507009399998,59.116921854000054],[-138.298147562,59.07636401600007],[-137.96681732299999,58.90439707400003],[-137.92851389699996,58.796627704000059],[-137.66945234399998,58.622140349000063],[-137.44248562599995,58.659348699000077],[-137.62832721499996,58.598522739000032],[-137.09441636899999,58.381848365000053],[-136.95188373899998,58.395740395000075],[-136.89468906999997,58.340464610000026],[-136.86688604799997,58.381298456000081],[-136.84493817799995,58.317131435000078],[-136.67936049599996,58.298238085000037],[-136.71604632699996,58.251848796000047],[-136.65604364999996,58.214896965000037],[-136.56158795799996,58.25573186500003],[-136.65549163499998,58.338790129000074],[-136.60323876499996,58.356849663000048],[-136.36378006999996,58.29824387900004],[-136.41074612999995,58.374347701000033],[-136.48323604399997,58.33351069400004],[-136.557976156,58.373512830000038],[-136.494888936,58.384354555000073],[-136.50711859999996,58.441291653000064],[-136.31824303399998,58.39907776900003],[-136.27823405099997,58.309074016000068],[-136.08514304799996,58.337976328000082],[-136.03100447799994,58.382983999000032],[-136.08268004899998,58.51130908600004],[-136.21072544199995,58.512968819000037],[-136.12043198599997,58.553800558000034],[-136.29407288199997,58.662117202000047],[-136.33349403299997,58.594342067000071],[-136.52571856099996,58.611005761000058],[-136.33932916999998,58.683499362000077],[-136.49711332599998,58.749883924000073],[-136.43822995399995,58.664889393000067],[-136.52435695899999,58.699329239000065],[-136.63741471899999,58.821827617000054],[-136.48295792899995,58.792380663000074],[-136.57546418599998,58.838208982000083],[-136.99018979899995,58.894589851000035],[-137.12743035199998,58.821532120000029],[-137.03187958399997,58.91263990300007],[-136.90577835899995,58.92681215500005],[-137.05601181099996,59.063942094000026],[-136.66131834399999,58.890986477000069],[-136.61020216199995,58.907376270000043],[-136.70854408299999,59.018489335000027],[-136.58270622499998,58.915433690000043],[-136.49076304399995,58.965157719000047],[-136.48461239499994,58.839042272000029],[-136.26714739499999,58.822107838000079],[-136.38518013899994,58.80404988500004],[-136.22377417399997,58.749055375000069],[-136.09742169799995,58.85599724900004],[-136.11186310999994,58.929040758000042],[-136.22657638799996,58.924317552000048],[-136.13716415499999,58.950147963000063],[-136.16411808599997,59.033207281000045],[-136.03605899899998,58.915991499000029],[-136.04411009699999,58.854053608000072],[-135.96550271799998,58.915995713000029],[-135.77134034299996,58.899898256000029],[-136.07019808099994,58.817389373000083],[-135.82213890599996,58.59936129700003],[-135.89077261399996,58.576586458000065],[-135.84571016299998,58.468807080000033],[-135.94821748099997,58.457421767000028],[-135.87461036899998,58.460200805000056],[-135.91738364199995,58.382704831000069],[-135.63600603299994,58.421881051000071],[-135.47404015199999,58.37187943400005],[-135.48292243399999,58.476320912000062],[-135.48226612599996,58.475298525000028],[-135.34595472799998,58.264661553000053],[-135.08734458399999,58.232709988000067],[-135.09347943199998,58.43631982900007],[-135.22318244999997,58.592160343000046],[-135.16458930699997,58.636327876000053],[-135.39103508799997,58.958838515000082],[-135.37847568999996,59.090781198000059],[-135.55239996699999,59.228546376000054],[-135.41405907099994,59.196886621000033],[-135.30654621899998,59.083276847000036],[-135.35708194199998,59.204942988000028],[-135.55462488299997,59.318001274000039],[-135.40099875099997,59.304940427000076],[-135.38316202399994,59.358529089000058],[-135.34655678299998,59.468553399000029],[-135.36041088799999,59.34369736900004],[-135.36822285099998,59.273278566000045],[-135.16350055199996,58.99272002500004],[-135.16177761199998,58.974511953000047],[-135.14907125499997,58.840771007000058],[-135.03125447199994,58.73661396500006],[-134.94903687199997,58.81438858100006],[-134.91262125399999,58.656057677000035],[-134.99069083899997,58.669669486000032],[-134.77764196099997,58.490775492000068],[-134.76320370999997,58.38187944200007],[-134.51178609099998,58.353556008000055],[-134.17647007099998,58.196327028000042],[-133.98091343599998,58.493838965000066],[-133.77091012199998,58.518011751000074],[-133.922590507,58.497456034000038],[-134.01176570999996,58.397170472000028],[-133.977853649,58.317731910000077],[-134.06815816599999,58.276615209000056],[-134.06620135699995,58.085492604000081],[-133.90008851499999,57.97604295900004],[-133.67257136199999,58.147166076000076],[-133.76815531299997,58.055768063000073],[-133.67089213999998,58.013554179000039],[-133.68285422399998,57.937708456000053],[-133.77453403799996,57.991326615000048],[-133.85757492099998,57.953544127000043],[-133.69310495599996,57.787162652000063],[-133.56895843399997,57.922435861000054],[-133.52594233699995,57.916137727000034],[-133.12308030999998,57.857168497000032],[-133.54701530499995,57.910487999000054],[-133.54701109099994,57.765496057000064],[-133.00477419199996,57.509384203000081],[-133.64341885199997,57.704656929000066],[-133.66395560599994,57.63271007700007],[-133.58533927299999,57.567986827000027],[-133.31283341099999,57.589373727000066],[-133.49698366399997,57.537699736000036],[-133.47086671099999,57.437142381000058],[-133.33670490599997,57.434918518000075],[-133.43394542999999,57.346591353000065],[-133.22586837499995,57.312981637000064],[-133.04531306799998,57.366872116000081],[-133.24421287099995,57.27492630200004],[-133.47364996299996,57.279089592000048],[-133.55479618999999,57.178819305000047],[-133.52813775599998,57.170250956000075],[-133.29811441199996,57.09631569000004],[-133.24476857299999,57.172708687000068],[-133.15895023299998,57.164096619000077],[-133.11616379099996,57.144100291000029],[-133.16008165299996,57.079654629000061],[-132.88617995199996,57.01687344000004],[-132.79309692399994,57.08770572800006],[-132.76978113099995,56.962155992000078],[-132.92506014899999,56.976597403000028],[-132.77060177999999,56.843540156000074],[-132.50450677399999,56.750212197000053],[-132.36390988399995,56.819939401000056],[-132.52614334499998,56.714375985000061],[-132.45668213999994,56.67159797100004],[-132.54948810699995,56.627429911000036],[-132.312511374,56.637434659000064],[-132.34778608999994,56.527149617000077],[-132.19086050799996,56.460486413000069],[-132.15918442499998,56.376875606000056],[-131.97196385099994,56.356877172000054],[-131.90863960099995,56.228523641000038],[-131.49196086599994,56.22046780200003],[-131.96195646899997,56.165192017000038],[-131.94584689699997,55.968247444000042],[-132.06281616899997,55.936865277000038],[-132.04947773399999,55.805468289000032],[-132.17584864599996,55.799638419000075],[-132.17502483699997,55.718792955000026],[-132.22565379099996,55.73895204300004],[-132.26779867299996,55.755739519000031],[-132.17752523399997,55.58990847900003],[-131.96417506499995,55.498242360000063],[-131.92947817299995,55.591571898000041],[-132.00559042299994,55.661846377000074],[-131.88110731899997,55.598240326000052],[-131.81696136699998,55.669078407000029],[-131.86472226599994,55.724901466000063],[-131.75419018599996,55.807404029000054],[-131.91724640199999,55.857967142000064],[-131.41142459499997,56.005187160000048],[-131.32420725399999,55.96463037500007],[-131.01199264599995,56.106023683000046],[-131.20281290699995,55.973511603000077],[-131.00057520299998,55.798529648000056],[-130.91781296199997,55.811310800000058],[-130.95864417399997,55.776590206000037],[-130.88753851299998,55.704924101000074],[-130.86585980299998,55.308266977000073],[-130.65586913099997,55.345493236000038],[-130.61558466599996,55.295773420000046],[-130.94557015899994,55.279655948000027],[-131.06751388799995,55.191041187000053],[-131.05780621699995,55.122432235000076],[-130.93030019799994,55.087162786000079],[-130.81809785099995,55.142440151000073],[-130.75559319599995,55.092432213000052],[-130.46336280099996,55.327448977000074],[-130.72028055499999,55.07660549600007],[-130.84113289499999,55.102719289000049],[-131.01030973799999,55.00383430800008],[-130.93806738799998,54.962990981000075],[-130.92776925099997,54.809099375000073],[-130.84915344399997,54.767159392000053],[-130.74109489799997,54.818545260000064],[-130.74302537099999,54.966036019000057],[-130.68778382399995,54.761603423000054],[-130.57750088799997,54.857429671000034],[-130.58860755899997,54.793544979000046],[-130.36138695599999,54.907712036000078],[-130.10307336199998,55.227477347000047],[-129.99223525099995,55.281382048000069],[-130.14558853699998,55.541082528000061],[-130.17641447499994,55.754094535000036],[-130.17641447499994,55.754136673000062],[-130.01677885599997,55.908887379000078],[-130.09029800399998,56.117751898000051],[-130.41589107799996,56.128554119000057],[-130.46365197699998,56.234944504000055],[-130.62890519199999,56.258271885000056],[-130.77615312699999,56.365766301000065],[-131.05670007999998,56.397702590000051],[-131.07461370899995,56.404973599000073],[-131.55947579599996,56.601897630000053],[-131.82583890899997,56.596609767000075],[-131.86307728199995,56.799398960000076],[-132.10474877799999,56.866331323000054],[-132.02918959699997,57.036061234000044],[-132.33864202199999,57.087994904000027],[-132.22834802599999,57.204385297000044],[-132.36361649399998,57.342750950000038],[-133.13868316499997,58.135505282000054],[-133.171048214,58.15640232100003],[-133.36284292899995,58.28022964400003],[-133.43172630799995,58.458846577000031],[-133.82869209699999,58.725789622000036],[-134.24732237399996,58.856629328000054],[-134.33459396799998,58.965660748000062],[-134.46319137599994,59.126342456000032],[-134.56820488399995,59.13023026500008],[-134.68985785699999,59.243005696000068],[-134.95374901599996,59.279663611000046],[-134.97721914099998,59.34899155200003],[-134.99098422899999,59.389663165000059],[-135.09349892099999,59.426612362000071],[-135.02294000699999,59.470771994000074],[-135.01629580899998,59.567172907000042],[-135.47544125999997,59.801612899000077],[-135.72488731999999,59.744530424000061],[-136.34572738399999,59.602457105000042],[-136.23573783799998,59.525507878000042],[-136.46548728199997,59.469377208000083],[-136.46464451099996,59.289079473000072],[-136.48764162999998,59.265141609000068],[-136.58577496499998,59.162944010000047],[-136.81078645399998,59.164878170000065],[-137.46743217999995,58.905722332000039],[-137.59264849499999,59.23825299300006],[-138.61753520699995,59.773859390000041],[-138.69199509799995,59.906625881000082],[-139.19060278399996,60.088577555000029],[-139.06978678799999,60.351910905000068],[-139.67841615099996,60.340234310000028],[-139.98117539199995,60.187447788000043],[-140.45263846999995,60.309367287000043],[-140.52319053699995,60.221864984000035],[-140.99715611899995,60.306791041000054],[-140.99738471999996,60.306828965000079],[-140.99891224299995,61.894541477000075],[-141.00243449999999,65.840089790000036],[-141.00472315099995,68.427915226000039],[-141.00566020699995,69.642117852000069],[-141.00566020699995,69.642194228000051],[-141.30850899299998,69.69091535900003],[-141.22348285799995,69.672312764000083],[-141.26294035299998,69.634257430000048],[-141.39099944099996,69.640926384000068],[-141.73378188699996,69.775376311000059],[-142.27186919099995,69.848437729000068],[-142.59550282299995,70.004005922000033],[-143.28334899299995,70.118152964000046],[-143.29722680099997,70.041765234000081],[-143.35137432599998,70.108706552000058],[-143.77796246999998,70.099757375000081],[-144.06779728799998,70.078983591000053],[-144.02668427399996,70.046191889000056],[-144.07193529499997,69.984238196000035],[-144.11696087399997,70.064242469000078],[-144.97058593799997,69.968671159000053],[-145.61061063599996,70.064778155000056],[-145.84233427099997,70.170324716000039],[-147.69271855699998,70.208899409000082],[-147.86162729199998,70.309729612000069],[-148.22581928899996,70.358886877000032],[-148.50805020299998,70.311102275000053],[-148.61027361199996,70.398339632000045],[-149.49786077699997,70.522486680000043],[-149.89121160399998,70.514709482000058],[-150.40676952599998,70.409114988000056],[-150.37202680899998,70.485794528000042],[-150.78317433099997,70.501895146000038],[-151.20068214199998,70.434375476000071],[-151.17594943999998,70.375200821000078],[-151.22343433099996,70.370758890000047],[-151.96928475799996,70.443233528000064],[-151.76961592599997,70.498798488000034],[-151.86901763199998,70.512696839000057],[-151.74402465099996,70.559638143000029],[-152.62600791399998,70.552398211000082],[-152.07573466499997,70.580198600000074],[-152.49711658999996,70.643513896000059],[-152.51076842999998,70.693503397000029],[-152.21882036299996,70.810747623000054],[-152.43856611199996,70.869629415000077],[-152.74357081199997,70.881570956000076],[-152.66525524299996,70.856851950000078],[-152.70467533999997,70.810172432000059],[-152.81358139799997,70.886299957000062],[-153.22583347699998,70.928224138000076],[-153.91835017999998,70.888780338000061],[-154.19778572799996,70.775993845000073],[-154.80893708299996,70.877639955000063],[-154.65781608799998,70.917089023000074],[-154.60586134899998,71.014322173000039],[-155.00341655099996,71.116630386000054],[-155.02006180999996,71.018755676000069],[-155.09562625799998,71.016267394000067],[-155.04315479499996,71.130973298000072],[-155.10480666999996,71.148489771000072],[-155.09841635699996,71.08403462800004],[-155.29065405399996,71.085143926000057],[-155.19617939899996,70.989027975000056],[-155.39064991299998,71.003198646000044],[-155.53868320499998,70.935399281000059],[-155.58670167599996,70.839295972000059],[-155.89786229299997,70.827357591000066],[-155.90477986399998,70.766793417000031],[-155.97698376199997,70.75540863100008],[-155.98616312099998,70.898189878000039],[-156.18590516899997,70.917901244000063],[-155.73922746499997,70.999591059000068],[-155.55040299199996,71.117350955000063],[-155.64791636399997,71.18540525800006],[-155.94928608599997,71.219305731000077],[-156.11288746999998,71.171511121000037],[-156.04651660199997,71.20930941000006],[-156.10484216499998,71.241245699000046],[-156.45042945999998,71.263197783000066],[-156.60485938599996,71.349576566000053],[-156.37958136999998,71.372346137000079],[-156.48569416799998,71.406235548000041],[-156.81988456299996,71.299844109000048],[-157.27874136399998,71.048437552000053],[-157.88388639399997,70.855896458000075],[-158.51180468199996,70.848405275000061],[-158.34233023699997,70.817020475000049],[-158.68455803499998,70.785060483000052],[-159.08093599099996,70.813114230000053],[-159.00286324499996,70.771733636000079],[-159.28124322199997,70.756161331000044],[-159.22065165799998,70.687266890000046],[-159.44845640699998,70.779213758000083],[-159.15125050099996,70.819506123000053],[-159.37260172999999,70.843381305000037],[-159.16542222599998,70.880329449000044],[-159.67151213999998,70.797534024000072],[-160.12117641399996,70.604459877000068],[-159.94173514499997,70.632238670000049],[-159.73335469299997,70.492804805000048],[-159.28894878499997,70.530048445000034],[-159.67747474699996,70.466338628000074],[-159.81755227899998,70.495014972000035],[-159.89003797799998,70.391142365000064],[-159.77306712599997,70.19167421800006],[-159.94472066199998,70.363628518000041],[-160.13221618999998,70.31780072600003],[-159.92365980899996,70.48307922500004],[-160.20201766399998,70.471109766000041],[-159.92312464999998,70.538074261000077],[-159.94090080199996,70.592808565000041],[-160.15371528399996,70.604181236000045],[-160.97918757599996,70.323883954000053],[-160.95250912599997,70.289428833000045],[-161.61664761499998,70.254993201000048],[-161.70361107099998,70.19247537800004],[-162.12412599499999,70.154978379000056],[-162.00867213099997,70.192432713000073],[-161.78601144699996,70.221481456000049],[-161.89889801899997,70.255811742000049],[-161.71305326899997,70.270265269000049],[-161.95581931399997,70.303022206000037],[-162.96599597999997,69.777717108000047],[-163.02934024599998,69.727984125000035],[-162.94431147699999,69.692142118000049],[-163.14848755399998,69.60186077700007],[-163.06846326599998,69.567436206000082],[-163.12342195799997,69.384090273000083],[-163.27371124299998,69.293234795000046],[-163.18733351399996,69.418239890000052],[-163.56393952999997,69.144345036000061],[-164.32779102299997,68.929876088000071],[-166.23501022099998,68.874281104000033],[-166.20138417599998,68.695933331000049],[-166.22886273099996,68.571784175000062],[-166.36965187799998,68.438431431000083],[-166.31495865899998,68.398713203000057],[-166.83079522299997,68.350088991000064],[-166.29077428599996,68.291487947000064],[-165.92212613599997,68.130099365000035],[-165.36434537599996,68.03845010100008],[-165.28745303599996,68.013679474000071],[-164.70986557199998,67.827630879000083],[-164.02290378499998,67.546251690000076],[-163.82536505699997,67.354022948000079],[-163.72474396699997,67.110126536000053],[-162.57086637899997,67.008218113000055],[-162.37920545399996,67.162948276000066],[-162.33171898299997,67.149063093000052],[-162.45502062699998,66.988215465000053],[-162.29920170899996,67.002668464000067],[-162.30033839599997,67.068221317000052],[-162.23725222999997,67.006560487000058],[-161.87059038699996,67.051276875000042],[-161.51977948999996,66.986552572000051],[-161.80310126699996,66.89907028500005],[-161.90058777499996,66.727665893000051],[-161.50942341199996,66.533223823000071],[-161.25217592399997,66.548224624000056],[-161.14305864599996,66.646845713000062],[-160.84136024299997,66.662124629000061],[-160.54499026099998,66.586292074000028],[-160.24302164399998,66.643520980000062],[-160.32413363399996,66.602410600000042],[-160.21246065299997,66.523797954000031],[-160.23329184999997,66.399083615000052],[-160.82524382299997,66.377663530000063],[-161.18888275099997,66.537940708000065],[-161.57524858499997,66.44654954300006],[-162.07806485999998,66.657374032000064],[-162.01753281699996,66.776275357000031],[-162.32696785999997,66.956555183000035],[-162.48336828999996,66.955438512000057],[-162.63417535299996,66.862095804000035],[-162.50391768599997,66.737370404000046],[-162.22666070199998,66.709877626000036],[-161.90888907099998,66.534604388000048],[-161.87524617099996,66.436823437000044],[-161.96468052699998,66.332097524000062],[-161.91273316199997,66.273762480000073],[-161.85911552999997,66.281270518000042],[-161.91246979599998,66.365714615000059],[-161.72411885499997,66.403773636000039],[-161.12938573699998,66.339054074000046],[-161.00497216099998,66.251010817000065],[-161.06716973099998,66.132095271000082],[-161.17855458999998,66.116819516000078],[-161.11047289699997,66.134063142000059],[-161.08995141799997,66.240999222000028],[-161.53330702199997,66.267101954000054],[-161.78466195899998,66.077930364000053],[-161.72576331199997,66.07988454000008],[-161.84102228499998,66.012376458000062],[-161.81910707299997,65.974320070000033],[-162.15465485599998,66.076810532000081],[-162.66716721299997,65.996797832000084],[-162.76022495799998,66.106526645000031],[-163.65912527299997,66.069844501000034],[-163.83357154199996,66.111500049000028],[-163.92467563799997,66.207343680000065],[-164.19024601899997,66.19038712300005],[-163.85717387699998,66.276240754000071],[-163.89691686099997,66.391800491000083],[-163.75748720899998,66.517371297000068],[-163.94081523399998,66.580145638000033],[-163.62775996099998,66.566536463000034],[-163.93662139299997,66.607726380000031],[-164.35638572399998,66.594026607000046],[-164.39950769399996,66.58865499400008],[-164.72028011699996,66.548732394000069],[-165.03609967899996,66.393449689000079],[-165.16391488999997,66.442612748000045],[-165.76920002999998,66.317048790000058],[-165.87914691099996,66.221768236000059],[-165.50361279399996,66.14427278800008],[-165.80943076799997,66.102319637000051],[-166.26974503699998,66.178425566000044],[-166.71749674599997,66.061456294000038],[-166.79637855299998,65.980351678000034],[-166.96777030299998,65.972567106000042],[-166.87553952699997,65.933672160000071],[-167.04888018599996,65.875332903000071],[-167.35638580999998,65.886741391000044],[-167.57443284799996,65.795882752000068],[-167.52055817099998,65.729503984000075],[-167.82000953499997,65.717276954000056],[-168.04446848299997,65.633939521000059],[-168.03473763499997,65.688370427000052],[-167.84915941199998,65.760613303000071],[-168.12443219599999,65.673643527000081],[-168.06750457999996,65.579492813000059],[-167.45991972799996,65.418078421000075],[-166.62961730399996,65.363380461000077],[-166.05406460499998,65.251174954000078],[-166.37654837999997,65.268381182000041],[-166.48711153699998,65.233938175000048],[-166.46766669799996,65.185322917000065],[-166.54572732899996,65.131150636000029],[-166.68711853099998,65.115872248000073],[-166.92628910299996,65.145043193000049],[-166.85852555599996,65.283095441000057],[-166.96129992699997,65.209756962000029],[-166.92183189699998,65.13084460500005],[-166.70044221699996,64.992258252000056],[-166.38987944099998,64.890596339000069],[-166.49262694799998,64.734204336000062],[-166.23955591799998,64.595320379000043],[-165.03123109499998,64.443103781000048],[-164.76985718799997,64.474512811000068],[-164.92289812099997,64.456732445000057],[-164.93095712099998,64.533119122000073],[-164.89262788599999,64.485053772000072],[-164.66790241199996,64.522290566000038],[-164.72621902099996,64.484233651000068],[-164.36008812399996,64.578966404000028],[-163.56620553099998,64.565639030000057],[-163.17840961999997,64.406753478000041],[-163.03981378499998,64.515366146000076],[-163.39064206399996,64.592313793000073],[-163.15702798699996,64.655914577000033],[-163.05314800599996,64.551193931000057],[-162.82979256199997,64.495086964000052],[-162.87230299599997,64.457304476000047],[-162.78064741199998,64.336194038000031],[-162.63421907199998,64.386766105000049],[-162.57895803599996,64.520105154000078],[-162.11674542599997,64.715112935000036],[-161.89036759399997,64.710676797000076],[-161.71786127799996,64.787617596000075],[-161.80370858899997,64.821231527000066],[-161.55037840699998,64.744835369000043],[-161.37758870999997,64.787352123000062],[-161.19732257799998,64.934300348000079],[-160.99285153099999,64.93790477500005],[-161.15816742699997,64.92262796600005],[-160.78423720899997,64.715702348000036],[-160.82005340599997,64.614853183000037],[-161.08504174799998,64.549573704000068],[-161.00477358299997,64.521526804000075],[-161.40286341899997,64.534018254000046],[-161.54088458899997,64.385675770000034],[-161.19614638599998,64.414845135000064],[-161.25312246099998,64.392061342000034],[-160.96390813299996,64.237057278000066],[-160.94332239299996,64.067053467000051],[-160.77499622299996,63.854281123000078],[-160.78887034399997,63.740110378000054],[-161.15412475899998,63.511764149000044],[-162.15718369599998,63.425080388000083],[-162.01692654799996,63.480918195000072],[-162.31440424799996,63.540363590000084],[-162.27553669299996,63.488684332000048],[-162.61858987999997,63.270583040000076],[-162.68275005299998,63.229787119000036],[-163.06384435299998,63.059226552000041],[-163.34411793199996,63.021169110000073],[-163.54135800199998,63.105335619000073],[-163.80551621499998,62.982831974000078],[-163.54273224599999,63.121998260000055],[-163.66440523399999,63.11116970300003],[-163.63410286799999,63.142558190000045],[-163.72773633199998,63.21394618000005],[-164.14721359399996,63.259504813000035],[-164.38302256199998,63.219767096000055],[-164.59023208999997,63.132824710000079],[-164.31663115199999,63.010602866000056],[-164.71107231499997,63.01421308700003],[-164.88021333899997,62.83475707000008],[-164.76662410699998,62.788645896000048],[-164.88994313299997,62.780587423000043],[-164.79492963199996,62.610872261000054],[-164.48158834399996,62.745040913000082],[-164.85739478199997,62.564477178000061],[-164.79352009699997,62.540315981000049],[-164.83572133899997,62.480866898000045],[-164.63604934699998,62.510594600000047],[-164.68020423899998,62.46420689100006],[-164.57601506599997,62.424482343000079],[-164.75435441099998,62.371142299000041],[-164.61074408799996,62.430875290000074],[-164.85351171299996,62.470582456000045],[-164.86990413999996,62.534478210000032],[-165.08324956899997,62.528921187000037],[-165.70571670799998,62.112803948000078],[-165.75877811099997,61.991960563000077],[-165.59180774899997,61.850299148000033],[-166.10096271699996,61.815287271000045],[-166.00207826199997,61.726397556000052],[-165.76486344599996,61.687787572000047],[-166.13958376199997,61.633902361000082],[-166.16485899699998,61.71306596900007],[-166.20012686599998,61.588065087000075],[-166.13011048599998,61.496673395000073],[-165.89318063199997,61.553894401000036],[-165.79540178799996,61.51889938000005],[-165.77983369599997,61.456682847000081],[-165.92399445499998,61.412787108000032],[-165.87091988299997,61.326401477000047],[-165.61121413699996,61.28001798300005],[-165.64984624299998,61.236965542000064],[-165.60174507499997,61.112251202000039],[-165.37536987699997,61.06947634900007],[-165.34369800799996,61.156412415000034],[-165.40983079199998,61.207527543000083],[-165.22425730899997,61.273912105000079],[-165.28984018599996,61.33307622600006],[-165.16290092999998,61.431097893000072],[-164.71844340299998,61.624757239000076],[-164.84761547499997,61.493643106000036],[-165.15290618999998,61.416136597000047],[-165.15705525899997,61.358359889000042],[-165.25929183599996,61.327529737000077],[-165.20289411199997,61.323082012000043],[-165.21009717299998,61.262811228000032],[-165.37232536599998,61.200028459000066],[-165.15345399199998,61.155300483000076],[-165.08509629099999,61.213085619000083],[-165.14094410599998,61.255862053000044],[-165.06483290999998,61.210583115000077],[-165.18732707399997,61.122807439000042],[-165.04843942999997,61.056891668000048],[-164.99564771399997,61.111976248000076],[-164.76789721799997,61.110315462000074],[-165.19287198199999,60.959753330000069],[-165.11056483699997,60.922557095000059],[-165.07424877199998,60.90614254500008],[-164.99002274299997,60.934834165000041],[-164.93834295799996,60.952439129000027],[-164.87097656699999,60.94695426800007],[-164.63928822199998,60.92808883500004],[-164.55981858299998,60.850041372000078],[-163.96009099199998,60.854778273000079],[-163.67954351299997,60.991168154000036],[-163.75818618299996,60.933106484000064],[-163.56009175299997,60.887839134000046],[-163.93122080999999,60.851445113000068],[-163.41094442199997,60.749785834000079],[-163.47146171699998,60.750624391000031],[-163.45369715299998,60.677839508000034],[-163.80175218799997,60.580614259000072],[-163.80676404299996,60.743943322000064],[-163.94733196199996,60.780049222000059],[-164.43148664799998,60.552543130000061],[-164.22064793699997,60.68810235400008],[-164.27179888299997,60.783099527000047],[-164.65817367199998,60.819202792000056],[-164.69983079999997,60.846698204000063],[-164.64539093899998,60.909755400000051],[-164.84149274199999,60.866144096000028],[-164.93927263999998,60.926697735000062],[-164.87231341199998,60.842531227000052],[-165.03371463599998,60.784759786000052],[-165.00676333899997,60.700310949000027],[-165.42758376799998,60.554474656000082],[-165.25088729999996,60.496424574000059],[-164.98591317899997,60.543369565000035],[-165.02787107099996,60.465313674000072],[-165.14645793699998,60.444751637000081],[-165.07840521399999,60.390872745000081],[-164.77731729299998,60.290599298000075],[-164.65065035899997,60.326991213000042],[-164.66397773199998,60.259210811000059],[-164.42700837299998,60.090599679000036],[-164.11395468099997,60.001721026000041],[-164.22088707399996,59.94504782100006],[-164.11031864999998,59.834771733000082],[-163.36644610199997,59.818941856000038],[-162.81673118899997,59.934774967000067],[-162.75395737399998,60.002006514000072],[-162.51146154199998,59.999505064000061],[-162.45171327599996,60.186726165000039],[-162.70226705399998,60.26034170500003],[-162.55868043399997,60.256451262000041],[-162.60754167599998,60.32756587800003],[-162.42312384299998,60.376174289000062],[-162.44229109399998,60.425621256000056],[-162.27035996999996,60.612011701000029],[-162.12671382899998,60.649236906000056],[-162.16202752399997,60.734793987000046],[-162.08591211399997,60.657843180000043],[-161.88171812699997,60.701462912000068],[-162.22421561199997,60.580906595000044],[-162.22671495599997,60.50562605500005],[-162.47451339799997,60.297010154000077],[-162.33504424199998,60.20866929400006],[-162.35255913499998,60.140064556000027],[-162.27144345799996,60.166173608000065],[-162.28728439699998,60.238119408000045],[-162.15367724099997,60.244781514000067],[-162.25368310799996,60.197004287000027],[-162.19978630799997,60.143674250000061],[-162.23838891699998,60.059780062000073],[-161.70750678099998,59.495885523000027],[-161.96058887199996,59.379211221000048],[-161.98804951899996,59.243099455000049],[-162.00138848099996,59.306432132000054],[-162.05183465899998,59.271549831000073],[-161.99446248099997,59.143374863000076],[-161.86752269899998,59.060322919000043],[-161.85502176899996,59.113376421000055],[-161.56805553299998,59.10282703200005],[-161.85724563099998,59.028097454000033],[-161.79057347299997,58.968371838000053],[-161.77279205299996,58.782264248000047],[-161.65779591999998,58.799759126000026],[-161.89360962899997,58.651981298000067],[-162.17360983399996,58.648924672000078],[-161.76658662399998,58.598274122000078],[-161.75108489999997,58.643094276000056],[-161.71275355799997,58.612538552000046],[-161.76527242699999,58.551699424000049],[-161.34946912099997,58.665032137000082],[-161.38249047799997,58.703652656000031],[-161.33378514799998,58.73324814700004]]],[[[-153.39281911399996,57.157814813000073],[-153.39117096999996,57.206431651000059],[-152.95836264699997,57.253091680000068],[-153.17531408299996,57.299486236000064],[-153.16420530499997,57.347821272000033],[-152.88221141899996,57.346425959000044],[-152.84056166499997,57.268090374000053],[-152.63613170299996,57.316977952000059],[-152.60527100099998,57.379198172000031],[-152.80666277299997,57.467816619000075],[-153.04557313999996,57.43060405600005],[-152.91250272399998,57.483102909000081],[-152.95889095899997,57.520057374000032],[-152.34746780999998,57.423372552000046],[-152.15356195299998,57.603663440000048],[-152.43746418899997,57.603944715000068],[-152.40080574799998,57.685060918000033],[-152.49050557599998,57.647840981000058],[-152.44829221899997,57.721730948000072],[-152.55303709399996,57.69784101700003],[-152.32855496999997,57.813406548000046],[-152.62133158699996,57.927871736000043],[-152.62246247999997,57.855644662000032],[-152.85387007599996,57.834809777000032],[-152.87859487699998,57.726186047000056],[-152.91390435799997,57.828700212000058],[-152.81916265099997,57.916207782000072],[-153.27807949899997,58.004559703000041],[-153.05057182699997,57.83065175400003],[-153.24195569099996,57.89566628700004],[-153.17808521999996,57.703420163000033],[-153.21528619499998,57.787598786000046],[-153.47418762199996,57.841768433000027],[-153.31754120799997,57.725085704000037],[-153.50032669799998,57.767042543000059],[-153.43700718899996,57.69926214000003],[-153.52841152299996,57.715657201000056],[-153.50788424899997,57.625363219000064],[-153.64395598399997,57.889278081000043],[-153.93062830299996,57.810391007000078],[-153.90897276999996,57.707051453000076],[-153.58341445999997,57.611765632000072],[-153.88257822899996,57.642328203000034],[-153.68396970899997,57.543987863000041],[-153.85368065699998,57.566771656000071],[-153.81035431499998,57.399811829000043],[-153.63034101499997,57.268684528000051],[-153.88845076399997,57.404258501000072],[-153.95063885299996,57.541212512000072],[-154.11006904599998,57.537879352000061],[-153.97868417199996,57.563430068000059],[-153.99839659099996,57.634547318000045],[-154.21870804999998,57.667611867000062],[-154.35063493099997,57.644560494000075],[-154.44896947799998,57.579006587000038],[-154.40093309799997,57.563722931000029],[-154.51928451399996,57.577894129000072],[-154.51483520899998,57.514284391000047],[-154.55065877999996,57.543729764000034],[-154.73011374399996,57.421504760000062],[-154.70704814899997,57.334824160000039],[-154.80927261199997,57.338992190000056],[-154.75597049199996,57.300098825000077],[-154.80344590199996,57.285380352000061],[-154.60952845699998,57.259812254000053],[-154.52953471899997,57.147010486000056],[-154.53231165099996,56.989768864000041],[-154.32950244299997,56.926427759000035],[-154.30008024599996,56.848086907000038],[-154.23868120199998,56.881701364000037],[-154.29425142899998,56.861980517000063],[-154.29702994099998,56.906979233000072],[-154.16343805999998,56.956138605000035],[-154.10341747399997,57.115595662000032],[-154.26895143699997,57.116162425000027],[-154.38675979299998,57.044769168000073],[-154.46593130199997,57.064494755000055],[-154.46870717999997,57.126168753000059],[-153.96705866999997,57.115868509000052],[-154.11174932099996,57.043355946000077],[-154.09869216099997,56.962519437000083],[-153.80677148399997,57.150609645000031],[-153.74007351599997,57.130048661000046],[-153.96566230299996,56.988073314000076],[-153.77566216399998,56.989480742000069],[-154.15173881499996,56.745306215000028],[-153.98200890499996,56.737805025000057],[-153.69643429499996,56.865870433000055],[-153.77673985799996,56.889481722000028],[-153.68313431199996,56.968366162000052],[-153.61170944999998,56.933369560000074],[-153.55561196399998,56.977536040000075],[-153.67339872399998,57.008932955000034],[-153.60032361099996,57.047264297000027],[-153.75899636299997,57.045321183000055],[-153.50225875199996,57.063093648000063],[-153.54700516299997,57.170602286000076],[-153.46392635599997,57.110595921000026],[-153.39281911399996,57.157814813000073]]],[[[-132.47362974299995,55.495630822000066],[-132.67971943799995,55.452418781000063],[-132.51140748999995,55.54434879300004],[-132.56416496799994,55.567405434000079],[-132.54167877899999,55.622674370000027],[-132.17083837099995,55.446295521000081],[-132.145846517,55.480184933000032],[-132.29251504599995,55.536297167000043],[-132.38165864599995,55.669074720000026],[-132.43750119399999,55.622951431000047],[-132.494455147,55.813789074000056],[-132.72724962799998,55.989626443000077],[-133.07977609,56.052130570000031],[-133.13977718799998,56.116579920000049],[-133.02560960399995,56.176302376000081],[-133.062263831,56.241581855000049],[-133.19004901799997,56.329923768000072],[-133.31535751099995,56.268800731000056],[-133.32561456299999,56.326029111000082],[-133.61228740899998,56.347965393000038],[-133.56702427399995,56.296581631000038],[-133.63450180499996,56.276292968000064],[-133.61896163099999,56.207130947000053],[-133.26008172699994,56.152133277000075],[-133.24307460299997,55.904077262000044],[-133.13812693599999,55.886024576000068],[-133.23754180999998,55.746580703000063],[-133.37615133999998,55.722683398000072],[-133.35477550099995,55.60964249400007],[-133.25534377199995,55.573267434000059],[-132.91001299599998,55.627679378000039],[-133.07029122699998,55.573818923000033],[-133.12916248399995,55.489098292000051],[-132.97886319099996,55.447141453000029],[-133.06667310499995,55.426877019000074],[-132.99692483199999,55.375482196000064],[-132.84914700399997,55.351309410000056],[-133.19555810799994,55.384384494000074],[-133.26223711399996,55.338543007000055],[-133.22416861099998,55.282706253000072],[-132.90221525499999,55.279366245000062],[-133.00445551899998,55.202707248000081],[-132.80581328799997,55.267699131000029],[-132.78000394599997,55.182145737000042],[-132.66831463599999,55.137695349000069],[-132.61081920299995,55.167700638000042],[-132.64304203399996,55.249923505000027],[-132.56138592999997,55.165189180000027],[-132.61637569899995,55.06102792400003],[-132.55833404499998,55.121579983000061],[-132.46028445999997,55.04325967300008],[-132.57444783099999,55.036865673000079],[-132.53389262599995,55.015755834000061],[-132.59916736399998,54.96824934700004],[-132.53224500799996,54.932423142000061],[-132.45445511699995,54.984920942000031],[-132.46889020799995,54.902143952000074],[-132.38053933999998,55.016042903000027],[-132.38972554699995,54.923820555000077],[-132.26721505399996,54.83909096900004],[-132.35499336399999,54.799096207000048],[-132.21637277299999,54.793543925000051],[-132.29056719099998,54.714373996000063],[-132.00558831599994,54.69020647800005],[-132.00808081199995,54.779374307000069],[-131.95110736999999,54.787988483000049],[-132.05359203799998,54.889646708000043],[-131.97358460499999,54.89465066200006],[-132.01249482599997,54.967702599000063],[-131.96471338499998,55.025479307000069],[-132.22024267299997,54.992150338000044],[-132.07443956399999,55.038814581000054],[-132.09666186099997,55.103253922000079],[-131.99889829199998,55.100475938000045],[-131.97027251399999,55.226026727000033],[-132.01223356699995,55.272411802000079],[-132.08916383099995,55.200747805000049],[-132.24083420799997,55.192690912000046],[-132.24111495599999,55.254357009000046],[-132.08693944199996,55.262141581000037],[-132.15502692899997,55.362968624000075],[-132.25476100199995,55.409910454000055],[-132.47027761999999,55.384359737000068],[-132.26168963499998,55.442129071000068],[-132.47362974299995,55.495630822000066]]],[[[-171.08694581799998,63.431856269000036],[-170.85942603099997,63.461030901000072],[-170.23989647599998,63.281603328000074],[-169.98020916499996,63.141986686000052],[-169.80794040599997,63.124379088000069],[-169.65627318899996,62.943274400000064],[-169.32793373399997,63.182178973000077],[-168.85259074799998,63.154411768000045],[-168.69289613599997,63.302191702000073],[-169.17931418899997,63.298021565000056],[-170.08600328999998,63.484942428000068],[-170.03439935499998,63.535772067000039],[-170.06879969599999,63.594663340000068],[-170.30273929299997,63.693268100000068],[-170.65441350299997,63.676877254000033],[-170.91723802999996,63.570474753000042],[-171.32809479599996,63.632963605000043],[-171.49140068299997,63.595733660000064],[-171.54725218499996,63.613791614000036],[-171.51169935399997,63.644073964000029],[-171.40558392299997,63.64212400200006],[-171.63725962499998,63.693501969000067],[-171.68145876199998,63.792128325000078],[-171.73923125599998,63.788792005000062],[-171.74306744499998,63.666566474000035],[-171.85362691499998,63.507670388000065],[-171.73392021699996,63.369601812000042],[-171.45164294999998,63.313510646000054],[-171.08694581799998,63.431856269000036]]],[[[-135.88779025699995,57.98768268300006],[-135.88933094799995,57.988243126000043],[-135.23621274699997,57.779649347000031],[-135.01233583799996,57.776600095000049],[-134.93207504699996,57.806600117000073],[-135.20649979399997,57.941873853000061],[-134.91901525399999,57.839376017000063],[-134.97178273999998,57.884930962000055],[-134.90763626199998,57.928822487000048],[-134.94316538999999,58.035488354000051],[-135.40097504799996,58.139095488000066],[-135.64959729899999,57.94464393700008],[-135.79432534799997,57.981580492000035],[-135.62403288799999,58.009373507000078],[-135.78239328799998,58.045754887000044],[-135.605691552,58.043539453000051],[-135.48428983099996,58.155208220000077],[-135.79683048599998,58.277147735000028],[-135.96763598299998,58.159638036000047],[-136.11098452099998,58.218800049000038],[-136.18211915299997,58.177410501000054],[-136.10347332199996,58.056842596000081],[-136.19597220499998,58.080453886000043],[-136.27740392099997,58.218515614000069],[-136.35682035999997,58.212399202000029],[-136.27238943199995,58.104339602000039],[-136.43406613699995,58.107384640000078],[-136.03307874899997,57.842930931000069],[-136.03268211999995,57.842671779000057],[-136.03310929899999,57.842889319000051],[-136.03320095099997,57.842927244000066],[-136.32822091899999,57.990720873000043],[-136.40957151799995,57.833472931000074],[-136.41630104599994,57.820453696000072],[-136.22961299799999,57.783789460000037],[-136.09041826899994,57.682397761000061],[-136.12041249699996,57.616839114000072],[-135.95347584599995,57.616022680000071],[-136.06764342999998,57.595455902000083],[-135.78124659199995,57.435464212000056],[-136.01236343199997,57.511570668000047],[-135.84178706299997,57.387967733000039],[-135.68983804499999,57.362415963000046],[-135.548753928,57.459084456000028],[-135.55763937099999,57.538536187000034],[-135.65847431399999,57.551031850000072],[-135.57235152299995,57.588249681000036],[-135.80542885899996,57.63936164900008],[-135.70486676299998,57.673811503000081],[-135.80598034699995,57.76297353800004],[-134.99008088399995,57.450205861000029],[-134.81344182899994,57.481040227000051],[-134.91705791799995,57.752988279000078],[-135.35871481099997,57.720198158000073],[-135.31787833199996,57.754653806000078],[-135.36176511599996,57.796874537000065],[-135.88779025699995,57.98768268300006]]],[[[-166.11143994299997,60.40947007300008],[-166.39866585799996,60.34002414400004],[-166.49812339699997,60.378071051000063],[-166.81031114099997,60.279457863000061],[-166.84143520899997,60.20390394900005],[-167.45313383899997,60.206678774000068],[-167.31811240799996,60.07084880900004],[-167.12892922999998,59.996396292000043],[-166.10475729399997,59.757242575000078],[-166.11892006499997,59.810571558000049],[-166.26781509099996,59.843078824000031],[-165.61446881399996,59.901412288000074],[-165.54284800799996,59.978631728000039],[-165.72785051399998,60.06558096200007],[-165.67505669099998,60.096686594000062],[-165.73283023799996,60.165029546000028],[-165.68370352299996,60.293920871000068],[-166.06648389299997,60.327531114000067],[-166.11143994299997,60.40947007300008]]],[[[-133.95757499399997,57.299930798000048],[-133.86504450699999,57.353543162000051],[-133.88365921699994,57.415203465000047],[-133.99700351899997,57.407702801000028],[-133.97283283999997,57.443813442000078],[-134.10006337799996,57.463542189000066],[-134.04369620499995,57.474925921000079],[-134.08144708799995,57.501048669000056],[-133.84200156199995,57.460209029000055],[-133.93840300199997,57.620763795000073],[-134.07616765299997,57.644933420000029],[-134.04534434899995,57.683263709000073],[-134.23868765599997,57.858550115000071],[-134.28757892199997,57.826880353000035],[-134.32008513499994,57.987990821000039],[-134.22535343499999,57.974655547000054],[-134.32176488299996,58.028266858000052],[-134.26344300799997,58.027992957000038],[-134.31148254699997,58.091600062000055],[-134.15787695699998,57.994104073000074],[-134.23368686299995,58.026322690000029],[-133.96199743599999,57.684095419000073],[-133.79228437999996,57.597707154000034],[-133.87755070599997,57.67243041100005],[-133.89370294299999,57.796881385000063],[-134.17954881899999,58.083270848000041],[-134.17091410099999,58.15938415100004],[-134.68760397099999,58.162430769000082],[-134.80568517399996,58.323275238000065],[-134.95846537499995,58.407434899000066],[-134.94708006199994,58.281600727000068],[-134.88176950599996,58.254104263000045],[-134.91430100199995,58.204931722000083],[-134.79069701399999,58.104376474000048],[-134.73011756499994,58.181046532000039],[-134.80540547899994,58.043821254000079],[-134.66259420799997,57.607163574000083],[-134.57509453899996,57.505495341000028],[-134.35785972099995,57.546051072000068],[-134.57426967699996,57.489382082000077],[-134.47034966399997,57.393274031000033],[-134.306461738,57.38854819200003],[-134.34283890399996,57.327994026000056],[-134.55760282199998,57.391329337000059],[-134.45423271799996,57.31215730100007],[-134.58341690499998,57.270493325000075],[-134.51371076999999,57.218544380000083],[-134.63593788099996,57.215492495000035],[-134.58063628599996,57.148826131000078],[-134.61423546799995,57.009100456000056],[-134.36199878099995,57.079938538000079],[-134.08394906499996,57.254100372000039],[-134.17645110799998,57.384097306000058],[-133.95757499399997,57.299930798000048]]],[[[-134.65539009399998,56.162662123000075],[-134.61814434699994,56.720753129000059],[-134.83619823199996,57.247710059000042],[-134.98506692199999,57.294373775000054],[-134.94786594599998,57.320491255000036],[-135.00090733399998,57.342424376000054],[-134.90761308599997,57.329380911000044],[-135.00399345599999,57.399378329000058],[-135.20206418299995,57.424367022000069],[-135.16761432899995,57.478254868000079],[-135.39957710099998,57.438531900000044],[-135.28236289899996,57.503535898000052],[-135.31456044699996,57.532420828000056],[-135.515980136,57.506866951000063],[-135.52676391999995,57.435506351000072],[-135.60899363499999,57.391586909000068],[-135.47122792999994,57.350480742000059],[-135.67430155799997,57.346028277000073],[-135.53399647699996,57.229359242000044],[-135.33952807099996,57.247975005000058],[-135.40789209199994,57.149359710000056],[-135.26594992899999,57.163521427000035],[-135.36870533699999,57.13768574900007],[-135.36675432199996,57.079914835000068],[-135.16622217699995,57.034359363000078],[-135.35314672699997,56.965737770000032],[-135.29009532499998,56.891564947000063],[-135.37063528399995,56.832679995000035],[-135.26705237899995,56.782950172000028],[-135.12175914699998,56.827108224000028],[-135.190087877,56.674606664000066],[-134.99398554799996,56.755989921000037],[-135.12426007099998,56.664319061000072],[-135.11702856699998,56.598211033000041],[-134.98232528199998,56.716537693000078],[-134.93898682499997,56.709594838000044],[-134.96730604499999,56.62431323800007],[-134.84953614099999,56.685156053000071],[-135.04843172999995,56.527940768000065],[-134.65539009399998,56.162662123000075]]],[[[-164.17809115099996,54.603270939000026],[-163.60195904699998,54.609935153000038],[-163.43838557999996,54.657438479000064],[-163.37085274199998,54.75355337700006],[-163.05060283699999,54.667442701000027],[-163.14701849899998,54.765215751000028],[-163.36197309399998,54.775495453000076],[-163.53199639399998,55.045514612000034],[-163.77061442499996,55.055223864000027],[-164.13782301499998,54.964953058000049],[-164.22143698199997,54.886622740000064],[-164.49001500299997,54.915506616000073],[-164.70613946999998,54.667431639000029],[-164.95364188899998,54.58630964200006],[-164.85530786899997,54.424365884000053],[-164.64726294499997,54.389930778000064],[-164.38837784699996,54.441868662000047],[-164.17809115099996,54.603270939000026]]],[[[-133.05339050399999,56.977146785000059],[-133.29533589999994,57.003542906000064],[-133.26396742899999,56.92159762700004],[-133.32701250999997,56.996600052000076],[-133.87477798799995,57.085768408000035],[-134.01979468599995,57.014379891000033],[-133.73784873399995,56.892713223000044],[-133.89228708699994,56.896605246000036],[-133.75814213799998,56.803267279000067],[-133.67452448399996,56.858821705000082],[-133.70869411599995,56.677425207000056],[-133.63677465399996,56.593523645000062],[-133.691770744,56.568804111000077],[-133.64678572299999,56.563249195000083],[-133.64928453899995,56.443242787000031],[-133.57731767099995,56.433241726000062],[-133.42062859099997,56.454357359000028],[-133.43091619399996,56.501584678000029],[-133.16563814899996,56.453257543000063],[-133.08366495299998,56.523534655000049],[-133.16869161499994,56.60187656100004],[-133.09922830399995,56.615486263000037],[-133.24090077999995,56.63131930000003],[-133.21340220899998,56.70854558800005],[-133.30730799199995,56.731037045000051],[-133.35366251699998,56.838261774000046],[-133.02366016799999,56.60158791200007],[-132.93311335499999,56.629636918000074],[-132.99144207799998,56.806865386000027],[-132.92951419499997,56.859932583000045],[-133.05339050399999,56.977146785000059]]],[[[-131.60639076299998,55.319645969000078],[-131.52362694199996,55.292706787000043],[-131.46833219499996,55.355481128000065],[-131.52170752999996,55.476027964000082],[-131.44501956299996,55.528250282000045],[-131.46363163799998,55.327702862000081],[-131.33445640599996,55.41964551500007],[-131.35057124499997,55.644642256000054],[-131.27171366799996,55.437148820000061],[-131.46085259999995,55.281034405000071],[-131.29474871299999,55.273537955000052],[-131.22752453899994,55.405756119000046],[-131.21751136399996,55.305209298000079],[-131.30835788799999,55.234650911000074],[-131.14447996999996,55.196600843000056],[-131.04975564499995,55.267157650000058],[-131.02836874499997,55.405484325000032],[-130.96809585399996,55.391042387000027],[-130.93697494599996,55.641875859000038],[-131.23335914999996,55.953515276000076],[-131.57392510899996,55.906013529000063],[-131.43668982299999,55.839907608000033],[-131.68558702799999,55.832962120000047],[-131.48252656899996,55.786853579000081],[-131.71112773699997,55.731844848000037],[-131.51475203399997,55.726018138000029],[-131.69363970699999,55.676296216000082],[-131.70584566799999,55.619351218000077],[-131.61639919799995,55.59712786800003],[-131.64502497599995,55.544915030000027],[-131.82529058099999,55.454910750000067],[-131.60639076299998,55.319645969000078]]],[[[-166.64521910599998,53.522741838000059],[-166.66582064899998,53.592467988000067],[-166.59270023699997,53.534416326000041],[-166.54021349899998,53.62691099500006],[-166.27911770599997,53.677750115000038],[-166.33359443799998,53.778019349000033],[-166.37384097799998,53.714422778000028],[-166.41717627399998,53.755535792000046],[-166.48580313499997,53.68886258100008],[-166.57271444399998,53.709421985000063],[-166.49020082099997,53.771631143000036],[-166.53911842299996,53.781906104000029],[-166.21694541899998,53.927461649000065],[-166.26640766299997,53.908014703000049],[-166.26641029599998,53.973286808000069],[-166.37079014599996,53.944120076000047],[-166.37551440499996,54.001343188000078],[-166.45804330399997,53.884399726000026],[-166.60161675699996,53.827471584000079],[-166.63940135099998,53.918010496000079],[-166.59298888599997,53.965233075000071],[-166.75250493599998,54.008299738000062],[-167.16275121999996,53.852751560000058],[-167.03190887999997,53.750801525000043],[-166.70826945499996,53.716631366000058],[-166.82743835999997,53.699685870000053],[-166.80326768099997,53.624688186000071],[-166.90245026599996,53.707192328000076],[-167.03190624699997,53.701078023000036],[-167.06553703199998,53.664965276000032],[-166.99796416199996,53.614678697000045],[-167.16188316599997,53.59245850700006],[-166.96412057699996,53.525229066000065],[-167.18409650799998,53.518838754000058],[-167.16273225799998,53.465231129000074],[-167.30495200899998,53.46938599200007],[-167.32607185499998,53.404658528000027],[-167.47854707899998,53.434666978000052],[-167.48522814799998,53.371603460000074],[-167.69332416499998,53.383829964000029],[-167.84470536599997,53.303251554000042],[-167.66694753199997,53.236582029000033],[-167.50075884099996,53.255752441000027],[-167.14356553299999,53.415782055000079],[-166.88745947299998,53.47662276300008],[-166.75470878299998,53.445520817000045],[-166.79105961299996,53.562741867000057],[-166.66770792899996,53.48107628200006],[-166.71131923299998,53.546354707000035],[-166.64521910599998,53.522741838000059]]],[[[-133.96505353499998,56.081284661000041],[-133.94953284899998,56.19933794700006],[-133.88953807299998,56.222946076000028],[-133.98591370299999,56.268507342000078],[-133.97508145899997,56.355728896000073],[-133.85563970699997,56.278789151000069],[-133.91121783599999,56.424904085000037],[-133.82733154799996,56.43545821400005],[-133.919269988,56.500746121000077],[-133.84536474599997,56.571581569000045],[-133.92231976599999,56.613805987000035],[-133.74035755799997,56.560190462000037],[-133.69314340699998,56.599361415000033],[-133.77759909199995,56.684087314000067],[-133.71950845099997,56.766324403000056],[-133.87058888799999,56.807987325000056],[-133.86394469099997,56.72325879300007],[-134.02646100699997,56.646868956000048],[-133.92424918599994,56.714651992000029],[-133.92756601699995,56.801593325000056],[-133.99531481599996,56.87409746000003],[-134.26536979299999,56.936597901000027],[-134.10865385,56.842712660000075],[-134.32311278999998,56.893543880000038],[-134.27507324999999,56.795206173000054],[-134.40148893399999,56.85243455300008],[-134.39507860499998,56.721027556000081],[-134.31923762299999,56.657142864000036],[-134.21922543499994,56.689365695000049],[-134.25313328199996,56.612416468000049],[-134.08785372999995,56.641588994000074],[-134.30812884499994,56.559914455000069],[-134.13617612499996,56.486574923000035],[-134.07005756199999,56.55491102700006],[-134.03035566299997,56.477961274000052],[-134.05117843299996,56.359061003000079],[-134.10975577399995,56.404894062000039],[-134.16200390299997,56.366835567000066],[-134.18116588699996,56.436284657000044],[-134.28258339499996,56.355728896000073],[-134.28285834999997,56.29100353900003],[-134.16173790299996,56.30711627200003],[-134.26646960999994,56.255721975000029],[-134.19396916199997,56.15543746700007],[-134.22255859499995,56.066278066000052],[-134.10838679699998,55.998774724000043],[-134.09839258399995,56.134052674000031],[-134.18728598599995,56.176273932000072],[-134.10089666799996,56.174329764000049],[-134.05423453199995,56.312115485000049],[-134.03787265599999,56.105169851000028],[-133.96505353499998,56.081284661000041]]],[[[-152.09321953399996,58.359562333000042],[-152.34965216799998,58.420671148000054],[-152.40132668499996,58.315111418000072],[-152.52856038399997,58.412899217000074],[-152.49910658299996,58.462067543000046],[-152.66022284499996,58.476515276000043],[-152.69413174499996,58.421794140000031],[-152.88664650299998,58.406797026000049],[-152.76524688799998,58.360963440000035],[-152.76219658299996,58.257346298000073],[-153.01497633099996,58.302903350000065],[-153.10802459499996,58.263742405000073],[-152.90691989099997,58.164557713000079],[-153.18331672199997,58.21595938400003],[-153.23358802599998,58.168458164000072],[-152.78915472799997,57.991768543000035],[-152.77471489599998,58.071502602000066],[-152.62855887699996,58.07788501400006],[-152.56162177199997,58.207053925000082],[-152.54496281899998,58.084541853000076],[-152.27659549099997,58.127045966000082],[-152.36964744199997,58.196217468000043],[-152.30131397099996,58.186772636000057],[-152.32188285599997,58.240112680000038],[-152.24936555299996,58.266779542000052],[-152.19382271499998,58.173717056000044],[-152.08242416099998,58.155653835000066],[-151.96461527899996,58.280387664000045],[-151.99711991099997,58.346776967000039],[-152.14825249499998,58.231771352000067],[-152.09321953399996,58.359562333000042]]],[[[-167.79725313199998,53.494653853000045],[-168.00752349899997,53.562711843000045],[-168.35393934299998,53.474648571000046],[-168.43064521999997,53.332140171000049],[-168.36090326699997,53.258800112000074],[-168.62343229799998,53.271294196000042],[-168.79595915499996,53.146525603000043],[-168.77040422499996,53.06680207900007],[-168.88237902399996,52.937323975000027],[-169.10957750399999,52.81812294000008],[-168.47231182899998,53.045981416000075],[-168.28753160499997,53.235186716000044],[-167.85084337399996,53.379919505000032],[-167.79725313199998,53.494653853000045]]],[[[-174.16132941799998,52.417346771000041],[-174.44853268299997,52.311775981000039],[-174.23461996399996,52.241787517000034],[-174.55131337399996,52.175665267000056],[-174.49936811599997,52.139273353000078],[-174.57963048699997,52.099541430000045],[-174.90688908799999,52.110373147000075],[-175.02435085499997,52.020634867000069],[-175.33826944099997,52.012840813000082],[-174.72214836899997,52.000921395000034],[-174.70405354399998,52.049531912000077],[-174.48764148199999,52.033707829000036],[-174.52353616099998,52.089266468000062],[-174.41604543199998,52.036213493000048],[-174.37707779799996,52.096765025000082],[-174.43436201099996,52.105941224000048],[-174.10097119599996,52.102619125000047],[-174.19653197199997,52.22177591500008],[-174.06545681699998,52.222336358000064],[-173.99182547499998,52.320126263000077],[-174.16132941799998,52.417346771000041]]],[[[-132.39197205899995,56.335755745000029],[-132.51752758899994,56.338249294000036],[-132.60502357099995,56.231020351000041],[-132.69615400299995,56.221857321000073],[-132.69752772099997,56.107412149000027],[-132.63670439499998,56.048801624000077],[-132.38165969899995,56.026023098000053],[-132.42725678299996,55.955738085000064],[-132.34000309799995,55.913518934000081],[-132.18167430199998,55.965758108000045],[-132.12946146399997,55.927985629000034],[-132.20165640699997,56.085198806000051],[-132.10889257899998,56.115477996000038],[-132.35110344799995,56.216301878000081],[-132.48001900199995,56.189628169000059],[-132.39669895199995,56.221572885000057],[-132.39197205899995,56.335755745000029]]],[[[-146.93983257099998,60.285822893000045],[-147.10035678599996,60.270259542000076],[-147.01098932499997,60.341933020000056],[-147.19554463499998,60.352712591000056],[-147.19499841399997,60.24493637300003],[-147.69893241399998,59.998238274000073],[-147.66951864499998,59.969641993000039],[-147.80284136599997,59.920728604000033],[-147.74309942099998,59.893247415000076],[-147.91232050799997,59.790178601000036],[-147.47186508999997,59.867994302000056],[-147.48239077599996,59.945765230000063],[-147.35401512299998,59.974650687000064],[-147.36759163999997,60.026034449000065],[-147.24086255099996,60.128542820000064],[-146.93983257099998,60.285822893000045]]],[[[-133.10385301099996,55.24520293300003],[-133.21582464899996,55.169637432000059],[-133.11828230799995,55.101585235000073],[-133.21527105399997,55.094636587000082],[-133.15027021599997,54.943797393000068],[-132.90693529999999,54.836308771000063],[-132.95527665799995,54.791875238000046],[-132.84193182899998,54.689088226000081],[-132.67027249899996,54.663809830000048],[-132.75889726799994,54.739370591000068],[-132.71666126099996,54.76465425400005],[-132.75666761099995,54.821874207000064],[-133.08135839299996,55.085474083000065],[-132.95749314599999,55.061865428000033],[-133.10385301099996,55.24520293300003]]],[[[-176.94108388499998,51.58303275600008],[-176.82887995799999,51.712757371000066],[-176.80054546299996,51.602761504000057],[-176.50913729599998,51.751944652000077],[-176.43219807799997,51.72889169900003],[-176.42885332899996,51.835003970000059],[-176.64471442999996,51.855837275000056],[-176.54858847099996,51.908606868000049],[-176.55836566999997,51.982221881000044],[-176.77417725799998,51.943883692000043],[-176.70303630599997,51.85139429000003],[-176.78165000499996,51.823328428000082],[-176.70495097599996,51.781948888000045],[-176.90775017699997,51.804981299000076],[-176.81802190399998,51.768591491000052],[-176.97472309899996,51.656360174000042],[-176.94108388499998,51.58303275600008]]],[[[-132.33780451799998,56.479647870000065],[-132.35141053299998,56.277973243000076],[-132.30389193099995,56.231852061000041],[-132.05781010799996,56.111031325000056],[-131.92335017299996,56.196861253000066],[-132.00532073599999,56.336315134000074],[-132.16251073799998,56.35271072200004],[-132.33780451799998,56.479647870000065]]],[[[-132.80365315999995,56.786040509000031],[-132.96562325499997,56.796038409000062],[-132.88337088999998,56.636586094000052],[-132.958107316,56.59380386600003],[-132.94172226299997,56.50937504500007],[-132.77478508499996,56.494370030000027],[-132.72030782699994,56.51104057100008],[-132.75171158899997,56.552429066000059],[-132.53254945899999,56.577433562000067],[-132.80365315999995,56.786040509000031]]],[[[-172.28264276699997,60.301759696000033],[-172.21180837299997,60.316204795000033],[-172.39044110799998,60.392868006000072],[-172.84710196299997,60.483965255000044],[-172.91934694599996,60.602854465000064],[-173.04685085799997,60.537015070000052],[-173.05102942299996,60.49339691800003],[-172.60178179399998,60.323973566000063],[-172.28264276699997,60.301759696000033]]],[[[-135.70207192299995,57.316583430000037],[-135.84873781899995,57.316294781000067],[-135.819830766,57.172400549000031],[-135.71067345699998,57.16101787000008],[-135.82594138399998,57.082967247000056],[-135.83956741399999,56.987685112000065],[-135.63093992499995,57.004082280000034],[-135.54788587399997,57.129074734000028],[-135.62646796999996,57.231304990000069],[-135.55761777499998,57.228801960000055],[-135.70207192299995,57.316583430000037]]],[[[-146.09897549099998,60.392221706000043],[-146.58287155099998,60.481943657000045],[-146.72619691299997,60.374150584000063],[-146.48814669999996,60.366939096000067],[-146.67953319699998,60.287216099000034],[-146.60425529099996,60.237497864000034],[-146.09897549099998,60.392221706000043]]],[[[-132.70477081199999,56.455755832000079],[-132.94199563699999,56.447423459000049],[-133.05811634299999,56.341865836000068],[-132.84670454799999,56.231302679000066],[-132.67891090399996,56.265194197000028],[-132.61586266199998,56.396037064000041],[-132.70477081199999,56.455755832000079]]],[[[-177.91031503899998,51.590475480000066],[-177.79975820299998,51.787447970000073],[-177.62198772799997,51.850798030000078],[-177.83672109499997,51.830775892000077],[-177.94867693099997,51.917728813000053],[-178.21759838199998,51.875220486000046],[-177.95779097499997,51.763271498000051],[-178.10336495599998,51.66325878300006],[-177.91031503899998,51.590475480000066]]],[[[-133.28727321299999,56.128519354000048],[-133.61950205799997,56.130452461000061],[-133.48671396999998,56.085736073000078],[-133.68144784999998,56.066011013000036],[-133.79172920499997,55.920726208000076],[-133.62004353799995,55.919061735000071],[-133.47893255799994,56.022388120000073],[-133.31921845699998,55.993515832000071],[-133.28727321299999,56.128519354000048]]],[[[-131.46890738599996,55.235479460000079],[-131.58530093999997,55.251591666000081],[-131.51864616399996,55.12825841800003],[-131.59417690099997,55.106315816000063],[-131.59972760299996,54.994930430000068],[-131.52169594199995,55.03271133700008],[-131.53750527699998,55.090760892000048],[-131.47695690499995,55.000493774000063],[-131.35665973999994,55.03521594800003],[-131.37500581699999,55.19659557600005],[-131.46890738599996,55.235479460000079]]],[[[-131.82114045899999,55.412409797000066],[-131.86694560199999,55.367968364000035],[-131.82446097799999,55.211314049000066],[-131.72668371399999,55.134374303000072],[-131.76168874299998,55.247423109000067],[-131.61832176999997,55.28326142800006],[-131.82114045899999,55.412409797000066]]],[[[-134.51761543399999,58.337716649000072],[-134.68485969699998,58.302715834000082],[-134.60981249899999,58.237437935000059],[-134.26149673299994,58.194662555000036],[-134.51761543399999,58.337716649000072]]],[[[-166.22135363999996,53.703867069000069],[-166.09195085899998,53.838581942000076],[-166.29523728599997,53.792202135000082],[-166.22135363999996,53.703867069000069]]]]},"properties":{"objectid":51,"ss6.gdb.States.area":576594.10400000005,"state_name":"Alaska","sub_region":"Pacific","state_abbr":"AK","pop2000":626932,"pop00_sqmi":1,"st_area(shape)":277.52409491446065,"st_length(shape)":407.57095622351835}}]}